ISO-10303-21;
HEADER;
FILE_DESCRIPTION(('Open CASCADE Model'),'2;1');
FILE_NAME('Open CASCADE Shape Model','2026-09-22T14:54:25',('Author'),(
    'Open CASCADE'),'Open CASCADE STEP processor 7.8','Open CASCADE 7.8'
  ,'Unknown');
FILE_SCHEMA(('AUTOMOTIVE_DESIGN { 1 0 10303 214 1 1 1 1 }'));
ENDSEC;
DATA;
#1 = APPLICATION_PROTOCOL_DEFINITION('international standard',
  'automotive_design',2000,#2);
#2 = APPLICATION_CONTEXT(
  'core data for automotive mechanical design processes');
#3 = SHAPE_DEFINITION_REPRESENTATION(#4,#10);
#4 = PRODUCT_DEFINITION_SHAPE('','',#5);
#5 = PRODUCT_DEFINITION('design','',#6,#9);
#6 = PRODUCT_DEFINITION_FORMATION('','',#7);
#7 = PRODUCT('Open CASCADE STEP translator 7.8 5',
  'Open CASCADE STEP translator 7.8 5','',(#8));
#8 = PRODUCT_CONTEXT('',#2,'mechanical');
#9 = PRODUCT_DEFINITION_CONTEXT('part definition',#2,'design');
#10 = ADVANCED_BREP_SHAPE_REPRESENTATION('',(#11,#15),#5567);
#11 = AXIS2_PLACEMENT_3D('',#12,#13,#14);
#12 = CARTESIAN_POINT('',(0.,0.,0.));
#13 = DIRECTION('',(0.,0.,1.));
#14 = DIRECTION('',(1.,0.,-0.));
#15 = MANIFOLD_SOLID_BREP('',#16);
#16 = CLOSED_SHELL('',(#17,#558,#639,#688,#735,#789,#1304,#1353,#1812,
    #1864,#1890,#2168,#2195,#2201,#2256,#2311,#2366,#2421,#2572,#3003,
    #3428,#3533,#3582,#3701,#3750,#3869,#3918,#4001,#4026,#4052,#4337,
    #4364,#4377,#4470,#4563,#4590,#4617,#4644,#4671,#4698,#4725,#4751,
    #4778,#4805,#4832,#4838,#4845,#4895,#4945,#4995,#5045,#5138,#5231,
    #5259,#5287,#5316,#5345,#5395,#5445,#5452,#5459,#5486,#5513,#5540));
#17 = ADVANCED_FACE('',(#18,#418,#453,#488,#523),#33,.F.);
#18 = FACE_BOUND('',#19,.F.);
#19 = EDGE_LOOP('',(#20,#60,#88,#121,#149,#182,#210,#253,#281,#314,#342,
    #364,#392));
#20 = ORIENTED_EDGE('',*,*,#21,.F.);
#21 = EDGE_CURVE('',#22,#24,#26,.T.);
#22 = VERTEX_POINT('',#23);
#23 = CARTESIAN_POINT('',(-17.5,12.448685718272,-1.344619414929));
#24 = VERTEX_POINT('',#25);
#25 = CARTESIAN_POINT('',(-17.5,4.811932481457,-1.344619414929));
#26 = SURFACE_CURVE('',#27,(#32,#48),.PCURVE_S1.);
#27 = CIRCLE('',#28,5.4);
#28 = AXIS2_PLACEMENT_3D('',#29,#30,#31);
#29 = CARTESIAN_POINT('',(-17.5,8.630309099864,2.473757203479));
#30 = DIRECTION('',(-1.,0.,0.));
#31 = DIRECTION('',(0.,0.707106781187,0.707106781187));
#32 = PCURVE('',#33,#38);
#33 = PLANE('',#34);
#34 = AXIS2_PLACEMENT_3D('',#35,#36,#37);
#35 = CARTESIAN_POINT('',(-17.5,-0.119148528243,0.));
#36 = DIRECTION('',(1.,0.,0.));
#37 = DIRECTION('',(-0.,1.,0.));
#38 = DEFINITIONAL_REPRESENTATION('',(#39),#47);
#39 = ( BOUNDED_CURVE() B_SPLINE_CURVE(2,(#40,#41,#42,#43,#44,#45,#46),
.UNSPECIFIED.,.T.,.F.) B_SPLINE_CURVE_WITH_KNOTS((1,2,2,2,2,1),(
    -2.094395102393,0.,2.094395102393,4.188790204786,6.28318530718,
8.377580409573),.UNSPECIFIED.) CURVE() GEOMETRIC_REPRESENTATION_ITEM() 
RATIONAL_B_SPLINE_CURVE((1.,0.5,1.,0.5,1.,0.5,1.)) REPRESENTATION_ITEM(
  '') );
#40 = CARTESIAN_POINT('',(12.567834246514,6.292133821886));
#41 = CARTESIAN_POINT('',(19.181456552029,-0.321488483629));
#42 = CARTESIAN_POINT('',(10.147080471661,-2.742242258482));
#43 = CARTESIAN_POINT('',(1.112704391292,-5.162996033336));
#44 = CARTESIAN_POINT('',(3.533458166146,3.871380047032));
#45 = CARTESIAN_POINT('',(5.954211941,12.905756127401));
#46 = CARTESIAN_POINT('',(12.567834246514,6.292133821886));
#47 = ( GEOMETRIC_REPRESENTATION_CONTEXT(2) 
PARAMETRIC_REPRESENTATION_CONTEXT() REPRESENTATION_CONTEXT('2D SPACE',''
  ) );
#48 = PCURVE('',#49,#54);
#49 = CYLINDRICAL_SURFACE('',#50,5.4);
#50 = AXIS2_PLACEMENT_3D('',#51,#52,#53);
#51 = CARTESIAN_POINT('',(-17.5,8.630309099864,2.473757203479));
#52 = DIRECTION('',(-1.,0.,0.));
#53 = DIRECTION('',(0.,0.707106781187,0.707106781187));
#54 = DEFINITIONAL_REPRESENTATION('',(#55),#59);
#55 = LINE('',#56,#57);
#56 = CARTESIAN_POINT('',(0.,0.));
#57 = VECTOR('',#58,1.);
#58 = DIRECTION('',(1.,0.));
#59 = ( GEOMETRIC_REPRESENTATION_CONTEXT(2) 
PARAMETRIC_REPRESENTATION_CONTEXT() REPRESENTATION_CONTEXT('2D SPACE',''
  ) );
#60 = ORIENTED_EDGE('',*,*,#61,.T.);
#61 = EDGE_CURVE('',#22,#62,#64,.T.);
#62 = VERTEX_POINT('',#63);
#63 = CARTESIAN_POINT('',(-17.5,18.448685718272,4.655380585071));
#64 = SURFACE_CURVE('',#65,(#69,#76),.PCURVE_S1.);
#65 = LINE('',#66,#67);
#66 = CARTESIAN_POINT('',(-17.5,12.448685718272,-1.344619414929));
#67 = VECTOR('',#68,1.);
#68 = DIRECTION('',(-0.,0.707106781187,0.707106781187));
#69 = PCURVE('',#33,#70);
#70 = DEFINITIONAL_REPRESENTATION('',(#71),#75);
#71 = LINE('',#72,#73);
#72 = CARTESIAN_POINT('',(12.567834246514,-1.344619414929));
#73 = VECTOR('',#74,1.);
#74 = DIRECTION('',(0.707106781187,0.707106781187));
#75 = ( GEOMETRIC_REPRESENTATION_CONTEXT(2) 
PARAMETRIC_REPRESENTATION_CONTEXT() REPRESENTATION_CONTEXT('2D SPACE',''
  ) );
#76 = PCURVE('',#77,#82);
#77 = PLANE('',#78);
#78 = AXIS2_PLACEMENT_3D('',#79,#80,#81);
#79 = CARTESIAN_POINT('',(-17.5,12.448685718272,-1.344619414929));
#80 = DIRECTION('',(0.,-0.707106781187,0.707106781187));
#81 = DIRECTION('',(-0.,0.707106781187,0.707106781187));
#82 = DEFINITIONAL_REPRESENTATION('',(#83),#87);
#83 = LINE('',#84,#85);
#84 = CARTESIAN_POINT('',(1.570092458684E-16,0.));
#85 = VECTOR('',#86,1.);
#86 = DIRECTION('',(1.,0.));
#87 = ( GEOMETRIC_REPRESENTATION_CONTEXT(2) 
PARAMETRIC_REPRESENTATION_CONTEXT() REPRESENTATION_CONTEXT('2D SPACE',''
  ) );
#88 = ORIENTED_EDGE('',*,*,#89,.F.);
#89 = EDGE_CURVE('',#90,#62,#92,.T.);
#90 = VERTEX_POINT('',#91);
#91 = CARTESIAN_POINT('',(-17.5,18.448685718272,12.292133821886));
#92 = SURFACE_CURVE('',#93,(#98,#109),.PCURVE_S1.);
#93 = CIRCLE('',#94,5.4);
#94 = AXIS2_PLACEMENT_3D('',#95,#96,#97);
#95 = CARTESIAN_POINT('',(-17.5,14.630309099864,8.473757203479));
#96 = DIRECTION('',(-1.,0.,0.));
#97 = DIRECTION('',(0.,-0.707106781187,0.707106781187));
#98 = PCURVE('',#33,#99);
#99 = DEFINITIONAL_REPRESENTATION('',(#100),#108);
#100 = ( BOUNDED_CURVE() B_SPLINE_CURVE(2,(#101,#102,#103,#104,#105,#106
,#107),.UNSPECIFIED.,.T.,.F.) B_SPLINE_CURVE_WITH_KNOTS((1,2,2,2,2,1),(
    -2.094395102393,0.,2.094395102393,4.188790204786,6.28318530718,
8.377580409573),.UNSPECIFIED.) CURVE() GEOMETRIC_REPRESENTATION_ITEM() 
RATIONAL_B_SPLINE_CURVE((1.,0.5,1.,0.5,1.,0.5,1.)) REPRESENTATION_ITEM(
  '') );
#101 = CARTESIAN_POINT('',(10.9310810097,12.292133821886));
#102 = CARTESIAN_POINT('',(17.544703315214,18.905756127401));
#103 = CARTESIAN_POINT('',(19.965457090068,9.871380047032));
#104 = CARTESIAN_POINT('',(22.386210864922,0.837003966664));
#105 = CARTESIAN_POINT('',(13.351834784554,3.257757741518));
#106 = CARTESIAN_POINT('',(4.317458704185,5.678511516371));
#107 = CARTESIAN_POINT('',(10.9310810097,12.292133821886));
#108 = ( GEOMETRIC_REPRESENTATION_CONTEXT(2) 
PARAMETRIC_REPRESENTATION_CONTEXT() REPRESENTATION_CONTEXT('2D SPACE',''
  ) );
#109 = PCURVE('',#110,#115);
#110 = CYLINDRICAL_SURFACE('',#111,5.4);
#111 = AXIS2_PLACEMENT_3D('',#112,#113,#114);
#112 = CARTESIAN_POINT('',(-17.5,14.630309099864,8.473757203479));
#113 = DIRECTION('',(-1.,0.,0.));
#114 = DIRECTION('',(0.,-0.707106781187,0.707106781187));
#115 = DEFINITIONAL_REPRESENTATION('',(#116),#120);
#116 = LINE('',#117,#118);
#117 = CARTESIAN_POINT('',(0.,0.));
#118 = VECTOR('',#119,1.);
#119 = DIRECTION('',(1.,0.));
#120 = ( GEOMETRIC_REPRESENTATION_CONTEXT(2) 
PARAMETRIC_REPRESENTATION_CONTEXT() REPRESENTATION_CONTEXT('2D SPACE',''
  ) );
#121 = ORIENTED_EDGE('',*,*,#122,.T.);
#122 = EDGE_CURVE('',#90,#123,#125,.T.);
#123 = VERTEX_POINT('',#124);
#124 = CARTESIAN_POINT('',(-17.5,12.448685718272,18.292133821886));
#125 = SURFACE_CURVE('',#126,(#130,#137),.PCURVE_S1.);
#126 = LINE('',#127,#128);
#127 = CARTESIAN_POINT('',(-17.5,18.448685718272,12.292133821886));
#128 = VECTOR('',#129,1.);
#129 = DIRECTION('',(0.,-0.707106781187,0.707106781187));
#130 = PCURVE('',#33,#131);
#131 = DEFINITIONAL_REPRESENTATION('',(#132),#136);
#132 = LINE('',#133,#134);
#133 = CARTESIAN_POINT('',(18.567834246514,12.292133821886));
#134 = VECTOR('',#135,1.);
#135 = DIRECTION('',(-0.707106781187,0.707106781187));
#136 = ( GEOMETRIC_REPRESENTATION_CONTEXT(2) 
PARAMETRIC_REPRESENTATION_CONTEXT() REPRESENTATION_CONTEXT('2D SPACE',''
  ) );
#137 = PCURVE('',#138,#143);
#138 = PLANE('',#139);
#139 = AXIS2_PLACEMENT_3D('',#140,#141,#142);
#140 = CARTESIAN_POINT('',(-17.5,18.448685718272,12.292133821886));
#141 = DIRECTION('',(0.,-0.707106781187,-0.707106781187));
#142 = DIRECTION('',(0.,-0.707106781187,0.707106781187));
#143 = DEFINITIONAL_REPRESENTATION('',(#144),#148);
#144 = LINE('',#145,#146);
#145 = CARTESIAN_POINT('',(0.,0.));
#146 = VECTOR('',#147,1.);
#147 = DIRECTION('',(1.,0.));
#148 = ( GEOMETRIC_REPRESENTATION_CONTEXT(2) 
PARAMETRIC_REPRESENTATION_CONTEXT() REPRESENTATION_CONTEXT('2D SPACE',''
  ) );
#149 = ORIENTED_EDGE('',*,*,#150,.F.);
#150 = EDGE_CURVE('',#151,#123,#153,.T.);
#151 = VERTEX_POINT('',#152);
#152 = CARTESIAN_POINT('',(-17.5,5.009780325049,18.480223400857));
#153 = SURFACE_CURVE('',#154,(#159,#170),.PCURVE_S1.);
#154 = CIRCLE('',#155,5.4);
#155 = AXIS2_PLACEMENT_3D('',#156,#157,#158);
#156 = CARTESIAN_POINT('',(-17.5,8.630309099864,14.473757203479));
#157 = DIRECTION('',(-1.,-0.,0.));
#158 = DIRECTION('',(0.,-0.707106781187,-0.707106781187));
#159 = PCURVE('',#33,#160);
#160 = DEFINITIONAL_REPRESENTATION('',(#161),#169);
#161 = ( BOUNDED_CURVE() B_SPLINE_CURVE(2,(#162,#163,#164,#165,#166,#167
,#168),.UNSPECIFIED.,.T.,.F.) B_SPLINE_CURVE_WITH_KNOTS((1,2,2,2,2,1),(
    -2.094395102393,0.,2.094395102393,4.188790204786,6.28318530718,
8.377580409573),.UNSPECIFIED.) CURVE() GEOMETRIC_REPRESENTATION_ITEM() 
RATIONAL_B_SPLINE_CURVE((1.,0.5,1.,0.5,1.,0.5,1.)) REPRESENTATION_ITEM(
  '') );
#162 = CARTESIAN_POINT('',(4.9310810097,10.655380585071));
#163 = CARTESIAN_POINT('',(-1.682541295815,17.269002890586));
#164 = CARTESIAN_POINT('',(7.351834784554,19.68975666544));
#165 = CARTESIAN_POINT('',(16.386210864922,22.110510440293));
#166 = CARTESIAN_POINT('',(13.965457090068,13.076134359925));
#167 = CARTESIAN_POINT('',(11.544703315214,4.041758279557));
#168 = CARTESIAN_POINT('',(4.9310810097,10.655380585071));
#169 = ( GEOMETRIC_REPRESENTATION_CONTEXT(2) 
PARAMETRIC_REPRESENTATION_CONTEXT() REPRESENTATION_CONTEXT('2D SPACE',''
  ) );
#170 = PCURVE('',#171,#176);
#171 = CYLINDRICAL_SURFACE('',#172,5.4);
#172 = AXIS2_PLACEMENT_3D('',#173,#174,#175);
#173 = CARTESIAN_POINT('',(-17.5,8.630309099864,14.473757203479));
#174 = DIRECTION('',(-1.,-0.,0.));
#175 = DIRECTION('',(0.,-0.707106781187,-0.707106781187));
#176 = DEFINITIONAL_REPRESENTATION('',(#177),#181);
#177 = LINE('',#178,#179);
#178 = CARTESIAN_POINT('',(0.,0.));
#179 = VECTOR('',#180,1.);
#180 = DIRECTION('',(1.,0.));
#181 = ( GEOMETRIC_REPRESENTATION_CONTEXT(2) 
PARAMETRIC_REPRESENTATION_CONTEXT() REPRESENTATION_CONTEXT('2D SPACE',''
  ) );
#182 = ORIENTED_EDGE('',*,*,#183,.T.);
#183 = EDGE_CURVE('',#151,#184,#186,.T.);
#184 = VERTEX_POINT('',#185);
#185 = CARTESIAN_POINT('',(-17.5,-0.119148528243,20.049117343553));
#186 = SURFACE_CURVE('',#187,(#191,#198),.PCURVE_S1.);
#187 = LINE('',#188,#189);
#188 = CARTESIAN_POINT('',(-17.5,9.733551024661,17.035263751524));
#189 = VECTOR('',#190,1.);
#190 = DIRECTION('',(0.,-0.956261841738,0.292512034003));
#191 = PCURVE('',#33,#192);
#192 = DEFINITIONAL_REPRESENTATION('',(#193),#197);
#193 = LINE('',#194,#195);
#194 = CARTESIAN_POINT('',(9.852699552904,17.035263751524));
#195 = VECTOR('',#196,1.);
#196 = DIRECTION('',(-0.956261841738,0.292512034003));
#197 = ( GEOMETRIC_REPRESENTATION_CONTEXT(2) 
PARAMETRIC_REPRESENTATION_CONTEXT() REPRESENTATION_CONTEXT('2D SPACE',''
  ) );
#198 = PCURVE('',#199,#204);
#199 = PLANE('',#200);
#200 = AXIS2_PLACEMENT_3D('',#201,#202,#203);
#201 = CARTESIAN_POINT('',(17.5,13.978149640403,15.736878601739));
#202 = DIRECTION('',(0.,-0.292512034003,-0.956261841738));
#203 = DIRECTION('',(0.,-0.956261841738,0.292512034003));
#204 = DEFINITIONAL_REPRESENTATION('',(#205),#209);
#205 = LINE('',#206,#207);
#206 = CARTESIAN_POINT('',(4.438740970809,35.));
#207 = VECTOR('',#208,1.);
#208 = DIRECTION('',(1.,0.));
#209 = ( GEOMETRIC_REPRESENTATION_CONTEXT(2) 
PARAMETRIC_REPRESENTATION_CONTEXT() REPRESENTATION_CONTEXT('2D SPACE',''
  ) );
#210 = ORIENTED_EDGE('',*,*,#211,.F.);
#211 = EDGE_CURVE('',#212,#184,#214,.T.);
#212 = VERTEX_POINT('',#213);
#213 = CARTESIAN_POINT('',(-17.5,-0.119148528243,13.361052812186));
#214 = SURFACE_CURVE('',#215,(#219,#226),.PCURVE_S1.);
#215 = LINE('',#216,#217);
#216 = CARTESIAN_POINT('',(-17.5,-0.119148528243,0.));
#217 = VECTOR('',#218,1.);
#218 = DIRECTION('',(0.,0.,1.));
#219 = PCURVE('',#33,#220);
#220 = DEFINITIONAL_REPRESENTATION('',(#221),#225);
#221 = LINE('',#222,#223);
#222 = CARTESIAN_POINT('',(0.,0.));
#223 = VECTOR('',#224,1.);
#224 = DIRECTION('',(0.,1.));
#225 = ( GEOMETRIC_REPRESENTATION_CONTEXT(2) 
PARAMETRIC_REPRESENTATION_CONTEXT() REPRESENTATION_CONTEXT('2D SPACE',''
  ) );
#226 = PCURVE('',#227,#248);
#227 = B_SPLINE_SURFACE_WITH_KNOTS('',5,1,(
    (#228,#229)
    ,(#230,#231)
    ,(#232,#233)
    ,(#234,#235)
    ,(#236,#237)
    ,(#238,#239)
    ,(#240,#241)
    ,(#242,#243)
    ,(#244,#245)
    ,(#246,#247
    )),.UNSPECIFIED.,.F.,.F.,.F.,(6,1,1,1,1,6),(2,2),(-1.,-0.8,-0.6,-0.4
    ,-0.2,0.),(0.,2.3),.UNSPECIFIED.);
#228 = CARTESIAN_POINT('',(-14.75,-67.04577520648,0.));
#229 = CARTESIAN_POINT('',(-14.75,-67.04577520648,23.));
#230 = CARTESIAN_POINT('',(-14.75,-64.3426835618,0.));
#231 = CARTESIAN_POINT('',(-14.75,-64.3426835618,23.));
#232 = CARTESIAN_POINT('',(-14.80615579429,-58.94660303974,0.));
#233 = CARTESIAN_POINT('',(-14.80615579429,-58.94660303974,23.));
#234 = CARTESIAN_POINT('',(-15.05868242916,-50.88276090808,0.));
#235 = CARTESIAN_POINT('',(-15.05868242916,-50.88276090808,23.));
#236 = CARTESIAN_POINT('',(-15.66572912472,-40.1811102814,0.));
#237 = CARTESIAN_POINT('',(-15.66572912472,-40.1811102814,23.));
#238 = CARTESIAN_POINT('',(-16.58427087527,-26.84506074396,0.));
#239 = CARTESIAN_POINT('',(-16.58427087527,-26.84506074396,23.));
#240 = CARTESIAN_POINT('',(-17.19131757083,-16.17486072106,0.));
#241 = CARTESIAN_POINT('',(-17.19131757083,-16.17486072106,23.));
#242 = CARTESIAN_POINT('',(-17.4438442057,-8.155595329566,0.));
#243 = CARTESIAN_POINT('',(-17.4438442057,-8.155595329566,23.));
#244 = CARTESIAN_POINT('',(-17.5,-2.799602072127,0.));
#245 = CARTESIAN_POINT('',(-17.5,-2.799602072127,23.));
#246 = CARTESIAN_POINT('',(-17.5,-0.119148528243,0.));
#247 = CARTESIAN_POINT('',(-17.5,-0.119148528243,23.));
#248 = DEFINITIONAL_REPRESENTATION('',(#249),#252);
#249 = B_SPLINE_CURVE_WITH_KNOTS('',1,(#250,#251),.UNSPECIFIED.,.F.,.F.,
  (2,2),(9.395973420666,20.049117343553),.PIECEWISE_BEZIER_KNOTS.);
#250 = CARTESIAN_POINT('',(-9.588550071576E-17,0.939597342067));
#251 = CARTESIAN_POINT('',(-1.069148519135E-16,2.004911734355));
#252 = ( GEOMETRIC_REPRESENTATION_CONTEXT(2) 
PARAMETRIC_REPRESENTATION_CONTEXT() REPRESENTATION_CONTEXT('2D SPACE',''
  ) );
#253 = ORIENTED_EDGE('',*,*,#254,.T.);
#254 = EDGE_CURVE('',#212,#255,#257,.T.);
#255 = VERTEX_POINT('',#256);
#256 = CARTESIAN_POINT('',(-17.5,-1.188067518543,12.292133821886));
#257 = SURFACE_CURVE('',#258,(#262,#269),.PCURVE_S1.);
#258 = LINE('',#259,#260);
#259 = CARTESIAN_POINT('',(-17.5,4.811932481457,18.292133821886));
#260 = VECTOR('',#261,1.);
#261 = DIRECTION('',(0.,-0.707106781187,-0.707106781187));
#262 = PCURVE('',#33,#263);
#263 = DEFINITIONAL_REPRESENTATION('',(#264),#268);
#264 = LINE('',#265,#266);
#265 = CARTESIAN_POINT('',(4.9310810097,18.292133821886));
#266 = VECTOR('',#267,1.);
#267 = DIRECTION('',(-0.707106781187,-0.707106781187));
#268 = ( GEOMETRIC_REPRESENTATION_CONTEXT(2) 
PARAMETRIC_REPRESENTATION_CONTEXT() REPRESENTATION_CONTEXT('2D SPACE',''
  ) );
#269 = PCURVE('',#270,#275);
#270 = PLANE('',#271);
#271 = AXIS2_PLACEMENT_3D('',#272,#273,#274);
#272 = CARTESIAN_POINT('',(-17.5,4.811932481457,18.292133821886));
#273 = DIRECTION('',(0.,0.707106781187,-0.707106781187));
#274 = DIRECTION('',(0.,-0.707106781187,-0.707106781187));
#275 = DEFINITIONAL_REPRESENTATION('',(#276),#280);
#276 = LINE('',#277,#278);
#277 = CARTESIAN_POINT('',(0.,0.));
#278 = VECTOR('',#279,1.);
#279 = DIRECTION('',(1.,0.));
#280 = ( GEOMETRIC_REPRESENTATION_CONTEXT(2) 
PARAMETRIC_REPRESENTATION_CONTEXT() REPRESENTATION_CONTEXT('2D SPACE',''
  ) );
#281 = ORIENTED_EDGE('',*,*,#282,.F.);
#282 = EDGE_CURVE('',#283,#255,#285,.T.);
#283 = VERTEX_POINT('',#284);
#284 = CARTESIAN_POINT('',(-17.5,-1.188067518543,4.655380585071));
#285 = SURFACE_CURVE('',#286,(#291,#302),.PCURVE_S1.);
#286 = CIRCLE('',#287,5.4);
#287 = AXIS2_PLACEMENT_3D('',#288,#289,#290);
#288 = CARTESIAN_POINT('',(-17.5,2.630309099864,8.473757203479));
#289 = DIRECTION('',(-1.,0.,-0.));
#290 = DIRECTION('',(0.,0.707106781187,-0.707106781187));
#291 = PCURVE('',#33,#292);
#292 = DEFINITIONAL_REPRESENTATION('',(#293),#301);
#293 = ( BOUNDED_CURVE() B_SPLINE_CURVE(2,(#294,#295,#296,#297,#298,#299
,#300),.UNSPECIFIED.,.T.,.F.) B_SPLINE_CURVE_WITH_KNOTS((1,2,2,2,2,1),(
    -2.094395102393,0.,2.094395102393,4.188790204786,6.28318530718,
8.377580409573),.UNSPECIFIED.) CURVE() GEOMETRIC_REPRESENTATION_ITEM() 
RATIONAL_B_SPLINE_CURVE((1.,0.5,1.,0.5,1.,0.5,1.)) REPRESENTATION_ITEM(
  '') );
#294 = CARTESIAN_POINT('',(6.567834246514,4.655380585071));
#295 = CARTESIAN_POINT('',(-4.57880590001E-02,-1.958241720443));
#296 = CARTESIAN_POINT('',(-2.466541833854,7.076134359925));
#297 = CARTESIAN_POINT('',(-4.887295608708,16.110510440293));
#298 = CARTESIAN_POINT('',(4.147080471661,13.68975666544));
#299 = CARTESIAN_POINT('',(13.181456552029,11.269002890586));
#300 = CARTESIAN_POINT('',(6.567834246514,4.655380585071));
#301 = ( GEOMETRIC_REPRESENTATION_CONTEXT(2) 
PARAMETRIC_REPRESENTATION_CONTEXT() REPRESENTATION_CONTEXT('2D SPACE',''
  ) );
#302 = PCURVE('',#303,#308);
#303 = CYLINDRICAL_SURFACE('',#304,5.4);
#304 = AXIS2_PLACEMENT_3D('',#305,#306,#307);
#305 = CARTESIAN_POINT('',(-17.5,2.630309099864,8.473757203479));
#306 = DIRECTION('',(-1.,0.,-0.));
#307 = DIRECTION('',(0.,0.707106781187,-0.707106781187));
#308 = DEFINITIONAL_REPRESENTATION('',(#309),#313);
#309 = LINE('',#310,#311);
#310 = CARTESIAN_POINT('',(0.,0.));
#311 = VECTOR('',#312,1.);
#312 = DIRECTION('',(1.,0.));
#313 = ( GEOMETRIC_REPRESENTATION_CONTEXT(2) 
PARAMETRIC_REPRESENTATION_CONTEXT() REPRESENTATION_CONTEXT('2D SPACE',''
  ) );
#314 = ORIENTED_EDGE('',*,*,#315,.T.);
#315 = EDGE_CURVE('',#283,#316,#318,.T.);
#316 = VERTEX_POINT('',#317);
#317 = CARTESIAN_POINT('',(-17.5,-0.119148528243,3.586461594771));
#318 = SURFACE_CURVE('',#319,(#323,#330),.PCURVE_S1.);
#319 = LINE('',#320,#321);
#320 = CARTESIAN_POINT('',(-17.5,-1.188067518543,4.655380585071));
#321 = VECTOR('',#322,1.);
#322 = DIRECTION('',(0.,0.707106781187,-0.707106781187));
#323 = PCURVE('',#33,#324);
#324 = DEFINITIONAL_REPRESENTATION('',(#325),#329);
#325 = LINE('',#326,#327);
#326 = CARTESIAN_POINT('',(-1.0689189903,4.655380585071));
#327 = VECTOR('',#328,1.);
#328 = DIRECTION('',(0.707106781187,-0.707106781187));
#329 = ( GEOMETRIC_REPRESENTATION_CONTEXT(2) 
PARAMETRIC_REPRESENTATION_CONTEXT() REPRESENTATION_CONTEXT('2D SPACE',''
  ) );
#330 = PCURVE('',#331,#336);
#331 = PLANE('',#332);
#332 = AXIS2_PLACEMENT_3D('',#333,#334,#335);
#333 = CARTESIAN_POINT('',(-17.5,-1.188067518543,4.655380585071));
#334 = DIRECTION('',(-0.,0.707106781187,0.707106781187));
#335 = DIRECTION('',(0.,0.707106781187,-0.707106781187));
#336 = DEFINITIONAL_REPRESENTATION('',(#337),#341);
#337 = LINE('',#338,#339);
#338 = CARTESIAN_POINT('',(1.099064721079E-15,0.));
#339 = VECTOR('',#340,1.);
#340 = DIRECTION('',(1.,0.));
#341 = ( GEOMETRIC_REPRESENTATION_CONTEXT(2) 
PARAMETRIC_REPRESENTATION_CONTEXT() REPRESENTATION_CONTEXT('2D SPACE',''
  ) );
#342 = ORIENTED_EDGE('',*,*,#343,.F.);
#343 = EDGE_CURVE('',#344,#316,#346,.T.);
#344 = VERTEX_POINT('',#345);
#345 = CARTESIAN_POINT('',(-17.5,-0.119148528243,0.));
#346 = SURFACE_CURVE('',#347,(#351,#358),.PCURVE_S1.);
#347 = LINE('',#348,#349);
#348 = CARTESIAN_POINT('',(-17.5,-0.119148528243,0.));
#349 = VECTOR('',#350,1.);
#350 = DIRECTION('',(0.,0.,1.));
#351 = PCURVE('',#33,#352);
#352 = DEFINITIONAL_REPRESENTATION('',(#353),#357);
#353 = LINE('',#354,#355);
#354 = CARTESIAN_POINT('',(0.,0.));
#355 = VECTOR('',#356,1.);
#356 = DIRECTION('',(0.,1.));
#357 = ( GEOMETRIC_REPRESENTATION_CONTEXT(2) 
PARAMETRIC_REPRESENTATION_CONTEXT() REPRESENTATION_CONTEXT('2D SPACE',''
  ) );
#358 = PCURVE('',#227,#359);
#359 = DEFINITIONAL_REPRESENTATION('',(#360),#363);
#360 = B_SPLINE_CURVE_WITH_KNOTS('',1,(#361,#362),.UNSPECIFIED.,.F.,.F.,
  (2,2),(0.,7.551540986291),.PIECEWISE_BEZIER_KNOTS.);
#361 = CARTESIAN_POINT('',(-9.676714233452E-17,9.959481156452E-17));
#362 = CARTESIAN_POINT('',(-1.069148519135E-16,0.755154098629));
#363 = ( GEOMETRIC_REPRESENTATION_CONTEXT(2) 
PARAMETRIC_REPRESENTATION_CONTEXT() REPRESENTATION_CONTEXT('2D SPACE',''
  ) );
#364 = ORIENTED_EDGE('',*,*,#365,.F.);
#365 = EDGE_CURVE('',#366,#344,#368,.T.);
#366 = VERTEX_POINT('',#367);
#367 = CARTESIAN_POINT('',(-17.5,3.467313066528,4.440892098501E-16));
#368 = SURFACE_CURVE('',#369,(#373,#380),.PCURVE_S1.);
#369 = LINE('',#370,#371);
#370 = CARTESIAN_POINT('',(-17.5,20.,0.));
#371 = VECTOR('',#372,1.);
#372 = DIRECTION('',(0.,-1.,0.));
#373 = PCURVE('',#33,#374);
#374 = DEFINITIONAL_REPRESENTATION('',(#375),#379);
#375 = LINE('',#376,#377);
#376 = CARTESIAN_POINT('',(20.119148528243,0.));
#377 = VECTOR('',#378,1.);
#378 = DIRECTION('',(-1.,0.));
#379 = ( GEOMETRIC_REPRESENTATION_CONTEXT(2) 
PARAMETRIC_REPRESENTATION_CONTEXT() REPRESENTATION_CONTEXT('2D SPACE',''
  ) );
#380 = PCURVE('',#381,#386);
#381 = PLANE('',#382);
#382 = AXIS2_PLACEMENT_3D('',#383,#384,#385);
#383 = CARTESIAN_POINT('',(8.75,-26.52288760324,0.));
#384 = DIRECTION('',(0.,0.,1.));
#385 = DIRECTION('',(1.,0.,-0.));
#386 = DEFINITIONAL_REPRESENTATION('',(#387),#391);
#387 = LINE('',#388,#389);
#388 = CARTESIAN_POINT('',(-26.25,46.522887603241));
#389 = VECTOR('',#390,1.);
#390 = DIRECTION('',(0.,-1.));
#391 = ( GEOMETRIC_REPRESENTATION_CONTEXT(2) 
PARAMETRIC_REPRESENTATION_CONTEXT() REPRESENTATION_CONTEXT('2D SPACE',''
  ) );
#392 = ORIENTED_EDGE('',*,*,#393,.T.);
#393 = EDGE_CURVE('',#366,#24,#394,.T.);
#394 = SURFACE_CURVE('',#395,(#399,#406),.PCURVE_S1.);
#395 = LINE('',#396,#397);
#396 = CARTESIAN_POINT('',(-17.5,-1.188067518543,4.655380585071));
#397 = VECTOR('',#398,1.);
#398 = DIRECTION('',(0.,0.707106781187,-0.707106781187));
#399 = PCURVE('',#33,#400);
#400 = DEFINITIONAL_REPRESENTATION('',(#401),#405);
#401 = LINE('',#402,#403);
#402 = CARTESIAN_POINT('',(-1.0689189903,4.655380585071));
#403 = VECTOR('',#404,1.);
#404 = DIRECTION('',(0.707106781187,-0.707106781187));
#405 = ( GEOMETRIC_REPRESENTATION_CONTEXT(2) 
PARAMETRIC_REPRESENTATION_CONTEXT() REPRESENTATION_CONTEXT('2D SPACE',''
  ) );
#406 = PCURVE('',#407,#412);
#407 = PLANE('',#408);
#408 = AXIS2_PLACEMENT_3D('',#409,#410,#411);
#409 = CARTESIAN_POINT('',(-17.5,-1.188067518543,4.655380585071));
#410 = DIRECTION('',(-0.,0.707106781187,0.707106781187));
#411 = DIRECTION('',(0.,0.707106781187,-0.707106781187));
#412 = DEFINITIONAL_REPRESENTATION('',(#413),#417);
#413 = LINE('',#414,#415);
#414 = CARTESIAN_POINT('',(1.099064721079E-15,0.));
#415 = VECTOR('',#416,1.);
#416 = DIRECTION('',(1.,0.));
#417 = ( GEOMETRIC_REPRESENTATION_CONTEXT(2) 
PARAMETRIC_REPRESENTATION_CONTEXT() REPRESENTATION_CONTEXT('2D SPACE',''
  ) );
#418 = FACE_BOUND('',#419,.F.);
#419 = EDGE_LOOP('',(#420));
#420 = ORIENTED_EDGE('',*,*,#421,.T.);
#421 = EDGE_CURVE('',#422,#422,#424,.T.);
#422 = VERTEX_POINT('',#423);
#423 = CARTESIAN_POINT('',(-17.5,8.630309099864,-0.426242796521));
#424 = SURFACE_CURVE('',#425,(#430,#441),.PCURVE_S1.);
#425 = CIRCLE('',#426,2.9);
#426 = AXIS2_PLACEMENT_3D('',#427,#428,#429);
#427 = CARTESIAN_POINT('',(-17.5,8.630309099864,2.473757203479));
#428 = DIRECTION('',(-1.,0.,0.));
#429 = DIRECTION('',(0.,0.,-1.));
#430 = PCURVE('',#33,#431);
#431 = DEFINITIONAL_REPRESENTATION('',(#432),#440);
#432 = ( BOUNDED_CURVE() B_SPLINE_CURVE(2,(#433,#434,#435,#436,#437,#438
,#439),.UNSPECIFIED.,.T.,.F.) B_SPLINE_CURVE_WITH_KNOTS((1,2,2,2,2,1),(
    -2.094395102393,0.,2.094395102393,4.188790204786,6.28318530718,
8.377580409573),.UNSPECIFIED.) CURVE() GEOMETRIC_REPRESENTATION_ITEM() 
RATIONAL_B_SPLINE_CURVE((1.,0.5,1.,0.5,1.,0.5,1.)) REPRESENTATION_ITEM(
  '') );
#433 = CARTESIAN_POINT('',(8.749457628107,-0.426242796521));
#434 = CARTESIAN_POINT('',(3.726510286157,-0.426242796521));
#435 = CARTESIAN_POINT('',(6.237983957132,3.923757203479));
#436 = CARTESIAN_POINT('',(8.749457628107,8.273757203479));
#437 = CARTESIAN_POINT('',(11.260931299082,3.923757203479));
#438 = CARTESIAN_POINT('',(13.772404970057,-0.426242796521));
#439 = CARTESIAN_POINT('',(8.749457628107,-0.426242796521));
#440 = ( GEOMETRIC_REPRESENTATION_CONTEXT(2) 
PARAMETRIC_REPRESENTATION_CONTEXT() REPRESENTATION_CONTEXT('2D SPACE',''
  ) );
#441 = PCURVE('',#442,#447);
#442 = CONICAL_SURFACE('',#443,0.9,0.785398163397);
#443 = AXIS2_PLACEMENT_3D('',#444,#445,#446);
#444 = CARTESIAN_POINT('',(-15.5,8.630309099864,2.473757203479));
#445 = DIRECTION('',(-1.,0.,0.));
#446 = DIRECTION('',(0.,0.,-1.));
#447 = DEFINITIONAL_REPRESENTATION('',(#448),#452);
#448 = LINE('',#449,#450);
#449 = CARTESIAN_POINT('',(0.,2.));
#450 = VECTOR('',#451,1.);
#451 = DIRECTION('',(1.,0.));
#452 = ( GEOMETRIC_REPRESENTATION_CONTEXT(2) 
PARAMETRIC_REPRESENTATION_CONTEXT() REPRESENTATION_CONTEXT('2D SPACE',''
  ) );
#453 = FACE_BOUND('',#454,.F.);
#454 = EDGE_LOOP('',(#455));
#455 = ORIENTED_EDGE('',*,*,#456,.T.);
#456 = EDGE_CURVE('',#457,#457,#459,.T.);
#457 = VERTEX_POINT('',#458);
#458 = CARTESIAN_POINT('',(-17.5,2.630309099864,5.573757203479));
#459 = SURFACE_CURVE('',#460,(#465,#476),.PCURVE_S1.);
#460 = CIRCLE('',#461,2.9);
#461 = AXIS2_PLACEMENT_3D('',#462,#463,#464);
#462 = CARTESIAN_POINT('',(-17.5,2.630309099864,8.473757203479));
#463 = DIRECTION('',(-1.,0.,0.));
#464 = DIRECTION('',(0.,0.,-1.));
#465 = PCURVE('',#33,#466);
#466 = DEFINITIONAL_REPRESENTATION('',(#467),#475);
#467 = ( BOUNDED_CURVE() B_SPLINE_CURVE(2,(#468,#469,#470,#471,#472,#473
,#474),.UNSPECIFIED.,.T.,.F.) B_SPLINE_CURVE_WITH_KNOTS((1,2,2,2,2,1),(
    -2.094395102393,0.,2.094395102393,4.188790204786,6.28318530718,
8.377580409573),.UNSPECIFIED.) CURVE() GEOMETRIC_REPRESENTATION_ITEM() 
RATIONAL_B_SPLINE_CURVE((1.,0.5,1.,0.5,1.,0.5,1.)) REPRESENTATION_ITEM(
  '') );
#468 = CARTESIAN_POINT('',(2.749457628107,5.573757203479));
#469 = CARTESIAN_POINT('',(-2.273489713843,5.573757203479));
#470 = CARTESIAN_POINT('',(0.237983957132,9.923757203479));
#471 = CARTESIAN_POINT('',(2.749457628107,14.273757203479));
#472 = CARTESIAN_POINT('',(5.260931299082,9.923757203479));
#473 = CARTESIAN_POINT('',(7.772404970057,5.573757203479));
#474 = CARTESIAN_POINT('',(2.749457628107,5.573757203479));
#475 = ( GEOMETRIC_REPRESENTATION_CONTEXT(2) 
PARAMETRIC_REPRESENTATION_CONTEXT() REPRESENTATION_CONTEXT('2D SPACE',''
  ) );
#476 = PCURVE('',#477,#482);
#477 = CONICAL_SURFACE('',#478,0.9,0.785398163397);
#478 = AXIS2_PLACEMENT_3D('',#479,#480,#481);
#479 = CARTESIAN_POINT('',(-15.5,2.630309099864,8.473757203479));
#480 = DIRECTION('',(-1.,0.,0.));
#481 = DIRECTION('',(0.,0.,-1.));
#482 = DEFINITIONAL_REPRESENTATION('',(#483),#487);
#483 = LINE('',#484,#485);
#484 = CARTESIAN_POINT('',(0.,2.));
#485 = VECTOR('',#486,1.);
#486 = DIRECTION('',(1.,0.));
#487 = ( GEOMETRIC_REPRESENTATION_CONTEXT(2) 
PARAMETRIC_REPRESENTATION_CONTEXT() REPRESENTATION_CONTEXT('2D SPACE',''
  ) );
#488 = FACE_BOUND('',#489,.F.);
#489 = EDGE_LOOP('',(#490));
#490 = ORIENTED_EDGE('',*,*,#491,.T.);
#491 = EDGE_CURVE('',#492,#492,#494,.T.);
#492 = VERTEX_POINT('',#493);
#493 = CARTESIAN_POINT('',(-17.5,14.630309099864,5.573757203479));
#494 = SURFACE_CURVE('',#495,(#500,#511),.PCURVE_S1.);
#495 = CIRCLE('',#496,2.9);
#496 = AXIS2_PLACEMENT_3D('',#497,#498,#499);
#497 = CARTESIAN_POINT('',(-17.5,14.630309099864,8.473757203479));
#498 = DIRECTION('',(-1.,0.,0.));
#499 = DIRECTION('',(0.,0.,-1.));
#500 = PCURVE('',#33,#501);
#501 = DEFINITIONAL_REPRESENTATION('',(#502),#510);
#502 = ( BOUNDED_CURVE() B_SPLINE_CURVE(2,(#503,#504,#505,#506,#507,#508
,#509),.UNSPECIFIED.,.T.,.F.) B_SPLINE_CURVE_WITH_KNOTS((1,2,2,2,2,1),(
    -2.094395102393,0.,2.094395102393,4.188790204786,6.28318530718,
8.377580409573),.UNSPECIFIED.) CURVE() GEOMETRIC_REPRESENTATION_ITEM() 
RATIONAL_B_SPLINE_CURVE((1.,0.5,1.,0.5,1.,0.5,1.)) REPRESENTATION_ITEM(
  '') );
#503 = CARTESIAN_POINT('',(14.749457628107,5.573757203479));
#504 = CARTESIAN_POINT('',(9.726510286157,5.573757203479));
#505 = CARTESIAN_POINT('',(12.237983957132,9.923757203479));
#506 = CARTESIAN_POINT('',(14.749457628107,14.273757203479));
#507 = CARTESIAN_POINT('',(17.260931299082,9.923757203479));
#508 = CARTESIAN_POINT('',(19.772404970057,5.573757203479));
#509 = CARTESIAN_POINT('',(14.749457628107,5.573757203479));
#510 = ( GEOMETRIC_REPRESENTATION_CONTEXT(2) 
PARAMETRIC_REPRESENTATION_CONTEXT() REPRESENTATION_CONTEXT('2D SPACE',''
  ) );
#511 = PCURVE('',#512,#517);
#512 = CONICAL_SURFACE('',#513,0.9,0.785398163397);
#513 = AXIS2_PLACEMENT_3D('',#514,#515,#516);
#514 = CARTESIAN_POINT('',(-15.5,14.630309099864,8.473757203479));
#515 = DIRECTION('',(-1.,0.,0.));
#516 = DIRECTION('',(0.,0.,-1.));
#517 = DEFINITIONAL_REPRESENTATION('',(#518),#522);
#518 = LINE('',#519,#520);
#519 = CARTESIAN_POINT('',(0.,2.));
#520 = VECTOR('',#521,1.);
#521 = DIRECTION('',(1.,0.));
#522 = ( GEOMETRIC_REPRESENTATION_CONTEXT(2) 
PARAMETRIC_REPRESENTATION_CONTEXT() REPRESENTATION_CONTEXT('2D SPACE',''
  ) );
#523 = FACE_BOUND('',#524,.F.);
#524 = EDGE_LOOP('',(#525));
#525 = ORIENTED_EDGE('',*,*,#526,.T.);
#526 = EDGE_CURVE('',#527,#527,#529,.T.);
#527 = VERTEX_POINT('',#528);
#528 = CARTESIAN_POINT('',(-17.5,8.630309099864,11.573757203479));
#529 = SURFACE_CURVE('',#530,(#535,#546),.PCURVE_S1.);
#530 = CIRCLE('',#531,2.9);
#531 = AXIS2_PLACEMENT_3D('',#532,#533,#534);
#532 = CARTESIAN_POINT('',(-17.5,8.630309099864,14.473757203479));
#533 = DIRECTION('',(-1.,0.,0.));
#534 = DIRECTION('',(0.,0.,-1.));
#535 = PCURVE('',#33,#536);
#536 = DEFINITIONAL_REPRESENTATION('',(#537),#545);
#537 = ( BOUNDED_CURVE() B_SPLINE_CURVE(2,(#538,#539,#540,#541,#542,#543
,#544),.UNSPECIFIED.,.T.,.F.) B_SPLINE_CURVE_WITH_KNOTS((1,2,2,2,2,1),(
    -2.094395102393,0.,2.094395102393,4.188790204786,6.28318530718,
8.377580409573),.UNSPECIFIED.) CURVE() GEOMETRIC_REPRESENTATION_ITEM() 
RATIONAL_B_SPLINE_CURVE((1.,0.5,1.,0.5,1.,0.5,1.)) REPRESENTATION_ITEM(
  '') );
#538 = CARTESIAN_POINT('',(8.749457628107,11.573757203479));
#539 = CARTESIAN_POINT('',(3.726510286157,11.573757203479));
#540 = CARTESIAN_POINT('',(6.237983957132,15.923757203479));
#541 = CARTESIAN_POINT('',(8.749457628107,20.273757203479));
#542 = CARTESIAN_POINT('',(11.260931299082,15.923757203479));
#543 = CARTESIAN_POINT('',(13.772404970057,11.573757203479));
#544 = CARTESIAN_POINT('',(8.749457628107,11.573757203479));
#545 = ( GEOMETRIC_REPRESENTATION_CONTEXT(2) 
PARAMETRIC_REPRESENTATION_CONTEXT() REPRESENTATION_CONTEXT('2D SPACE',''
  ) );
#546 = PCURVE('',#547,#552);
#547 = CONICAL_SURFACE('',#548,0.9,0.785398163397);
#548 = AXIS2_PLACEMENT_3D('',#549,#550,#551);
#549 = CARTESIAN_POINT('',(-15.5,8.630309099864,14.473757203479));
#550 = DIRECTION('',(-1.,0.,0.));
#551 = DIRECTION('',(0.,0.,-1.));
#552 = DEFINITIONAL_REPRESENTATION('',(#553),#557);
#553 = LINE('',#554,#555);
#554 = CARTESIAN_POINT('',(0.,2.));
#555 = VECTOR('',#556,1.);
#556 = DIRECTION('',(1.,0.));
#557 = ( GEOMETRIC_REPRESENTATION_CONTEXT(2) 
PARAMETRIC_REPRESENTATION_CONTEXT() REPRESENTATION_CONTEXT('2D SPACE',''
  ) );
#558 = ADVANCED_FACE('',(#559),#49,.T.);
#559 = FACE_BOUND('',#560,.T.);
#560 = EDGE_LOOP('',(#561,#584,#617,#638));
#561 = ORIENTED_EDGE('',*,*,#562,.T.);
#562 = EDGE_CURVE('',#22,#563,#565,.T.);
#563 = VERTEX_POINT('',#564);
#564 = CARTESIAN_POINT('',(-14.5,12.448685718272,-1.344619414929));
#565 = SURFACE_CURVE('',#566,(#570,#577),.PCURVE_S1.);
#566 = LINE('',#567,#568);
#567 = CARTESIAN_POINT('',(-17.5,12.448685718272,-1.344619414929));
#568 = VECTOR('',#569,1.);
#569 = DIRECTION('',(1.,0.,0.));
#570 = PCURVE('',#49,#571);
#571 = DEFINITIONAL_REPRESENTATION('',(#572),#576);
#572 = LINE('',#573,#574);
#573 = CARTESIAN_POINT('',(1.570796326795,0.));
#574 = VECTOR('',#575,1.);
#575 = DIRECTION('',(0.,-1.));
#576 = ( GEOMETRIC_REPRESENTATION_CONTEXT(2) 
PARAMETRIC_REPRESENTATION_CONTEXT() REPRESENTATION_CONTEXT('2D SPACE',''
  ) );
#577 = PCURVE('',#77,#578);
#578 = DEFINITIONAL_REPRESENTATION('',(#579),#583);
#579 = LINE('',#580,#581);
#580 = CARTESIAN_POINT('',(1.884110950421E-15,0.));
#581 = VECTOR('',#582,1.);
#582 = DIRECTION('',(0.,-1.));
#583 = ( GEOMETRIC_REPRESENTATION_CONTEXT(2) 
PARAMETRIC_REPRESENTATION_CONTEXT() REPRESENTATION_CONTEXT('2D SPACE',''
  ) );
#584 = ORIENTED_EDGE('',*,*,#585,.T.);
#585 = EDGE_CURVE('',#563,#586,#588,.T.);
#586 = VERTEX_POINT('',#587);
#587 = CARTESIAN_POINT('',(-14.5,4.811932481457,-1.344619414929));
#588 = SURFACE_CURVE('',#589,(#594,#601),.PCURVE_S1.);
#589 = CIRCLE('',#590,5.4);
#590 = AXIS2_PLACEMENT_3D('',#591,#592,#593);
#591 = CARTESIAN_POINT('',(-14.5,8.630309099864,2.473757203479));
#592 = DIRECTION('',(-1.,0.,0.));
#593 = DIRECTION('',(0.,0.707106781187,0.707106781187));
#594 = PCURVE('',#49,#595);
#595 = DEFINITIONAL_REPRESENTATION('',(#596),#600);
#596 = LINE('',#597,#598);
#597 = CARTESIAN_POINT('',(0.,-3.));
#598 = VECTOR('',#599,1.);
#599 = DIRECTION('',(1.,0.));
#600 = ( GEOMETRIC_REPRESENTATION_CONTEXT(2) 
PARAMETRIC_REPRESENTATION_CONTEXT() REPRESENTATION_CONTEXT('2D SPACE',''
  ) );
#601 = PCURVE('',#602,#607);
#602 = PLANE('',#603);
#603 = AXIS2_PLACEMENT_3D('',#604,#605,#606);
#604 = CARTESIAN_POINT('',(-14.5,8.630309099864,8.473757203479));
#605 = DIRECTION('',(1.,0.,0.));
#606 = DIRECTION('',(-0.,0.,1.));
#607 = DEFINITIONAL_REPRESENTATION('',(#608),#616);
#608 = ( BOUNDED_CURVE() B_SPLINE_CURVE(2,(#609,#610,#611,#612,#613,#614
,#615),.UNSPECIFIED.,.T.,.F.) B_SPLINE_CURVE_WITH_KNOTS((1,2,2,2,2,1),(
    -2.094395102393,0.,2.094395102393,4.188790204786,6.28318530718,
8.377580409573),.UNSPECIFIED.) CURVE() GEOMETRIC_REPRESENTATION_ITEM() 
RATIONAL_B_SPLINE_CURVE((1.,0.5,1.,0.5,1.,0.5,1.)) REPRESENTATION_ITEM(
  '') );
#609 = CARTESIAN_POINT('',(-2.181623381593,-3.818376618407));
#610 = CARTESIAN_POINT('',(-8.795245687107,-10.43199892392));
#611 = CARTESIAN_POINT('',(-11.21599946196,-1.397622843554));
#612 = CARTESIAN_POINT('',(-13.63675323681,7.636753236815));
#613 = CARTESIAN_POINT('',(-4.602377156446,5.215999461961));
#614 = CARTESIAN_POINT('',(4.431998923922,2.795245687107));
#615 = CARTESIAN_POINT('',(-2.181623381593,-3.818376618407));
#616 = ( GEOMETRIC_REPRESENTATION_CONTEXT(2) 
PARAMETRIC_REPRESENTATION_CONTEXT() REPRESENTATION_CONTEXT('2D SPACE',''
  ) );
#617 = ORIENTED_EDGE('',*,*,#618,.F.);
#618 = EDGE_CURVE('',#24,#586,#619,.T.);
#619 = SURFACE_CURVE('',#620,(#624,#631),.PCURVE_S1.);
#620 = LINE('',#621,#622);
#621 = CARTESIAN_POINT('',(-17.5,4.811932481457,-1.344619414929));
#622 = VECTOR('',#623,1.);
#623 = DIRECTION('',(1.,0.,0.));
#624 = PCURVE('',#49,#625);
#625 = DEFINITIONAL_REPRESENTATION('',(#626),#630);
#626 = LINE('',#627,#628);
#627 = CARTESIAN_POINT('',(3.14159265359,0.));
#628 = VECTOR('',#629,1.);
#629 = DIRECTION('',(0.,-1.));
#630 = ( GEOMETRIC_REPRESENTATION_CONTEXT(2) 
PARAMETRIC_REPRESENTATION_CONTEXT() REPRESENTATION_CONTEXT('2D SPACE',''
  ) );
#631 = PCURVE('',#407,#632);
#632 = DEFINITIONAL_REPRESENTATION('',(#633),#637);
#633 = LINE('',#634,#635);
#634 = CARTESIAN_POINT('',(8.485281374239,0.));
#635 = VECTOR('',#636,1.);
#636 = DIRECTION('',(0.,-1.));
#637 = ( GEOMETRIC_REPRESENTATION_CONTEXT(2) 
PARAMETRIC_REPRESENTATION_CONTEXT() REPRESENTATION_CONTEXT('2D SPACE',''
  ) );
#638 = ORIENTED_EDGE('',*,*,#21,.F.);
#639 = ADVANCED_FACE('',(#640),#77,.F.);
#640 = FACE_BOUND('',#641,.F.);
#641 = EDGE_LOOP('',(#642,#643,#666,#687));
#642 = ORIENTED_EDGE('',*,*,#562,.T.);
#643 = ORIENTED_EDGE('',*,*,#644,.T.);
#644 = EDGE_CURVE('',#563,#645,#647,.T.);
#645 = VERTEX_POINT('',#646);
#646 = CARTESIAN_POINT('',(-14.5,18.448685718272,4.655380585071));
#647 = SURFACE_CURVE('',#648,(#652,#659),.PCURVE_S1.);
#648 = LINE('',#649,#650);
#649 = CARTESIAN_POINT('',(-14.5,12.448685718272,-1.344619414929));
#650 = VECTOR('',#651,1.);
#651 = DIRECTION('',(-0.,0.707106781187,0.707106781187));
#652 = PCURVE('',#77,#653);
#653 = DEFINITIONAL_REPRESENTATION('',(#654),#658);
#654 = LINE('',#655,#656);
#655 = CARTESIAN_POINT('',(1.570092458684E-16,-3.));
#656 = VECTOR('',#657,1.);
#657 = DIRECTION('',(1.,0.));
#658 = ( GEOMETRIC_REPRESENTATION_CONTEXT(2) 
PARAMETRIC_REPRESENTATION_CONTEXT() REPRESENTATION_CONTEXT('2D SPACE',''
  ) );
#659 = PCURVE('',#602,#660);
#660 = DEFINITIONAL_REPRESENTATION('',(#661),#665);
#661 = LINE('',#662,#663);
#662 = CARTESIAN_POINT('',(-9.818376618407,-3.818376618407));
#663 = VECTOR('',#664,1.);
#664 = DIRECTION('',(0.707106781187,-0.707106781187));
#665 = ( GEOMETRIC_REPRESENTATION_CONTEXT(2) 
PARAMETRIC_REPRESENTATION_CONTEXT() REPRESENTATION_CONTEXT('2D SPACE',''
  ) );
#666 = ORIENTED_EDGE('',*,*,#667,.F.);
#667 = EDGE_CURVE('',#62,#645,#668,.T.);
#668 = SURFACE_CURVE('',#669,(#673,#680),.PCURVE_S1.);
#669 = LINE('',#670,#671);
#670 = CARTESIAN_POINT('',(-17.5,18.448685718272,4.655380585071));
#671 = VECTOR('',#672,1.);
#672 = DIRECTION('',(1.,0.,0.));
#673 = PCURVE('',#77,#674);
#674 = DEFINITIONAL_REPRESENTATION('',(#675),#679);
#675 = LINE('',#676,#677);
#676 = CARTESIAN_POINT('',(8.485281374239,0.));
#677 = VECTOR('',#678,1.);
#678 = DIRECTION('',(0.,-1.));
#679 = ( GEOMETRIC_REPRESENTATION_CONTEXT(2) 
PARAMETRIC_REPRESENTATION_CONTEXT() REPRESENTATION_CONTEXT('2D SPACE',''
  ) );
#680 = PCURVE('',#110,#681);
#681 = DEFINITIONAL_REPRESENTATION('',(#682),#686);
#682 = LINE('',#683,#684);
#683 = CARTESIAN_POINT('',(3.14159265359,0.));
#684 = VECTOR('',#685,1.);
#685 = DIRECTION('',(0.,-1.));
#686 = ( GEOMETRIC_REPRESENTATION_CONTEXT(2) 
PARAMETRIC_REPRESENTATION_CONTEXT() REPRESENTATION_CONTEXT('2D SPACE',''
  ) );
#687 = ORIENTED_EDGE('',*,*,#61,.F.);
#688 = ADVANCED_FACE('',(#689),#407,.F.);
#689 = FACE_BOUND('',#690,.F.);
#690 = EDGE_LOOP('',(#691,#692,#713,#734));
#691 = ORIENTED_EDGE('',*,*,#393,.F.);
#692 = ORIENTED_EDGE('',*,*,#693,.F.);
#693 = EDGE_CURVE('',#694,#366,#696,.T.);
#694 = VERTEX_POINT('',#695);
#695 = CARTESIAN_POINT('',(-14.5,3.467313066528,4.440892098501E-16));
#696 = SURFACE_CURVE('',#697,(#701,#707),.PCURVE_S1.);
#697 = LINE('',#698,#699);
#698 = CARTESIAN_POINT('',(-4.375,3.467313066528,-8.881784197001E-16));
#699 = VECTOR('',#700,1.);
#700 = DIRECTION('',(-1.,-0.,0.));
#701 = PCURVE('',#407,#702);
#702 = DEFINITIONAL_REPRESENTATION('',(#703),#706);
#703 = B_SPLINE_CURVE_WITH_KNOTS('',1,(#704,#705),.UNSPECIFIED.,.F.,.F.,
  (2,2),(10.125,13.125),.PIECEWISE_BEZIER_KNOTS.);
#704 = CARTESIAN_POINT('',(6.583702361416,-3.));
#705 = CARTESIAN_POINT('',(6.583702361416,0.));
#706 = ( GEOMETRIC_REPRESENTATION_CONTEXT(2) 
PARAMETRIC_REPRESENTATION_CONTEXT() REPRESENTATION_CONTEXT('2D SPACE',''
  ) );
#707 = PCURVE('',#381,#708);
#708 = DEFINITIONAL_REPRESENTATION('',(#709),#712);
#709 = B_SPLINE_CURVE_WITH_KNOTS('',1,(#710,#711),.UNSPECIFIED.,.F.,.F.,
  (2,2),(10.125,13.125),.PIECEWISE_BEZIER_KNOTS.);
#710 = CARTESIAN_POINT('',(-23.25,29.99020066977));
#711 = CARTESIAN_POINT('',(-26.25,29.99020066977));
#712 = ( GEOMETRIC_REPRESENTATION_CONTEXT(2) 
PARAMETRIC_REPRESENTATION_CONTEXT() REPRESENTATION_CONTEXT('2D SPACE',''
  ) );
#713 = ORIENTED_EDGE('',*,*,#714,.T.);
#714 = EDGE_CURVE('',#694,#586,#715,.T.);
#715 = SURFACE_CURVE('',#716,(#720,#727),.PCURVE_S1.);
#716 = LINE('',#717,#718);
#717 = CARTESIAN_POINT('',(-14.5,-1.188067518543,4.655380585071));
#718 = VECTOR('',#719,1.);
#719 = DIRECTION('',(0.,0.707106781187,-0.707106781187));
#720 = PCURVE('',#407,#721);
#721 = DEFINITIONAL_REPRESENTATION('',(#722),#726);
#722 = LINE('',#723,#724);
#723 = CARTESIAN_POINT('',(1.099064721079E-15,-3.));
#724 = VECTOR('',#725,1.);
#725 = DIRECTION('',(1.,0.));
#726 = ( GEOMETRIC_REPRESENTATION_CONTEXT(2) 
PARAMETRIC_REPRESENTATION_CONTEXT() REPRESENTATION_CONTEXT('2D SPACE',''
  ) );
#727 = PCURVE('',#602,#728);
#728 = DEFINITIONAL_REPRESENTATION('',(#729),#733);
#729 = LINE('',#730,#731);
#730 = CARTESIAN_POINT('',(-3.818376618407,9.818376618407));
#731 = VECTOR('',#732,1.);
#732 = DIRECTION('',(-0.707106781187,-0.707106781187));
#733 = ( GEOMETRIC_REPRESENTATION_CONTEXT(2) 
PARAMETRIC_REPRESENTATION_CONTEXT() REPRESENTATION_CONTEXT('2D SPACE',''
  ) );
#734 = ORIENTED_EDGE('',*,*,#618,.F.);
#735 = ADVANCED_FACE('',(#736),#110,.T.);
#736 = FACE_BOUND('',#737,.T.);
#737 = EDGE_LOOP('',(#738,#761,#787,#788));
#738 = ORIENTED_EDGE('',*,*,#739,.T.);
#739 = EDGE_CURVE('',#90,#740,#742,.T.);
#740 = VERTEX_POINT('',#741);
#741 = CARTESIAN_POINT('',(-14.5,18.448685718272,12.292133821886));
#742 = SURFACE_CURVE('',#743,(#747,#754),.PCURVE_S1.);
#743 = LINE('',#744,#745);
#744 = CARTESIAN_POINT('',(-17.5,18.448685718272,12.292133821886));
#745 = VECTOR('',#746,1.);
#746 = DIRECTION('',(1.,0.,0.));
#747 = PCURVE('',#110,#748);
#748 = DEFINITIONAL_REPRESENTATION('',(#749),#753);
#749 = LINE('',#750,#751);
#750 = CARTESIAN_POINT('',(1.570796326795,0.));
#751 = VECTOR('',#752,1.);
#752 = DIRECTION('',(0.,-1.));
#753 = ( GEOMETRIC_REPRESENTATION_CONTEXT(2) 
PARAMETRIC_REPRESENTATION_CONTEXT() REPRESENTATION_CONTEXT('2D SPACE',''
  ) );
#754 = PCURVE('',#138,#755);
#755 = DEFINITIONAL_REPRESENTATION('',(#756),#760);
#756 = LINE('',#757,#758);
#757 = CARTESIAN_POINT('',(0.,0.));
#758 = VECTOR('',#759,1.);
#759 = DIRECTION('',(0.,-1.));
#760 = ( GEOMETRIC_REPRESENTATION_CONTEXT(2) 
PARAMETRIC_REPRESENTATION_CONTEXT() REPRESENTATION_CONTEXT('2D SPACE',''
  ) );
#761 = ORIENTED_EDGE('',*,*,#762,.T.);
#762 = EDGE_CURVE('',#740,#645,#763,.T.);
#763 = SURFACE_CURVE('',#764,(#769,#776),.PCURVE_S1.);
#764 = CIRCLE('',#765,5.4);
#765 = AXIS2_PLACEMENT_3D('',#766,#767,#768);
#766 = CARTESIAN_POINT('',(-14.5,14.630309099864,8.473757203479));
#767 = DIRECTION('',(-1.,0.,0.));
#768 = DIRECTION('',(0.,-0.707106781187,0.707106781187));
#769 = PCURVE('',#110,#770);
#770 = DEFINITIONAL_REPRESENTATION('',(#771),#775);
#771 = LINE('',#772,#773);
#772 = CARTESIAN_POINT('',(0.,-3.));
#773 = VECTOR('',#774,1.);
#774 = DIRECTION('',(1.,0.));
#775 = ( GEOMETRIC_REPRESENTATION_CONTEXT(2) 
PARAMETRIC_REPRESENTATION_CONTEXT() REPRESENTATION_CONTEXT('2D SPACE',''
  ) );
#776 = PCURVE('',#602,#777);
#777 = DEFINITIONAL_REPRESENTATION('',(#778),#786);
#778 = ( BOUNDED_CURVE() B_SPLINE_CURVE(2,(#779,#780,#781,#782,#783,#784
,#785),.UNSPECIFIED.,.T.,.F.) B_SPLINE_CURVE_WITH_KNOTS((1,2,2,2,2,1),(
    -2.094395102393,0.,2.094395102393,4.188790204786,6.28318530718,
8.377580409573),.UNSPECIFIED.) CURVE() GEOMETRIC_REPRESENTATION_ITEM() 
RATIONAL_B_SPLINE_CURVE((1.,0.5,1.,0.5,1.,0.5,1.)) REPRESENTATION_ITEM(
  '') );
#779 = CARTESIAN_POINT('',(3.818376618407,-2.181623381593));
#780 = CARTESIAN_POINT('',(10.431998923922,-8.795245687107));
#781 = CARTESIAN_POINT('',(1.397622843554,-11.21599946196));
#782 = CARTESIAN_POINT('',(-7.636753236815,-13.63675323681));
#783 = CARTESIAN_POINT('',(-5.215999461961,-4.602377156446));
#784 = CARTESIAN_POINT('',(-2.795245687107,4.431998923922));
#785 = CARTESIAN_POINT('',(3.818376618407,-2.181623381593));
#786 = ( GEOMETRIC_REPRESENTATION_CONTEXT(2) 
PARAMETRIC_REPRESENTATION_CONTEXT() REPRESENTATION_CONTEXT('2D SPACE',''
  ) );
#787 = ORIENTED_EDGE('',*,*,#667,.F.);
#788 = ORIENTED_EDGE('',*,*,#89,.F.);
#789 = ADVANCED_FACE('',(#790),#381,.F.);
#790 = FACE_BOUND('',#791,.F.);
#791 = EDGE_LOOP('',(#792,#822,#848,#876,#934,#992,#1013,#1014,#1015,
    #1052,#1080,#1108,#1136,#1164,#1192,#1220,#1248));
#792 = ORIENTED_EDGE('',*,*,#793,.F.);
#793 = EDGE_CURVE('',#794,#796,#798,.T.);
#794 = VERTEX_POINT('',#795);
#795 = CARTESIAN_POINT('',(17.5,3.467313066528,4.440892098501E-16));
#796 = VERTEX_POINT('',#797);
#797 = CARTESIAN_POINT('',(17.5,-0.119148528243,0.));
#798 = SURFACE_CURVE('',#799,(#803,#810),.PCURVE_S1.);
#799 = LINE('',#800,#801);
#800 = CARTESIAN_POINT('',(17.5,20.,0.));
#801 = VECTOR('',#802,1.);
#802 = DIRECTION('',(0.,-1.,0.));
#803 = PCURVE('',#381,#804);
#804 = DEFINITIONAL_REPRESENTATION('',(#805),#809);
#805 = LINE('',#806,#807);
#806 = CARTESIAN_POINT('',(8.75,46.522887603241));
#807 = VECTOR('',#808,1.);
#808 = DIRECTION('',(0.,-1.));
#809 = ( GEOMETRIC_REPRESENTATION_CONTEXT(2) 
PARAMETRIC_REPRESENTATION_CONTEXT() REPRESENTATION_CONTEXT('2D SPACE',''
  ) );
#810 = PCURVE('',#811,#816);
#811 = PLANE('',#812);
#812 = AXIS2_PLACEMENT_3D('',#813,#814,#815);
#813 = CARTESIAN_POINT('',(17.5,-0.119148528243,0.));
#814 = DIRECTION('',(1.,0.,0.));
#815 = DIRECTION('',(-0.,1.,0.));
#816 = DEFINITIONAL_REPRESENTATION('',(#817),#821);
#817 = LINE('',#818,#819);
#818 = CARTESIAN_POINT('',(20.119148528243,0.));
#819 = VECTOR('',#820,1.);
#820 = DIRECTION('',(-1.,0.));
#821 = ( GEOMETRIC_REPRESENTATION_CONTEXT(2) 
PARAMETRIC_REPRESENTATION_CONTEXT() REPRESENTATION_CONTEXT('2D SPACE',''
  ) );
#822 = ORIENTED_EDGE('',*,*,#823,.T.);
#823 = EDGE_CURVE('',#794,#824,#826,.T.);
#824 = VERTEX_POINT('',#825);
#825 = CARTESIAN_POINT('',(14.5,3.467313066528,4.440892098501E-16));
#826 = SURFACE_CURVE('',#827,(#831,#837),.PCURVE_S1.);
#827 = LINE('',#828,#829);
#828 = CARTESIAN_POINT('',(11.625,3.467313066528,-8.881784197001E-16));
#829 = VECTOR('',#830,1.);
#830 = DIRECTION('',(-1.,-0.,0.));
#831 = PCURVE('',#381,#832);
#832 = DEFINITIONAL_REPRESENTATION('',(#833),#836);
#833 = B_SPLINE_CURVE_WITH_KNOTS('',1,(#834,#835),.UNSPECIFIED.,.F.,.F.,
  (2,2),(-5.875,-2.875),.PIECEWISE_BEZIER_KNOTS.);
#834 = CARTESIAN_POINT('',(8.75,29.99020066977));
#835 = CARTESIAN_POINT('',(5.75,29.99020066977));
#836 = ( GEOMETRIC_REPRESENTATION_CONTEXT(2) 
PARAMETRIC_REPRESENTATION_CONTEXT() REPRESENTATION_CONTEXT('2D SPACE',''
  ) );
#837 = PCURVE('',#838,#843);
#838 = PLANE('',#839);
#839 = AXIS2_PLACEMENT_3D('',#840,#841,#842);
#840 = CARTESIAN_POINT('',(14.5,-1.188067518543,4.655380585071));
#841 = DIRECTION('',(-0.,0.707106781187,0.707106781187));
#842 = DIRECTION('',(0.,0.707106781187,-0.707106781187));
#843 = DEFINITIONAL_REPRESENTATION('',(#844),#847);
#844 = B_SPLINE_CURVE_WITH_KNOTS('',1,(#845,#846),.UNSPECIFIED.,.F.,.F.,
  (2,2),(-5.875,-2.875),.PIECEWISE_BEZIER_KNOTS.);
#845 = CARTESIAN_POINT('',(6.583702361416,-3.));
#846 = CARTESIAN_POINT('',(6.583702361416,0.));
#847 = ( GEOMETRIC_REPRESENTATION_CONTEXT(2) 
PARAMETRIC_REPRESENTATION_CONTEXT() REPRESENTATION_CONTEXT('2D SPACE',''
  ) );
#848 = ORIENTED_EDGE('',*,*,#849,.T.);
#849 = EDGE_CURVE('',#824,#850,#852,.T.);
#850 = VERTEX_POINT('',#851);
#851 = CARTESIAN_POINT('',(14.5,-9.005381305841E-16,0.));
#852 = SURFACE_CURVE('',#853,(#857,#864),.PCURVE_S1.);
#853 = LINE('',#854,#855);
#854 = CARTESIAN_POINT('',(14.5,20.,0.));
#855 = VECTOR('',#856,1.);
#856 = DIRECTION('',(0.,-1.,0.));
#857 = PCURVE('',#381,#858);
#858 = DEFINITIONAL_REPRESENTATION('',(#859),#863);
#859 = LINE('',#860,#861);
#860 = CARTESIAN_POINT('',(5.75,46.522887603241));
#861 = VECTOR('',#862,1.);
#862 = DIRECTION('',(0.,-1.));
#863 = ( GEOMETRIC_REPRESENTATION_CONTEXT(2) 
PARAMETRIC_REPRESENTATION_CONTEXT() REPRESENTATION_CONTEXT('2D SPACE',''
  ) );
#864 = PCURVE('',#865,#870);
#865 = PLANE('',#866);
#866 = AXIS2_PLACEMENT_3D('',#867,#868,#869);
#867 = CARTESIAN_POINT('',(14.5,20.,0.));
#868 = DIRECTION('',(-1.,0.,0.));
#869 = DIRECTION('',(0.,-1.,0.));
#870 = DEFINITIONAL_REPRESENTATION('',(#871),#875);
#871 = LINE('',#872,#873);
#872 = CARTESIAN_POINT('',(0.,0.));
#873 = VECTOR('',#874,1.);
#874 = DIRECTION('',(1.,0.));
#875 = ( GEOMETRIC_REPRESENTATION_CONTEXT(2) 
PARAMETRIC_REPRESENTATION_CONTEXT() REPRESENTATION_CONTEXT('2D SPACE',''
  ) );
#876 = ORIENTED_EDGE('',*,*,#877,.T.);
#877 = EDGE_CURVE('',#850,#878,#880,.T.);
#878 = VERTEX_POINT('',#879);
#879 = CARTESIAN_POINT('',(-3.469446951954E-17,-7.045775206483,0.));
#880 = SURFACE_CURVE('',#881,(#892,#906),.PCURVE_S1.);
#881 = B_SPLINE_CURVE_WITH_KNOTS('',5,(#882,#883,#884,#885,#886,#887,
    #888,#889,#890,#891),.UNSPECIFIED.,.F.,.F.,(6,1,1,1,1,6),(0.,0.2,0.4
    ,0.6,0.8,1.),.QUASI_UNIFORM_KNOTS.);
#882 = CARTESIAN_POINT('',(14.5,-9.005381305841E-16,0.));
#883 = CARTESIAN_POINT('',(14.5,-0.722234146092,0.));
#884 = CARTESIAN_POINT('',(14.289583000189,-2.043453762102,0.));
#885 = CARTESIAN_POINT('',(13.343313516308,-3.655864745548,0.));
#886 = CARTESIAN_POINT('',(11.028209849676,-5.164476279098,0.));
#887 = CARTESIAN_POINT('',(7.205453786499,-6.307992910292,0.));
#888 = CARTESIAN_POINT('',(4.044053307151,-6.813220804164,0.));
#889 = CARTESIAN_POINT('',(1.898278930566,-7.003478747481,0.));
#890 = CARTESIAN_POINT('',(0.609163266871,-7.045775206483,0.));
#891 = CARTESIAN_POINT('',(-3.469446951954E-17,-7.045775206483,0.));
#892 = PCURVE('',#381,#893);
#893 = DEFINITIONAL_REPRESENTATION('',(#894),#905);
#894 = B_SPLINE_CURVE_WITH_KNOTS('',5,(#895,#896,#897,#898,#899,#900,
    #901,#902,#903,#904),.UNSPECIFIED.,.F.,.F.,(6,1,1,1,1,6),(0.,0.2,0.4
    ,0.6,0.8,1.),.QUASI_UNIFORM_KNOTS.);
#895 = CARTESIAN_POINT('',(5.75,26.522887603241));
#896 = CARTESIAN_POINT('',(5.75,25.80065345715));
#897 = CARTESIAN_POINT('',(5.539583000189,24.479433841139));
#898 = CARTESIAN_POINT('',(4.593313516308,22.867022857694));
#899 = CARTESIAN_POINT('',(2.278209849676,21.358411324143));
#900 = CARTESIAN_POINT('',(-1.544546213501,20.214894692949));
#901 = CARTESIAN_POINT('',(-4.705946692849,19.709666799077));
#902 = CARTESIAN_POINT('',(-6.851721069434,19.51940885576));
#903 = CARTESIAN_POINT('',(-8.140836733129,19.477112396759));
#904 = CARTESIAN_POINT('',(-8.75,19.477112396759));
#905 = ( GEOMETRIC_REPRESENTATION_CONTEXT(2) 
PARAMETRIC_REPRESENTATION_CONTEXT() REPRESENTATION_CONTEXT('2D SPACE',''
  ) );
#906 = PCURVE('',#907,#928);
#907 = B_SPLINE_SURFACE_WITH_KNOTS('',5,1,(
    (#908,#909)
    ,(#910,#911)
    ,(#912,#913)
    ,(#914,#915)
    ,(#916,#917)
    ,(#918,#919)
    ,(#920,#921)
    ,(#922,#923)
    ,(#924,#925)
    ,(#926,#927
    )),.UNSPECIFIED.,.F.,.F.,.F.,(6,1,1,1,1,6),(2,2),(0.,0.2,0.4,0.6,0.8
    ,1.),(0.,2.3),.UNSPECIFIED.);
#908 = CARTESIAN_POINT('',(14.5,-9.005381305841E-16,0.));
#909 = CARTESIAN_POINT('',(14.5,-9.005381305841E-16,23.));
#910 = CARTESIAN_POINT('',(14.5,-0.722234146092,0.));
#911 = CARTESIAN_POINT('',(14.5,-0.722234146092,23.));
#912 = CARTESIAN_POINT('',(14.289583000189,-2.043453762102,0.));
#913 = CARTESIAN_POINT('',(14.289583000189,-2.043453762102,23.));
#914 = CARTESIAN_POINT('',(13.343313516308,-3.655864745548,0.));
#915 = CARTESIAN_POINT('',(13.343313516308,-3.655864745548,23.));
#916 = CARTESIAN_POINT('',(11.028209849676,-5.164476279098,0.));
#917 = CARTESIAN_POINT('',(11.028209849676,-5.164476279098,23.));
#918 = CARTESIAN_POINT('',(7.205453786499,-6.307992910292,0.));
#919 = CARTESIAN_POINT('',(7.205453786499,-6.307992910292,23.));
#920 = CARTESIAN_POINT('',(4.044053307151,-6.813220804164,0.));
#921 = CARTESIAN_POINT('',(4.044053307151,-6.813220804164,23.));
#922 = CARTESIAN_POINT('',(1.898278930566,-7.003478747481,0.));
#923 = CARTESIAN_POINT('',(1.898278930566,-7.003478747481,23.));
#924 = CARTESIAN_POINT('',(0.609163266871,-7.045775206483,0.));
#925 = CARTESIAN_POINT('',(0.609163266871,-7.045775206483,23.));
#926 = CARTESIAN_POINT('',(-3.469446951954E-17,-7.045775206483,0.));
#927 = CARTESIAN_POINT('',(-3.469446951954E-17,-7.045775206483,23.));
#928 = DEFINITIONAL_REPRESENTATION('',(#929),#933);
#929 = LINE('',#930,#931);
#930 = CARTESIAN_POINT('',(-3.681970582891E-18,9.959481156452E-17));
#931 = VECTOR('',#932,1.);
#932 = DIRECTION('',(1.,0.));
#933 = ( GEOMETRIC_REPRESENTATION_CONTEXT(2) 
PARAMETRIC_REPRESENTATION_CONTEXT() REPRESENTATION_CONTEXT('2D SPACE',''
  ) );
#934 = ORIENTED_EDGE('',*,*,#935,.F.);
#935 = EDGE_CURVE('',#936,#878,#938,.T.);
#936 = VERTEX_POINT('',#937);
#937 = CARTESIAN_POINT('',(-14.5,-9.005381305841E-16,0.));
#938 = SURFACE_CURVE('',#939,(#950,#964),.PCURVE_S1.);
#939 = B_SPLINE_CURVE_WITH_KNOTS('',5,(#940,#941,#942,#943,#944,#945,
    #946,#947,#948,#949),.UNSPECIFIED.,.F.,.F.,(6,1,1,1,1,6),(0.,0.2,0.4
    ,0.6,0.8,1.),.QUASI_UNIFORM_KNOTS.);
#940 = CARTESIAN_POINT('',(-14.5,-9.005381305841E-16,0.));
#941 = CARTESIAN_POINT('',(-14.5,-0.722234146092,0.));
#942 = CARTESIAN_POINT('',(-14.28958300018,-2.043453762102,0.));
#943 = CARTESIAN_POINT('',(-13.3433135163,-3.655864745548,0.));
#944 = CARTESIAN_POINT('',(-11.02820984967,-5.164476279098,0.));
#945 = CARTESIAN_POINT('',(-7.205453786499,-6.307992910292,0.));
#946 = CARTESIAN_POINT('',(-4.044053307151,-6.813220804164,0.));
#947 = CARTESIAN_POINT('',(-1.898278930566,-7.003478747481,0.));
#948 = CARTESIAN_POINT('',(-0.609163266871,-7.045775206483,0.));
#949 = CARTESIAN_POINT('',(3.469446951954E-17,-7.045775206483,0.));
#950 = PCURVE('',#381,#951);
#951 = DEFINITIONAL_REPRESENTATION('',(#952),#963);
#952 = B_SPLINE_CURVE_WITH_KNOTS('',5,(#953,#954,#955,#956,#957,#958,
    #959,#960,#961,#962),.UNSPECIFIED.,.F.,.F.,(6,1,1,1,1,6),(0.,0.2,0.4
    ,0.6,0.8,1.),.QUASI_UNIFORM_KNOTS.);
#953 = CARTESIAN_POINT('',(-23.25,26.522887603241));
#954 = CARTESIAN_POINT('',(-23.25,25.80065345715));
#955 = CARTESIAN_POINT('',(-23.03958300018,24.479433841139));
#956 = CARTESIAN_POINT('',(-22.0933135163,22.867022857694));
#957 = CARTESIAN_POINT('',(-19.77820984967,21.358411324143));
#958 = CARTESIAN_POINT('',(-15.95545378649,20.214894692949));
#959 = CARTESIAN_POINT('',(-12.79405330715,19.709666799077));
#960 = CARTESIAN_POINT('',(-10.64827893056,19.51940885576));
#961 = CARTESIAN_POINT('',(-9.359163266871,19.477112396759));
#962 = CARTESIAN_POINT('',(-8.75,19.477112396759));
#963 = ( GEOMETRIC_REPRESENTATION_CONTEXT(2) 
PARAMETRIC_REPRESENTATION_CONTEXT() REPRESENTATION_CONTEXT('2D SPACE',''
  ) );
#964 = PCURVE('',#965,#986);
#965 = B_SPLINE_SURFACE_WITH_KNOTS('',5,1,(
    (#966,#967)
    ,(#968,#969)
    ,(#970,#971)
    ,(#972,#973)
    ,(#974,#975)
    ,(#976,#977)
    ,(#978,#979)
    ,(#980,#981)
    ,(#982,#983)
    ,(#984,#985
    )),.UNSPECIFIED.,.F.,.F.,.F.,(6,1,1,1,1,6),(2,2),(0.,0.2,0.4,0.6,0.8
    ,1.),(0.,2.3),.UNSPECIFIED.);
#966 = CARTESIAN_POINT('',(-14.5,-9.005381305841E-16,0.));
#967 = CARTESIAN_POINT('',(-14.5,-9.005381305841E-16,23.));
#968 = CARTESIAN_POINT('',(-14.5,-0.722234146092,0.));
#969 = CARTESIAN_POINT('',(-14.5,-0.722234146092,23.));
#970 = CARTESIAN_POINT('',(-14.28958300018,-2.043453762102,0.));
#971 = CARTESIAN_POINT('',(-14.28958300018,-2.043453762102,23.));
#972 = CARTESIAN_POINT('',(-13.3433135163,-3.655864745548,0.));
#973 = CARTESIAN_POINT('',(-13.3433135163,-3.655864745548,23.));
#974 = CARTESIAN_POINT('',(-11.02820984967,-5.164476279098,0.));
#975 = CARTESIAN_POINT('',(-11.02820984967,-5.164476279098,23.));
#976 = CARTESIAN_POINT('',(-7.205453786499,-6.307992910292,0.));
#977 = CARTESIAN_POINT('',(-7.205453786499,-6.307992910292,23.));
#978 = CARTESIAN_POINT('',(-4.044053307151,-6.813220804164,0.));
#979 = CARTESIAN_POINT('',(-4.044053307151,-6.813220804164,23.));
#980 = CARTESIAN_POINT('',(-1.898278930566,-7.003478747481,0.));
#981 = CARTESIAN_POINT('',(-1.898278930566,-7.003478747481,23.));
#982 = CARTESIAN_POINT('',(-0.609163266871,-7.045775206483,0.));
#983 = CARTESIAN_POINT('',(-0.609163266871,-7.045775206483,23.));
#984 = CARTESIAN_POINT('',(3.469446951954E-17,-7.045775206483,0.));
#985 = CARTESIAN_POINT('',(3.469446951954E-17,-7.045775206483,23.));
#986 = DEFINITIONAL_REPRESENTATION('',(#987),#991);
#987 = LINE('',#988,#989);
#988 = CARTESIAN_POINT('',(-3.681970582891E-18,9.959481156452E-17));
#989 = VECTOR('',#990,1.);
#990 = DIRECTION('',(1.,0.));
#991 = ( GEOMETRIC_REPRESENTATION_CONTEXT(2) 
PARAMETRIC_REPRESENTATION_CONTEXT() REPRESENTATION_CONTEXT('2D SPACE',''
  ) );
#992 = ORIENTED_EDGE('',*,*,#993,.F.);
#993 = EDGE_CURVE('',#694,#936,#994,.T.);
#994 = SURFACE_CURVE('',#995,(#999,#1006),.PCURVE_S1.);
#995 = LINE('',#996,#997);
#996 = CARTESIAN_POINT('',(-14.5,20.,0.));
#997 = VECTOR('',#998,1.);
#998 = DIRECTION('',(0.,-1.,0.));
#999 = PCURVE('',#381,#1000);
#1000 = DEFINITIONAL_REPRESENTATION('',(#1001),#1005);
#1001 = LINE('',#1002,#1003);
#1002 = CARTESIAN_POINT('',(-23.25,46.522887603241));
#1003 = VECTOR('',#1004,1.);
#1004 = DIRECTION('',(0.,-1.));
#1005 = ( GEOMETRIC_REPRESENTATION_CONTEXT(2) 
PARAMETRIC_REPRESENTATION_CONTEXT() REPRESENTATION_CONTEXT('2D SPACE',''
  ) );
#1006 = PCURVE('',#602,#1007);
#1007 = DEFINITIONAL_REPRESENTATION('',(#1008),#1012);
#1008 = LINE('',#1009,#1010);
#1009 = CARTESIAN_POINT('',(-8.473757203479,-11.36969090013));
#1010 = VECTOR('',#1011,1.);
#1011 = DIRECTION('',(0.,1.));
#1012 = ( GEOMETRIC_REPRESENTATION_CONTEXT(2) 
PARAMETRIC_REPRESENTATION_CONTEXT() REPRESENTATION_CONTEXT('2D SPACE',''
  ) );
#1013 = ORIENTED_EDGE('',*,*,#693,.T.);
#1014 = ORIENTED_EDGE('',*,*,#365,.T.);
#1015 = ORIENTED_EDGE('',*,*,#1016,.T.);
#1016 = EDGE_CURVE('',#344,#1017,#1019,.T.);
#1017 = VERTEX_POINT('',#1018);
#1018 = CARTESIAN_POINT('',(-14.75,-67.04577520648,0.));
#1019 = SURFACE_CURVE('',#1020,(#1031,#1045),.PCURVE_S1.);
#1020 = B_SPLINE_CURVE_WITH_KNOTS('',5,(#1021,#1022,#1023,#1024,#1025,
    #1026,#1027,#1028,#1029,#1030),.UNSPECIFIED.,.F.,.F.,(6,1,1,1,1,6),(
    0.,0.2,0.4,0.6,0.8,1.),.QUASI_UNIFORM_KNOTS.);
#1021 = CARTESIAN_POINT('',(-17.5,-0.119148528243,0.));
#1022 = CARTESIAN_POINT('',(-17.5,-2.799602072127,0.));
#1023 = CARTESIAN_POINT('',(-17.4438442057,-8.155595329566,0.));
#1024 = CARTESIAN_POINT('',(-17.19131757083,-16.17486072106,0.));
#1025 = CARTESIAN_POINT('',(-16.58427087527,-26.84506074396,0.));
#1026 = CARTESIAN_POINT('',(-15.66572912472,-40.1811102814,0.));
#1027 = CARTESIAN_POINT('',(-15.05868242916,-50.88276090808,0.));
#1028 = CARTESIAN_POINT('',(-14.80615579429,-58.94660303974,0.));
#1029 = CARTESIAN_POINT('',(-14.75,-64.3426835618,0.));
#1030 = CARTESIAN_POINT('',(-14.75,-67.04577520648,0.));
#1031 = PCURVE('',#381,#1032);
#1032 = DEFINITIONAL_REPRESENTATION('',(#1033),#1044);
#1033 = B_SPLINE_CURVE_WITH_KNOTS('',5,(#1034,#1035,#1036,#1037,#1038,
    #1039,#1040,#1041,#1042,#1043),.UNSPECIFIED.,.F.,.F.,(6,1,1,1,1,6),(
    0.,0.2,0.4,0.6,0.8,1.),.QUASI_UNIFORM_KNOTS.);
#1034 = CARTESIAN_POINT('',(-26.25,26.403739074999));
#1035 = CARTESIAN_POINT('',(-26.25,23.723285531114));
#1036 = CARTESIAN_POINT('',(-26.1938442057,18.367292273675));
#1037 = CARTESIAN_POINT('',(-25.94131757083,10.348026882175));
#1038 = CARTESIAN_POINT('',(-25.33427087527,-0.32217314072));
#1039 = CARTESIAN_POINT('',(-24.41572912472,-13.65822267816));
#1040 = CARTESIAN_POINT('',(-23.80868242916,-24.35987330484));
#1041 = CARTESIAN_POINT('',(-23.55615579429,-32.4237154365));
#1042 = CARTESIAN_POINT('',(-23.5,-37.81979595856));
#1043 = CARTESIAN_POINT('',(-23.5,-40.52288760324));
#1044 = ( GEOMETRIC_REPRESENTATION_CONTEXT(2) 
PARAMETRIC_REPRESENTATION_CONTEXT() REPRESENTATION_CONTEXT('2D SPACE',''
  ) );
#1045 = PCURVE('',#227,#1046);
#1046 = DEFINITIONAL_REPRESENTATION('',(#1047),#1051);
#1047 = LINE('',#1048,#1049);
#1048 = CARTESIAN_POINT('',(-1.069148519135E-16,9.959481156452E-17));
#1049 = VECTOR('',#1050,1.);
#1050 = DIRECTION('',(-1.,0.));
#1051 = ( GEOMETRIC_REPRESENTATION_CONTEXT(2) 
PARAMETRIC_REPRESENTATION_CONTEXT() REPRESENTATION_CONTEXT('2D SPACE',''
  ) );
#1052 = ORIENTED_EDGE('',*,*,#1053,.T.);
#1053 = EDGE_CURVE('',#1017,#1054,#1056,.T.);
#1054 = VERTEX_POINT('',#1055);
#1055 = CARTESIAN_POINT('',(-14.75,-73.04577520648,0.));
#1056 = SURFACE_CURVE('',#1057,(#1061,#1068),.PCURVE_S1.);
#1057 = LINE('',#1058,#1059);
#1058 = CARTESIAN_POINT('',(-14.75,-67.04577520648,0.));
#1059 = VECTOR('',#1060,1.);
#1060 = DIRECTION('',(-1.039908899732E-12,-1.,0.));
#1061 = PCURVE('',#381,#1062);
#1062 = DEFINITIONAL_REPRESENTATION('',(#1063),#1067);
#1063 = LINE('',#1064,#1065);
#1064 = CARTESIAN_POINT('',(-23.5,-40.52288760324));
#1065 = VECTOR('',#1066,1.);
#1066 = DIRECTION('',(-1.039908899732E-12,-1.));
#1067 = ( GEOMETRIC_REPRESENTATION_CONTEXT(2) 
PARAMETRIC_REPRESENTATION_CONTEXT() REPRESENTATION_CONTEXT('2D SPACE',''
  ) );
#1068 = PCURVE('',#1069,#1074);
#1069 = PLANE('',#1070);
#1070 = AXIS2_PLACEMENT_3D('',#1071,#1072,#1073);
#1071 = CARTESIAN_POINT('',(-14.75,-73.04577520648,0.));
#1072 = DIRECTION('',(1.,-1.039908899732E-12,0.));
#1073 = DIRECTION('',(1.039908899732E-12,1.,0.));
#1074 = DEFINITIONAL_REPRESENTATION('',(#1075),#1079);
#1075 = LINE('',#1076,#1077);
#1076 = CARTESIAN_POINT('',(6.,0.));
#1077 = VECTOR('',#1078,1.);
#1078 = DIRECTION('',(-1.,0.));
#1079 = ( GEOMETRIC_REPRESENTATION_CONTEXT(2) 
PARAMETRIC_REPRESENTATION_CONTEXT() REPRESENTATION_CONTEXT('2D SPACE',''
  ) );
#1080 = ORIENTED_EDGE('',*,*,#1081,.F.);
#1081 = EDGE_CURVE('',#1082,#1054,#1084,.T.);
#1082 = VERTEX_POINT('',#1083);
#1083 = CARTESIAN_POINT('',(-11.75,-73.04577520648,0.));
#1084 = SURFACE_CURVE('',#1085,(#1089,#1096),.PCURVE_S1.);
#1085 = LINE('',#1086,#1087);
#1086 = CARTESIAN_POINT('',(-11.75,-73.04577520648,0.));
#1087 = VECTOR('',#1088,1.);
#1088 = DIRECTION('',(-1.,0.,0.));
#1089 = PCURVE('',#381,#1090);
#1090 = DEFINITIONAL_REPRESENTATION('',(#1091),#1095);
#1091 = LINE('',#1092,#1093);
#1092 = CARTESIAN_POINT('',(-20.5,-46.52288760324));
#1093 = VECTOR('',#1094,1.);
#1094 = DIRECTION('',(-1.,0.));
#1095 = ( GEOMETRIC_REPRESENTATION_CONTEXT(2) 
PARAMETRIC_REPRESENTATION_CONTEXT() REPRESENTATION_CONTEXT('2D SPACE',''
  ) );
#1096 = PCURVE('',#1097,#1102);
#1097 = PLANE('',#1098);
#1098 = AXIS2_PLACEMENT_3D('',#1099,#1100,#1101);
#1099 = CARTESIAN_POINT('',(-11.75,-73.04577520648,0.));
#1100 = DIRECTION('',(0.,1.,0.));
#1101 = DIRECTION('',(-1.,0.,0.));
#1102 = DEFINITIONAL_REPRESENTATION('',(#1103),#1107);
#1103 = LINE('',#1104,#1105);
#1104 = CARTESIAN_POINT('',(0.,0.));
#1105 = VECTOR('',#1106,1.);
#1106 = DIRECTION('',(1.,0.));
#1107 = ( GEOMETRIC_REPRESENTATION_CONTEXT(2) 
PARAMETRIC_REPRESENTATION_CONTEXT() REPRESENTATION_CONTEXT('2D SPACE',''
  ) );
#1108 = ORIENTED_EDGE('',*,*,#1109,.F.);
#1109 = EDGE_CURVE('',#1110,#1082,#1112,.T.);
#1110 = VERTEX_POINT('',#1111);
#1111 = CARTESIAN_POINT('',(-11.75,-67.04577520648,0.));
#1112 = SURFACE_CURVE('',#1113,(#1117,#1124),.PCURVE_S1.);
#1113 = LINE('',#1114,#1115);
#1114 = CARTESIAN_POINT('',(-11.75,-67.04577520648,0.));
#1115 = VECTOR('',#1116,1.);
#1116 = DIRECTION('',(-7.660538869914E-13,-1.,0.));
#1117 = PCURVE('',#381,#1118);
#1118 = DEFINITIONAL_REPRESENTATION('',(#1119),#1123);
#1119 = LINE('',#1120,#1121);
#1120 = CARTESIAN_POINT('',(-20.5,-40.52288760324));
#1121 = VECTOR('',#1122,1.);
#1122 = DIRECTION('',(-7.660538869914E-13,-1.));
#1123 = ( GEOMETRIC_REPRESENTATION_CONTEXT(2) 
PARAMETRIC_REPRESENTATION_CONTEXT() REPRESENTATION_CONTEXT('2D SPACE',''
  ) );
#1124 = PCURVE('',#1125,#1130);
#1125 = PLANE('',#1126);
#1126 = AXIS2_PLACEMENT_3D('',#1127,#1128,#1129);
#1127 = CARTESIAN_POINT('',(-11.75,-67.04577520648,0.));
#1128 = DIRECTION('',(-1.,7.660538869914E-13,0.));
#1129 = DIRECTION('',(-7.660538869914E-13,-1.,0.));
#1130 = DEFINITIONAL_REPRESENTATION('',(#1131),#1135);
#1131 = LINE('',#1132,#1133);
#1132 = CARTESIAN_POINT('',(0.,0.));
#1133 = VECTOR('',#1134,1.);
#1134 = DIRECTION('',(1.,0.));
#1135 = ( GEOMETRIC_REPRESENTATION_CONTEXT(2) 
PARAMETRIC_REPRESENTATION_CONTEXT() REPRESENTATION_CONTEXT('2D SPACE',''
  ) );
#1136 = ORIENTED_EDGE('',*,*,#1137,.F.);
#1137 = EDGE_CURVE('',#1138,#1110,#1140,.T.);
#1138 = VERTEX_POINT('',#1139);
#1139 = CARTESIAN_POINT('',(11.75,-67.04577520648,0.));
#1140 = SURFACE_CURVE('',#1141,(#1145,#1152),.PCURVE_S1.);
#1141 = LINE('',#1142,#1143);
#1142 = CARTESIAN_POINT('',(-3.469446951954E-17,-67.04577520648,0.));
#1143 = VECTOR('',#1144,1.);
#1144 = DIRECTION('',(-1.,0.,0.));
#1145 = PCURVE('',#381,#1146);
#1146 = DEFINITIONAL_REPRESENTATION('',(#1147),#1151);
#1147 = LINE('',#1148,#1149);
#1148 = CARTESIAN_POINT('',(-8.75,-40.52288760324));
#1149 = VECTOR('',#1150,1.);
#1150 = DIRECTION('',(-1.,0.));
#1151 = ( GEOMETRIC_REPRESENTATION_CONTEXT(2) 
PARAMETRIC_REPRESENTATION_CONTEXT() REPRESENTATION_CONTEXT('2D SPACE',''
  ) );
#1152 = PCURVE('',#1153,#1158);
#1153 = PLANE('',#1154);
#1154 = AXIS2_PLACEMENT_3D('',#1155,#1156,#1157);
#1155 = CARTESIAN_POINT('',(3.469446951954E-17,-67.04577520648,0.));
#1156 = DIRECTION('',(0.,-1.,0.));
#1157 = DIRECTION('',(1.,0.,0.));
#1158 = DEFINITIONAL_REPRESENTATION('',(#1159),#1163);
#1159 = LINE('',#1160,#1161);
#1160 = CARTESIAN_POINT('',(-6.938893903907E-17,0.));
#1161 = VECTOR('',#1162,1.);
#1162 = DIRECTION('',(-1.,0.));
#1163 = ( GEOMETRIC_REPRESENTATION_CONTEXT(2) 
PARAMETRIC_REPRESENTATION_CONTEXT() REPRESENTATION_CONTEXT('2D SPACE',''
  ) );
#1164 = ORIENTED_EDGE('',*,*,#1165,.T.);
#1165 = EDGE_CURVE('',#1138,#1166,#1168,.T.);
#1166 = VERTEX_POINT('',#1167);
#1167 = CARTESIAN_POINT('',(11.750000000005,-73.04577520648,0.));
#1168 = SURFACE_CURVE('',#1169,(#1173,#1180),.PCURVE_S1.);
#1169 = LINE('',#1170,#1171);
#1170 = CARTESIAN_POINT('',(11.75,-67.04577520648,0.));
#1171 = VECTOR('',#1172,1.);
#1172 = DIRECTION('',(7.660538869914E-13,-1.,0.));
#1173 = PCURVE('',#381,#1174);
#1174 = DEFINITIONAL_REPRESENTATION('',(#1175),#1179);
#1175 = LINE('',#1176,#1177);
#1176 = CARTESIAN_POINT('',(3.,-40.52288760324));
#1177 = VECTOR('',#1178,1.);
#1178 = DIRECTION('',(7.660538869914E-13,-1.));
#1179 = ( GEOMETRIC_REPRESENTATION_CONTEXT(2) 
PARAMETRIC_REPRESENTATION_CONTEXT() REPRESENTATION_CONTEXT('2D SPACE',''
  ) );
#1180 = PCURVE('',#1181,#1186);
#1181 = PLANE('',#1182);
#1182 = AXIS2_PLACEMENT_3D('',#1183,#1184,#1185);
#1183 = CARTESIAN_POINT('',(11.75,-67.04577520648,0.));
#1184 = DIRECTION('',(-1.,-7.660538869914E-13,0.));
#1185 = DIRECTION('',(7.660538869914E-13,-1.,0.));
#1186 = DEFINITIONAL_REPRESENTATION('',(#1187),#1191);
#1187 = LINE('',#1188,#1189);
#1188 = CARTESIAN_POINT('',(0.,0.));
#1189 = VECTOR('',#1190,1.);
#1190 = DIRECTION('',(1.,0.));
#1191 = ( GEOMETRIC_REPRESENTATION_CONTEXT(2) 
PARAMETRIC_REPRESENTATION_CONTEXT() REPRESENTATION_CONTEXT('2D SPACE',''
  ) );
#1192 = ORIENTED_EDGE('',*,*,#1193,.T.);
#1193 = EDGE_CURVE('',#1166,#1194,#1196,.T.);
#1194 = VERTEX_POINT('',#1195);
#1195 = CARTESIAN_POINT('',(14.750000000006,-73.04577520648,0.));
#1196 = SURFACE_CURVE('',#1197,(#1201,#1208),.PCURVE_S1.);
#1197 = LINE('',#1198,#1199);
#1198 = CARTESIAN_POINT('',(11.750000000005,-73.04577520648,0.));
#1199 = VECTOR('',#1200,1.);
#1200 = DIRECTION('',(1.,0.,0.));
#1201 = PCURVE('',#381,#1202);
#1202 = DEFINITIONAL_REPRESENTATION('',(#1203),#1207);
#1203 = LINE('',#1204,#1205);
#1204 = CARTESIAN_POINT('',(3.000000000005,-46.52288760324));
#1205 = VECTOR('',#1206,1.);
#1206 = DIRECTION('',(1.,0.));
#1207 = ( GEOMETRIC_REPRESENTATION_CONTEXT(2) 
PARAMETRIC_REPRESENTATION_CONTEXT() REPRESENTATION_CONTEXT('2D SPACE',''
  ) );
#1208 = PCURVE('',#1209,#1214);
#1209 = PLANE('',#1210);
#1210 = AXIS2_PLACEMENT_3D('',#1211,#1212,#1213);
#1211 = CARTESIAN_POINT('',(11.750000000005,-73.04577520648,0.));
#1212 = DIRECTION('',(0.,-1.,0.));
#1213 = DIRECTION('',(1.,0.,0.));
#1214 = DEFINITIONAL_REPRESENTATION('',(#1215),#1219);
#1215 = LINE('',#1216,#1217);
#1216 = CARTESIAN_POINT('',(0.,0.));
#1217 = VECTOR('',#1218,1.);
#1218 = DIRECTION('',(1.,0.));
#1219 = ( GEOMETRIC_REPRESENTATION_CONTEXT(2) 
PARAMETRIC_REPRESENTATION_CONTEXT() REPRESENTATION_CONTEXT('2D SPACE',''
  ) );
#1220 = ORIENTED_EDGE('',*,*,#1221,.F.);
#1221 = EDGE_CURVE('',#1222,#1194,#1224,.T.);
#1222 = VERTEX_POINT('',#1223);
#1223 = CARTESIAN_POINT('',(14.75,-67.04577520648,0.));
#1224 = SURFACE_CURVE('',#1225,(#1229,#1236),.PCURVE_S1.);
#1225 = LINE('',#1226,#1227);
#1226 = CARTESIAN_POINT('',(14.75,-67.04577520648,0.));
#1227 = VECTOR('',#1228,1.);
#1228 = DIRECTION('',(1.039908899732E-12,-1.,0.));
#1229 = PCURVE('',#381,#1230);
#1230 = DEFINITIONAL_REPRESENTATION('',(#1231),#1235);
#1231 = LINE('',#1232,#1233);
#1232 = CARTESIAN_POINT('',(6.,-40.52288760324));
#1233 = VECTOR('',#1234,1.);
#1234 = DIRECTION('',(1.039908899732E-12,-1.));
#1235 = ( GEOMETRIC_REPRESENTATION_CONTEXT(2) 
PARAMETRIC_REPRESENTATION_CONTEXT() REPRESENTATION_CONTEXT('2D SPACE',''
  ) );
#1236 = PCURVE('',#1237,#1242);
#1237 = PLANE('',#1238);
#1238 = AXIS2_PLACEMENT_3D('',#1239,#1240,#1241);
#1239 = CARTESIAN_POINT('',(14.750000000006,-73.04577520648,0.));
#1240 = DIRECTION('',(1.,1.039908899732E-12,0.));
#1241 = DIRECTION('',(-1.039908899732E-12,1.,0.));
#1242 = DEFINITIONAL_REPRESENTATION('',(#1243),#1247);
#1243 = LINE('',#1244,#1245);
#1244 = CARTESIAN_POINT('',(6.,0.));
#1245 = VECTOR('',#1246,1.);
#1246 = DIRECTION('',(-1.,0.));
#1247 = ( GEOMETRIC_REPRESENTATION_CONTEXT(2) 
PARAMETRIC_REPRESENTATION_CONTEXT() REPRESENTATION_CONTEXT('2D SPACE',''
  ) );
#1248 = ORIENTED_EDGE('',*,*,#1249,.F.);
#1249 = EDGE_CURVE('',#796,#1222,#1250,.T.);
#1250 = SURFACE_CURVE('',#1251,(#1262,#1276),.PCURVE_S1.);
#1251 = B_SPLINE_CURVE_WITH_KNOTS('',5,(#1252,#1253,#1254,#1255,#1256,
    #1257,#1258,#1259,#1260,#1261),.UNSPECIFIED.,.F.,.F.,(6,1,1,1,1,6),(
    0.,0.2,0.4,0.6,0.8,1.),.QUASI_UNIFORM_KNOTS.);
#1252 = CARTESIAN_POINT('',(17.5,-0.119148528243,0.));
#1253 = CARTESIAN_POINT('',(17.5,-2.799602072127,0.));
#1254 = CARTESIAN_POINT('',(17.443844205708,-8.155595329566,0.));
#1255 = CARTESIAN_POINT('',(17.191317570831,-16.17486072106,0.));
#1256 = CARTESIAN_POINT('',(16.584270875279,-26.84506074396,0.));
#1257 = CARTESIAN_POINT('',(15.665729124721,-40.1811102814,0.));
#1258 = CARTESIAN_POINT('',(15.058682429169,-50.88276090808,0.));
#1259 = CARTESIAN_POINT('',(14.806155794292,-58.94660303974,0.));
#1260 = CARTESIAN_POINT('',(14.75,-64.3426835618,0.));
#1261 = CARTESIAN_POINT('',(14.75,-67.04577520648,0.));
#1262 = PCURVE('',#381,#1263);
#1263 = DEFINITIONAL_REPRESENTATION('',(#1264),#1275);
#1264 = B_SPLINE_CURVE_WITH_KNOTS('',5,(#1265,#1266,#1267,#1268,#1269,
    #1270,#1271,#1272,#1273,#1274),.UNSPECIFIED.,.F.,.F.,(6,1,1,1,1,6),(
    0.,0.2,0.4,0.6,0.8,1.),.QUASI_UNIFORM_KNOTS.);
#1265 = CARTESIAN_POINT('',(8.75,26.403739074999));
#1266 = CARTESIAN_POINT('',(8.75,23.723285531114));
#1267 = CARTESIAN_POINT('',(8.693844205708,18.367292273675));
#1268 = CARTESIAN_POINT('',(8.441317570831,10.348026882175));
#1269 = CARTESIAN_POINT('',(7.834270875279,-0.32217314072));
#1270 = CARTESIAN_POINT('',(6.915729124721,-13.65822267816));
#1271 = CARTESIAN_POINT('',(6.308682429169,-24.35987330484));
#1272 = CARTESIAN_POINT('',(6.056155794292,-32.4237154365));
#1273 = CARTESIAN_POINT('',(6.,-37.81979595856));
#1274 = CARTESIAN_POINT('',(6.,-40.52288760324));
#1275 = ( GEOMETRIC_REPRESENTATION_CONTEXT(2) 
PARAMETRIC_REPRESENTATION_CONTEXT() REPRESENTATION_CONTEXT('2D SPACE',''
  ) );
#1276 = PCURVE('',#1277,#1298);
#1277 = B_SPLINE_SURFACE_WITH_KNOTS('',5,1,(
    (#1278,#1279)
    ,(#1280,#1281)
    ,(#1282,#1283)
    ,(#1284,#1285)
    ,(#1286,#1287)
    ,(#1288,#1289)
    ,(#1290,#1291)
    ,(#1292,#1293)
    ,(#1294,#1295)
    ,(#1296,#1297
    )),.UNSPECIFIED.,.F.,.F.,.F.,(6,1,1,1,1,6),(2,2),(-1.,-0.8,-0.6,-0.4
    ,-0.2,0.),(0.,2.3),.UNSPECIFIED.);
#1278 = CARTESIAN_POINT('',(14.75,-67.04577520648,0.));
#1279 = CARTESIAN_POINT('',(14.75,-67.04577520648,23.));
#1280 = CARTESIAN_POINT('',(14.75,-64.3426835618,0.));
#1281 = CARTESIAN_POINT('',(14.75,-64.3426835618,23.));
#1282 = CARTESIAN_POINT('',(14.806155794292,-58.94660303974,0.));
#1283 = CARTESIAN_POINT('',(14.806155794292,-58.94660303974,23.));
#1284 = CARTESIAN_POINT('',(15.058682429169,-50.88276090808,0.));
#1285 = CARTESIAN_POINT('',(15.058682429169,-50.88276090808,23.));
#1286 = CARTESIAN_POINT('',(15.665729124721,-40.1811102814,0.));
#1287 = CARTESIAN_POINT('',(15.665729124721,-40.1811102814,23.));
#1288 = CARTESIAN_POINT('',(16.584270875279,-26.84506074396,0.));
#1289 = CARTESIAN_POINT('',(16.584270875279,-26.84506074396,23.));
#1290 = CARTESIAN_POINT('',(17.191317570831,-16.17486072106,0.));
#1291 = CARTESIAN_POINT('',(17.191317570831,-16.17486072106,23.));
#1292 = CARTESIAN_POINT('',(17.443844205708,-8.155595329566,0.));
#1293 = CARTESIAN_POINT('',(17.443844205708,-8.155595329566,23.));
#1294 = CARTESIAN_POINT('',(17.5,-2.799602072127,0.));
#1295 = CARTESIAN_POINT('',(17.5,-2.799602072127,23.));
#1296 = CARTESIAN_POINT('',(17.5,-0.119148528243,0.));
#1297 = CARTESIAN_POINT('',(17.5,-0.119148528243,23.));
#1298 = DEFINITIONAL_REPRESENTATION('',(#1299),#1303);
#1299 = LINE('',#1300,#1301);
#1300 = CARTESIAN_POINT('',(-1.069148519135E-16,9.959481156452E-17));
#1301 = VECTOR('',#1302,1.);
#1302 = DIRECTION('',(-1.,0.));
#1303 = ( GEOMETRIC_REPRESENTATION_CONTEXT(2) 
PARAMETRIC_REPRESENTATION_CONTEXT() REPRESENTATION_CONTEXT('2D SPACE',''
  ) );
#1304 = ADVANCED_FACE('',(#1305),#138,.F.);
#1305 = FACE_BOUND('',#1306,.F.);
#1306 = EDGE_LOOP('',(#1307,#1308,#1331,#1352));
#1307 = ORIENTED_EDGE('',*,*,#739,.T.);
#1308 = ORIENTED_EDGE('',*,*,#1309,.T.);
#1309 = EDGE_CURVE('',#740,#1310,#1312,.T.);
#1310 = VERTEX_POINT('',#1311);
#1311 = CARTESIAN_POINT('',(-14.5,12.448685718272,18.292133821886));
#1312 = SURFACE_CURVE('',#1313,(#1317,#1324),.PCURVE_S1.);
#1313 = LINE('',#1314,#1315);
#1314 = CARTESIAN_POINT('',(-14.5,18.448685718272,12.292133821886));
#1315 = VECTOR('',#1316,1.);
#1316 = DIRECTION('',(0.,-0.707106781187,0.707106781187));
#1317 = PCURVE('',#138,#1318);
#1318 = DEFINITIONAL_REPRESENTATION('',(#1319),#1323);
#1319 = LINE('',#1320,#1321);
#1320 = CARTESIAN_POINT('',(0.,-3.));
#1321 = VECTOR('',#1322,1.);
#1322 = DIRECTION('',(1.,0.));
#1323 = ( GEOMETRIC_REPRESENTATION_CONTEXT(2) 
PARAMETRIC_REPRESENTATION_CONTEXT() REPRESENTATION_CONTEXT('2D SPACE',''
  ) );
#1324 = PCURVE('',#602,#1325);
#1325 = DEFINITIONAL_REPRESENTATION('',(#1326),#1330);
#1326 = LINE('',#1327,#1328);
#1327 = CARTESIAN_POINT('',(3.818376618407,-9.818376618407));
#1328 = VECTOR('',#1329,1.);
#1329 = DIRECTION('',(0.707106781187,0.707106781187));
#1330 = ( GEOMETRIC_REPRESENTATION_CONTEXT(2) 
PARAMETRIC_REPRESENTATION_CONTEXT() REPRESENTATION_CONTEXT('2D SPACE',''
  ) );
#1331 = ORIENTED_EDGE('',*,*,#1332,.F.);
#1332 = EDGE_CURVE('',#123,#1310,#1333,.T.);
#1333 = SURFACE_CURVE('',#1334,(#1338,#1345),.PCURVE_S1.);
#1334 = LINE('',#1335,#1336);
#1335 = CARTESIAN_POINT('',(-17.5,12.448685718272,18.292133821886));
#1336 = VECTOR('',#1337,1.);
#1337 = DIRECTION('',(1.,0.,0.));
#1338 = PCURVE('',#138,#1339);
#1339 = DEFINITIONAL_REPRESENTATION('',(#1340),#1344);
#1340 = LINE('',#1341,#1342);
#1341 = CARTESIAN_POINT('',(8.485281374239,0.));
#1342 = VECTOR('',#1343,1.);
#1343 = DIRECTION('',(0.,-1.));
#1344 = ( GEOMETRIC_REPRESENTATION_CONTEXT(2) 
PARAMETRIC_REPRESENTATION_CONTEXT() REPRESENTATION_CONTEXT('2D SPACE',''
  ) );
#1345 = PCURVE('',#171,#1346);
#1346 = DEFINITIONAL_REPRESENTATION('',(#1347),#1351);
#1347 = LINE('',#1348,#1349);
#1348 = CARTESIAN_POINT('',(3.14159265359,0.));
#1349 = VECTOR('',#1350,1.);
#1350 = DIRECTION('',(0.,-1.));
#1351 = ( GEOMETRIC_REPRESENTATION_CONTEXT(2) 
PARAMETRIC_REPRESENTATION_CONTEXT() REPRESENTATION_CONTEXT('2D SPACE',''
  ) );
#1352 = ORIENTED_EDGE('',*,*,#122,.F.);
#1353 = ADVANCED_FACE('',(#1354),#227,.F.);
#1354 = FACE_BOUND('',#1355,.F.);
#1355 = EDGE_LOOP('',(#1356,#1400,#1422,#1490,#1512,#1580,#1600,#1601,
    #1602,#1631,#1756,#1783,#1784));
#1356 = ORIENTED_EDGE('',*,*,#1357,.F.);
#1357 = EDGE_CURVE('',#1358,#1360,#1362,.T.);
#1358 = VERTEX_POINT('',#1359);
#1359 = CARTESIAN_POINT('',(-14.75,-67.04577520648,23.));
#1360 = VERTEX_POINT('',#1361);
#1361 = CARTESIAN_POINT('',(-17.35761988565,-9.765987481117,23.));
#1362 = SURFACE_CURVE('',#1363,(#1374,#1381),.PCURVE_S1.);
#1363 = B_SPLINE_CURVE_WITH_KNOTS('',5,(#1364,#1365,#1366,#1367,#1368,
    #1369,#1370,#1371,#1372,#1373),.UNSPECIFIED.,.F.,.F.,(6,1,1,1,1,6),(
    -1.,-0.8,-0.6,-0.4,-0.2,-0.144142995824),.UNSPECIFIED.);
#1364 = CARTESIAN_POINT('',(-14.75,-67.04577520648,23.));
#1365 = CARTESIAN_POINT('',(-14.75,-64.3426835618,23.));
#1366 = CARTESIAN_POINT('',(-14.80615579429,-58.94660303974,23.));
#1367 = CARTESIAN_POINT('',(-15.05868242916,-50.88276090808,23.));
#1368 = CARTESIAN_POINT('',(-15.66572912472,-40.1811102814,23.));
#1369 = CARTESIAN_POINT('',(-16.45186951556,-28.76735887674,23.));
#1370 = CARTESIAN_POINT('',(-16.96841523142,-20.01990305011,23.));
#1371 = CARTESIAN_POINT('',(-17.2285528667,-13.93254294294,23.));
#1372 = CARTESIAN_POINT('',(-17.33605355327,-10.51273622278,23.));
#1373 = CARTESIAN_POINT('',(-17.35761988565,-9.765987481117,23.));
#1374 = PCURVE('',#227,#1375);
#1375 = DEFINITIONAL_REPRESENTATION('',(#1376),#1380);
#1376 = LINE('',#1377,#1378);
#1377 = CARTESIAN_POINT('',(2.22044604925E-16,2.3));
#1378 = VECTOR('',#1379,1.);
#1379 = DIRECTION('',(1.,0.));
#1380 = ( GEOMETRIC_REPRESENTATION_CONTEXT(2) 
PARAMETRIC_REPRESENTATION_CONTEXT() REPRESENTATION_CONTEXT('2D SPACE',''
  ) );
#1381 = PCURVE('',#1382,#1387);
#1382 = PLANE('',#1383);
#1383 = AXIS2_PLACEMENT_3D('',#1384,#1385,#1386);
#1384 = CARTESIAN_POINT('',(8.75,-26.52288760324,23.));
#1385 = DIRECTION('',(0.,0.,1.));
#1386 = DIRECTION('',(1.,0.,-0.));
#1387 = DEFINITIONAL_REPRESENTATION('',(#1388),#1399);
#1388 = B_SPLINE_CURVE_WITH_KNOTS('',5,(#1389,#1390,#1391,#1392,#1393,
    #1394,#1395,#1396,#1397,#1398),.UNSPECIFIED.,.F.,.F.,(6,1,1,1,1,6),(
    -1.,-0.8,-0.6,-0.4,-0.2,-0.144142995824),.UNSPECIFIED.);
#1389 = CARTESIAN_POINT('',(-23.5,-40.52288760324));
#1390 = CARTESIAN_POINT('',(-23.5,-37.81979595856));
#1391 = CARTESIAN_POINT('',(-23.55615579429,-32.4237154365));
#1392 = CARTESIAN_POINT('',(-23.80868242916,-24.35987330484));
#1393 = CARTESIAN_POINT('',(-24.41572912472,-13.65822267816));
#1394 = CARTESIAN_POINT('',(-25.20186951556,-2.244471273507));
#1395 = CARTESIAN_POINT('',(-25.71841523142,6.502984553129));
#1396 = CARTESIAN_POINT('',(-25.9785528667,12.590344660297));
#1397 = CARTESIAN_POINT('',(-26.08605355327,16.010151380455));
#1398 = CARTESIAN_POINT('',(-26.10761988565,16.756900122125));
#1399 = ( GEOMETRIC_REPRESENTATION_CONTEXT(2) 
PARAMETRIC_REPRESENTATION_CONTEXT() REPRESENTATION_CONTEXT('2D SPACE',''
  ) );
#1400 = ORIENTED_EDGE('',*,*,#1401,.F.);
#1401 = EDGE_CURVE('',#1402,#1358,#1404,.T.);
#1402 = VERTEX_POINT('',#1403);
#1403 = CARTESIAN_POINT('',(-14.75,-67.04577520648,21.252078317133));
#1404 = SURFACE_CURVE('',#1405,(#1409,#1415),.PCURVE_S1.);
#1405 = LINE('',#1406,#1407);
#1406 = CARTESIAN_POINT('',(-14.75,-67.04577520648,0.));
#1407 = VECTOR('',#1408,1.);
#1408 = DIRECTION('',(0.,0.,1.));
#1409 = PCURVE('',#227,#1410);
#1410 = DEFINITIONAL_REPRESENTATION('',(#1411),#1414);
#1411 = B_SPLINE_CURVE_WITH_KNOTS('',1,(#1412,#1413),.UNSPECIFIED.,.F.,
  .F.,(2,2),(21.252078317133,23.),.PIECEWISE_BEZIER_KNOTS.);
#1412 = CARTESIAN_POINT('',(-1.,2.125207831713));
#1413 = CARTESIAN_POINT('',(-1.,2.3));
#1414 = ( GEOMETRIC_REPRESENTATION_CONTEXT(2) 
PARAMETRIC_REPRESENTATION_CONTEXT() REPRESENTATION_CONTEXT('2D SPACE',''
  ) );
#1415 = PCURVE('',#1069,#1416);
#1416 = DEFINITIONAL_REPRESENTATION('',(#1417),#1421);
#1417 = LINE('',#1418,#1419);
#1418 = CARTESIAN_POINT('',(6.,0.));
#1419 = VECTOR('',#1420,1.);
#1420 = DIRECTION('',(0.,1.));
#1421 = ( GEOMETRIC_REPRESENTATION_CONTEXT(2) 
PARAMETRIC_REPRESENTATION_CONTEXT() REPRESENTATION_CONTEXT('2D SPACE',''
  ) );
#1422 = ORIENTED_EDGE('',*,*,#1423,.F.);
#1423 = EDGE_CURVE('',#1424,#1402,#1426,.T.);
#1424 = VERTEX_POINT('',#1425);
#1425 = CARTESIAN_POINT('',(-14.75,-67.04577520648,17.095156378956));
#1426 = SURFACE_CURVE('',#1427,(#1433,#1462),.PCURVE_S1.);
#1427 = B_SPLINE_CURVE_WITH_KNOTS('',3,(#1428,#1429,#1430,#1431,#1432),
  .UNSPECIFIED.,.F.,.F.,(4,1,4),(2.406748844348,3.246570340624,
    3.876436462831),.UNSPECIFIED.);
#1428 = CARTESIAN_POINT('',(-14.75,-67.04577520648,17.095156378958));
#1429 = CARTESIAN_POINT('',(-14.75,-66.46392980615,17.739019526102));
#1430 = CARTESIAN_POINT('',(-14.75194494884,-65.95601296025,
    19.309988420862));
#1431 = CARTESIAN_POINT('',(-14.75,-66.60939115623,20.769180956773));
#1432 = CARTESIAN_POINT('',(-14.75,-67.04577520648,21.252078317131));
#1433 = PCURVE('',#227,#1434);
#1434 = DEFINITIONAL_REPRESENTATION('',(#1435),#1461);
#1435 = B_SPLINE_CURVE_WITH_KNOTS('',3,(#1436,#1437,#1438,#1439,#1440,
    #1441,#1442,#1443,#1444,#1445,#1446,#1447,#1448,#1449,#1450,#1451,
    #1452,#1453,#1454,#1455,#1456,#1457,#1458,#1459,#1460),
  .UNSPECIFIED.,.F.,.F.,(4,1,1,1,1,1,1,1,1,1,1,1,1,1,1,1,1,1,1,1,1,1,4),
  (2.406748844348,2.473552827007,2.540356809665,2.607160792323,
    2.673964774982,2.74076875764,2.807572740298,2.874376722957,
    2.941180705615,3.007984688273,3.074788670931,3.14159265359,
    3.208396636248,3.275200618906,3.342004601565,3.408808584223,
    3.475612566881,3.54241654954,3.609220532198,3.676024514856,
    3.742828497515,3.809632480173,3.876436462831),
  .QUASI_UNIFORM_KNOTS.);
#1436 = CARTESIAN_POINT('',(-1.,1.709515637896));
#1437 = CARTESIAN_POINT('',(-0.999315107653,1.714637276566));
#1438 = CARTESIAN_POINT('',(-0.997999879313,1.725201778981));
#1439 = CARTESIAN_POINT('',(-0.996194654727,1.741924529565));
#1440 = CARTESIAN_POINT('',(-0.994560997861,1.759435598854));
#1441 = CARTESIAN_POINT('',(-0.99310285525,1.77764730859));
#1442 = CARTESIAN_POINT('',(-0.991824171069,1.796471980514));
#1443 = CARTESIAN_POINT('',(-0.990728886487,1.815821936374));
#1444 = CARTESIAN_POINT('',(-0.989820940051,1.835609497896));
#1445 = CARTESIAN_POINT('',(-0.989104265431,1.855746986873));
#1446 = CARTESIAN_POINT('',(-0.988582798626,1.876146724866));
#1447 = CARTESIAN_POINT('',(-0.988260449898,1.896721034292));
#1448 = CARTESIAN_POINT('',(-0.988141207213,1.917382234373));
#1449 = CARTESIAN_POINT('',(-0.98822874883,1.93804265626));
#1450 = CARTESIAN_POINT('',(-0.988527887683,1.958614586579));
#1451 = CARTESIAN_POINT('',(-0.989038396043,1.979010508737));
#1452 = CARTESIAN_POINT('',(-0.989753168121,1.999143174749));
#1453 = CARTESIAN_POINT('',(-0.990666438335,2.018925284093));
#1454 = CARTESIAN_POINT('',(-0.991772077294,2.038269550327));
#1455 = CARTESIAN_POINT('',(-0.99306404894,2.057088683236));
#1456 = CARTESIAN_POINT('',(-0.994536288605,2.075295393614));
#1457 = CARTESIAN_POINT('',(-0.996182736139,2.092802391988));
#1458 = CARTESIAN_POINT('',(-0.997997327685,2.109522388953));
#1459 = CARTESIAN_POINT('',(-0.999315107729,2.120086193043));
#1460 = CARTESIAN_POINT('',(-1.,2.125207831713));
#1461 = ( GEOMETRIC_REPRESENTATION_CONTEXT(2) 
PARAMETRIC_REPRESENTATION_CONTEXT() REPRESENTATION_CONTEXT('2D SPACE',''
  ) );
#1462 = PCURVE('',#1463,#1484);
#1463 = B_SPLINE_SURFACE_WITH_KNOTS('',3,3,(
    (#1464,#1465,#1466,#1467,#1468)
    ,(#1469,#1470,#1471,#1472,#1473)
    ,(#1474,#1475,#1476,#1477,#1478)
    ,(#1479,#1480,#1481,#1482,#1483
    )),.UNSPECIFIED.,.F.,.F.,.F.,(4,4),(4,1,4),(0.,1.),(-3.876436462831,
    -3.246570340624,-2.406748844348),.UNSPECIFIED.);
#1464 = CARTESIAN_POINT('',(-14.75,-67.04577520648,21.252078317131));
#1465 = CARTESIAN_POINT('',(-14.75,-66.60939115623,20.769180956773));
#1466 = CARTESIAN_POINT('',(-14.75194494884,-65.95601296025,
    19.309988420862));
#1467 = CARTESIAN_POINT('',(-14.75,-66.46392980615,17.739019526102));
#1468 = CARTESIAN_POINT('',(-14.75,-67.04577520648,17.095156378958));
#1469 = CARTESIAN_POINT('',(-14.08333333333,-67.5403988624,
    20.805097463564));
#1470 = CARTESIAN_POINT('',(-14.08333333333,-67.19786084446,
    20.426048997907));
#1471 = CARTESIAN_POINT('',(-14.0846299659,-66.68499402858,
    19.280661311042));
#1472 = CARTESIAN_POINT('',(-14.08333333333,-67.08368150514,
    18.047535186734));
#1473 = CARTESIAN_POINT('',(-14.08333333333,-67.5403988624,
    17.542137232525));
#1474 = CARTESIAN_POINT('',(-13.41666666667,-68.03502251831,
    20.358116609997));
#1475 = CARTESIAN_POINT('',(-13.41666666667,-67.78633053268,
    20.08291703904));
#1476 = CARTESIAN_POINT('',(-13.41731498295,-67.4139750969,
    19.251334201222));
#1477 = CARTESIAN_POINT('',(-13.41666666667,-67.70343320414,
    18.356050847367));
#1478 = CARTESIAN_POINT('',(-13.41666666667,-68.03502251831,
    17.989118086092));
#1479 = CARTESIAN_POINT('',(-12.75,-68.52964617422,19.91113575643));
#1480 = CARTESIAN_POINT('',(-12.75,-68.37480022091,19.739785080174));
#1481 = CARTESIAN_POINT('',(-12.75,-68.14295616522,19.222007091402));
#1482 = CARTESIAN_POINT('',(-12.75,-68.32318490313,18.664566508));
#1483 = CARTESIAN_POINT('',(-12.75,-68.52964617422,18.436098939659));
#1484 = DEFINITIONAL_REPRESENTATION('',(#1485),#1489);
#1485 = LINE('',#1486,#1487);
#1486 = CARTESIAN_POINT('',(-3.227818269915E-15,-4.440892098501E-16));
#1487 = VECTOR('',#1488,1.);
#1488 = DIRECTION('',(8.493314363892E-16,-1.));
#1489 = ( GEOMETRIC_REPRESENTATION_CONTEXT(2) 
PARAMETRIC_REPRESENTATION_CONTEXT() REPRESENTATION_CONTEXT('2D SPACE',''
  ) );
#1490 = ORIENTED_EDGE('',*,*,#1491,.F.);
#1491 = EDGE_CURVE('',#1492,#1424,#1494,.T.);
#1492 = VERTEX_POINT('',#1493);
#1493 = CARTESIAN_POINT('',(-14.75,-67.04577520648,5.252078317133));
#1494 = SURFACE_CURVE('',#1495,(#1499,#1505),.PCURVE_S1.);
#1495 = LINE('',#1496,#1497);
#1496 = CARTESIAN_POINT('',(-14.75,-67.04577520648,0.));
#1497 = VECTOR('',#1498,1.);
#1498 = DIRECTION('',(0.,0.,1.));
#1499 = PCURVE('',#227,#1500);
#1500 = DEFINITIONAL_REPRESENTATION('',(#1501),#1504);
#1501 = B_SPLINE_CURVE_WITH_KNOTS('',1,(#1502,#1503),.UNSPECIFIED.,.F.,
  .F.,(2,2),(5.252078317133,17.095156378956),.PIECEWISE_BEZIER_KNOTS.);
#1502 = CARTESIAN_POINT('',(-1.,0.525207831713));
#1503 = CARTESIAN_POINT('',(-1.,1.709515637896));
#1504 = ( GEOMETRIC_REPRESENTATION_CONTEXT(2) 
PARAMETRIC_REPRESENTATION_CONTEXT() REPRESENTATION_CONTEXT('2D SPACE',''
  ) );
#1505 = PCURVE('',#1069,#1506);
#1506 = DEFINITIONAL_REPRESENTATION('',(#1507),#1511);
#1507 = LINE('',#1508,#1509);
#1508 = CARTESIAN_POINT('',(6.,0.));
#1509 = VECTOR('',#1510,1.);
#1510 = DIRECTION('',(0.,1.));
#1511 = ( GEOMETRIC_REPRESENTATION_CONTEXT(2) 
PARAMETRIC_REPRESENTATION_CONTEXT() REPRESENTATION_CONTEXT('2D SPACE',''
  ) );
#1512 = ORIENTED_EDGE('',*,*,#1513,.F.);
#1513 = EDGE_CURVE('',#1514,#1492,#1516,.T.);
#1514 = VERTEX_POINT('',#1515);
#1515 = CARTESIAN_POINT('',(-14.75,-67.04577520648,1.095156378956));
#1516 = SURFACE_CURVE('',#1517,(#1523,#1552),.PCURVE_S1.);
#1517 = B_SPLINE_CURVE_WITH_KNOTS('',3,(#1518,#1519,#1520,#1521,#1522),
  .UNSPECIFIED.,.F.,.F.,(4,1,4),(2.406748844348,3.246570340624,
    3.876436462831),.UNSPECIFIED.);
#1518 = CARTESIAN_POINT('',(-14.75,-67.04577520648,1.095156378958));
#1519 = CARTESIAN_POINT('',(-14.75,-66.46392980615,1.739019526102));
#1520 = CARTESIAN_POINT('',(-14.75194697866,-65.95591656089,
    3.309996550173));
#1521 = CARTESIAN_POINT('',(-14.75,-66.60939115623,4.769180956773));
#1522 = CARTESIAN_POINT('',(-14.75,-67.04577520648,5.252078317131));
#1523 = PCURVE('',#227,#1524);
#1524 = DEFINITIONAL_REPRESENTATION('',(#1525),#1551);
#1525 = B_SPLINE_CURVE_WITH_KNOTS('',3,(#1526,#1527,#1528,#1529,#1530,
    #1531,#1532,#1533,#1534,#1535,#1536,#1537,#1538,#1539,#1540,#1541,
    #1542,#1543,#1544,#1545,#1546,#1547,#1548,#1549,#1550),
  .UNSPECIFIED.,.F.,.F.,(4,1,1,1,1,1,1,1,1,1,1,1,1,1,1,1,1,1,1,1,1,1,4),
  (2.406748844348,2.473552827007,2.540356809665,2.607160792323,
    2.673964774982,2.74076875764,2.807572740298,2.874376722957,
    2.941180705615,3.007984688273,3.074788670931,3.14159265359,
    3.208396636248,3.275200618906,3.342004601565,3.408808584223,
    3.475612566881,3.54241654954,3.609220532198,3.676024514856,
    3.742828497515,3.809632480173,3.876436462831),
  .QUASI_UNIFORM_KNOTS.);
#1526 = CARTESIAN_POINT('',(-1.,0.109515637896));
#1527 = CARTESIAN_POINT('',(-0.999315107653,0.114637276566));
#1528 = CARTESIAN_POINT('',(-0.997999868997,0.125201784859));
#1529 = CARTESIAN_POINT('',(-0.99619460326,0.141924558891));
#1530 = CARTESIAN_POINT('',(-0.994560884833,0.159435663251));
#1531 = CARTESIAN_POINT('',(-0.99310266553,0.177647416676));
#1532 = CARTESIAN_POINT('',(-0.991823894799,0.196472137902));
#1533 = CARTESIAN_POINT('',(-0.990728519088,0.215822145666));
#1534 = CARTESIAN_POINT('',(-0.98982048222,0.235609758694));
#1535 = CARTESIAN_POINT('',(-0.989103723148,0.255747295769));
#1536 = CARTESIAN_POINT('',(-0.988582183153,0.276147075445));
#1537 = CARTESIAN_POINT('',(-0.988259777755,0.296721417145));
#1538 = CARTESIAN_POINT('',(-0.988140500289,0.317382637035));
#1539 = CARTESIAN_POINT('',(-0.988228033966,0.338043063446));
#1540 = CARTESIAN_POINT('',(-0.98852719821,0.358614979307));
#1541 = CARTESIAN_POINT('',(-0.989037764991,0.379010868196));
#1542 = CARTESIAN_POINT('',(-0.98975261896,0.399143487571));
#1543 = CARTESIAN_POINT('',(-0.990665986779,0.418925541326));
#1544 = CARTESIAN_POINT('',(-0.991771730821,0.438269747707));
#1545 = CARTESIAN_POINT('',(-0.993063806924,0.457088821116));
#1546 = CARTESIAN_POINT('',(-0.994536142279,0.475295476984));
#1547 = CARTESIAN_POINT('',(-0.99618266861,0.492802430466));
#1548 = CARTESIAN_POINT('',(-0.99799731393,0.509522396791));
#1549 = CARTESIAN_POINT('',(-0.999315107729,0.520086193043));
#1550 = CARTESIAN_POINT('',(-1.,0.525207831713));
#1551 = ( GEOMETRIC_REPRESENTATION_CONTEXT(2) 
PARAMETRIC_REPRESENTATION_CONTEXT() REPRESENTATION_CONTEXT('2D SPACE',''
  ) );
#1552 = PCURVE('',#1553,#1574);
#1553 = B_SPLINE_SURFACE_WITH_KNOTS('',3,3,(
    (#1554,#1555,#1556,#1557,#1558)
    ,(#1559,#1560,#1561,#1562,#1563)
    ,(#1564,#1565,#1566,#1567,#1568)
    ,(#1569,#1570,#1571,#1572,#1573
    )),.UNSPECIFIED.,.F.,.F.,.F.,(4,4),(4,1,4),(0.,1.),(-3.876436462831,
    -3.246570340624,-2.406748844348),.UNSPECIFIED.);
#1554 = CARTESIAN_POINT('',(-14.75,-67.04577520648,5.252078317131));
#1555 = CARTESIAN_POINT('',(-14.75,-66.60939115623,4.769180956773));
#1556 = CARTESIAN_POINT('',(-14.75194697866,-65.95591656089,
    3.309996550173));
#1557 = CARTESIAN_POINT('',(-14.75,-66.46392980615,1.739019526102));
#1558 = CARTESIAN_POINT('',(-14.75,-67.04577520648,1.095156378958));
#1559 = CARTESIAN_POINT('',(-14.08333333333,-67.5403988624,
    4.805097463564));
#1560 = CARTESIAN_POINT('',(-14.08333333333,-67.19786084446,
    4.426048997907));
#1561 = CARTESIAN_POINT('',(-14.08463131911,-66.68491836057,
    3.280667692094));
#1562 = CARTESIAN_POINT('',(-14.08333333333,-67.08368150514,
    2.047535186735));
#1563 = CARTESIAN_POINT('',(-14.08333333333,-67.5403988624,
    1.542137232525));
#1564 = CARTESIAN_POINT('',(-13.41666666667,-68.03502251831,
    4.358116609997));
#1565 = CARTESIAN_POINT('',(-13.41666666667,-67.78633053268,
    4.082917039041));
#1566 = CARTESIAN_POINT('',(-13.41731565955,-67.41392016026,
    3.251338834014));
#1567 = CARTESIAN_POINT('',(-13.41666666667,-67.70343320414,
    2.356050847367));
#1568 = CARTESIAN_POINT('',(-13.41666666667,-68.03502251831,
    1.989118086092));
#1569 = CARTESIAN_POINT('',(-12.75,-68.52964617422,3.91113575643));
#1570 = CARTESIAN_POINT('',(-12.75,-68.37480022091,3.739785080174));
#1571 = CARTESIAN_POINT('',(-12.75,-68.14292195994,3.222009975935));
#1572 = CARTESIAN_POINT('',(-12.75,-68.32318490313,2.664566508));
#1573 = CARTESIAN_POINT('',(-12.75,-68.52964617422,2.436098939659));
#1574 = DEFINITIONAL_REPRESENTATION('',(#1575),#1579);
#1575 = LINE('',#1576,#1577);
#1576 = CARTESIAN_POINT('',(-6.713696912486E-15,-5.773159728051E-15));
#1577 = VECTOR('',#1578,1.);
#1578 = DIRECTION('',(7.072187854352E-16,-1.));
#1579 = ( GEOMETRIC_REPRESENTATION_CONTEXT(2) 
PARAMETRIC_REPRESENTATION_CONTEXT() REPRESENTATION_CONTEXT('2D SPACE',''
  ) );
#1580 = ORIENTED_EDGE('',*,*,#1581,.F.);
#1581 = EDGE_CURVE('',#1017,#1514,#1582,.T.);
#1582 = SURFACE_CURVE('',#1583,(#1587,#1593),.PCURVE_S1.);
#1583 = LINE('',#1584,#1585);
#1584 = CARTESIAN_POINT('',(-14.75,-67.04577520648,0.));
#1585 = VECTOR('',#1586,1.);
#1586 = DIRECTION('',(0.,0.,1.));
#1587 = PCURVE('',#227,#1588);
#1588 = DEFINITIONAL_REPRESENTATION('',(#1589),#1592);
#1589 = B_SPLINE_CURVE_WITH_KNOTS('',1,(#1590,#1591),.UNSPECIFIED.,.F.,
  .F.,(2,2),(0.,1.095156378956),.PIECEWISE_BEZIER_KNOTS.);
#1590 = CARTESIAN_POINT('',(-1.,9.959481156452E-17));
#1591 = CARTESIAN_POINT('',(-1.,0.109515637896));
#1592 = ( GEOMETRIC_REPRESENTATION_CONTEXT(2) 
PARAMETRIC_REPRESENTATION_CONTEXT() REPRESENTATION_CONTEXT('2D SPACE',''
  ) );
#1593 = PCURVE('',#1069,#1594);
#1594 = DEFINITIONAL_REPRESENTATION('',(#1595),#1599);
#1595 = LINE('',#1596,#1597);
#1596 = CARTESIAN_POINT('',(6.,0.));
#1597 = VECTOR('',#1598,1.);
#1598 = DIRECTION('',(0.,1.));
#1599 = ( GEOMETRIC_REPRESENTATION_CONTEXT(2) 
PARAMETRIC_REPRESENTATION_CONTEXT() REPRESENTATION_CONTEXT('2D SPACE',''
  ) );
#1600 = ORIENTED_EDGE('',*,*,#1016,.F.);
#1601 = ORIENTED_EDGE('',*,*,#343,.T.);
#1602 = ORIENTED_EDGE('',*,*,#1603,.T.);
#1603 = EDGE_CURVE('',#316,#1604,#1606,.T.);
#1604 = VERTEX_POINT('',#1605);
#1605 = CARTESIAN_POINT('',(-17.4982141064,-1.188067518543,
    4.655380585071));
#1606 = SURFACE_CURVE('',#1607,(#1613,#1622),.PCURVE_S1.);
#1607 = B_SPLINE_CURVE_WITH_KNOTS('',4,(#1608,#1609,#1610,#1611,#1612),
  .UNSPECIFIED.,.F.,.F.,(5,5),(0.,1.),.PIECEWISE_BEZIER_KNOTS.);
#1608 = CARTESIAN_POINT('',(-17.5,-0.119148528243,3.586461594771));
#1609 = CARTESIAN_POINT('',(-17.5,-0.386378527494,3.853691594023));
#1610 = CARTESIAN_POINT('',(-17.49970232129,-0.653608523963,
    4.120921590491));
#1611 = CARTESIAN_POINT('',(-17.49910687271,-0.920838269783,
    4.388151336311));
#1612 = CARTESIAN_POINT('',(-17.4982141064,-1.188067518543,
    4.655380585071));
#1613 = PCURVE('',#227,#1614);
#1614 = DEFINITIONAL_REPRESENTATION('',(#1615),#1621);
#1615 = B_SPLINE_CURVE_WITH_KNOTS('',4,(#1616,#1617,#1618,#1619,#1620),
  .UNSPECIFIED.,.F.,.F.,(5,5),(0.,1.),.PIECEWISE_BEZIER_KNOTS.);
#1616 = CARTESIAN_POINT('',(0.,0.358646159477));
#1617 = CARTESIAN_POINT('',(-3.987832579472E-03,0.385369159402));
#1618 = CARTESIAN_POINT('',(-7.976053490929E-03,0.412092159049));
#1619 = CARTESIAN_POINT('',(-1.196466042547E-02,0.438815133631));
#1620 = CARTESIAN_POINT('',(-1.59536473779E-02,0.465538058507));
#1621 = ( GEOMETRIC_REPRESENTATION_CONTEXT(2) 
PARAMETRIC_REPRESENTATION_CONTEXT() REPRESENTATION_CONTEXT('2D SPACE',''
  ) );
#1622 = PCURVE('',#331,#1623);
#1623 = DEFINITIONAL_REPRESENTATION('',(#1624),#1630);
#1624 = B_SPLINE_CURVE_WITH_KNOTS('',4,(#1625,#1626,#1627,#1628,#1629),
  .UNSPECIFIED.,.F.,.F.,(5,5),(0.,1.),.PIECEWISE_BEZIER_KNOTS.);
#1625 = CARTESIAN_POINT('',(1.511679733161,0.));
#1626 = CARTESIAN_POINT('',(1.133759443946,1.084202172486E-18));
#1627 = CARTESIAN_POINT('',(0.755839158668,-2.976787086834E-04));
#1628 = CARTESIAN_POINT('',(0.377919227859,-8.931272855394E-04));
#1629 = CARTESIAN_POINT('',(0.,-1.785893597878E-03));
#1630 = ( GEOMETRIC_REPRESENTATION_CONTEXT(2) 
PARAMETRIC_REPRESENTATION_CONTEXT() REPRESENTATION_CONTEXT('2D SPACE',''
  ) );
#1631 = ORIENTED_EDGE('',*,*,#1632,.T.);
#1632 = EDGE_CURVE('',#1604,#1633,#1635,.T.);
#1633 = VERTEX_POINT('',#1634);
#1634 = CARTESIAN_POINT('',(-17.4982141064,-1.188067518543,
    12.292133821886));
#1635 = SURFACE_CURVE('',#1636,(#1674,#1715),.PCURVE_S1.);
#1636 = B_SPLINE_CURVE_WITH_KNOTS('',6,(#1637,#1638,#1639,#1640,#1641,
    #1642,#1643,#1644,#1645,#1646,#1647,#1648,#1649,#1650,#1651,#1652,
    #1653,#1654,#1655,#1656,#1657,#1658,#1659,#1660,#1661,#1662,#1663,
    #1664,#1665,#1666,#1667,#1668,#1669,#1670,#1671,#1672,#1673),
  .UNSPECIFIED.,.F.,.F.,(7,5,5,5,5,5,5,7),(0.,0.164431378732,
    0.266755379545,0.502561857402,0.663185966337,0.73448065363,
    0.836896678338,1.),.UNSPECIFIED.);
#1637 = CARTESIAN_POINT('',(-17.4982141064,-1.188067518543,
    4.655380585071));
#1638 = CARTESIAN_POINT('',(-17.49766414325,-1.352686455913,
    4.819999522441));
#1639 = CARTESIAN_POINT('',(-17.49704121298,-1.508750068767,
    4.993096390809));
#1640 = CARTESIAN_POINT('',(-17.49636702011,-1.655712176075,
    5.174108946037));
#1641 = CARTESIAN_POINT('',(-17.49566355095,-1.793081553853,
    5.362435642136));
#1642 = CARTESIAN_POINT('',(-17.49495201326,-1.920421400133,
    5.557436822202));
#1643 = CARTESIAN_POINT('',(-17.49381602525,-2.110111550247,
    5.883515629011));
#1644 = CARTESIAN_POINT('',(-17.4933846331,-2.17884272084,6.010918951932
    ));
#1645 = CARTESIAN_POINT('',(-17.49296231599,-2.243450519274,
    6.140483402807));
#1646 = CARTESIAN_POINT('',(-17.49255343696,-2.303852120334,
    6.272042600775));
#1647 = CARTESIAN_POINT('',(-17.49216200559,-2.359973666035,
    6.405426259417));
#1648 = CARTESIAN_POINT('',(-17.49093825512,-2.531069853284,
    6.851646951764));
#1649 = CARTESIAN_POINT('',(-17.49019679403,-2.627319533381,
    7.17161119724));
#1650 = CARTESIAN_POINT('',(-17.48961158484,-2.699693261354,
    7.498200914756));
#1651 = CARTESIAN_POINT('',(-17.48921471709,-2.747673231085,
    7.829212401989));
#1652 = CARTESIAN_POINT('',(-17.48902209997,-2.770987032266,
    8.162401339226));
#1653 = CARTESIAN_POINT('',(-17.48904071031,-2.768734568139,
    8.722360883901));
#1654 = CARTESIAN_POINT('',(-17.48914275436,-2.756382701577,
    8.949199288603));
#1655 = CARTESIAN_POINT('',(-17.48933916332,-2.732594656094,
    9.175275665919));
#1656 = CARTESIAN_POINT('',(-17.48962618592,-2.697431406187,9.3998780819
    ));
#1657 = CARTESIAN_POINT('',(-17.48999668488,-2.651012024888,
    9.622301535815));
#1658 = CARTESIAN_POINT('',(-17.49063729492,-2.567992686827,
    9.939296700595));
#1659 = CARTESIAN_POINT('',(-17.49084864727,-2.540288789852,
    10.036178596723));
#1660 = CARTESIAN_POINT('',(-17.4910735181,-2.510417615692,
    10.132433454027));
#1661 = CARTESIAN_POINT('',(-17.49131089489,-2.478396812059,
    10.228001188874));
#1662 = CARTESIAN_POINT('',(-17.49155965512,-2.444246219075,
    10.322822360728));
#1663 = CARTESIAN_POINT('',(-17.49219049644,-2.355902136233,
    10.551893476138));
#1664 = CARTESIAN_POINT('',(-17.49258339331,-2.299466781977,
    10.685287136014));
#1665 = CARTESIAN_POINT('',(-17.49299357513,-2.238747207118,
    10.816844605161));
#1666 = CARTESIAN_POINT('',(-17.49341700745,-2.173817805697,
    10.946395274205));
#1667 = CARTESIAN_POINT('',(-17.49384930301,-2.104761965176,
    11.073772471013));
#1668 = CARTESIAN_POINT('',(-17.49498074336,-1.915272261853,
    11.397948320875));
#1669 = CARTESIAN_POINT('',(-17.49568626695,-1.788639673779,
    11.591160349086));
#1670 = CARTESIAN_POINT('',(-17.49638334643,-1.652149342027,
    11.777790043737));
#1671 = CARTESIAN_POINT('',(-17.49705127122,-1.506228444906,
    11.957213691339));
#1672 = CARTESIAN_POINT('',(-17.49766858531,-1.351356825602,
    12.128844514827));
#1673 = CARTESIAN_POINT('',(-17.4982141064,-1.188067518543,
    12.292133821886));
#1674 = PCURVE('',#227,#1675);
#1675 = DEFINITIONAL_REPRESENTATION('',(#1676),#1714);
#1676 = B_SPLINE_CURVE_WITH_KNOTS('',6,(#1677,#1678,#1679,#1680,#1681,
    #1682,#1683,#1684,#1685,#1686,#1687,#1688,#1689,#1690,#1691,#1692,
    #1693,#1694,#1695,#1696,#1697,#1698,#1699,#1700,#1701,#1702,#1703,
    #1704,#1705,#1706,#1707,#1708,#1709,#1710,#1711,#1712,#1713),
  .UNSPECIFIED.,.F.,.F.,(7,5,5,5,5,5,5,7),(0.,0.164431378732,
    0.266755379545,0.502561857402,0.663185966337,0.73448065363,
    0.836896678338,1.),.UNSPECIFIED.);
#1677 = CARTESIAN_POINT('',(-1.59536471091E-02,0.465538058507));
#1678 = CARTESIAN_POINT('',(-1.841094845742E-02,0.481999952244));
#1679 = CARTESIAN_POINT('',(-2.074067522074E-02,0.499309639081));
#1680 = CARTESIAN_POINT('',(-2.293464846318E-02,0.517410894604));
#1681 = CARTESIAN_POINT('',(-2.498550900663E-02,0.536243564214));
#1682 = CARTESIAN_POINT('',(-2.688671083337E-02,0.55574368222));
#1683 = CARTESIAN_POINT('',(-2.971891062574E-02,0.588351562901));
#1684 = CARTESIAN_POINT('',(-3.074513839692E-02,0.601091895193));
#1685 = CARTESIAN_POINT('',(-3.170982184349E-02,0.614048340281));
#1686 = CARTESIAN_POINT('',(-3.261171928601E-02,0.627204260078));
#1687 = CARTESIAN_POINT('',(-3.344972332439E-02,0.640542625942));
#1688 = CARTESIAN_POINT('',(-3.600456241829E-02,0.685164695176));
#1689 = CARTESIAN_POINT('',(-3.744184908946E-02,0.717161119724));
#1690 = CARTESIAN_POINT('',(-3.852263463218E-02,0.749820091476));
#1691 = CARTESIAN_POINT('',(-3.923915011358E-02,0.782921240199));
#1692 = CARTESIAN_POINT('',(-3.958730968132E-02,0.816240133923));
#1693 = CARTESIAN_POINT('',(-3.955367222556E-02,0.87223608839));
#1694 = CARTESIAN_POINT('',(-3.936921408852E-02,0.89491992886));
#1695 = CARTESIAN_POINT('',(-3.901397249898E-02,0.917527566592));
#1696 = CARTESIAN_POINT('',(-3.848886225404E-02,0.93998780819));
#1697 = CARTESIAN_POINT('',(-3.77956695578E-02,0.962230153582));
#1698 = CARTESIAN_POINT('',(-3.655594885537E-02,0.993929670059));
#1699 = CARTESIAN_POINT('',(-3.61422520762E-02,1.003617859672));
#1700 = CARTESIAN_POINT('',(-3.569619570581E-02,1.013243345403));
#1701 = CARTESIAN_POINT('',(-3.521804441779E-02,1.022800118887));
#1702 = CARTESIAN_POINT('',(-3.470809574634E-02,1.032282236073));
#1703 = CARTESIAN_POINT('',(-3.338892732914E-02,1.055189347614));
#1704 = CARTESIAN_POINT('',(-3.254623845988E-02,1.068528713601));
#1705 = CARTESIAN_POINT('',(-3.163959424124E-02,1.081684460516));
#1706 = CARTESIAN_POINT('',(-3.067011010532E-02,1.09463952742));
#1707 = CARTESIAN_POINT('',(-2.963903615355E-02,1.107377247101));
#1708 = CARTESIAN_POINT('',(-2.680983352862E-02,1.139794832087));
#1709 = CARTESIAN_POINT('',(-2.491919385552E-02,1.159116034909));
#1710 = CARTESIAN_POINT('',(-2.288145952076E-02,1.177779004374));
#1711 = CARTESIAN_POINT('',(-2.070303228083E-02,1.195721369134));
#1712 = CARTESIAN_POINT('',(-1.839110078736E-02,1.212884451483));
#1713 = CARTESIAN_POINT('',(-1.59536471091E-02,1.229213382189));
#1714 = ( GEOMETRIC_REPRESENTATION_CONTEXT(2) 
PARAMETRIC_REPRESENTATION_CONTEXT() REPRESENTATION_CONTEXT('2D SPACE',''
  ) );
#1715 = PCURVE('',#303,#1716);
#1716 = DEFINITIONAL_REPRESENTATION('',(#1717),#1755);
#1717 = B_SPLINE_CURVE_WITH_KNOTS('',6,(#1718,#1719,#1720,#1721,#1722,
    #1723,#1724,#1725,#1726,#1727,#1728,#1729,#1730,#1731,#1732,#1733,
    #1734,#1735,#1736,#1737,#1738,#1739,#1740,#1741,#1742,#1743,#1744,
    #1745,#1746,#1747,#1748,#1749,#1750,#1751,#1752,#1753,#1754),
  .UNSPECIFIED.,.F.,.F.,(7,5,5,5,5,5,5,7),(0.,0.164431378732,
    0.266755379545,0.502561857402,0.663185966337,0.73448065363,
    0.836896678338,1.),.UNSPECIFIED.);
#1718 = CARTESIAN_POINT('',(1.570796326795,-1.785893597876E-03));
#1719 = CARTESIAN_POINT('',(1.613908610842,-2.33585674699E-03));
#1720 = CARTESIAN_POINT('',(1.657010760327,-2.958787014201E-03));
#1721 = CARTESIAN_POINT('',(1.700101873179,-3.632979885064E-03));
#1722 = CARTESIAN_POINT('',(1.743182725092,-4.336449046299E-03));
#1723 = CARTESIAN_POINT('',(1.786254313144,-5.047986730939E-03));
#1724 = CARTESIAN_POINT('',(1.856113504586,-6.183974745239E-03));
#1725 = CARTESIAN_POINT('',(1.88290710963,-6.615366897247E-03));
#1726 = CARTESIAN_POINT('',(1.909697380015,-7.037684009503E-03));
#1727 = CARTESIAN_POINT('',(1.936484505575,-7.44656303742E-03));
#1728 = CARTESIAN_POINT('',(1.963268700507,-7.837994401834E-03));
#1729 = CARTESIAN_POINT('',(2.051768390812,-9.06174487402E-03));
#1730 = CARTESIAN_POINT('',(2.113474746273,-9.80320596054E-03));
#1731 = CARTESIAN_POINT('',(2.175167037731,-1.038841515639E-02));
#1732 = CARTESIAN_POINT('',(2.236851740383,-1.078528290612E-02));
#1733 = CARTESIAN_POINT('',(2.298535508635,-1.097790002912E-02));
#1734 = CARTESIAN_POINT('',(2.402232559557,-1.095928968313E-02));
#1735 = CARTESIAN_POINT('',(2.444248534606,-1.085724563796E-02));
#1736 = CARTESIAN_POINT('',(2.486265415823,-1.066083667268E-02));
#1737 = CARTESIAN_POINT('',(2.528284836567,-1.037381407051E-02));
#1738 = CARTESIAN_POINT('',(2.570308386859,-1.0003315116E-02));
#1739 = CARTESIAN_POINT('',(2.630990988039,-9.362705079349E-03));
#1740 = CARTESIAN_POINT('',(2.649646516195,-9.151352722487E-03));
#1741 = CARTESIAN_POINT('',(2.668303089998,-8.926481893738E-03));
#1742 = CARTESIAN_POINT('',(2.686960799847,-8.689105101369E-03));
#1743 = CARTESIAN_POINT('',(2.705619731903,-8.440344872679E-03));
#1744 = CARTESIAN_POINT('',(2.751085713128,-7.809503550858E-03));
#1745 = CARTESIAN_POINT('',(2.777894166941,-7.416606689346E-03));
#1746 = CARTESIAN_POINT('',(2.804705567927,-7.006424862374E-03));
#1747 = CARTESIAN_POINT('',(2.83152012994,-6.582992543585E-03));
#1748 = CARTESIAN_POINT('',(2.858338042293,-6.150696987349E-03));
#1749 = CARTESIAN_POINT('',(2.927874112539,-5.019256630701E-03));
#1750 = CARTESIAN_POINT('',(2.970598113603,-4.313733048781E-03));
#1751 = CARTESIAN_POINT('',(3.013331254274,-3.616653561945E-03));
#1752 = CARTESIAN_POINT('',(3.056074497536,-2.94872877129E-03));
#1753 = CARTESIAN_POINT('',(3.098828588287,-2.331414684101E-03));
#1754 = CARTESIAN_POINT('',(3.14159265359,-1.785893597878E-03));
#1755 = ( GEOMETRIC_REPRESENTATION_CONTEXT(2) 
PARAMETRIC_REPRESENTATION_CONTEXT() REPRESENTATION_CONTEXT('2D SPACE',''
  ) );
#1756 = ORIENTED_EDGE('',*,*,#1757,.T.);
#1757 = EDGE_CURVE('',#1633,#212,#1758,.T.);
#1758 = SURFACE_CURVE('',#1759,(#1765,#1774),.PCURVE_S1.);
#1759 = B_SPLINE_CURVE_WITH_KNOTS('',4,(#1760,#1761,#1762,#1763,#1764),
  .UNSPECIFIED.,.F.,.F.,(5,5),(0.,1.),.PIECEWISE_BEZIER_KNOTS.);
#1760 = CARTESIAN_POINT('',(-17.4982141064,-1.188067518543,
    12.292133821886));
#1761 = CARTESIAN_POINT('',(-17.49910687271,-0.920838269796,
    12.559363070633));
#1762 = CARTESIAN_POINT('',(-17.49970232129,-0.653608523957,
    12.826592816472));
#1763 = CARTESIAN_POINT('',(-17.5,-0.386378527498,13.093822812931));
#1764 = CARTESIAN_POINT('',(-17.5,-0.119148528243,13.361052812186));
#1765 = PCURVE('',#227,#1766);
#1766 = DEFINITIONAL_REPRESENTATION('',(#1767),#1773);
#1767 = B_SPLINE_CURVE_WITH_KNOTS('',4,(#1768,#1769,#1770,#1771,#1772),
  .UNSPECIFIED.,.F.,.F.,(5,5),(0.,1.),.PIECEWISE_BEZIER_KNOTS.);
#1768 = CARTESIAN_POINT('',(-1.595364737478E-02,1.229213382189));
#1769 = CARTESIAN_POINT('',(-1.196466042255E-02,1.255936307063));
#1770 = CARTESIAN_POINT('',(-7.976053494682E-03,1.282659281647));
#1771 = CARTESIAN_POINT('',(-3.987832579524E-03,1.309382281293));
#1772 = CARTESIAN_POINT('',(0.,1.336105281219));
#1773 = ( GEOMETRIC_REPRESENTATION_CONTEXT(2) 
PARAMETRIC_REPRESENTATION_CONTEXT() REPRESENTATION_CONTEXT('2D SPACE',''
  ) );
#1774 = PCURVE('',#270,#1775);
#1775 = DEFINITIONAL_REPRESENTATION('',(#1776),#1782);
#1776 = B_SPLINE_CURVE_WITH_KNOTS('',4,(#1777,#1778,#1779,#1780,#1781),
  .UNSPECIFIED.,.F.,.F.,(5,5),(0.,1.),.PIECEWISE_BEZIER_KNOTS.);
#1777 = CARTESIAN_POINT('',(8.485281374239,-1.785893597876E-03));
#1778 = CARTESIAN_POINT('',(8.107362146398,-8.931272857557E-04));
#1779 = CARTESIAN_POINT('',(7.729442215563,-2.976787085218E-04));
#1780 = CARTESIAN_POINT('',(7.351521930297,1.084202172486E-18));
#1781 = CARTESIAN_POINT('',(6.973601641078,0.));
#1782 = ( GEOMETRIC_REPRESENTATION_CONTEXT(2) 
PARAMETRIC_REPRESENTATION_CONTEXT() REPRESENTATION_CONTEXT('2D SPACE',''
  ) );
#1783 = ORIENTED_EDGE('',*,*,#211,.T.);
#1784 = ORIENTED_EDGE('',*,*,#1785,.T.);
#1785 = EDGE_CURVE('',#184,#1360,#1786,.T.);
#1786 = SURFACE_CURVE('',#1787,(#1795,#1801),.PCURVE_S1.);
#1787 = B_SPLINE_CURVE_WITH_KNOTS('',3,(#1788,#1789,#1790,#1791,#1792,
    #1793,#1794),.UNSPECIFIED.,.F.,.F.,(4,3,4),(-1.013876805846,
    -0.542731608942,0.),.UNSPECIFIED.);
#1788 = CARTESIAN_POINT('',(-17.5,-0.119148528243,20.049117343553));
#1789 = CARTESIAN_POINT('',(-17.5,-1.621877569397,20.508788857356));
#1790 = CARTESIAN_POINT('',(-17.48940472775,-3.113539880036,
    20.965073661914));
#1791 = CARTESIAN_POINT('',(-17.46869427263,-4.604090419063,
    21.421019763393));
#1792 = CARTESIAN_POINT('',(-17.4448370441,-6.321117139426,
    21.946242906645));
#1793 = CARTESIAN_POINT('',(-17.4075631501,-8.036668410101,
    22.471016601495));
#1794 = CARTESIAN_POINT('',(-17.35761988565,-9.765987481117,23.));
#1795 = PCURVE('',#227,#1796);
#1796 = DEFINITIONAL_REPRESENTATION('',(#1797),#1800);
#1797 = B_SPLINE_CURVE_WITH_KNOTS('',1,(#1798,#1799),.UNSPECIFIED.,.F.,
  .F.,(2,2),(-1.013876805846,0.),.PIECEWISE_BEZIER_KNOTS.);
#1798 = CARTESIAN_POINT('',(-9.676714233452E-17,2.004911734355));
#1799 = CARTESIAN_POINT('',(-0.144142995824,2.3));
#1800 = ( GEOMETRIC_REPRESENTATION_CONTEXT(2) 
PARAMETRIC_REPRESENTATION_CONTEXT() REPRESENTATION_CONTEXT('2D SPACE',''
  ) );
#1801 = PCURVE('',#199,#1802);
#1802 = DEFINITIONAL_REPRESENTATION('',(#1803),#1811);
#1803 = B_SPLINE_CURVE_WITH_KNOTS('',3,(#1804,#1805,#1806,#1807,#1808,
    #1809,#1810),.UNSPECIFIED.,.F.,.F.,(4,3,4),(-1.013876805846,
    -0.542731608942,0.),.UNSPECIFIED.);
#1804 = CARTESIAN_POINT('',(14.742090035748,35.));
#1805 = CARTESIAN_POINT('',(16.313551925751,35.));
#1806 = CARTESIAN_POINT('',(17.873440470438,34.989404727755));
#1807 = CARTESIAN_POINT('',(19.432166795632,34.96869427263));
#1808 = CARTESIAN_POINT('',(21.227728019496,34.944837044103));
#1809 = CARTESIAN_POINT('',(23.021746858059,34.907563150103));
#1810 = CARTESIAN_POINT('',(24.830162707711,34.857619885657));
#1811 = ( GEOMETRIC_REPRESENTATION_CONTEXT(2) 
PARAMETRIC_REPRESENTATION_CONTEXT() REPRESENTATION_CONTEXT('2D SPACE',''
  ) );
#1812 = ADVANCED_FACE('',(#1813),#171,.T.);
#1813 = FACE_BOUND('',#1814,.T.);
#1814 = EDGE_LOOP('',(#1815,#1816,#1837,#1863));
#1815 = ORIENTED_EDGE('',*,*,#150,.F.);
#1816 = ORIENTED_EDGE('',*,*,#1817,.F.);
#1817 = EDGE_CURVE('',#1818,#151,#1820,.T.);
#1818 = VERTEX_POINT('',#1819);
#1819 = CARTESIAN_POINT('',(-14.5,5.009780325049,18.480223400857));
#1820 = SURFACE_CURVE('',#1821,(#1825,#1831),.PCURVE_S1.);
#1821 = LINE('',#1822,#1823);
#1822 = CARTESIAN_POINT('',(-17.5,5.009780325049,18.480223400857));
#1823 = VECTOR('',#1824,1.);
#1824 = DIRECTION('',(-1.,-0.,0.));
#1825 = PCURVE('',#171,#1826);
#1826 = DEFINITIONAL_REPRESENTATION('',(#1827),#1830);
#1827 = B_SPLINE_CURVE_WITH_KNOTS('',1,(#1828,#1829),.UNSPECIFIED.,.F.,
  .F.,(2,2),(-3.0000006,5.999999999062E-07),.PIECEWISE_BEZIER_KNOTS.);
#1828 = CARTESIAN_POINT('',(1.621354709216,-3.0000006));
#1829 = CARTESIAN_POINT('',(1.621354709216,5.999999999062E-07));
#1830 = ( GEOMETRIC_REPRESENTATION_CONTEXT(2) 
PARAMETRIC_REPRESENTATION_CONTEXT() REPRESENTATION_CONTEXT('2D SPACE',''
  ) );
#1831 = PCURVE('',#199,#1832);
#1832 = DEFINITIONAL_REPRESENTATION('',(#1833),#1836);
#1833 = B_SPLINE_CURVE_WITH_KNOTS('',1,(#1834,#1835),.UNSPECIFIED.,.F.,
  .F.,(2,2),(-3.0000006,5.999999999062E-07),.PIECEWISE_BEZIER_KNOTS.);
#1834 = CARTESIAN_POINT('',(9.378570726045,31.9999994));
#1835 = CARTESIAN_POINT('',(9.378570726045,35.0000006));
#1836 = ( GEOMETRIC_REPRESENTATION_CONTEXT(2) 
PARAMETRIC_REPRESENTATION_CONTEXT() REPRESENTATION_CONTEXT('2D SPACE',''
  ) );
#1837 = ORIENTED_EDGE('',*,*,#1838,.T.);
#1838 = EDGE_CURVE('',#1818,#1310,#1839,.T.);
#1839 = SURFACE_CURVE('',#1840,(#1845,#1852),.PCURVE_S1.);
#1840 = CIRCLE('',#1841,5.4);
#1841 = AXIS2_PLACEMENT_3D('',#1842,#1843,#1844);
#1842 = CARTESIAN_POINT('',(-14.5,8.630309099864,14.473757203479));
#1843 = DIRECTION('',(-1.,-0.,0.));
#1844 = DIRECTION('',(0.,-0.707106781187,-0.707106781187));
#1845 = PCURVE('',#171,#1846);
#1846 = DEFINITIONAL_REPRESENTATION('',(#1847),#1851);
#1847 = LINE('',#1848,#1849);
#1848 = CARTESIAN_POINT('',(0.,-3.));
#1849 = VECTOR('',#1850,1.);
#1850 = DIRECTION('',(1.,0.));
#1851 = ( GEOMETRIC_REPRESENTATION_CONTEXT(2) 
PARAMETRIC_REPRESENTATION_CONTEXT() REPRESENTATION_CONTEXT('2D SPACE',''
  ) );
#1852 = PCURVE('',#602,#1853);
#1853 = DEFINITIONAL_REPRESENTATION('',(#1854),#1862);
#1854 = ( BOUNDED_CURVE() B_SPLINE_CURVE(2,(#1855,#1856,#1857,#1858,
#1859,#1860,#1861),.UNSPECIFIED.,.T.,.F.) B_SPLINE_CURVE_WITH_KNOTS((1,2
    ,2,2,2,1),(-2.094395102393,0.,2.094395102393,4.188790204786,
6.28318530718,8.377580409573),.UNSPECIFIED.) CURVE() 
GEOMETRIC_REPRESENTATION_ITEM() RATIONAL_B_SPLINE_CURVE((1.,0.5,1.,0.5,
1.,0.5,1.)) REPRESENTATION_ITEM('') );
#1855 = CARTESIAN_POINT('',(2.181623381593,3.818376618407));
#1856 = CARTESIAN_POINT('',(8.795245687107,10.431998923922));
#1857 = CARTESIAN_POINT('',(11.215999461961,1.397622843554));
#1858 = CARTESIAN_POINT('',(13.636753236815,-7.636753236815));
#1859 = CARTESIAN_POINT('',(4.602377156446,-5.215999461961));
#1860 = CARTESIAN_POINT('',(-4.431998923922,-2.795245687107));
#1861 = CARTESIAN_POINT('',(2.181623381593,3.818376618407));
#1862 = ( GEOMETRIC_REPRESENTATION_CONTEXT(2) 
PARAMETRIC_REPRESENTATION_CONTEXT() REPRESENTATION_CONTEXT('2D SPACE',''
  ) );
#1863 = ORIENTED_EDGE('',*,*,#1332,.F.);
#1864 = ADVANCED_FACE('',(#1865),#331,.F.);
#1865 = FACE_BOUND('',#1866,.F.);
#1866 = EDGE_LOOP('',(#1867,#1868,#1889));
#1867 = ORIENTED_EDGE('',*,*,#315,.F.);
#1868 = ORIENTED_EDGE('',*,*,#1869,.T.);
#1869 = EDGE_CURVE('',#283,#1604,#1870,.T.);
#1870 = SURFACE_CURVE('',#1871,(#1875,#1882),.PCURVE_S1.);
#1871 = LINE('',#1872,#1873);
#1872 = CARTESIAN_POINT('',(-17.5,-1.188067518543,4.655380585071));
#1873 = VECTOR('',#1874,1.);
#1874 = DIRECTION('',(1.,0.,0.));
#1875 = PCURVE('',#331,#1876);
#1876 = DEFINITIONAL_REPRESENTATION('',(#1877),#1881);
#1877 = LINE('',#1878,#1879);
#1878 = CARTESIAN_POINT('',(0.,0.));
#1879 = VECTOR('',#1880,1.);
#1880 = DIRECTION('',(0.,-1.));
#1881 = ( GEOMETRIC_REPRESENTATION_CONTEXT(2) 
PARAMETRIC_REPRESENTATION_CONTEXT() REPRESENTATION_CONTEXT('2D SPACE',''
  ) );
#1882 = PCURVE('',#303,#1883);
#1883 = DEFINITIONAL_REPRESENTATION('',(#1884),#1888);
#1884 = LINE('',#1885,#1886);
#1885 = CARTESIAN_POINT('',(1.570796326795,0.));
#1886 = VECTOR('',#1887,1.);
#1887 = DIRECTION('',(0.,-1.));
#1888 = ( GEOMETRIC_REPRESENTATION_CONTEXT(2) 
PARAMETRIC_REPRESENTATION_CONTEXT() REPRESENTATION_CONTEXT('2D SPACE',''
  ) );
#1889 = ORIENTED_EDGE('',*,*,#1603,.F.);
#1890 = ADVANCED_FACE('',(#1891),#199,.F.);
#1891 = FACE_BOUND('',#1892,.F.);
#1892 = EDGE_LOOP('',(#1893,#1918,#1944,#1967,#1997,#2018,#2019,#2020,
    #2021,#2044,#2107));
#1893 = ORIENTED_EDGE('',*,*,#1894,.T.);
#1894 = EDGE_CURVE('',#1895,#1897,#1899,.T.);
#1895 = VERTEX_POINT('',#1896);
#1896 = CARTESIAN_POINT('',(14.5,-9.005381305841E-16,20.012670863286));
#1897 = VERTEX_POINT('',#1898);
#1898 = CARTESIAN_POINT('',(14.5,5.009780325049,18.480223400857));
#1899 = SURFACE_CURVE('',#1900,(#1904,#1911),.PCURVE_S1.);
#1900 = LINE('',#1901,#1902);
#1901 = CARTESIAN_POINT('',(14.5,18.932395018376,14.221418788109));
#1902 = VECTOR('',#1903,1.);
#1903 = DIRECTION('',(0.,0.956261841738,-0.292512034003));
#1904 = PCURVE('',#199,#1905);
#1905 = DEFINITIONAL_REPRESENTATION('',(#1906),#1910);
#1906 = LINE('',#1907,#1908);
#1907 = CARTESIAN_POINT('',(-5.180846042095,3.));
#1908 = VECTOR('',#1909,1.);
#1909 = DIRECTION('',(-1.,-0.));
#1910 = ( GEOMETRIC_REPRESENTATION_CONTEXT(2) 
PARAMETRIC_REPRESENTATION_CONTEXT() REPRESENTATION_CONTEXT('2D SPACE',''
  ) );
#1911 = PCURVE('',#865,#1912);
#1912 = DEFINITIONAL_REPRESENTATION('',(#1913),#1917);
#1913 = LINE('',#1914,#1915);
#1914 = CARTESIAN_POINT('',(1.067604981624,14.221418788109));
#1915 = VECTOR('',#1916,1.);
#1916 = DIRECTION('',(-0.956261841738,-0.292512034003));
#1917 = ( GEOMETRIC_REPRESENTATION_CONTEXT(2) 
PARAMETRIC_REPRESENTATION_CONTEXT() REPRESENTATION_CONTEXT('2D SPACE',''
  ) );
#1918 = ORIENTED_EDGE('',*,*,#1919,.F.);
#1919 = EDGE_CURVE('',#1920,#1897,#1922,.T.);
#1920 = VERTEX_POINT('',#1921);
#1921 = CARTESIAN_POINT('',(17.5,5.009780325049,18.480223400857));
#1922 = SURFACE_CURVE('',#1923,(#1927,#1933),.PCURVE_S1.);
#1923 = LINE('',#1924,#1925);
#1924 = CARTESIAN_POINT('',(14.5,5.009780325049,18.480223400857));
#1925 = VECTOR('',#1926,1.);
#1926 = DIRECTION('',(-1.,-0.,0.));
#1927 = PCURVE('',#199,#1928);
#1928 = DEFINITIONAL_REPRESENTATION('',(#1929),#1932);
#1929 = B_SPLINE_CURVE_WITH_KNOTS('',1,(#1930,#1931),.UNSPECIFIED.,.F.,
  .F.,(2,2),(-3.0000006,5.999999999062E-07),.PIECEWISE_BEZIER_KNOTS.);
#1930 = CARTESIAN_POINT('',(9.378570726045,-5.999999999062E-07));
#1931 = CARTESIAN_POINT('',(9.378570726045,3.0000006));
#1932 = ( GEOMETRIC_REPRESENTATION_CONTEXT(2) 
PARAMETRIC_REPRESENTATION_CONTEXT() REPRESENTATION_CONTEXT('2D SPACE',''
  ) );
#1933 = PCURVE('',#1934,#1939);
#1934 = CYLINDRICAL_SURFACE('',#1935,5.4);
#1935 = AXIS2_PLACEMENT_3D('',#1936,#1937,#1938);
#1936 = CARTESIAN_POINT('',(14.5,8.630309099864,14.473757203479));
#1937 = DIRECTION('',(-1.,-0.,0.));
#1938 = DIRECTION('',(0.,-0.707106781187,-0.707106781187));
#1939 = DEFINITIONAL_REPRESENTATION('',(#1940),#1943);
#1940 = B_SPLINE_CURVE_WITH_KNOTS('',1,(#1941,#1942),.UNSPECIFIED.,.F.,
  .F.,(2,2),(-3.0000006,5.999999999062E-07),.PIECEWISE_BEZIER_KNOTS.);
#1941 = CARTESIAN_POINT('',(1.621354709216,-3.0000006));
#1942 = CARTESIAN_POINT('',(1.621354709216,5.999999999062E-07));
#1943 = ( GEOMETRIC_REPRESENTATION_CONTEXT(2) 
PARAMETRIC_REPRESENTATION_CONTEXT() REPRESENTATION_CONTEXT('2D SPACE',''
  ) );
#1944 = ORIENTED_EDGE('',*,*,#1945,.T.);
#1945 = EDGE_CURVE('',#1920,#1946,#1948,.T.);
#1946 = VERTEX_POINT('',#1947);
#1947 = CARTESIAN_POINT('',(17.5,-0.119148528243,20.049117343553));
#1948 = SURFACE_CURVE('',#1949,(#1953,#1960),.PCURVE_S1.);
#1949 = LINE('',#1950,#1951);
#1950 = CARTESIAN_POINT('',(17.5,9.733551024661,17.035263751524));
#1951 = VECTOR('',#1952,1.);
#1952 = DIRECTION('',(0.,-0.956261841738,0.292512034003));
#1953 = PCURVE('',#199,#1954);
#1954 = DEFINITIONAL_REPRESENTATION('',(#1955),#1959);
#1955 = LINE('',#1956,#1957);
#1956 = CARTESIAN_POINT('',(4.438740970809,0.));
#1957 = VECTOR('',#1958,1.);
#1958 = DIRECTION('',(1.,0.));
#1959 = ( GEOMETRIC_REPRESENTATION_CONTEXT(2) 
PARAMETRIC_REPRESENTATION_CONTEXT() REPRESENTATION_CONTEXT('2D SPACE',''
  ) );
#1960 = PCURVE('',#811,#1961);
#1961 = DEFINITIONAL_REPRESENTATION('',(#1962),#1966);
#1962 = LINE('',#1963,#1964);
#1963 = CARTESIAN_POINT('',(9.852699552904,17.035263751524));
#1964 = VECTOR('',#1965,1.);
#1965 = DIRECTION('',(-0.956261841738,0.292512034003));
#1966 = ( GEOMETRIC_REPRESENTATION_CONTEXT(2) 
PARAMETRIC_REPRESENTATION_CONTEXT() REPRESENTATION_CONTEXT('2D SPACE',''
  ) );
#1967 = ORIENTED_EDGE('',*,*,#1968,.T.);
#1968 = EDGE_CURVE('',#1946,#1969,#1971,.T.);
#1969 = VERTEX_POINT('',#1970);
#1970 = CARTESIAN_POINT('',(17.357619885657,-9.765987481117,23.));
#1971 = SURFACE_CURVE('',#1972,(#1980,#1991),.PCURVE_S1.);
#1972 = B_SPLINE_CURVE_WITH_KNOTS('',3,(#1973,#1974,#1975,#1976,#1977,
    #1978,#1979),.UNSPECIFIED.,.F.,.F.,(4,3,4),(-1.013876805846,
    -0.542731608942,0.),.UNSPECIFIED.);
#1973 = CARTESIAN_POINT('',(17.5,-0.119148528243,20.049117343553));
#1974 = CARTESIAN_POINT('',(17.5,-1.621877569397,20.508788857356));
#1975 = CARTESIAN_POINT('',(17.489404727755,-3.113539880036,
    20.965073661914));
#1976 = CARTESIAN_POINT('',(17.46869427263,-4.604090419063,
    21.421019763393));
#1977 = CARTESIAN_POINT('',(17.444837044103,-6.321117139426,
    21.946242906645));
#1978 = CARTESIAN_POINT('',(17.407563150103,-8.036668410101,
    22.471016601495));
#1979 = CARTESIAN_POINT('',(17.357619885657,-9.765987481117,23.));
#1980 = PCURVE('',#199,#1981);
#1981 = DEFINITIONAL_REPRESENTATION('',(#1982),#1990);
#1982 = B_SPLINE_CURVE_WITH_KNOTS('',3,(#1983,#1984,#1985,#1986,#1987,
    #1988,#1989),.UNSPECIFIED.,.F.,.F.,(4,3,4),(-1.013876805846,
    -0.542731608942,0.),.UNSPECIFIED.);
#1983 = CARTESIAN_POINT('',(14.742090035748,0.));
#1984 = CARTESIAN_POINT('',(16.313551925751,0.));
#1985 = CARTESIAN_POINT('',(17.873440470438,1.05952722448E-02));
#1986 = CARTESIAN_POINT('',(19.432166795632,3.13057273699E-02));
#1987 = CARTESIAN_POINT('',(21.227728019496,5.51629558968E-02));
#1988 = CARTESIAN_POINT('',(23.021746858059,9.24368498967E-02));
#1989 = CARTESIAN_POINT('',(24.830162707711,0.142380114343));
#1990 = ( GEOMETRIC_REPRESENTATION_CONTEXT(2) 
PARAMETRIC_REPRESENTATION_CONTEXT() REPRESENTATION_CONTEXT('2D SPACE',''
  ) );
#1991 = PCURVE('',#1277,#1992);
#1992 = DEFINITIONAL_REPRESENTATION('',(#1993),#1996);
#1993 = B_SPLINE_CURVE_WITH_KNOTS('',1,(#1994,#1995),.UNSPECIFIED.,.F.,
  .F.,(2,2),(-1.013876805846,0.),.PIECEWISE_BEZIER_KNOTS.);
#1994 = CARTESIAN_POINT('',(-1.069148519135E-16,2.004911734355));
#1995 = CARTESIAN_POINT('',(-0.144142995824,2.3));
#1996 = ( GEOMETRIC_REPRESENTATION_CONTEXT(2) 
PARAMETRIC_REPRESENTATION_CONTEXT() REPRESENTATION_CONTEXT('2D SPACE',''
  ) );
#1997 = ORIENTED_EDGE('',*,*,#1998,.F.);
#1998 = EDGE_CURVE('',#1360,#1969,#1999,.T.);
#1999 = SURFACE_CURVE('',#2000,(#2004,#2011),.PCURVE_S1.);
#2000 = LINE('',#2001,#2002);
#2001 = CARTESIAN_POINT('',(-13.125,-9.765987481117,23.));
#2002 = VECTOR('',#2003,1.);
#2003 = DIRECTION('',(1.,0.,0.));
#2004 = PCURVE('',#199,#2005);
#2005 = DEFINITIONAL_REPRESENTATION('',(#2006),#2010);
#2006 = LINE('',#2007,#2008);
#2007 = CARTESIAN_POINT('',(24.830162707711,30.625));
#2008 = VECTOR('',#2009,1.);
#2009 = DIRECTION('',(0.,-1.));
#2010 = ( GEOMETRIC_REPRESENTATION_CONTEXT(2) 
PARAMETRIC_REPRESENTATION_CONTEXT() REPRESENTATION_CONTEXT('2D SPACE',''
  ) );
#2011 = PCURVE('',#1382,#2012);
#2012 = DEFINITIONAL_REPRESENTATION('',(#2013),#2017);
#2013 = LINE('',#2014,#2015);
#2014 = CARTESIAN_POINT('',(-21.875,16.756900122125));
#2015 = VECTOR('',#2016,1.);
#2016 = DIRECTION('',(1.,0.));
#2017 = ( GEOMETRIC_REPRESENTATION_CONTEXT(2) 
PARAMETRIC_REPRESENTATION_CONTEXT() REPRESENTATION_CONTEXT('2D SPACE',''
  ) );
#2018 = ORIENTED_EDGE('',*,*,#1785,.F.);
#2019 = ORIENTED_EDGE('',*,*,#183,.F.);
#2020 = ORIENTED_EDGE('',*,*,#1817,.F.);
#2021 = ORIENTED_EDGE('',*,*,#2022,.F.);
#2022 = EDGE_CURVE('',#2023,#1818,#2025,.T.);
#2023 = VERTEX_POINT('',#2024);
#2024 = CARTESIAN_POINT('',(-14.5,-9.005381305841E-16,20.012670863286));
#2025 = SURFACE_CURVE('',#2026,(#2030,#2037),.PCURVE_S1.);
#2026 = LINE('',#2027,#2028);
#2027 = CARTESIAN_POINT('',(-14.5,18.932395018376,14.221418788109));
#2028 = VECTOR('',#2029,1.);
#2029 = DIRECTION('',(0.,0.956261841738,-0.292512034003));
#2030 = PCURVE('',#199,#2031);
#2031 = DEFINITIONAL_REPRESENTATION('',(#2032),#2036);
#2032 = LINE('',#2033,#2034);
#2033 = CARTESIAN_POINT('',(-5.180846042095,32.));
#2034 = VECTOR('',#2035,1.);
#2035 = DIRECTION('',(-1.,-0.));
#2036 = ( GEOMETRIC_REPRESENTATION_CONTEXT(2) 
PARAMETRIC_REPRESENTATION_CONTEXT() REPRESENTATION_CONTEXT('2D SPACE',''
  ) );
#2037 = PCURVE('',#602,#2038);
#2038 = DEFINITIONAL_REPRESENTATION('',(#2039),#2043);
#2039 = LINE('',#2040,#2041);
#2040 = CARTESIAN_POINT('',(5.74766158463,-10.30208591851));
#2041 = VECTOR('',#2042,1.);
#2042 = DIRECTION('',(-0.292512034003,-0.956261841738));
#2043 = ( GEOMETRIC_REPRESENTATION_CONTEXT(2) 
PARAMETRIC_REPRESENTATION_CONTEXT() REPRESENTATION_CONTEXT('2D SPACE',''
  ) );
#2044 = ORIENTED_EDGE('',*,*,#2045,.F.);
#2045 = EDGE_CURVE('',#2046,#2023,#2048,.T.);
#2046 = VERTEX_POINT('',#2047);
#2047 = CARTESIAN_POINT('',(-3.469446951954E-17,-7.045775206483,
    22.167911140397));
#2048 = SURFACE_CURVE('',#2049,(#2062,#2078),.PCURVE_S1.);
#2049 = B_SPLINE_CURVE_WITH_KNOTS('',3,(#2050,#2051,#2052,#2053,#2054,
    #2055,#2056,#2057,#2058,#2059,#2060,#2061),.UNSPECIFIED.,.F.,.F.,(4,
    2,2,2,2,4),(-1.47359525925,-0.985742149314,-0.629492930312,
    -0.397514476835,-0.213199640879,0.),.UNSPECIFIED.);
#2050 = CARTESIAN_POINT('',(3.469446951954E-17,-7.045775206483,
    22.167911140397));
#2051 = CARTESIAN_POINT('',(-2.217832850222,-7.045775206483,
    22.167911140397));
#2052 = CARTESIAN_POINT('',(-4.939238324657,-6.709605517238,
    22.065079807723));
#2053 = CARTESIAN_POINT('',(-8.904273591762,-5.767100724689,
    21.77677593331));
#2054 = CARTESIAN_POINT('',(-10.22666353459,-5.290881223846,
    21.631104602777));
#2055 = CARTESIAN_POINT('',(-11.94160088993,-4.390593071031,
    21.355714424821));
#2056 = CARTESIAN_POINT('',(-12.58926214982,-3.956843919761,
    21.223034398339));
#2057 = CARTESIAN_POINT('',(-13.54386770104,-2.99345921355,
    20.928343543135));
#2058 = CARTESIAN_POINT('',(-13.88151456417,-2.514320067518,
    20.78177911898));
#2059 = CARTESIAN_POINT('',(-14.38822102564,-1.342193216175,
    20.423235889049));
#2060 = CARTESIAN_POINT('',(-14.5,-0.679582270816,20.220549065294));
#2061 = CARTESIAN_POINT('',(-14.5,-4.163336342344E-16,20.012670863286));
#2062 = PCURVE('',#199,#2063);
#2063 = DEFINITIONAL_REPRESENTATION('',(#2064),#2077);
#2064 = B_SPLINE_CURVE_WITH_KNOTS('',3,(#2065,#2066,#2067,#2068,#2069,
    #2070,#2071,#2072,#2073,#2074,#2075,#2076),.UNSPECIFIED.,.F.,.F.,(4,
    2,2,2,2,4),(-1.47359525925,-0.985742149314,-0.629492930312,
    -0.397514476835,-0.213199640879,0.),.UNSPECIFIED.);
#2065 = CARTESIAN_POINT('',(21.985531503259,17.5));
#2066 = CARTESIAN_POINT('',(21.985531503259,19.717832850222));
#2067 = CARTESIAN_POINT('',(21.633985854806,22.439238324657));
#2068 = CARTESIAN_POINT('',(20.64837213332,26.404273591762));
#2069 = CARTESIAN_POINT('',(20.150370979183,27.726663534598));
#2070 = CARTESIAN_POINT('',(19.20890483098,29.441600889931));
#2071 = CARTESIAN_POINT('',(18.755316564315,30.089262149829));
#2072 = CARTESIAN_POINT('',(17.747867909394,31.04386770104));
#2073 = CARTESIAN_POINT('',(17.246813569339,31.381514564173));
#2074 = CARTESIAN_POINT('',(16.021075178259,31.888221025647));
#2075 = CARTESIAN_POINT('',(15.328157280212,32.));
#2076 = CARTESIAN_POINT('',(14.617491810615,32.));
#2077 = ( GEOMETRIC_REPRESENTATION_CONTEXT(2) 
PARAMETRIC_REPRESENTATION_CONTEXT() REPRESENTATION_CONTEXT('2D SPACE',''
  ) );
#2078 = PCURVE('',#965,#2079);
#2079 = DEFINITIONAL_REPRESENTATION('',(#2080),#2106);
#2080 = B_SPLINE_CURVE_WITH_KNOTS('',3,(#2081,#2082,#2083,#2084,#2085,
    #2086,#2087,#2088,#2089,#2090,#2091,#2092,#2093,#2094,#2095,#2096,
    #2097,#2098,#2099,#2100,#2101,#2102,#2103,#2104,#2105),
  .UNSPECIFIED.,.F.,.F.,(4,1,1,1,1,1,1,1,1,1,1,1,1,1,1,1,1,1,1,1,1,1,4),
  (-1.47359525925,-1.406613656557,-1.339632053864,-1.27265045117,
    -1.205668848477,-1.138687245784,-1.071705643091,-1.004724040398,
    -0.937742437705,-0.870760835011,-0.803779232318,-0.736797629625,
    -0.669816026932,-0.602834424239,-0.535852821545,-0.468871218852,
    -0.401889616159,-0.334908013466,-0.267926410773,-0.20094480808,
    -0.133963205386,-6.698160269318E-02,0.),.UNSPECIFIED.);
#2081 = CARTESIAN_POINT('',(1.,2.21679111404));
#2082 = CARTESIAN_POINT('',(0.979980690798,2.21679111404));
#2083 = CARTESIAN_POINT('',(0.940187098283,2.216403419051));
#2084 = CARTESIAN_POINT('',(0.881516953413,2.214719426199));
#2085 = CARTESIAN_POINT('',(0.824226348389,2.211993559292));
#2086 = CARTESIAN_POINT('',(0.768415125191,2.208286598636));
#2087 = CARTESIAN_POINT('',(0.714155643589,2.203658566857));
#2088 = CARTESIAN_POINT('',(0.661541920648,2.1981723133));
#2089 = CARTESIAN_POINT('',(0.610623478877,2.191880138118));
#2090 = CARTESIAN_POINT('',(0.561834550766,2.184873711513));
#2091 = CARTESIAN_POINT('',(0.516292037824,2.177407267259));
#2092 = CARTESIAN_POINT('',(0.473189339095,2.169438602901));
#2093 = CARTESIAN_POINT('',(0.432307668494,2.16100356523));
#2094 = CARTESIAN_POINT('',(0.393198439165,2.152069893401));
#2095 = CARTESIAN_POINT('',(0.356136403063,2.142799707868));
#2096 = CARTESIAN_POINT('',(0.317658118884,2.132278722837));
#2097 = CARTESIAN_POINT('',(0.27807104472,2.12041080525));
#2098 = CARTESIAN_POINT('',(0.237409712825,2.107051782561));
#2099 = CARTESIAN_POINT('',(0.196252320858,2.092227902087));
#2100 = CARTESIAN_POINT('',(0.155320267868,2.076128377013));
#2101 = CARTESIAN_POINT('',(0.113878009842,2.058362970429));
#2102 = CARTESIAN_POINT('',(7.396284936486E-02,2.039782833254));
#2103 = CARTESIAN_POINT('',(3.600964008416E-02,2.020760312705));
#2104 = CARTESIAN_POINT('',(1.182564815557E-02,2.007798061277));
#2105 = CARTESIAN_POINT('',(0.,2.001267086329));
#2106 = ( GEOMETRIC_REPRESENTATION_CONTEXT(2) 
PARAMETRIC_REPRESENTATION_CONTEXT() REPRESENTATION_CONTEXT('2D SPACE',''
  ) );
#2107 = ORIENTED_EDGE('',*,*,#2108,.T.);
#2108 = EDGE_CURVE('',#2046,#1895,#2109,.T.);
#2109 = SURFACE_CURVE('',#2110,(#2123,#2139),.PCURVE_S1.);
#2110 = B_SPLINE_CURVE_WITH_KNOTS('',3,(#2111,#2112,#2113,#2114,#2115,
    #2116,#2117,#2118,#2119,#2120,#2121,#2122),.UNSPECIFIED.,.F.,.F.,(4,
    2,2,2,2,4),(-1.47359525925,-0.985742149314,-0.629492930312,
    -0.397514476835,-0.213199640879,0.),.UNSPECIFIED.);
#2111 = CARTESIAN_POINT('',(-3.469446951954E-17,-7.045775206483,
    22.167911140397));
#2112 = CARTESIAN_POINT('',(2.217832850222,-7.045775206483,
    22.167911140397));
#2113 = CARTESIAN_POINT('',(4.939238324657,-6.709605517238,
    22.065079807723));
#2114 = CARTESIAN_POINT('',(8.904273591762,-5.767100724689,
    21.77677593331));
#2115 = CARTESIAN_POINT('',(10.226663534598,-5.290881223846,
    21.631104602777));
#2116 = CARTESIAN_POINT('',(11.941600889931,-4.390593071031,
    21.355714424821));
#2117 = CARTESIAN_POINT('',(12.589262149829,-3.956843919761,
    21.223034398339));
#2118 = CARTESIAN_POINT('',(13.54386770104,-2.99345921355,
    20.928343543135));
#2119 = CARTESIAN_POINT('',(13.881514564173,-2.514320067518,
    20.78177911898));
#2120 = CARTESIAN_POINT('',(14.388221025647,-1.342193216175,
    20.423235889049));
#2121 = CARTESIAN_POINT('',(14.5,-0.679582270816,20.220549065294));
#2122 = CARTESIAN_POINT('',(14.5,-4.163336342344E-16,20.012670863286));
#2123 = PCURVE('',#199,#2124);
#2124 = DEFINITIONAL_REPRESENTATION('',(#2125),#2138);
#2125 = B_SPLINE_CURVE_WITH_KNOTS('',3,(#2126,#2127,#2128,#2129,#2130,
    #2131,#2132,#2133,#2134,#2135,#2136,#2137),.UNSPECIFIED.,.F.,.F.,(4,
    2,2,2,2,4),(-1.47359525925,-0.985742149314,-0.629492930312,
    -0.397514476835,-0.213199640879,0.),.UNSPECIFIED.);
#2126 = CARTESIAN_POINT('',(21.985531503259,17.5));
#2127 = CARTESIAN_POINT('',(21.985531503259,15.282167149778));
#2128 = CARTESIAN_POINT('',(21.633985854806,12.560761675343));
#2129 = CARTESIAN_POINT('',(20.64837213332,8.595726408238));
#2130 = CARTESIAN_POINT('',(20.150370979183,7.273336465402));
#2131 = CARTESIAN_POINT('',(19.20890483098,5.558399110069));
#2132 = CARTESIAN_POINT('',(18.755316564315,4.910737850171));
#2133 = CARTESIAN_POINT('',(17.747867909394,3.95613229896));
#2134 = CARTESIAN_POINT('',(17.246813569339,3.618485435827));
#2135 = CARTESIAN_POINT('',(16.021075178259,3.111778974353));
#2136 = CARTESIAN_POINT('',(15.328157280212,3.));
#2137 = CARTESIAN_POINT('',(14.617491810615,3.));
#2138 = ( GEOMETRIC_REPRESENTATION_CONTEXT(2) 
PARAMETRIC_REPRESENTATION_CONTEXT() REPRESENTATION_CONTEXT('2D SPACE',''
  ) );
#2139 = PCURVE('',#907,#2140);
#2140 = DEFINITIONAL_REPRESENTATION('',(#2141),#2167);
#2141 = B_SPLINE_CURVE_WITH_KNOTS('',3,(#2142,#2143,#2144,#2145,#2146,
    #2147,#2148,#2149,#2150,#2151,#2152,#2153,#2154,#2155,#2156,#2157,
    #2158,#2159,#2160,#2161,#2162,#2163,#2164,#2165,#2166),
  .UNSPECIFIED.,.F.,.F.,(4,1,1,1,1,1,1,1,1,1,1,1,1,1,1,1,1,1,1,1,1,1,4),
  (-1.47359525925,-1.406613656557,-1.339632053864,-1.27265045117,
    -1.205668848477,-1.138687245784,-1.071705643091,-1.004724040398,
    -0.937742437705,-0.870760835011,-0.803779232318,-0.736797629625,
    -0.669816026932,-0.602834424239,-0.535852821545,-0.468871218852,
    -0.401889616159,-0.334908013466,-0.267926410773,-0.20094480808,
    -0.133963205386,-6.698160269318E-02,0.),.UNSPECIFIED.);
#2142 = CARTESIAN_POINT('',(1.,2.21679111404));
#2143 = CARTESIAN_POINT('',(0.979980690798,2.21679111404));
#2144 = CARTESIAN_POINT('',(0.940187098283,2.216403419051));
#2145 = CARTESIAN_POINT('',(0.881516953413,2.214719426199));
#2146 = CARTESIAN_POINT('',(0.824226348389,2.211993559292));
#2147 = CARTESIAN_POINT('',(0.768415125191,2.208286598636));
#2148 = CARTESIAN_POINT('',(0.714155643589,2.203658566857));
#2149 = CARTESIAN_POINT('',(0.661541920648,2.1981723133));
#2150 = CARTESIAN_POINT('',(0.610623478877,2.191880138118));
#2151 = CARTESIAN_POINT('',(0.561834550766,2.184873711513));
#2152 = CARTESIAN_POINT('',(0.516292037824,2.177407267259));
#2153 = CARTESIAN_POINT('',(0.473189339095,2.169438602901));
#2154 = CARTESIAN_POINT('',(0.432307668494,2.16100356523));
#2155 = CARTESIAN_POINT('',(0.393198439165,2.152069893401));
#2156 = CARTESIAN_POINT('',(0.356136403063,2.142799707868));
#2157 = CARTESIAN_POINT('',(0.317658118884,2.132278722837));
#2158 = CARTESIAN_POINT('',(0.27807104472,2.12041080525));
#2159 = CARTESIAN_POINT('',(0.237409712825,2.107051782561));
#2160 = CARTESIAN_POINT('',(0.196252320858,2.092227902087));
#2161 = CARTESIAN_POINT('',(0.155320267868,2.076128377013));
#2162 = CARTESIAN_POINT('',(0.113878009842,2.058362970429));
#2163 = CARTESIAN_POINT('',(7.396284936486E-02,2.039782833254));
#2164 = CARTESIAN_POINT('',(3.600964008416E-02,2.020760312705));
#2165 = CARTESIAN_POINT('',(1.182564815557E-02,2.007798061277));
#2166 = CARTESIAN_POINT('',(0.,2.001267086329));
#2167 = ( GEOMETRIC_REPRESENTATION_CONTEXT(2) 
PARAMETRIC_REPRESENTATION_CONTEXT() REPRESENTATION_CONTEXT('2D SPACE',''
  ) );
#2168 = ADVANCED_FACE('',(#2169),#303,.T.);
#2169 = FACE_BOUND('',#2170,.T.);
#2170 = EDGE_LOOP('',(#2171,#2172,#2173,#2174));
#2171 = ORIENTED_EDGE('',*,*,#282,.F.);
#2172 = ORIENTED_EDGE('',*,*,#1869,.T.);
#2173 = ORIENTED_EDGE('',*,*,#1632,.T.);
#2174 = ORIENTED_EDGE('',*,*,#2175,.F.);
#2175 = EDGE_CURVE('',#255,#1633,#2176,.T.);
#2176 = SURFACE_CURVE('',#2177,(#2181,#2188),.PCURVE_S1.);
#2177 = LINE('',#2178,#2179);
#2178 = CARTESIAN_POINT('',(-17.5,-1.188067518543,12.292133821886));
#2179 = VECTOR('',#2180,1.);
#2180 = DIRECTION('',(1.,0.,0.));
#2181 = PCURVE('',#303,#2182);
#2182 = DEFINITIONAL_REPRESENTATION('',(#2183),#2187);
#2183 = LINE('',#2184,#2185);
#2184 = CARTESIAN_POINT('',(3.14159265359,0.));
#2185 = VECTOR('',#2186,1.);
#2186 = DIRECTION('',(0.,-1.));
#2187 = ( GEOMETRIC_REPRESENTATION_CONTEXT(2) 
PARAMETRIC_REPRESENTATION_CONTEXT() REPRESENTATION_CONTEXT('2D SPACE',''
  ) );
#2188 = PCURVE('',#270,#2189);
#2189 = DEFINITIONAL_REPRESENTATION('',(#2190),#2194);
#2190 = LINE('',#2191,#2192);
#2191 = CARTESIAN_POINT('',(8.485281374239,0.));
#2192 = VECTOR('',#2193,1.);
#2193 = DIRECTION('',(0.,-1.));
#2194 = ( GEOMETRIC_REPRESENTATION_CONTEXT(2) 
PARAMETRIC_REPRESENTATION_CONTEXT() REPRESENTATION_CONTEXT('2D SPACE',''
  ) );
#2195 = ADVANCED_FACE('',(#2196),#270,.F.);
#2196 = FACE_BOUND('',#2197,.F.);
#2197 = EDGE_LOOP('',(#2198,#2199,#2200));
#2198 = ORIENTED_EDGE('',*,*,#254,.F.);
#2199 = ORIENTED_EDGE('',*,*,#1757,.F.);
#2200 = ORIENTED_EDGE('',*,*,#2175,.F.);
#2201 = ADVANCED_FACE('',(#2202),#442,.F.);
#2202 = FACE_BOUND('',#2203,.F.);
#2203 = EDGE_LOOP('',(#2204,#2205,#2228,#2255));
#2204 = ORIENTED_EDGE('',*,*,#421,.F.);
#2205 = ORIENTED_EDGE('',*,*,#2206,.F.);
#2206 = EDGE_CURVE('',#2207,#422,#2209,.T.);
#2207 = VERTEX_POINT('',#2208);
#2208 = CARTESIAN_POINT('',(-15.5,8.630309099864,1.573757203479));
#2209 = SEAM_CURVE('',#2210,(#2214,#2221),.PCURVE_S1.);
#2210 = LINE('',#2211,#2212);
#2211 = CARTESIAN_POINT('',(-15.5,8.630309099864,1.573757203479));
#2212 = VECTOR('',#2213,1.);
#2213 = DIRECTION('',(-0.707106781187,1.731912112471E-16,-0.707106781187
    ));
#2214 = PCURVE('',#442,#2215);
#2215 = DEFINITIONAL_REPRESENTATION('',(#2216),#2220);
#2216 = LINE('',#2217,#2218);
#2217 = CARTESIAN_POINT('',(6.28318530718,-0.));
#2218 = VECTOR('',#2219,1.);
#2219 = DIRECTION('',(0.,1.));
#2220 = ( GEOMETRIC_REPRESENTATION_CONTEXT(2) 
PARAMETRIC_REPRESENTATION_CONTEXT() REPRESENTATION_CONTEXT('2D SPACE',''
  ) );
#2221 = PCURVE('',#442,#2222);
#2222 = DEFINITIONAL_REPRESENTATION('',(#2223),#2227);
#2223 = LINE('',#2224,#2225);
#2224 = CARTESIAN_POINT('',(0.,-0.));
#2225 = VECTOR('',#2226,1.);
#2226 = DIRECTION('',(0.,1.));
#2227 = ( GEOMETRIC_REPRESENTATION_CONTEXT(2) 
PARAMETRIC_REPRESENTATION_CONTEXT() REPRESENTATION_CONTEXT('2D SPACE',''
  ) );
#2228 = ORIENTED_EDGE('',*,*,#2229,.T.);
#2229 = EDGE_CURVE('',#2207,#2207,#2230,.T.);
#2230 = SURFACE_CURVE('',#2231,(#2236,#2243),.PCURVE_S1.);
#2231 = CIRCLE('',#2232,0.9);
#2232 = AXIS2_PLACEMENT_3D('',#2233,#2234,#2235);
#2233 = CARTESIAN_POINT('',(-15.5,8.630309099864,2.473757203479));
#2234 = DIRECTION('',(-1.,0.,0.));
#2235 = DIRECTION('',(0.,0.,-1.));
#2236 = PCURVE('',#442,#2237);
#2237 = DEFINITIONAL_REPRESENTATION('',(#2238),#2242);
#2238 = LINE('',#2239,#2240);
#2239 = CARTESIAN_POINT('',(0.,0.));
#2240 = VECTOR('',#2241,1.);
#2241 = DIRECTION('',(1.,0.));
#2242 = ( GEOMETRIC_REPRESENTATION_CONTEXT(2) 
PARAMETRIC_REPRESENTATION_CONTEXT() REPRESENTATION_CONTEXT('2D SPACE',''
  ) );
#2243 = PCURVE('',#2244,#2249);
#2244 = CYLINDRICAL_SURFACE('',#2245,0.9);
#2245 = AXIS2_PLACEMENT_3D('',#2246,#2247,#2248);
#2246 = CARTESIAN_POINT('',(-14.4,8.630309099864,2.473757203479));
#2247 = DIRECTION('',(-1.,0.,0.));
#2248 = DIRECTION('',(0.,0.,-1.));
#2249 = DEFINITIONAL_REPRESENTATION('',(#2250),#2254);
#2250 = LINE('',#2251,#2252);
#2251 = CARTESIAN_POINT('',(0.,1.1));
#2252 = VECTOR('',#2253,1.);
#2253 = DIRECTION('',(1.,0.));
#2254 = ( GEOMETRIC_REPRESENTATION_CONTEXT(2) 
PARAMETRIC_REPRESENTATION_CONTEXT() REPRESENTATION_CONTEXT('2D SPACE',''
  ) );
#2255 = ORIENTED_EDGE('',*,*,#2206,.T.);
#2256 = ADVANCED_FACE('',(#2257),#477,.F.);
#2257 = FACE_BOUND('',#2258,.F.);
#2258 = EDGE_LOOP('',(#2259,#2260,#2283,#2310));
#2259 = ORIENTED_EDGE('',*,*,#456,.F.);
#2260 = ORIENTED_EDGE('',*,*,#2261,.F.);
#2261 = EDGE_CURVE('',#2262,#457,#2264,.T.);
#2262 = VERTEX_POINT('',#2263);
#2263 = CARTESIAN_POINT('',(-15.5,2.630309099864,7.573757203479));
#2264 = SEAM_CURVE('',#2265,(#2269,#2276),.PCURVE_S1.);
#2265 = LINE('',#2266,#2267);
#2266 = CARTESIAN_POINT('',(-15.5,2.630309099864,7.573757203479));
#2267 = VECTOR('',#2268,1.);
#2268 = DIRECTION('',(-0.707106781187,1.731912112471E-16,-0.707106781187
    ));
#2269 = PCURVE('',#477,#2270);
#2270 = DEFINITIONAL_REPRESENTATION('',(#2271),#2275);
#2271 = LINE('',#2272,#2273);
#2272 = CARTESIAN_POINT('',(6.28318530718,-0.));
#2273 = VECTOR('',#2274,1.);
#2274 = DIRECTION('',(0.,1.));
#2275 = ( GEOMETRIC_REPRESENTATION_CONTEXT(2) 
PARAMETRIC_REPRESENTATION_CONTEXT() REPRESENTATION_CONTEXT('2D SPACE',''
  ) );
#2276 = PCURVE('',#477,#2277);
#2277 = DEFINITIONAL_REPRESENTATION('',(#2278),#2282);
#2278 = LINE('',#2279,#2280);
#2279 = CARTESIAN_POINT('',(0.,-0.));
#2280 = VECTOR('',#2281,1.);
#2281 = DIRECTION('',(0.,1.));
#2282 = ( GEOMETRIC_REPRESENTATION_CONTEXT(2) 
PARAMETRIC_REPRESENTATION_CONTEXT() REPRESENTATION_CONTEXT('2D SPACE',''
  ) );
#2283 = ORIENTED_EDGE('',*,*,#2284,.T.);
#2284 = EDGE_CURVE('',#2262,#2262,#2285,.T.);
#2285 = SURFACE_CURVE('',#2286,(#2291,#2298),.PCURVE_S1.);
#2286 = CIRCLE('',#2287,0.9);
#2287 = AXIS2_PLACEMENT_3D('',#2288,#2289,#2290);
#2288 = CARTESIAN_POINT('',(-15.5,2.630309099864,8.473757203479));
#2289 = DIRECTION('',(-1.,0.,0.));
#2290 = DIRECTION('',(0.,0.,-1.));
#2291 = PCURVE('',#477,#2292);
#2292 = DEFINITIONAL_REPRESENTATION('',(#2293),#2297);
#2293 = LINE('',#2294,#2295);
#2294 = CARTESIAN_POINT('',(0.,0.));
#2295 = VECTOR('',#2296,1.);
#2296 = DIRECTION('',(1.,0.));
#2297 = ( GEOMETRIC_REPRESENTATION_CONTEXT(2) 
PARAMETRIC_REPRESENTATION_CONTEXT() REPRESENTATION_CONTEXT('2D SPACE',''
  ) );
#2298 = PCURVE('',#2299,#2304);
#2299 = CYLINDRICAL_SURFACE('',#2300,0.9);
#2300 = AXIS2_PLACEMENT_3D('',#2301,#2302,#2303);
#2301 = CARTESIAN_POINT('',(-14.4,2.630309099864,8.473757203479));
#2302 = DIRECTION('',(-1.,0.,0.));
#2303 = DIRECTION('',(0.,0.,-1.));
#2304 = DEFINITIONAL_REPRESENTATION('',(#2305),#2309);
#2305 = LINE('',#2306,#2307);
#2306 = CARTESIAN_POINT('',(0.,1.1));
#2307 = VECTOR('',#2308,1.);
#2308 = DIRECTION('',(1.,0.));
#2309 = ( GEOMETRIC_REPRESENTATION_CONTEXT(2) 
PARAMETRIC_REPRESENTATION_CONTEXT() REPRESENTATION_CONTEXT('2D SPACE',''
  ) );
#2310 = ORIENTED_EDGE('',*,*,#2261,.T.);
#2311 = ADVANCED_FACE('',(#2312),#512,.F.);
#2312 = FACE_BOUND('',#2313,.F.);
#2313 = EDGE_LOOP('',(#2314,#2315,#2338,#2365));
#2314 = ORIENTED_EDGE('',*,*,#491,.F.);
#2315 = ORIENTED_EDGE('',*,*,#2316,.F.);
#2316 = EDGE_CURVE('',#2317,#492,#2319,.T.);
#2317 = VERTEX_POINT('',#2318);
#2318 = CARTESIAN_POINT('',(-15.5,14.630309099864,7.573757203479));
#2319 = SEAM_CURVE('',#2320,(#2324,#2331),.PCURVE_S1.);
#2320 = LINE('',#2321,#2322);
#2321 = CARTESIAN_POINT('',(-15.5,14.630309099864,7.573757203479));
#2322 = VECTOR('',#2323,1.);
#2323 = DIRECTION('',(-0.707106781187,1.731912112471E-16,-0.707106781187
    ));
#2324 = PCURVE('',#512,#2325);
#2325 = DEFINITIONAL_REPRESENTATION('',(#2326),#2330);
#2326 = LINE('',#2327,#2328);
#2327 = CARTESIAN_POINT('',(6.28318530718,-0.));
#2328 = VECTOR('',#2329,1.);
#2329 = DIRECTION('',(0.,1.));
#2330 = ( GEOMETRIC_REPRESENTATION_CONTEXT(2) 
PARAMETRIC_REPRESENTATION_CONTEXT() REPRESENTATION_CONTEXT('2D SPACE',''
  ) );
#2331 = PCURVE('',#512,#2332);
#2332 = DEFINITIONAL_REPRESENTATION('',(#2333),#2337);
#2333 = LINE('',#2334,#2335);
#2334 = CARTESIAN_POINT('',(0.,-0.));
#2335 = VECTOR('',#2336,1.);
#2336 = DIRECTION('',(0.,1.));
#2337 = ( GEOMETRIC_REPRESENTATION_CONTEXT(2) 
PARAMETRIC_REPRESENTATION_CONTEXT() REPRESENTATION_CONTEXT('2D SPACE',''
  ) );
#2338 = ORIENTED_EDGE('',*,*,#2339,.T.);
#2339 = EDGE_CURVE('',#2317,#2317,#2340,.T.);
#2340 = SURFACE_CURVE('',#2341,(#2346,#2353),.PCURVE_S1.);
#2341 = CIRCLE('',#2342,0.9);
#2342 = AXIS2_PLACEMENT_3D('',#2343,#2344,#2345);
#2343 = CARTESIAN_POINT('',(-15.5,14.630309099864,8.473757203479));
#2344 = DIRECTION('',(-1.,0.,0.));
#2345 = DIRECTION('',(0.,0.,-1.));
#2346 = PCURVE('',#512,#2347);
#2347 = DEFINITIONAL_REPRESENTATION('',(#2348),#2352);
#2348 = LINE('',#2349,#2350);
#2349 = CARTESIAN_POINT('',(0.,0.));
#2350 = VECTOR('',#2351,1.);
#2351 = DIRECTION('',(1.,0.));
#2352 = ( GEOMETRIC_REPRESENTATION_CONTEXT(2) 
PARAMETRIC_REPRESENTATION_CONTEXT() REPRESENTATION_CONTEXT('2D SPACE',''
  ) );
#2353 = PCURVE('',#2354,#2359);
#2354 = CYLINDRICAL_SURFACE('',#2355,0.9);
#2355 = AXIS2_PLACEMENT_3D('',#2356,#2357,#2358);
#2356 = CARTESIAN_POINT('',(-14.4,14.630309099864,8.473757203479));
#2357 = DIRECTION('',(-1.,0.,0.));
#2358 = DIRECTION('',(0.,0.,-1.));
#2359 = DEFINITIONAL_REPRESENTATION('',(#2360),#2364);
#2360 = LINE('',#2361,#2362);
#2361 = CARTESIAN_POINT('',(0.,1.1));
#2362 = VECTOR('',#2363,1.);
#2363 = DIRECTION('',(1.,0.));
#2364 = ( GEOMETRIC_REPRESENTATION_CONTEXT(2) 
PARAMETRIC_REPRESENTATION_CONTEXT() REPRESENTATION_CONTEXT('2D SPACE',''
  ) );
#2365 = ORIENTED_EDGE('',*,*,#2316,.T.);
#2366 = ADVANCED_FACE('',(#2367),#547,.F.);
#2367 = FACE_BOUND('',#2368,.F.);
#2368 = EDGE_LOOP('',(#2369,#2370,#2393,#2420));
#2369 = ORIENTED_EDGE('',*,*,#526,.F.);
#2370 = ORIENTED_EDGE('',*,*,#2371,.F.);
#2371 = EDGE_CURVE('',#2372,#527,#2374,.T.);
#2372 = VERTEX_POINT('',#2373);
#2373 = CARTESIAN_POINT('',(-15.5,8.630309099864,13.573757203479));
#2374 = SEAM_CURVE('',#2375,(#2379,#2386),.PCURVE_S1.);
#2375 = LINE('',#2376,#2377);
#2376 = CARTESIAN_POINT('',(-15.5,8.630309099864,13.573757203479));
#2377 = VECTOR('',#2378,1.);
#2378 = DIRECTION('',(-0.707106781187,1.731912112471E-16,-0.707106781187
    ));
#2379 = PCURVE('',#547,#2380);
#2380 = DEFINITIONAL_REPRESENTATION('',(#2381),#2385);
#2381 = LINE('',#2382,#2383);
#2382 = CARTESIAN_POINT('',(6.28318530718,-0.));
#2383 = VECTOR('',#2384,1.);
#2384 = DIRECTION('',(0.,1.));
#2385 = ( GEOMETRIC_REPRESENTATION_CONTEXT(2) 
PARAMETRIC_REPRESENTATION_CONTEXT() REPRESENTATION_CONTEXT('2D SPACE',''
  ) );
#2386 = PCURVE('',#547,#2387);
#2387 = DEFINITIONAL_REPRESENTATION('',(#2388),#2392);
#2388 = LINE('',#2389,#2390);
#2389 = CARTESIAN_POINT('',(0.,-0.));
#2390 = VECTOR('',#2391,1.);
#2391 = DIRECTION('',(0.,1.));
#2392 = ( GEOMETRIC_REPRESENTATION_CONTEXT(2) 
PARAMETRIC_REPRESENTATION_CONTEXT() REPRESENTATION_CONTEXT('2D SPACE',''
  ) );
#2393 = ORIENTED_EDGE('',*,*,#2394,.T.);
#2394 = EDGE_CURVE('',#2372,#2372,#2395,.T.);
#2395 = SURFACE_CURVE('',#2396,(#2401,#2408),.PCURVE_S1.);
#2396 = CIRCLE('',#2397,0.9);
#2397 = AXIS2_PLACEMENT_3D('',#2398,#2399,#2400);
#2398 = CARTESIAN_POINT('',(-15.5,8.630309099864,14.473757203479));
#2399 = DIRECTION('',(-1.,0.,0.));
#2400 = DIRECTION('',(0.,0.,-1.));
#2401 = PCURVE('',#547,#2402);
#2402 = DEFINITIONAL_REPRESENTATION('',(#2403),#2407);
#2403 = LINE('',#2404,#2405);
#2404 = CARTESIAN_POINT('',(0.,0.));
#2405 = VECTOR('',#2406,1.);
#2406 = DIRECTION('',(1.,0.));
#2407 = ( GEOMETRIC_REPRESENTATION_CONTEXT(2) 
PARAMETRIC_REPRESENTATION_CONTEXT() REPRESENTATION_CONTEXT('2D SPACE',''
  ) );
#2408 = PCURVE('',#2409,#2414);
#2409 = CYLINDRICAL_SURFACE('',#2410,0.9);
#2410 = AXIS2_PLACEMENT_3D('',#2411,#2412,#2413);
#2411 = CARTESIAN_POINT('',(-14.4,8.630309099864,14.473757203479));
#2412 = DIRECTION('',(-1.,0.,0.));
#2413 = DIRECTION('',(0.,0.,-1.));
#2414 = DEFINITIONAL_REPRESENTATION('',(#2415),#2419);
#2415 = LINE('',#2416,#2417);
#2416 = CARTESIAN_POINT('',(0.,1.1));
#2417 = VECTOR('',#2418,1.);
#2418 = DIRECTION('',(1.,0.));
#2419 = ( GEOMETRIC_REPRESENTATION_CONTEXT(2) 
PARAMETRIC_REPRESENTATION_CONTEXT() REPRESENTATION_CONTEXT('2D SPACE',''
  ) );
#2420 = ORIENTED_EDGE('',*,*,#2371,.T.);
#2421 = ADVANCED_FACE('',(#2422,#2452,#2482,#2512,#2542),#602,.T.);
#2422 = FACE_BOUND('',#2423,.T.);
#2423 = EDGE_LOOP('',(#2424,#2425,#2426,#2446,#2447,#2448,#2449,#2450,
    #2451));
#2424 = ORIENTED_EDGE('',*,*,#1838,.F.);
#2425 = ORIENTED_EDGE('',*,*,#2022,.F.);
#2426 = ORIENTED_EDGE('',*,*,#2427,.T.);
#2427 = EDGE_CURVE('',#2023,#936,#2428,.T.);
#2428 = SURFACE_CURVE('',#2429,(#2433,#2440),.PCURVE_S1.);
#2429 = LINE('',#2430,#2431);
#2430 = CARTESIAN_POINT('',(-14.5,-9.005381305841E-16,20.012670863286));
#2431 = VECTOR('',#2432,1.);
#2432 = DIRECTION('',(0.,0.,-1.));
#2433 = PCURVE('',#602,#2434);
#2434 = DEFINITIONAL_REPRESENTATION('',(#2435),#2439);
#2435 = LINE('',#2436,#2437);
#2436 = CARTESIAN_POINT('',(11.538913659808,8.630309099864));
#2437 = VECTOR('',#2438,1.);
#2438 = DIRECTION('',(-1.,0.));
#2439 = ( GEOMETRIC_REPRESENTATION_CONTEXT(2) 
PARAMETRIC_REPRESENTATION_CONTEXT() REPRESENTATION_CONTEXT('2D SPACE',''
  ) );
#2440 = PCURVE('',#965,#2441);
#2441 = DEFINITIONAL_REPRESENTATION('',(#2442),#2445);
#2442 = B_SPLINE_CURVE_WITH_KNOTS('',1,(#2443,#2444),.UNSPECIFIED.,.F.,
  .F.,(2,2),(0.,20.012670863286),.PIECEWISE_BEZIER_KNOTS.);
#2443 = CARTESIAN_POINT('',(7.931154893146E-18,2.001267086329));
#2444 = CARTESIAN_POINT('',(7.931154893146E-18,9.959481156452E-17));
#2445 = ( GEOMETRIC_REPRESENTATION_CONTEXT(2) 
PARAMETRIC_REPRESENTATION_CONTEXT() REPRESENTATION_CONTEXT('2D SPACE',''
  ) );
#2446 = ORIENTED_EDGE('',*,*,#993,.F.);
#2447 = ORIENTED_EDGE('',*,*,#714,.T.);
#2448 = ORIENTED_EDGE('',*,*,#585,.F.);
#2449 = ORIENTED_EDGE('',*,*,#644,.T.);
#2450 = ORIENTED_EDGE('',*,*,#762,.F.);
#2451 = ORIENTED_EDGE('',*,*,#1309,.T.);
#2452 = FACE_BOUND('',#2453,.T.);
#2453 = EDGE_LOOP('',(#2454));
#2454 = ORIENTED_EDGE('',*,*,#2455,.T.);
#2455 = EDGE_CURVE('',#2456,#2456,#2458,.T.);
#2456 = VERTEX_POINT('',#2457);
#2457 = CARTESIAN_POINT('',(-14.5,14.630309099864,7.573757203479));
#2458 = SURFACE_CURVE('',#2459,(#2464,#2475),.PCURVE_S1.);
#2459 = CIRCLE('',#2460,0.9);
#2460 = AXIS2_PLACEMENT_3D('',#2461,#2462,#2463);
#2461 = CARTESIAN_POINT('',(-14.5,14.630309099864,8.473757203479));
#2462 = DIRECTION('',(-1.,0.,0.));
#2463 = DIRECTION('',(0.,0.,-1.));
#2464 = PCURVE('',#602,#2465);
#2465 = DEFINITIONAL_REPRESENTATION('',(#2466),#2474);
#2466 = ( BOUNDED_CURVE() B_SPLINE_CURVE(2,(#2467,#2468,#2469,#2470,
#2471,#2472,#2473),.UNSPECIFIED.,.T.,.F.) B_SPLINE_CURVE_WITH_KNOTS((1,2
    ,2,2,2,1),(-2.094395102393,0.,2.094395102393,4.188790204786,
6.28318530718,8.377580409573),.UNSPECIFIED.) CURVE() 
GEOMETRIC_REPRESENTATION_ITEM() RATIONAL_B_SPLINE_CURVE((1.,0.5,1.,0.5,
1.,0.5,1.)) REPRESENTATION_ITEM('') );
#2467 = CARTESIAN_POINT('',(-0.9,-6.));
#2468 = CARTESIAN_POINT('',(-0.9,-4.441154273188));
#2469 = CARTESIAN_POINT('',(0.45,-5.220577136594));
#2470 = CARTESIAN_POINT('',(1.8,-6.));
#2471 = CARTESIAN_POINT('',(0.45,-6.779422863406));
#2472 = CARTESIAN_POINT('',(-0.9,-7.558845726812));
#2473 = CARTESIAN_POINT('',(-0.9,-6.));
#2474 = ( GEOMETRIC_REPRESENTATION_CONTEXT(2) 
PARAMETRIC_REPRESENTATION_CONTEXT() REPRESENTATION_CONTEXT('2D SPACE',''
  ) );
#2475 = PCURVE('',#2354,#2476);
#2476 = DEFINITIONAL_REPRESENTATION('',(#2477),#2481);
#2477 = LINE('',#2478,#2479);
#2478 = CARTESIAN_POINT('',(0.,1.E-01));
#2479 = VECTOR('',#2480,1.);
#2480 = DIRECTION('',(1.,0.));
#2481 = ( GEOMETRIC_REPRESENTATION_CONTEXT(2) 
PARAMETRIC_REPRESENTATION_CONTEXT() REPRESENTATION_CONTEXT('2D SPACE',''
  ) );
#2482 = FACE_BOUND('',#2483,.T.);
#2483 = EDGE_LOOP('',(#2484));
#2484 = ORIENTED_EDGE('',*,*,#2485,.T.);
#2485 = EDGE_CURVE('',#2486,#2486,#2488,.T.);
#2486 = VERTEX_POINT('',#2487);
#2487 = CARTESIAN_POINT('',(-14.5,8.630309099864,1.573757203479));
#2488 = SURFACE_CURVE('',#2489,(#2494,#2505),.PCURVE_S1.);
#2489 = CIRCLE('',#2490,0.9);
#2490 = AXIS2_PLACEMENT_3D('',#2491,#2492,#2493);
#2491 = CARTESIAN_POINT('',(-14.5,8.630309099864,2.473757203479));
#2492 = DIRECTION('',(-1.,0.,0.));
#2493 = DIRECTION('',(0.,0.,-1.));
#2494 = PCURVE('',#602,#2495);
#2495 = DEFINITIONAL_REPRESENTATION('',(#2496),#2504);
#2496 = ( BOUNDED_CURVE() B_SPLINE_CURVE(2,(#2497,#2498,#2499,#2500,
#2501,#2502,#2503),.UNSPECIFIED.,.T.,.F.) B_SPLINE_CURVE_WITH_KNOTS((1,2
    ,2,2,2,1),(-2.094395102393,0.,2.094395102393,4.188790204786,
6.28318530718,8.377580409573),.UNSPECIFIED.) CURVE() 
GEOMETRIC_REPRESENTATION_ITEM() RATIONAL_B_SPLINE_CURVE((1.,0.5,1.,0.5,
1.,0.5,1.)) REPRESENTATION_ITEM('') );
#2497 = CARTESIAN_POINT('',(-6.9,0.));
#2498 = CARTESIAN_POINT('',(-6.9,1.558845726812));
#2499 = CARTESIAN_POINT('',(-5.55,0.779422863406));
#2500 = CARTESIAN_POINT('',(-4.2,2.204364238465E-16));
#2501 = CARTESIAN_POINT('',(-5.55,-0.779422863406));
#2502 = CARTESIAN_POINT('',(-6.9,-1.558845726812));
#2503 = CARTESIAN_POINT('',(-6.9,0.));
#2504 = ( GEOMETRIC_REPRESENTATION_CONTEXT(2) 
PARAMETRIC_REPRESENTATION_CONTEXT() REPRESENTATION_CONTEXT('2D SPACE',''
  ) );
#2505 = PCURVE('',#2244,#2506);
#2506 = DEFINITIONAL_REPRESENTATION('',(#2507),#2511);
#2507 = LINE('',#2508,#2509);
#2508 = CARTESIAN_POINT('',(0.,1.E-01));
#2509 = VECTOR('',#2510,1.);
#2510 = DIRECTION('',(1.,0.));
#2511 = ( GEOMETRIC_REPRESENTATION_CONTEXT(2) 
PARAMETRIC_REPRESENTATION_CONTEXT() REPRESENTATION_CONTEXT('2D SPACE',''
  ) );
#2512 = FACE_BOUND('',#2513,.T.);
#2513 = EDGE_LOOP('',(#2514));
#2514 = ORIENTED_EDGE('',*,*,#2515,.T.);
#2515 = EDGE_CURVE('',#2516,#2516,#2518,.T.);
#2516 = VERTEX_POINT('',#2517);
#2517 = CARTESIAN_POINT('',(-14.5,8.630309099864,13.573757203479));
#2518 = SURFACE_CURVE('',#2519,(#2524,#2535),.PCURVE_S1.);
#2519 = CIRCLE('',#2520,0.9);
#2520 = AXIS2_PLACEMENT_3D('',#2521,#2522,#2523);
#2521 = CARTESIAN_POINT('',(-14.5,8.630309099864,14.473757203479));
#2522 = DIRECTION('',(-1.,0.,0.));
#2523 = DIRECTION('',(0.,0.,-1.));
#2524 = PCURVE('',#602,#2525);
#2525 = DEFINITIONAL_REPRESENTATION('',(#2526),#2534);
#2526 = ( BOUNDED_CURVE() B_SPLINE_CURVE(2,(#2527,#2528,#2529,#2530,
#2531,#2532,#2533),.UNSPECIFIED.,.T.,.F.) B_SPLINE_CURVE_WITH_KNOTS((1,2
    ,2,2,2,1),(-2.094395102393,0.,2.094395102393,4.188790204786,
6.28318530718,8.377580409573),.UNSPECIFIED.) CURVE() 
GEOMETRIC_REPRESENTATION_ITEM() RATIONAL_B_SPLINE_CURVE((1.,0.5,1.,0.5,
1.,0.5,1.)) REPRESENTATION_ITEM('') );
#2527 = CARTESIAN_POINT('',(5.1,0.));
#2528 = CARTESIAN_POINT('',(5.1,1.558845726812));
#2529 = CARTESIAN_POINT('',(6.45,0.779422863406));
#2530 = CARTESIAN_POINT('',(7.8,2.204364238465E-16));
#2531 = CARTESIAN_POINT('',(6.45,-0.779422863406));
#2532 = CARTESIAN_POINT('',(5.1,-1.558845726812));
#2533 = CARTESIAN_POINT('',(5.1,0.));
#2534 = ( GEOMETRIC_REPRESENTATION_CONTEXT(2) 
PARAMETRIC_REPRESENTATION_CONTEXT() REPRESENTATION_CONTEXT('2D SPACE',''
  ) );
#2535 = PCURVE('',#2409,#2536);
#2536 = DEFINITIONAL_REPRESENTATION('',(#2537),#2541);
#2537 = LINE('',#2538,#2539);
#2538 = CARTESIAN_POINT('',(0.,1.E-01));
#2539 = VECTOR('',#2540,1.);
#2540 = DIRECTION('',(1.,0.));
#2541 = ( GEOMETRIC_REPRESENTATION_CONTEXT(2) 
PARAMETRIC_REPRESENTATION_CONTEXT() REPRESENTATION_CONTEXT('2D SPACE',''
  ) );
#2542 = FACE_BOUND('',#2543,.T.);
#2543 = EDGE_LOOP('',(#2544));
#2544 = ORIENTED_EDGE('',*,*,#2545,.T.);
#2545 = EDGE_CURVE('',#2546,#2546,#2548,.T.);
#2546 = VERTEX_POINT('',#2547);
#2547 = CARTESIAN_POINT('',(-14.5,2.630309099864,7.573757203479));
#2548 = SURFACE_CURVE('',#2549,(#2554,#2565),.PCURVE_S1.);
#2549 = CIRCLE('',#2550,0.9);
#2550 = AXIS2_PLACEMENT_3D('',#2551,#2552,#2553);
#2551 = CARTESIAN_POINT('',(-14.5,2.630309099864,8.473757203479));
#2552 = DIRECTION('',(-1.,0.,0.));
#2553 = DIRECTION('',(0.,0.,-1.));
#2554 = PCURVE('',#602,#2555);
#2555 = DEFINITIONAL_REPRESENTATION('',(#2556),#2564);
#2556 = ( BOUNDED_CURVE() B_SPLINE_CURVE(2,(#2557,#2558,#2559,#2560,
#2561,#2562,#2563),.UNSPECIFIED.,.T.,.F.) B_SPLINE_CURVE_WITH_KNOTS((1,2
    ,2,2,2,1),(-2.094395102393,0.,2.094395102393,4.188790204786,
6.28318530718,8.377580409573),.UNSPECIFIED.) CURVE() 
GEOMETRIC_REPRESENTATION_ITEM() RATIONAL_B_SPLINE_CURVE((1.,0.5,1.,0.5,
1.,0.5,1.)) REPRESENTATION_ITEM('') );
#2557 = CARTESIAN_POINT('',(-0.9,6.));
#2558 = CARTESIAN_POINT('',(-0.9,7.558845726812));
#2559 = CARTESIAN_POINT('',(0.45,6.779422863406));
#2560 = CARTESIAN_POINT('',(1.8,6.));
#2561 = CARTESIAN_POINT('',(0.45,5.220577136594));
#2562 = CARTESIAN_POINT('',(-0.9,4.441154273188));
#2563 = CARTESIAN_POINT('',(-0.9,6.));
#2564 = ( GEOMETRIC_REPRESENTATION_CONTEXT(2) 
PARAMETRIC_REPRESENTATION_CONTEXT() REPRESENTATION_CONTEXT('2D SPACE',''
  ) );
#2565 = PCURVE('',#2299,#2566);
#2566 = DEFINITIONAL_REPRESENTATION('',(#2567),#2571);
#2567 = LINE('',#2568,#2569);
#2568 = CARTESIAN_POINT('',(0.,1.E-01));
#2569 = VECTOR('',#2570,1.);
#2570 = DIRECTION('',(1.,0.));
#2571 = ( GEOMETRIC_REPRESENTATION_CONTEXT(2) 
PARAMETRIC_REPRESENTATION_CONTEXT() REPRESENTATION_CONTEXT('2D SPACE',''
  ) );
#2572 = ADVANCED_FACE('',(#2573,#2879,#2910,#2941,#2972),#811,.T.);
#2573 = FACE_BOUND('',#2574,.T.);
#2574 = EDGE_LOOP('',(#2575,#2576,#2599,#2632,#2660,#2693,#2721,#2747,
    #2748,#2770,#2798,#2831,#2859));
#2575 = ORIENTED_EDGE('',*,*,#793,.F.);
#2576 = ORIENTED_EDGE('',*,*,#2577,.T.);
#2577 = EDGE_CURVE('',#794,#2578,#2580,.T.);
#2578 = VERTEX_POINT('',#2579);
#2579 = CARTESIAN_POINT('',(17.5,4.811932481457,-1.344619414929));
#2580 = SURFACE_CURVE('',#2581,(#2585,#2592),.PCURVE_S1.);
#2581 = LINE('',#2582,#2583);
#2582 = CARTESIAN_POINT('',(17.5,-1.188067518543,4.655380585071));
#2583 = VECTOR('',#2584,1.);
#2584 = DIRECTION('',(0.,0.707106781187,-0.707106781187));
#2585 = PCURVE('',#811,#2586);
#2586 = DEFINITIONAL_REPRESENTATION('',(#2587),#2591);
#2587 = LINE('',#2588,#2589);
#2588 = CARTESIAN_POINT('',(-1.0689189903,4.655380585071));
#2589 = VECTOR('',#2590,1.);
#2590 = DIRECTION('',(0.707106781187,-0.707106781187));
#2591 = ( GEOMETRIC_REPRESENTATION_CONTEXT(2) 
PARAMETRIC_REPRESENTATION_CONTEXT() REPRESENTATION_CONTEXT('2D SPACE',''
  ) );
#2592 = PCURVE('',#838,#2593);
#2593 = DEFINITIONAL_REPRESENTATION('',(#2594),#2598);
#2594 = LINE('',#2595,#2596);
#2595 = CARTESIAN_POINT('',(1.099064721079E-15,-3.));
#2596 = VECTOR('',#2597,1.);
#2597 = DIRECTION('',(1.,0.));
#2598 = ( GEOMETRIC_REPRESENTATION_CONTEXT(2) 
PARAMETRIC_REPRESENTATION_CONTEXT() REPRESENTATION_CONTEXT('2D SPACE',''
  ) );
#2599 = ORIENTED_EDGE('',*,*,#2600,.F.);
#2600 = EDGE_CURVE('',#2601,#2578,#2603,.T.);
#2601 = VERTEX_POINT('',#2602);
#2602 = CARTESIAN_POINT('',(17.5,12.448685718272,-1.344619414929));
#2603 = SURFACE_CURVE('',#2604,(#2609,#2620),.PCURVE_S1.);
#2604 = CIRCLE('',#2605,5.4);
#2605 = AXIS2_PLACEMENT_3D('',#2606,#2607,#2608);
#2606 = CARTESIAN_POINT('',(17.5,8.630309099864,2.473757203479));
#2607 = DIRECTION('',(-1.,0.,0.));
#2608 = DIRECTION('',(0.,0.707106781187,0.707106781187));
#2609 = PCURVE('',#811,#2610);
#2610 = DEFINITIONAL_REPRESENTATION('',(#2611),#2619);
#2611 = ( BOUNDED_CURVE() B_SPLINE_CURVE(2,(#2612,#2613,#2614,#2615,
#2616,#2617,#2618),.UNSPECIFIED.,.T.,.F.) B_SPLINE_CURVE_WITH_KNOTS((1,2
    ,2,2,2,1),(-2.094395102393,0.,2.094395102393,4.188790204786,
6.28318530718,8.377580409573),.UNSPECIFIED.) CURVE() 
GEOMETRIC_REPRESENTATION_ITEM() RATIONAL_B_SPLINE_CURVE((1.,0.5,1.,0.5,
1.,0.5,1.)) REPRESENTATION_ITEM('') );
#2612 = CARTESIAN_POINT('',(12.567834246514,6.292133821886));
#2613 = CARTESIAN_POINT('',(19.181456552029,-0.321488483629));
#2614 = CARTESIAN_POINT('',(10.147080471661,-2.742242258482));
#2615 = CARTESIAN_POINT('',(1.112704391292,-5.162996033336));
#2616 = CARTESIAN_POINT('',(3.533458166146,3.871380047032));
#2617 = CARTESIAN_POINT('',(5.954211941,12.905756127401));
#2618 = CARTESIAN_POINT('',(12.567834246514,6.292133821886));
#2619 = ( GEOMETRIC_REPRESENTATION_CONTEXT(2) 
PARAMETRIC_REPRESENTATION_CONTEXT() REPRESENTATION_CONTEXT('2D SPACE',''
  ) );
#2620 = PCURVE('',#2621,#2626);
#2621 = CYLINDRICAL_SURFACE('',#2622,5.4);
#2622 = AXIS2_PLACEMENT_3D('',#2623,#2624,#2625);
#2623 = CARTESIAN_POINT('',(14.5,8.630309099864,2.473757203479));
#2624 = DIRECTION('',(-1.,0.,0.));
#2625 = DIRECTION('',(0.,0.707106781187,0.707106781187));
#2626 = DEFINITIONAL_REPRESENTATION('',(#2627),#2631);
#2627 = LINE('',#2628,#2629);
#2628 = CARTESIAN_POINT('',(0.,-3.));
#2629 = VECTOR('',#2630,1.);
#2630 = DIRECTION('',(1.,0.));
#2631 = ( GEOMETRIC_REPRESENTATION_CONTEXT(2) 
PARAMETRIC_REPRESENTATION_CONTEXT() REPRESENTATION_CONTEXT('2D SPACE',''
  ) );
#2632 = ORIENTED_EDGE('',*,*,#2633,.T.);
#2633 = EDGE_CURVE('',#2601,#2634,#2636,.T.);
#2634 = VERTEX_POINT('',#2635);
#2635 = CARTESIAN_POINT('',(17.5,18.448685718272,4.655380585071));
#2636 = SURFACE_CURVE('',#2637,(#2641,#2648),.PCURVE_S1.);
#2637 = LINE('',#2638,#2639);
#2638 = CARTESIAN_POINT('',(17.5,12.448685718272,-1.344619414929));
#2639 = VECTOR('',#2640,1.);
#2640 = DIRECTION('',(-0.,0.707106781187,0.707106781187));
#2641 = PCURVE('',#811,#2642);
#2642 = DEFINITIONAL_REPRESENTATION('',(#2643),#2647);
#2643 = LINE('',#2644,#2645);
#2644 = CARTESIAN_POINT('',(12.567834246514,-1.344619414929));
#2645 = VECTOR('',#2646,1.);
#2646 = DIRECTION('',(0.707106781187,0.707106781187));
#2647 = ( GEOMETRIC_REPRESENTATION_CONTEXT(2) 
PARAMETRIC_REPRESENTATION_CONTEXT() REPRESENTATION_CONTEXT('2D SPACE',''
  ) );
#2648 = PCURVE('',#2649,#2654);
#2649 = PLANE('',#2650);
#2650 = AXIS2_PLACEMENT_3D('',#2651,#2652,#2653);
#2651 = CARTESIAN_POINT('',(14.5,12.448685718272,-1.344619414929));
#2652 = DIRECTION('',(0.,-0.707106781187,0.707106781187));
#2653 = DIRECTION('',(-0.,0.707106781187,0.707106781187));
#2654 = DEFINITIONAL_REPRESENTATION('',(#2655),#2659);
#2655 = LINE('',#2656,#2657);
#2656 = CARTESIAN_POINT('',(1.570092458684E-16,-3.));
#2657 = VECTOR('',#2658,1.);
#2658 = DIRECTION('',(1.,0.));
#2659 = ( GEOMETRIC_REPRESENTATION_CONTEXT(2) 
PARAMETRIC_REPRESENTATION_CONTEXT() REPRESENTATION_CONTEXT('2D SPACE',''
  ) );
#2660 = ORIENTED_EDGE('',*,*,#2661,.F.);
#2661 = EDGE_CURVE('',#2662,#2634,#2664,.T.);
#2662 = VERTEX_POINT('',#2663);
#2663 = CARTESIAN_POINT('',(17.5,18.448685718272,12.292133821886));
#2664 = SURFACE_CURVE('',#2665,(#2670,#2681),.PCURVE_S1.);
#2665 = CIRCLE('',#2666,5.4);
#2666 = AXIS2_PLACEMENT_3D('',#2667,#2668,#2669);
#2667 = CARTESIAN_POINT('',(17.5,14.630309099864,8.473757203479));
#2668 = DIRECTION('',(-1.,0.,0.));
#2669 = DIRECTION('',(0.,-0.707106781187,0.707106781187));
#2670 = PCURVE('',#811,#2671);
#2671 = DEFINITIONAL_REPRESENTATION('',(#2672),#2680);
#2672 = ( BOUNDED_CURVE() B_SPLINE_CURVE(2,(#2673,#2674,#2675,#2676,
#2677,#2678,#2679),.UNSPECIFIED.,.T.,.F.) B_SPLINE_CURVE_WITH_KNOTS((1,2
    ,2,2,2,1),(-2.094395102393,0.,2.094395102393,4.188790204786,
6.28318530718,8.377580409573),.UNSPECIFIED.) CURVE() 
GEOMETRIC_REPRESENTATION_ITEM() RATIONAL_B_SPLINE_CURVE((1.,0.5,1.,0.5,
1.,0.5,1.)) REPRESENTATION_ITEM('') );
#2673 = CARTESIAN_POINT('',(10.9310810097,12.292133821886));
#2674 = CARTESIAN_POINT('',(17.544703315214,18.905756127401));
#2675 = CARTESIAN_POINT('',(19.965457090068,9.871380047032));
#2676 = CARTESIAN_POINT('',(22.386210864922,0.837003966664));
#2677 = CARTESIAN_POINT('',(13.351834784554,3.257757741518));
#2678 = CARTESIAN_POINT('',(4.317458704185,5.678511516371));
#2679 = CARTESIAN_POINT('',(10.9310810097,12.292133821886));
#2680 = ( GEOMETRIC_REPRESENTATION_CONTEXT(2) 
PARAMETRIC_REPRESENTATION_CONTEXT() REPRESENTATION_CONTEXT('2D SPACE',''
  ) );
#2681 = PCURVE('',#2682,#2687);
#2682 = CYLINDRICAL_SURFACE('',#2683,5.4);
#2683 = AXIS2_PLACEMENT_3D('',#2684,#2685,#2686);
#2684 = CARTESIAN_POINT('',(14.5,14.630309099864,8.473757203479));
#2685 = DIRECTION('',(-1.,0.,0.));
#2686 = DIRECTION('',(0.,-0.707106781187,0.707106781187));
#2687 = DEFINITIONAL_REPRESENTATION('',(#2688),#2692);
#2688 = LINE('',#2689,#2690);
#2689 = CARTESIAN_POINT('',(0.,-3.));
#2690 = VECTOR('',#2691,1.);
#2691 = DIRECTION('',(1.,0.));
#2692 = ( GEOMETRIC_REPRESENTATION_CONTEXT(2) 
PARAMETRIC_REPRESENTATION_CONTEXT() REPRESENTATION_CONTEXT('2D SPACE',''
  ) );
#2693 = ORIENTED_EDGE('',*,*,#2694,.T.);
#2694 = EDGE_CURVE('',#2662,#2695,#2697,.T.);
#2695 = VERTEX_POINT('',#2696);
#2696 = CARTESIAN_POINT('',(17.5,12.448685718272,18.292133821886));
#2697 = SURFACE_CURVE('',#2698,(#2702,#2709),.PCURVE_S1.);
#2698 = LINE('',#2699,#2700);
#2699 = CARTESIAN_POINT('',(17.5,18.448685718272,12.292133821886));
#2700 = VECTOR('',#2701,1.);
#2701 = DIRECTION('',(0.,-0.707106781187,0.707106781187));
#2702 = PCURVE('',#811,#2703);
#2703 = DEFINITIONAL_REPRESENTATION('',(#2704),#2708);
#2704 = LINE('',#2705,#2706);
#2705 = CARTESIAN_POINT('',(18.567834246514,12.292133821886));
#2706 = VECTOR('',#2707,1.);
#2707 = DIRECTION('',(-0.707106781187,0.707106781187));
#2708 = ( GEOMETRIC_REPRESENTATION_CONTEXT(2) 
PARAMETRIC_REPRESENTATION_CONTEXT() REPRESENTATION_CONTEXT('2D SPACE',''
  ) );
#2709 = PCURVE('',#2710,#2715);
#2710 = PLANE('',#2711);
#2711 = AXIS2_PLACEMENT_3D('',#2712,#2713,#2714);
#2712 = CARTESIAN_POINT('',(14.5,18.448685718272,12.292133821886));
#2713 = DIRECTION('',(0.,-0.707106781187,-0.707106781187));
#2714 = DIRECTION('',(0.,-0.707106781187,0.707106781187));
#2715 = DEFINITIONAL_REPRESENTATION('',(#2716),#2720);
#2716 = LINE('',#2717,#2718);
#2717 = CARTESIAN_POINT('',(0.,-3.));
#2718 = VECTOR('',#2719,1.);
#2719 = DIRECTION('',(1.,0.));
#2720 = ( GEOMETRIC_REPRESENTATION_CONTEXT(2) 
PARAMETRIC_REPRESENTATION_CONTEXT() REPRESENTATION_CONTEXT('2D SPACE',''
  ) );
#2721 = ORIENTED_EDGE('',*,*,#2722,.F.);
#2722 = EDGE_CURVE('',#1920,#2695,#2723,.T.);
#2723 = SURFACE_CURVE('',#2724,(#2729,#2740),.PCURVE_S1.);
#2724 = CIRCLE('',#2725,5.4);
#2725 = AXIS2_PLACEMENT_3D('',#2726,#2727,#2728);
#2726 = CARTESIAN_POINT('',(17.5,8.630309099864,14.473757203479));
#2727 = DIRECTION('',(-1.,-0.,0.));
#2728 = DIRECTION('',(0.,-0.707106781187,-0.707106781187));
#2729 = PCURVE('',#811,#2730);
#2730 = DEFINITIONAL_REPRESENTATION('',(#2731),#2739);
#2731 = ( BOUNDED_CURVE() B_SPLINE_CURVE(2,(#2732,#2733,#2734,#2735,
#2736,#2737,#2738),.UNSPECIFIED.,.T.,.F.) B_SPLINE_CURVE_WITH_KNOTS((1,2
    ,2,2,2,1),(-2.094395102393,0.,2.094395102393,4.188790204786,
6.28318530718,8.377580409573),.UNSPECIFIED.) CURVE() 
GEOMETRIC_REPRESENTATION_ITEM() RATIONAL_B_SPLINE_CURVE((1.,0.5,1.,0.5,
1.,0.5,1.)) REPRESENTATION_ITEM('') );
#2732 = CARTESIAN_POINT('',(4.9310810097,10.655380585071));
#2733 = CARTESIAN_POINT('',(-1.682541295815,17.269002890586));
#2734 = CARTESIAN_POINT('',(7.351834784554,19.68975666544));
#2735 = CARTESIAN_POINT('',(16.386210864922,22.110510440293));
#2736 = CARTESIAN_POINT('',(13.965457090068,13.076134359925));
#2737 = CARTESIAN_POINT('',(11.544703315214,4.041758279557));
#2738 = CARTESIAN_POINT('',(4.9310810097,10.655380585071));
#2739 = ( GEOMETRIC_REPRESENTATION_CONTEXT(2) 
PARAMETRIC_REPRESENTATION_CONTEXT() REPRESENTATION_CONTEXT('2D SPACE',''
  ) );
#2740 = PCURVE('',#1934,#2741);
#2741 = DEFINITIONAL_REPRESENTATION('',(#2742),#2746);
#2742 = LINE('',#2743,#2744);
#2743 = CARTESIAN_POINT('',(0.,-3.));
#2744 = VECTOR('',#2745,1.);
#2745 = DIRECTION('',(1.,0.));
#2746 = ( GEOMETRIC_REPRESENTATION_CONTEXT(2) 
PARAMETRIC_REPRESENTATION_CONTEXT() REPRESENTATION_CONTEXT('2D SPACE',''
  ) );
#2747 = ORIENTED_EDGE('',*,*,#1945,.T.);
#2748 = ORIENTED_EDGE('',*,*,#2749,.F.);
#2749 = EDGE_CURVE('',#2750,#1946,#2752,.T.);
#2750 = VERTEX_POINT('',#2751);
#2751 = CARTESIAN_POINT('',(17.5,-0.119148528243,13.361052812186));
#2752 = SURFACE_CURVE('',#2753,(#2757,#2764),.PCURVE_S1.);
#2753 = LINE('',#2754,#2755);
#2754 = CARTESIAN_POINT('',(17.5,-0.119148528243,0.));
#2755 = VECTOR('',#2756,1.);
#2756 = DIRECTION('',(0.,0.,1.));
#2757 = PCURVE('',#811,#2758);
#2758 = DEFINITIONAL_REPRESENTATION('',(#2759),#2763);
#2759 = LINE('',#2760,#2761);
#2760 = CARTESIAN_POINT('',(0.,0.));
#2761 = VECTOR('',#2762,1.);
#2762 = DIRECTION('',(0.,1.));
#2763 = ( GEOMETRIC_REPRESENTATION_CONTEXT(2) 
PARAMETRIC_REPRESENTATION_CONTEXT() REPRESENTATION_CONTEXT('2D SPACE',''
  ) );
#2764 = PCURVE('',#1277,#2765);
#2765 = DEFINITIONAL_REPRESENTATION('',(#2766),#2769);
#2766 = B_SPLINE_CURVE_WITH_KNOTS('',1,(#2767,#2768),.UNSPECIFIED.,.F.,
  .F.,(2,2),(9.395973420666,20.049117343553),.PIECEWISE_BEZIER_KNOTS.);
#2767 = CARTESIAN_POINT('',(-9.588550071576E-17,0.939597342067));
#2768 = CARTESIAN_POINT('',(-1.069148519135E-16,2.004911734355));
#2769 = ( GEOMETRIC_REPRESENTATION_CONTEXT(2) 
PARAMETRIC_REPRESENTATION_CONTEXT() REPRESENTATION_CONTEXT('2D SPACE',''
  ) );
#2770 = ORIENTED_EDGE('',*,*,#2771,.T.);
#2771 = EDGE_CURVE('',#2750,#2772,#2774,.T.);
#2772 = VERTEX_POINT('',#2773);
#2773 = CARTESIAN_POINT('',(17.5,-1.188067518543,12.292133821886));
#2774 = SURFACE_CURVE('',#2775,(#2779,#2786),.PCURVE_S1.);
#2775 = LINE('',#2776,#2777);
#2776 = CARTESIAN_POINT('',(17.5,4.811932481457,18.292133821886));
#2777 = VECTOR('',#2778,1.);
#2778 = DIRECTION('',(0.,-0.707106781187,-0.707106781187));
#2779 = PCURVE('',#811,#2780);
#2780 = DEFINITIONAL_REPRESENTATION('',(#2781),#2785);
#2781 = LINE('',#2782,#2783);
#2782 = CARTESIAN_POINT('',(4.9310810097,18.292133821886));
#2783 = VECTOR('',#2784,1.);
#2784 = DIRECTION('',(-0.707106781187,-0.707106781187));
#2785 = ( GEOMETRIC_REPRESENTATION_CONTEXT(2) 
PARAMETRIC_REPRESENTATION_CONTEXT() REPRESENTATION_CONTEXT('2D SPACE',''
  ) );
#2786 = PCURVE('',#2787,#2792);
#2787 = PLANE('',#2788);
#2788 = AXIS2_PLACEMENT_3D('',#2789,#2790,#2791);
#2789 = CARTESIAN_POINT('',(14.5,4.811932481457,18.292133821886));
#2790 = DIRECTION('',(0.,0.707106781187,-0.707106781187));
#2791 = DIRECTION('',(0.,-0.707106781187,-0.707106781187));
#2792 = DEFINITIONAL_REPRESENTATION('',(#2793),#2797);
#2793 = LINE('',#2794,#2795);
#2794 = CARTESIAN_POINT('',(0.,-3.));
#2795 = VECTOR('',#2796,1.);
#2796 = DIRECTION('',(1.,0.));
#2797 = ( GEOMETRIC_REPRESENTATION_CONTEXT(2) 
PARAMETRIC_REPRESENTATION_CONTEXT() REPRESENTATION_CONTEXT('2D SPACE',''
  ) );
#2798 = ORIENTED_EDGE('',*,*,#2799,.F.);
#2799 = EDGE_CURVE('',#2800,#2772,#2802,.T.);
#2800 = VERTEX_POINT('',#2801);
#2801 = CARTESIAN_POINT('',(17.5,-1.188067518543,4.655380585071));
#2802 = SURFACE_CURVE('',#2803,(#2808,#2819),.PCURVE_S1.);
#2803 = CIRCLE('',#2804,5.4);
#2804 = AXIS2_PLACEMENT_3D('',#2805,#2806,#2807);
#2805 = CARTESIAN_POINT('',(17.5,2.630309099864,8.473757203479));
#2806 = DIRECTION('',(-1.,0.,-0.));
#2807 = DIRECTION('',(0.,0.707106781187,-0.707106781187));
#2808 = PCURVE('',#811,#2809);
#2809 = DEFINITIONAL_REPRESENTATION('',(#2810),#2818);
#2810 = ( BOUNDED_CURVE() B_SPLINE_CURVE(2,(#2811,#2812,#2813,#2814,
#2815,#2816,#2817),.UNSPECIFIED.,.T.,.F.) B_SPLINE_CURVE_WITH_KNOTS((1,2
    ,2,2,2,1),(-2.094395102393,0.,2.094395102393,4.188790204786,
6.28318530718,8.377580409573),.UNSPECIFIED.) CURVE() 
GEOMETRIC_REPRESENTATION_ITEM() RATIONAL_B_SPLINE_CURVE((1.,0.5,1.,0.5,
1.,0.5,1.)) REPRESENTATION_ITEM('') );
#2811 = CARTESIAN_POINT('',(6.567834246514,4.655380585071));
#2812 = CARTESIAN_POINT('',(-4.57880590001E-02,-1.958241720443));
#2813 = CARTESIAN_POINT('',(-2.466541833854,7.076134359925));
#2814 = CARTESIAN_POINT('',(-4.887295608708,16.110510440293));
#2815 = CARTESIAN_POINT('',(4.147080471661,13.68975666544));
#2816 = CARTESIAN_POINT('',(13.181456552029,11.269002890586));
#2817 = CARTESIAN_POINT('',(6.567834246514,4.655380585071));
#2818 = ( GEOMETRIC_REPRESENTATION_CONTEXT(2) 
PARAMETRIC_REPRESENTATION_CONTEXT() REPRESENTATION_CONTEXT('2D SPACE',''
  ) );
#2819 = PCURVE('',#2820,#2825);
#2820 = CYLINDRICAL_SURFACE('',#2821,5.4);
#2821 = AXIS2_PLACEMENT_3D('',#2822,#2823,#2824);
#2822 = CARTESIAN_POINT('',(14.5,2.630309099864,8.473757203479));
#2823 = DIRECTION('',(-1.,0.,-0.));
#2824 = DIRECTION('',(0.,0.707106781187,-0.707106781187));
#2825 = DEFINITIONAL_REPRESENTATION('',(#2826),#2830);
#2826 = LINE('',#2827,#2828);
#2827 = CARTESIAN_POINT('',(0.,-3.));
#2828 = VECTOR('',#2829,1.);
#2829 = DIRECTION('',(1.,0.));
#2830 = ( GEOMETRIC_REPRESENTATION_CONTEXT(2) 
PARAMETRIC_REPRESENTATION_CONTEXT() REPRESENTATION_CONTEXT('2D SPACE',''
  ) );
#2831 = ORIENTED_EDGE('',*,*,#2832,.T.);
#2832 = EDGE_CURVE('',#2800,#2833,#2835,.T.);
#2833 = VERTEX_POINT('',#2834);
#2834 = CARTESIAN_POINT('',(17.5,-0.119148528243,3.586461594771));
#2835 = SURFACE_CURVE('',#2836,(#2840,#2847),.PCURVE_S1.);
#2836 = LINE('',#2837,#2838);
#2837 = CARTESIAN_POINT('',(17.5,-1.188067518543,4.655380585071));
#2838 = VECTOR('',#2839,1.);
#2839 = DIRECTION('',(0.,0.707106781187,-0.707106781187));
#2840 = PCURVE('',#811,#2841);
#2841 = DEFINITIONAL_REPRESENTATION('',(#2842),#2846);
#2842 = LINE('',#2843,#2844);
#2843 = CARTESIAN_POINT('',(-1.0689189903,4.655380585071));
#2844 = VECTOR('',#2845,1.);
#2845 = DIRECTION('',(0.707106781187,-0.707106781187));
#2846 = ( GEOMETRIC_REPRESENTATION_CONTEXT(2) 
PARAMETRIC_REPRESENTATION_CONTEXT() REPRESENTATION_CONTEXT('2D SPACE',''
  ) );
#2847 = PCURVE('',#2848,#2853);
#2848 = PLANE('',#2849);
#2849 = AXIS2_PLACEMENT_3D('',#2850,#2851,#2852);
#2850 = CARTESIAN_POINT('',(14.5,-1.188067518543,4.655380585071));
#2851 = DIRECTION('',(-0.,0.707106781187,0.707106781187));
#2852 = DIRECTION('',(0.,0.707106781187,-0.707106781187));
#2853 = DEFINITIONAL_REPRESENTATION('',(#2854),#2858);
#2854 = LINE('',#2855,#2856);
#2855 = CARTESIAN_POINT('',(1.099064721079E-15,-3.));
#2856 = VECTOR('',#2857,1.);
#2857 = DIRECTION('',(1.,0.));
#2858 = ( GEOMETRIC_REPRESENTATION_CONTEXT(2) 
PARAMETRIC_REPRESENTATION_CONTEXT() REPRESENTATION_CONTEXT('2D SPACE',''
  ) );
#2859 = ORIENTED_EDGE('',*,*,#2860,.F.);
#2860 = EDGE_CURVE('',#796,#2833,#2861,.T.);
#2861 = SURFACE_CURVE('',#2862,(#2866,#2873),.PCURVE_S1.);
#2862 = LINE('',#2863,#2864);
#2863 = CARTESIAN_POINT('',(17.5,-0.119148528243,0.));
#2864 = VECTOR('',#2865,1.);
#2865 = DIRECTION('',(0.,0.,1.));
#2866 = PCURVE('',#811,#2867);
#2867 = DEFINITIONAL_REPRESENTATION('',(#2868),#2872);
#2868 = LINE('',#2869,#2870);
#2869 = CARTESIAN_POINT('',(0.,0.));
#2870 = VECTOR('',#2871,1.);
#2871 = DIRECTION('',(0.,1.));
#2872 = ( GEOMETRIC_REPRESENTATION_CONTEXT(2) 
PARAMETRIC_REPRESENTATION_CONTEXT() REPRESENTATION_CONTEXT('2D SPACE',''
  ) );
#2873 = PCURVE('',#1277,#2874);
#2874 = DEFINITIONAL_REPRESENTATION('',(#2875),#2878);
#2875 = B_SPLINE_CURVE_WITH_KNOTS('',1,(#2876,#2877),.UNSPECIFIED.,.F.,
  .F.,(2,2),(0.,7.551540986291),.PIECEWISE_BEZIER_KNOTS.);
#2876 = CARTESIAN_POINT('',(-9.676714233452E-17,9.959481156452E-17));
#2877 = CARTESIAN_POINT('',(-1.069148519135E-16,0.755154098629));
#2878 = ( GEOMETRIC_REPRESENTATION_CONTEXT(2) 
PARAMETRIC_REPRESENTATION_CONTEXT() REPRESENTATION_CONTEXT('2D SPACE',''
  ) );
#2879 = FACE_BOUND('',#2880,.T.);
#2880 = EDGE_LOOP('',(#2881));
#2881 = ORIENTED_EDGE('',*,*,#2882,.F.);
#2882 = EDGE_CURVE('',#2883,#2883,#2885,.T.);
#2883 = VERTEX_POINT('',#2884);
#2884 = CARTESIAN_POINT('',(17.5,8.630309099864,5.373757203479));
#2885 = SURFACE_CURVE('',#2886,(#2891,#2898),.PCURVE_S1.);
#2886 = CIRCLE('',#2887,2.9);
#2887 = AXIS2_PLACEMENT_3D('',#2888,#2889,#2890);
#2888 = CARTESIAN_POINT('',(17.5,8.630309099864,2.473757203479));
#2889 = DIRECTION('',(1.,0.,0.));
#2890 = DIRECTION('',(-0.,0.,1.));
#2891 = PCURVE('',#811,#2892);
#2892 = DEFINITIONAL_REPRESENTATION('',(#2893),#2897);
#2893 = CIRCLE('',#2894,2.9);
#2894 = AXIS2_PLACEMENT_2D('',#2895,#2896);
#2895 = CARTESIAN_POINT('',(8.749457628107,2.473757203479));
#2896 = DIRECTION('',(0.,1.));
#2897 = ( GEOMETRIC_REPRESENTATION_CONTEXT(2) 
PARAMETRIC_REPRESENTATION_CONTEXT() REPRESENTATION_CONTEXT('2D SPACE',''
  ) );
#2898 = PCURVE('',#2899,#2904);
#2899 = CONICAL_SURFACE('',#2900,0.9,0.785398163397);
#2900 = AXIS2_PLACEMENT_3D('',#2901,#2902,#2903);
#2901 = CARTESIAN_POINT('',(15.5,8.630309099864,2.473757203479));
#2902 = DIRECTION('',(1.,0.,0.));
#2903 = DIRECTION('',(-0.,0.,1.));
#2904 = DEFINITIONAL_REPRESENTATION('',(#2905),#2909);
#2905 = LINE('',#2906,#2907);
#2906 = CARTESIAN_POINT('',(0.,2.));
#2907 = VECTOR('',#2908,1.);
#2908 = DIRECTION('',(1.,0.));
#2909 = ( GEOMETRIC_REPRESENTATION_CONTEXT(2) 
PARAMETRIC_REPRESENTATION_CONTEXT() REPRESENTATION_CONTEXT('2D SPACE',''
  ) );
#2910 = FACE_BOUND('',#2911,.T.);
#2911 = EDGE_LOOP('',(#2912));
#2912 = ORIENTED_EDGE('',*,*,#2913,.F.);
#2913 = EDGE_CURVE('',#2914,#2914,#2916,.T.);
#2914 = VERTEX_POINT('',#2915);
#2915 = CARTESIAN_POINT('',(17.5,2.630309099864,11.373757203479));
#2916 = SURFACE_CURVE('',#2917,(#2922,#2929),.PCURVE_S1.);
#2917 = CIRCLE('',#2918,2.9);
#2918 = AXIS2_PLACEMENT_3D('',#2919,#2920,#2921);
#2919 = CARTESIAN_POINT('',(17.5,2.630309099864,8.473757203479));
#2920 = DIRECTION('',(1.,0.,0.));
#2921 = DIRECTION('',(-0.,0.,1.));
#2922 = PCURVE('',#811,#2923);
#2923 = DEFINITIONAL_REPRESENTATION('',(#2924),#2928);
#2924 = CIRCLE('',#2925,2.9);
#2925 = AXIS2_PLACEMENT_2D('',#2926,#2927);
#2926 = CARTESIAN_POINT('',(2.749457628107,8.473757203479));
#2927 = DIRECTION('',(0.,1.));
#2928 = ( GEOMETRIC_REPRESENTATION_CONTEXT(2) 
PARAMETRIC_REPRESENTATION_CONTEXT() REPRESENTATION_CONTEXT('2D SPACE',''
  ) );
#2929 = PCURVE('',#2930,#2935);
#2930 = CONICAL_SURFACE('',#2931,0.9,0.785398163397);
#2931 = AXIS2_PLACEMENT_3D('',#2932,#2933,#2934);
#2932 = CARTESIAN_POINT('',(15.5,2.630309099864,8.473757203479));
#2933 = DIRECTION('',(1.,0.,0.));
#2934 = DIRECTION('',(-0.,0.,1.));
#2935 = DEFINITIONAL_REPRESENTATION('',(#2936),#2940);
#2936 = LINE('',#2937,#2938);
#2937 = CARTESIAN_POINT('',(0.,2.));
#2938 = VECTOR('',#2939,1.);
#2939 = DIRECTION('',(1.,0.));
#2940 = ( GEOMETRIC_REPRESENTATION_CONTEXT(2) 
PARAMETRIC_REPRESENTATION_CONTEXT() REPRESENTATION_CONTEXT('2D SPACE',''
  ) );
#2941 = FACE_BOUND('',#2942,.T.);
#2942 = EDGE_LOOP('',(#2943));
#2943 = ORIENTED_EDGE('',*,*,#2944,.F.);
#2944 = EDGE_CURVE('',#2945,#2945,#2947,.T.);
#2945 = VERTEX_POINT('',#2946);
#2946 = CARTESIAN_POINT('',(17.5,14.630309099864,11.373757203479));
#2947 = SURFACE_CURVE('',#2948,(#2953,#2960),.PCURVE_S1.);
#2948 = CIRCLE('',#2949,2.9);
#2949 = AXIS2_PLACEMENT_3D('',#2950,#2951,#2952);
#2950 = CARTESIAN_POINT('',(17.5,14.630309099864,8.473757203479));
#2951 = DIRECTION('',(1.,0.,0.));
#2952 = DIRECTION('',(-0.,0.,1.));
#2953 = PCURVE('',#811,#2954);
#2954 = DEFINITIONAL_REPRESENTATION('',(#2955),#2959);
#2955 = CIRCLE('',#2956,2.9);
#2956 = AXIS2_PLACEMENT_2D('',#2957,#2958);
#2957 = CARTESIAN_POINT('',(14.749457628107,8.473757203479));
#2958 = DIRECTION('',(0.,1.));
#2959 = ( GEOMETRIC_REPRESENTATION_CONTEXT(2) 
PARAMETRIC_REPRESENTATION_CONTEXT() REPRESENTATION_CONTEXT('2D SPACE',''
  ) );
#2960 = PCURVE('',#2961,#2966);
#2961 = CONICAL_SURFACE('',#2962,0.9,0.785398163397);
#2962 = AXIS2_PLACEMENT_3D('',#2963,#2964,#2965);
#2963 = CARTESIAN_POINT('',(15.5,14.630309099864,8.473757203479));
#2964 = DIRECTION('',(1.,0.,0.));
#2965 = DIRECTION('',(-0.,0.,1.));
#2966 = DEFINITIONAL_REPRESENTATION('',(#2967),#2971);
#2967 = LINE('',#2968,#2969);
#2968 = CARTESIAN_POINT('',(0.,2.));
#2969 = VECTOR('',#2970,1.);
#2970 = DIRECTION('',(1.,0.));
#2971 = ( GEOMETRIC_REPRESENTATION_CONTEXT(2) 
PARAMETRIC_REPRESENTATION_CONTEXT() REPRESENTATION_CONTEXT('2D SPACE',''
  ) );
#2972 = FACE_BOUND('',#2973,.T.);
#2973 = EDGE_LOOP('',(#2974));
#2974 = ORIENTED_EDGE('',*,*,#2975,.F.);
#2975 = EDGE_CURVE('',#2976,#2976,#2978,.T.);
#2976 = VERTEX_POINT('',#2977);
#2977 = CARTESIAN_POINT('',(17.5,8.630309099864,17.373757203479));
#2978 = SURFACE_CURVE('',#2979,(#2984,#2991),.PCURVE_S1.);
#2979 = CIRCLE('',#2980,2.9);
#2980 = AXIS2_PLACEMENT_3D('',#2981,#2982,#2983);
#2981 = CARTESIAN_POINT('',(17.5,8.630309099864,14.473757203479));
#2982 = DIRECTION('',(1.,0.,0.));
#2983 = DIRECTION('',(-0.,0.,1.));
#2984 = PCURVE('',#811,#2985);
#2985 = DEFINITIONAL_REPRESENTATION('',(#2986),#2990);
#2986 = CIRCLE('',#2987,2.9);
#2987 = AXIS2_PLACEMENT_2D('',#2988,#2989);
#2988 = CARTESIAN_POINT('',(8.749457628107,14.473757203479));
#2989 = DIRECTION('',(0.,1.));
#2990 = ( GEOMETRIC_REPRESENTATION_CONTEXT(2) 
PARAMETRIC_REPRESENTATION_CONTEXT() REPRESENTATION_CONTEXT('2D SPACE',''
  ) );
#2991 = PCURVE('',#2992,#2997);
#2992 = CONICAL_SURFACE('',#2993,0.9,0.785398163397);
#2993 = AXIS2_PLACEMENT_3D('',#2994,#2995,#2996);
#2994 = CARTESIAN_POINT('',(15.5,8.630309099864,14.473757203479));
#2995 = DIRECTION('',(1.,0.,0.));
#2996 = DIRECTION('',(-0.,0.,1.));
#2997 = DEFINITIONAL_REPRESENTATION('',(#2998),#3002);
#2998 = LINE('',#2999,#3000);
#2999 = CARTESIAN_POINT('',(0.,2.));
#3000 = VECTOR('',#3001,1.);
#3001 = DIRECTION('',(1.,0.));
#3002 = ( GEOMETRIC_REPRESENTATION_CONTEXT(2) 
PARAMETRIC_REPRESENTATION_CONTEXT() REPRESENTATION_CONTEXT('2D SPACE',''
  ) );
#3003 = ADVANCED_FACE('',(#3004),#1277,.T.);
#3004 = FACE_BOUND('',#3005,.T.);
#3005 = EDGE_LOOP('',(#3006,#3007,#3008,#3045,#3067,#3135,#3157,#3225,
    #3245,#3246,#3247,#3276,#3401));
#3006 = ORIENTED_EDGE('',*,*,#2749,.T.);
#3007 = ORIENTED_EDGE('',*,*,#1968,.T.);
#3008 = ORIENTED_EDGE('',*,*,#3009,.F.);
#3009 = EDGE_CURVE('',#3010,#1969,#3012,.T.);
#3010 = VERTEX_POINT('',#3011);
#3011 = CARTESIAN_POINT('',(14.75,-67.04577520648,23.));
#3012 = SURFACE_CURVE('',#3013,(#3024,#3031),.PCURVE_S1.);
#3013 = B_SPLINE_CURVE_WITH_KNOTS('',5,(#3014,#3015,#3016,#3017,#3018,
    #3019,#3020,#3021,#3022,#3023),.UNSPECIFIED.,.F.,.F.,(6,1,1,1,1,6),(
    -1.,-0.8,-0.6,-0.4,-0.2,-0.144142995824),.UNSPECIFIED.);
#3014 = CARTESIAN_POINT('',(14.75,-67.04577520648,23.));
#3015 = CARTESIAN_POINT('',(14.75,-64.3426835618,23.));
#3016 = CARTESIAN_POINT('',(14.806155794292,-58.94660303974,23.));
#3017 = CARTESIAN_POINT('',(15.058682429169,-50.88276090808,23.));
#3018 = CARTESIAN_POINT('',(15.665729124721,-40.1811102814,23.));
#3019 = CARTESIAN_POINT('',(16.451869515564,-28.76735887674,23.));
#3020 = CARTESIAN_POINT('',(16.96841523142,-20.01990305011,23.));
#3021 = CARTESIAN_POINT('',(17.228552866705,-13.93254294294,23.));
#3022 = CARTESIAN_POINT('',(17.336053553274,-10.51273622278,23.));
#3023 = CARTESIAN_POINT('',(17.357619885657,-9.765987481117,23.));
#3024 = PCURVE('',#1277,#3025);
#3025 = DEFINITIONAL_REPRESENTATION('',(#3026),#3030);
#3026 = LINE('',#3027,#3028);
#3027 = CARTESIAN_POINT('',(2.22044604925E-16,2.3));
#3028 = VECTOR('',#3029,1.);
#3029 = DIRECTION('',(1.,0.));
#3030 = ( GEOMETRIC_REPRESENTATION_CONTEXT(2) 
PARAMETRIC_REPRESENTATION_CONTEXT() REPRESENTATION_CONTEXT('2D SPACE',''
  ) );
#3031 = PCURVE('',#1382,#3032);
#3032 = DEFINITIONAL_REPRESENTATION('',(#3033),#3044);
#3033 = B_SPLINE_CURVE_WITH_KNOTS('',5,(#3034,#3035,#3036,#3037,#3038,
    #3039,#3040,#3041,#3042,#3043),.UNSPECIFIED.,.F.,.F.,(6,1,1,1,1,6),(
    -1.,-0.8,-0.6,-0.4,-0.2,-0.144142995824),.UNSPECIFIED.);
#3034 = CARTESIAN_POINT('',(6.,-40.52288760324));
#3035 = CARTESIAN_POINT('',(6.,-37.81979595856));
#3036 = CARTESIAN_POINT('',(6.056155794292,-32.4237154365));
#3037 = CARTESIAN_POINT('',(6.308682429169,-24.35987330484));
#3038 = CARTESIAN_POINT('',(6.915729124721,-13.65822267816));
#3039 = CARTESIAN_POINT('',(7.701869515564,-2.244471273507));
#3040 = CARTESIAN_POINT('',(8.21841523142,6.502984553129));
#3041 = CARTESIAN_POINT('',(8.478552866705,12.590344660297));
#3042 = CARTESIAN_POINT('',(8.586053553274,16.010151380455));
#3043 = CARTESIAN_POINT('',(8.607619885657,16.756900122125));
#3044 = ( GEOMETRIC_REPRESENTATION_CONTEXT(2) 
PARAMETRIC_REPRESENTATION_CONTEXT() REPRESENTATION_CONTEXT('2D SPACE',''
  ) );
#3045 = ORIENTED_EDGE('',*,*,#3046,.F.);
#3046 = EDGE_CURVE('',#3047,#3010,#3049,.T.);
#3047 = VERTEX_POINT('',#3048);
#3048 = CARTESIAN_POINT('',(14.75,-67.04577520648,21.252078317133));
#3049 = SURFACE_CURVE('',#3050,(#3054,#3060),.PCURVE_S1.);
#3050 = LINE('',#3051,#3052);
#3051 = CARTESIAN_POINT('',(14.75,-67.04577520648,0.));
#3052 = VECTOR('',#3053,1.);
#3053 = DIRECTION('',(0.,0.,1.));
#3054 = PCURVE('',#1277,#3055);
#3055 = DEFINITIONAL_REPRESENTATION('',(#3056),#3059);
#3056 = B_SPLINE_CURVE_WITH_KNOTS('',1,(#3057,#3058),.UNSPECIFIED.,.F.,
  .F.,(2,2),(21.252078317133,23.),.PIECEWISE_BEZIER_KNOTS.);
#3057 = CARTESIAN_POINT('',(-1.,2.125207831713));
#3058 = CARTESIAN_POINT('',(-1.,2.3));
#3059 = ( GEOMETRIC_REPRESENTATION_CONTEXT(2) 
PARAMETRIC_REPRESENTATION_CONTEXT() REPRESENTATION_CONTEXT('2D SPACE',''
  ) );
#3060 = PCURVE('',#1237,#3061);
#3061 = DEFINITIONAL_REPRESENTATION('',(#3062),#3066);
#3062 = LINE('',#3063,#3064);
#3063 = CARTESIAN_POINT('',(6.,0.));
#3064 = VECTOR('',#3065,1.);
#3065 = DIRECTION('',(0.,1.));
#3066 = ( GEOMETRIC_REPRESENTATION_CONTEXT(2) 
PARAMETRIC_REPRESENTATION_CONTEXT() REPRESENTATION_CONTEXT('2D SPACE',''
  ) );
#3067 = ORIENTED_EDGE('',*,*,#3068,.F.);
#3068 = EDGE_CURVE('',#3069,#3047,#3071,.T.);
#3069 = VERTEX_POINT('',#3070);
#3070 = CARTESIAN_POINT('',(14.75,-67.04577520648,17.095156378956));
#3071 = SURFACE_CURVE('',#3072,(#3078,#3107),.PCURVE_S1.);
#3072 = B_SPLINE_CURVE_WITH_KNOTS('',3,(#3073,#3074,#3075,#3076,#3077),
  .UNSPECIFIED.,.F.,.F.,(4,1,4),(2.406748844348,3.246570340624,
    3.876436462831),.UNSPECIFIED.);
#3073 = CARTESIAN_POINT('',(14.75,-67.04577520648,17.095156378958));
#3074 = CARTESIAN_POINT('',(14.75,-66.46392980615,17.739019526102));
#3075 = CARTESIAN_POINT('',(14.751944948847,-65.95601296025,
    19.309988420862));
#3076 = CARTESIAN_POINT('',(14.75,-66.60939115623,20.769180956773));
#3077 = CARTESIAN_POINT('',(14.75,-67.04577520648,21.252078317131));
#3078 = PCURVE('',#1277,#3079);
#3079 = DEFINITIONAL_REPRESENTATION('',(#3080),#3106);
#3080 = B_SPLINE_CURVE_WITH_KNOTS('',3,(#3081,#3082,#3083,#3084,#3085,
    #3086,#3087,#3088,#3089,#3090,#3091,#3092,#3093,#3094,#3095,#3096,
    #3097,#3098,#3099,#3100,#3101,#3102,#3103,#3104,#3105),
  .UNSPECIFIED.,.F.,.F.,(4,1,1,1,1,1,1,1,1,1,1,1,1,1,1,1,1,1,1,1,1,1,4),
  (2.406748844348,2.473552827007,2.540356809665,2.607160792323,
    2.673964774982,2.74076875764,2.807572740298,2.874376722957,
    2.941180705615,3.007984688273,3.074788670931,3.14159265359,
    3.208396636248,3.275200618906,3.342004601565,3.408808584223,
    3.475612566881,3.54241654954,3.609220532198,3.676024514856,
    3.742828497515,3.809632480173,3.876436462831),
  .QUASI_UNIFORM_KNOTS.);
#3081 = CARTESIAN_POINT('',(-1.,1.709515637896));
#3082 = CARTESIAN_POINT('',(-0.999315107653,1.714637276566));
#3083 = CARTESIAN_POINT('',(-0.997999879313,1.725201778981));
#3084 = CARTESIAN_POINT('',(-0.996194654727,1.741924529565));
#3085 = CARTESIAN_POINT('',(-0.994560997861,1.759435598854));
#3086 = CARTESIAN_POINT('',(-0.99310285525,1.77764730859));
#3087 = CARTESIAN_POINT('',(-0.991824171069,1.796471980514));
#3088 = CARTESIAN_POINT('',(-0.990728886487,1.815821936374));
#3089 = CARTESIAN_POINT('',(-0.989820940051,1.835609497896));
#3090 = CARTESIAN_POINT('',(-0.989104265431,1.855746986873));
#3091 = CARTESIAN_POINT('',(-0.988582798626,1.876146724866));
#3092 = CARTESIAN_POINT('',(-0.988260449898,1.896721034292));
#3093 = CARTESIAN_POINT('',(-0.988141207213,1.917382234373));
#3094 = CARTESIAN_POINT('',(-0.98822874883,1.93804265626));
#3095 = CARTESIAN_POINT('',(-0.988527887683,1.958614586579));
#3096 = CARTESIAN_POINT('',(-0.989038396043,1.979010508737));
#3097 = CARTESIAN_POINT('',(-0.989753168121,1.999143174749));
#3098 = CARTESIAN_POINT('',(-0.990666438335,2.018925284093));
#3099 = CARTESIAN_POINT('',(-0.991772077294,2.038269550327));
#3100 = CARTESIAN_POINT('',(-0.99306404894,2.057088683236));
#3101 = CARTESIAN_POINT('',(-0.994536288605,2.075295393614));
#3102 = CARTESIAN_POINT('',(-0.996182736139,2.092802391988));
#3103 = CARTESIAN_POINT('',(-0.997997327685,2.109522388953));
#3104 = CARTESIAN_POINT('',(-0.999315107729,2.120086193043));
#3105 = CARTESIAN_POINT('',(-1.,2.125207831713));
#3106 = ( GEOMETRIC_REPRESENTATION_CONTEXT(2) 
PARAMETRIC_REPRESENTATION_CONTEXT() REPRESENTATION_CONTEXT('2D SPACE',''
  ) );
#3107 = PCURVE('',#3108,#3129);
#3108 = B_SPLINE_SURFACE_WITH_KNOTS('',3,3,(
    (#3109,#3110,#3111,#3112,#3113)
    ,(#3114,#3115,#3116,#3117,#3118)
    ,(#3119,#3120,#3121,#3122,#3123)
    ,(#3124,#3125,#3126,#3127,#3128
    )),.UNSPECIFIED.,.F.,.F.,.F.,(4,4),(4,1,4),(0.,1.),(-3.876436462831,
    -3.246570340624,-2.406748844348),.UNSPECIFIED.);
#3109 = CARTESIAN_POINT('',(14.75,-67.04577520648,21.252078317131));
#3110 = CARTESIAN_POINT('',(14.75,-66.60939115623,20.769180956773));
#3111 = CARTESIAN_POINT('',(14.751944948847,-65.95601296025,
    19.309988420862));
#3112 = CARTESIAN_POINT('',(14.75,-66.46392980615,17.739019526102));
#3113 = CARTESIAN_POINT('',(14.75,-67.04577520648,17.095156378958));
#3114 = CARTESIAN_POINT('',(14.083333333335,-67.5403988624,
    20.805097463564));
#3115 = CARTESIAN_POINT('',(14.083333333335,-67.19786084446,
    20.426048997907));
#3116 = CARTESIAN_POINT('',(14.0846299659,-66.68499402858,
    19.280661311042));
#3117 = CARTESIAN_POINT('',(14.083333333335,-67.08368150514,
    18.047535186734));
#3118 = CARTESIAN_POINT('',(14.083333333335,-67.5403988624,
    17.542137232525));
#3119 = CARTESIAN_POINT('',(13.416666666671,-68.03502251831,
    20.358116609997));
#3120 = CARTESIAN_POINT('',(13.416666666671,-67.78633053268,
    20.08291703904));
#3121 = CARTESIAN_POINT('',(13.417314982953,-67.4139750969,
    19.251334201222));
#3122 = CARTESIAN_POINT('',(13.416666666671,-67.70343320414,
    18.356050847367));
#3123 = CARTESIAN_POINT('',(13.416666666671,-68.03502251831,
    17.989118086092));
#3124 = CARTESIAN_POINT('',(12.750000000006,-68.52964617422,
    19.91113575643));
#3125 = CARTESIAN_POINT('',(12.750000000006,-68.37480022091,
    19.739785080174));
#3126 = CARTESIAN_POINT('',(12.750000000006,-68.14295616522,
    19.222007091402));
#3127 = CARTESIAN_POINT('',(12.750000000006,-68.32318490313,18.664566508
    ));
#3128 = CARTESIAN_POINT('',(12.750000000006,-68.52964617422,
    18.436098939659));
#3129 = DEFINITIONAL_REPRESENTATION('',(#3130),#3134);
#3130 = LINE('',#3131,#3132);
#3131 = CARTESIAN_POINT('',(-7.831979713658E-16,4.440892098501E-16));
#3132 = VECTOR('',#3133,1.);
#3133 = DIRECTION('',(2.186954587356E-16,-1.));
#3134 = ( GEOMETRIC_REPRESENTATION_CONTEXT(2) 
PARAMETRIC_REPRESENTATION_CONTEXT() REPRESENTATION_CONTEXT('2D SPACE',''
  ) );
#3135 = ORIENTED_EDGE('',*,*,#3136,.F.);
#3136 = EDGE_CURVE('',#3137,#3069,#3139,.T.);
#3137 = VERTEX_POINT('',#3138);
#3138 = CARTESIAN_POINT('',(14.75,-67.04577520648,5.252078317133));
#3139 = SURFACE_CURVE('',#3140,(#3144,#3150),.PCURVE_S1.);
#3140 = LINE('',#3141,#3142);
#3141 = CARTESIAN_POINT('',(14.75,-67.04577520648,0.));
#3142 = VECTOR('',#3143,1.);
#3143 = DIRECTION('',(0.,0.,1.));
#3144 = PCURVE('',#1277,#3145);
#3145 = DEFINITIONAL_REPRESENTATION('',(#3146),#3149);
#3146 = B_SPLINE_CURVE_WITH_KNOTS('',1,(#3147,#3148),.UNSPECIFIED.,.F.,
  .F.,(2,2),(5.252078317133,17.095156378956),.PIECEWISE_BEZIER_KNOTS.);
#3147 = CARTESIAN_POINT('',(-1.,0.525207831713));
#3148 = CARTESIAN_POINT('',(-1.,1.709515637896));
#3149 = ( GEOMETRIC_REPRESENTATION_CONTEXT(2) 
PARAMETRIC_REPRESENTATION_CONTEXT() REPRESENTATION_CONTEXT('2D SPACE',''
  ) );
#3150 = PCURVE('',#1237,#3151);
#3151 = DEFINITIONAL_REPRESENTATION('',(#3152),#3156);
#3152 = LINE('',#3153,#3154);
#3153 = CARTESIAN_POINT('',(6.,0.));
#3154 = VECTOR('',#3155,1.);
#3155 = DIRECTION('',(0.,1.));
#3156 = ( GEOMETRIC_REPRESENTATION_CONTEXT(2) 
PARAMETRIC_REPRESENTATION_CONTEXT() REPRESENTATION_CONTEXT('2D SPACE',''
  ) );
#3157 = ORIENTED_EDGE('',*,*,#3158,.F.);
#3158 = EDGE_CURVE('',#3159,#3137,#3161,.T.);
#3159 = VERTEX_POINT('',#3160);
#3160 = CARTESIAN_POINT('',(14.75,-67.04577520648,1.095156378956));
#3161 = SURFACE_CURVE('',#3162,(#3168,#3197),.PCURVE_S1.);
#3162 = B_SPLINE_CURVE_WITH_KNOTS('',3,(#3163,#3164,#3165,#3166,#3167),
  .UNSPECIFIED.,.F.,.F.,(4,1,4),(2.406748844348,3.246570340624,
    3.876436462831),.UNSPECIFIED.);
#3163 = CARTESIAN_POINT('',(14.75,-67.04577520648,1.095156378958));
#3164 = CARTESIAN_POINT('',(14.75,-66.46392980615,1.739019526102));
#3165 = CARTESIAN_POINT('',(14.751946978665,-65.95591656089,
    3.309996550173));
#3166 = CARTESIAN_POINT('',(14.75,-66.60939115623,4.769180956773));
#3167 = CARTESIAN_POINT('',(14.75,-67.04577520648,5.252078317131));
#3168 = PCURVE('',#1277,#3169);
#3169 = DEFINITIONAL_REPRESENTATION('',(#3170),#3196);
#3170 = B_SPLINE_CURVE_WITH_KNOTS('',3,(#3171,#3172,#3173,#3174,#3175,
    #3176,#3177,#3178,#3179,#3180,#3181,#3182,#3183,#3184,#3185,#3186,
    #3187,#3188,#3189,#3190,#3191,#3192,#3193,#3194,#3195),
  .UNSPECIFIED.,.F.,.F.,(4,1,1,1,1,1,1,1,1,1,1,1,1,1,1,1,1,1,1,1,1,1,4),
  (2.406748844348,2.473552827007,2.540356809665,2.607160792323,
    2.673964774982,2.74076875764,2.807572740298,2.874376722957,
    2.941180705615,3.007984688273,3.074788670931,3.14159265359,
    3.208396636248,3.275200618906,3.342004601565,3.408808584223,
    3.475612566881,3.54241654954,3.609220532198,3.676024514856,
    3.742828497515,3.809632480173,3.876436462831),
  .QUASI_UNIFORM_KNOTS.);
#3171 = CARTESIAN_POINT('',(-1.,0.109515637896));
#3172 = CARTESIAN_POINT('',(-0.999315107653,0.114637276566));
#3173 = CARTESIAN_POINT('',(-0.997999868997,0.125201784859));
#3174 = CARTESIAN_POINT('',(-0.99619460326,0.141924558891));
#3175 = CARTESIAN_POINT('',(-0.994560884833,0.159435663251));
#3176 = CARTESIAN_POINT('',(-0.99310266553,0.177647416676));
#3177 = CARTESIAN_POINT('',(-0.991823894799,0.196472137902));
#3178 = CARTESIAN_POINT('',(-0.990728519088,0.215822145666));
#3179 = CARTESIAN_POINT('',(-0.98982048222,0.235609758694));
#3180 = CARTESIAN_POINT('',(-0.989103723148,0.255747295769));
#3181 = CARTESIAN_POINT('',(-0.988582183153,0.276147075445));
#3182 = CARTESIAN_POINT('',(-0.988259777755,0.296721417145));
#3183 = CARTESIAN_POINT('',(-0.988140500289,0.317382637035));
#3184 = CARTESIAN_POINT('',(-0.988228033966,0.338043063446));
#3185 = CARTESIAN_POINT('',(-0.98852719821,0.358614979307));
#3186 = CARTESIAN_POINT('',(-0.989037764991,0.379010868196));
#3187 = CARTESIAN_POINT('',(-0.98975261896,0.399143487571));
#3188 = CARTESIAN_POINT('',(-0.990665986779,0.418925541326));
#3189 = CARTESIAN_POINT('',(-0.991771730821,0.438269747707));
#3190 = CARTESIAN_POINT('',(-0.993063806924,0.457088821116));
#3191 = CARTESIAN_POINT('',(-0.994536142279,0.475295476984));
#3192 = CARTESIAN_POINT('',(-0.99618266861,0.492802430466));
#3193 = CARTESIAN_POINT('',(-0.99799731393,0.509522396791));
#3194 = CARTESIAN_POINT('',(-0.999315107729,0.520086193043));
#3195 = CARTESIAN_POINT('',(-1.,0.525207831713));
#3196 = ( GEOMETRIC_REPRESENTATION_CONTEXT(2) 
PARAMETRIC_REPRESENTATION_CONTEXT() REPRESENTATION_CONTEXT('2D SPACE',''
  ) );
#3197 = PCURVE('',#3198,#3219);
#3198 = B_SPLINE_SURFACE_WITH_KNOTS('',3,3,(
    (#3199,#3200,#3201,#3202,#3203)
    ,(#3204,#3205,#3206,#3207,#3208)
    ,(#3209,#3210,#3211,#3212,#3213)
    ,(#3214,#3215,#3216,#3217,#3218
    )),.UNSPECIFIED.,.F.,.F.,.F.,(4,4),(4,1,4),(0.,1.),(-3.876436462831,
    -3.246570340624,-2.406748844348),.UNSPECIFIED.);
#3199 = CARTESIAN_POINT('',(14.75,-67.04577520648,5.252078317131));
#3200 = CARTESIAN_POINT('',(14.75,-66.60939115623,4.769180956773));
#3201 = CARTESIAN_POINT('',(14.751946978665,-65.95591656089,
    3.309996550173));
#3202 = CARTESIAN_POINT('',(14.75,-66.46392980615,1.739019526102));
#3203 = CARTESIAN_POINT('',(14.75,-67.04577520648,1.095156378958));
#3204 = CARTESIAN_POINT('',(14.083333333335,-67.5403988624,
    4.805097463564));
#3205 = CARTESIAN_POINT('',(14.083333333335,-67.19786084446,
    4.426048997907));
#3206 = CARTESIAN_POINT('',(14.084631319112,-66.68491836057,
    3.280667692094));
#3207 = CARTESIAN_POINT('',(14.083333333335,-67.08368150514,
    2.047535186735));
#3208 = CARTESIAN_POINT('',(14.083333333335,-67.5403988624,
    1.542137232525));
#3209 = CARTESIAN_POINT('',(13.416666666671,-68.03502251831,
    4.358116609997));
#3210 = CARTESIAN_POINT('',(13.416666666671,-67.78633053268,
    4.082917039041));
#3211 = CARTESIAN_POINT('',(13.417315659559,-67.41392016026,
    3.251338834014));
#3212 = CARTESIAN_POINT('',(13.416666666671,-67.70343320414,
    2.356050847367));
#3213 = CARTESIAN_POINT('',(13.416666666671,-68.03502251831,
    1.989118086092));
#3214 = CARTESIAN_POINT('',(12.750000000006,-68.52964617422,
    3.91113575643));
#3215 = CARTESIAN_POINT('',(12.750000000006,-68.37480022091,
    3.739785080174));
#3216 = CARTESIAN_POINT('',(12.750000000006,-68.14292195994,
    3.222009975935));
#3217 = CARTESIAN_POINT('',(12.750000000006,-68.32318490313,2.664566508)
  );
#3218 = CARTESIAN_POINT('',(12.750000000006,-68.52964617422,
    2.436098939659));
#3219 = DEFINITIONAL_REPRESENTATION('',(#3220),#3224);
#3220 = LINE('',#3221,#3222);
#3221 = CARTESIAN_POINT('',(-1.448990055032E-14,-5.773159728051E-15));
#3222 = VECTOR('',#3223,1.);
#3223 = DIRECTION('',(3.908899197987E-15,-1.));
#3224 = ( GEOMETRIC_REPRESENTATION_CONTEXT(2) 
PARAMETRIC_REPRESENTATION_CONTEXT() REPRESENTATION_CONTEXT('2D SPACE',''
  ) );
#3225 = ORIENTED_EDGE('',*,*,#3226,.F.);
#3226 = EDGE_CURVE('',#1222,#3159,#3227,.T.);
#3227 = SURFACE_CURVE('',#3228,(#3232,#3238),.PCURVE_S1.);
#3228 = LINE('',#3229,#3230);
#3229 = CARTESIAN_POINT('',(14.75,-67.04577520648,0.));
#3230 = VECTOR('',#3231,1.);
#3231 = DIRECTION('',(0.,0.,1.));
#3232 = PCURVE('',#1277,#3233);
#3233 = DEFINITIONAL_REPRESENTATION('',(#3234),#3237);
#3234 = B_SPLINE_CURVE_WITH_KNOTS('',1,(#3235,#3236),.UNSPECIFIED.,.F.,
  .F.,(2,2),(0.,1.095156378956),.PIECEWISE_BEZIER_KNOTS.);
#3235 = CARTESIAN_POINT('',(-1.,9.959481156452E-17));
#3236 = CARTESIAN_POINT('',(-1.,0.109515637896));
#3237 = ( GEOMETRIC_REPRESENTATION_CONTEXT(2) 
PARAMETRIC_REPRESENTATION_CONTEXT() REPRESENTATION_CONTEXT('2D SPACE',''
  ) );
#3238 = PCURVE('',#1237,#3239);
#3239 = DEFINITIONAL_REPRESENTATION('',(#3240),#3244);
#3240 = LINE('',#3241,#3242);
#3241 = CARTESIAN_POINT('',(6.,0.));
#3242 = VECTOR('',#3243,1.);
#3243 = DIRECTION('',(0.,1.));
#3244 = ( GEOMETRIC_REPRESENTATION_CONTEXT(2) 
PARAMETRIC_REPRESENTATION_CONTEXT() REPRESENTATION_CONTEXT('2D SPACE',''
  ) );
#3245 = ORIENTED_EDGE('',*,*,#1249,.F.);
#3246 = ORIENTED_EDGE('',*,*,#2860,.T.);
#3247 = ORIENTED_EDGE('',*,*,#3248,.T.);
#3248 = EDGE_CURVE('',#2833,#3249,#3251,.T.);
#3249 = VERTEX_POINT('',#3250);
#3250 = CARTESIAN_POINT('',(17.498214106402,-1.188067518543,
    4.655380585071));
#3251 = SURFACE_CURVE('',#3252,(#3258,#3267),.PCURVE_S1.);
#3252 = B_SPLINE_CURVE_WITH_KNOTS('',4,(#3253,#3254,#3255,#3256,#3257),
  .UNSPECIFIED.,.F.,.F.,(5,5),(0.,1.),.PIECEWISE_BEZIER_KNOTS.);
#3253 = CARTESIAN_POINT('',(17.5,-0.119148528243,3.586461594771));
#3254 = CARTESIAN_POINT('',(17.5,-0.386378527494,3.853691594023));
#3255 = CARTESIAN_POINT('',(17.499702321291,-0.653608523963,
    4.120921590491));
#3256 = CARTESIAN_POINT('',(17.499106872714,-0.920838269783,
    4.388151336311));
#3257 = CARTESIAN_POINT('',(17.498214106402,-1.188067518543,
    4.655380585071));
#3258 = PCURVE('',#1277,#3259);
#3259 = DEFINITIONAL_REPRESENTATION('',(#3260),#3266);
#3260 = B_SPLINE_CURVE_WITH_KNOTS('',4,(#3261,#3262,#3263,#3264,#3265),
  .UNSPECIFIED.,.F.,.F.,(5,5),(0.,1.),.PIECEWISE_BEZIER_KNOTS.);
#3261 = CARTESIAN_POINT('',(0.,0.358646159477));
#3262 = CARTESIAN_POINT('',(-3.987832579472E-03,0.385369159402));
#3263 = CARTESIAN_POINT('',(-7.976053490929E-03,0.412092159049));
#3264 = CARTESIAN_POINT('',(-1.196466042547E-02,0.438815133631));
#3265 = CARTESIAN_POINT('',(-1.59536473779E-02,0.465538058507));
#3266 = ( GEOMETRIC_REPRESENTATION_CONTEXT(2) 
PARAMETRIC_REPRESENTATION_CONTEXT() REPRESENTATION_CONTEXT('2D SPACE',''
  ) );
#3267 = PCURVE('',#2848,#3268);
#3268 = DEFINITIONAL_REPRESENTATION('',(#3269),#3275);
#3269 = B_SPLINE_CURVE_WITH_KNOTS('',4,(#3270,#3271,#3272,#3273,#3274),
  .UNSPECIFIED.,.F.,.F.,(5,5),(0.,1.),.PIECEWISE_BEZIER_KNOTS.);
#3270 = CARTESIAN_POINT('',(1.511679733161,-3.));
#3271 = CARTESIAN_POINT('',(1.133759443946,-3.));
#3272 = CARTESIAN_POINT('',(0.755839158668,-2.999702321291));
#3273 = CARTESIAN_POINT('',(0.377919227859,-2.999106872714));
#3274 = CARTESIAN_POINT('',(0.,-2.998214106402));
#3275 = ( GEOMETRIC_REPRESENTATION_CONTEXT(2) 
PARAMETRIC_REPRESENTATION_CONTEXT() REPRESENTATION_CONTEXT('2D SPACE',''
  ) );
#3276 = ORIENTED_EDGE('',*,*,#3277,.T.);
#3277 = EDGE_CURVE('',#3249,#3278,#3280,.T.);
#3278 = VERTEX_POINT('',#3279);
#3279 = CARTESIAN_POINT('',(17.498214106402,-1.188067518543,
    12.292133821886));
#3280 = SURFACE_CURVE('',#3281,(#3319,#3360),.PCURVE_S1.);
#3281 = B_SPLINE_CURVE_WITH_KNOTS('',6,(#3282,#3283,#3284,#3285,#3286,
    #3287,#3288,#3289,#3290,#3291,#3292,#3293,#3294,#3295,#3296,#3297,
    #3298,#3299,#3300,#3301,#3302,#3303,#3304,#3305,#3306,#3307,#3308,
    #3309,#3310,#3311,#3312,#3313,#3314,#3315,#3316,#3317,#3318),
  .UNSPECIFIED.,.F.,.F.,(7,5,5,5,5,5,5,7),(0.,0.164431378732,
    0.266755379545,0.502561857402,0.663185966337,0.73448065363,
    0.836896678338,1.),.UNSPECIFIED.);
#3282 = CARTESIAN_POINT('',(17.498214106402,-1.188067518543,
    4.655380585071));
#3283 = CARTESIAN_POINT('',(17.497664143253,-1.352686455913,
    4.819999522441));
#3284 = CARTESIAN_POINT('',(17.497041212986,-1.508750068767,
    4.993096390809));
#3285 = CARTESIAN_POINT('',(17.496367020115,-1.655712176075,
    5.174108946037));
#3286 = CARTESIAN_POINT('',(17.495663550954,-1.793081553853,
    5.362435642136));
#3287 = CARTESIAN_POINT('',(17.494952013269,-1.920421400133,
    5.557436822202));
#3288 = CARTESIAN_POINT('',(17.493816025255,-2.110111550247,
    5.883515629011));
#3289 = CARTESIAN_POINT('',(17.493384633103,-2.17884272084,
    6.010918951932));
#3290 = CARTESIAN_POINT('',(17.49296231599,-2.243450519274,
    6.140483402807));
#3291 = CARTESIAN_POINT('',(17.492553436963,-2.303852120334,
    6.272042600775));
#3292 = CARTESIAN_POINT('',(17.492162005598,-2.359973666035,
    6.405426259417));
#3293 = CARTESIAN_POINT('',(17.490938255126,-2.531069853284,
    6.851646951764));
#3294 = CARTESIAN_POINT('',(17.490196794039,-2.627319533381,
    7.17161119724));
#3295 = CARTESIAN_POINT('',(17.489611584844,-2.699693261354,
    7.498200914756));
#3296 = CARTESIAN_POINT('',(17.489214717094,-2.747673231085,
    7.829212401989));
#3297 = CARTESIAN_POINT('',(17.489022099971,-2.770987032266,
    8.162401339226));
#3298 = CARTESIAN_POINT('',(17.489040710317,-2.768734568139,
    8.722360883901));
#3299 = CARTESIAN_POINT('',(17.489142754362,-2.756382701577,
    8.949199288603));
#3300 = CARTESIAN_POINT('',(17.489339163327,-2.732594656094,
    9.175275665919));
#3301 = CARTESIAN_POINT('',(17.489626185929,-2.697431406187,9.3998780819
    ));
#3302 = CARTESIAN_POINT('',(17.489996684884,-2.651012024888,
    9.622301535815));
#3303 = CARTESIAN_POINT('',(17.490637294921,-2.567992686827,
    9.939296700595));
#3304 = CARTESIAN_POINT('',(17.490848647278,-2.540288789852,
    10.036178596723));
#3305 = CARTESIAN_POINT('',(17.491073518106,-2.510417615692,
    10.132433454027));
#3306 = CARTESIAN_POINT('',(17.491310894899,-2.478396812059,
    10.228001188874));
#3307 = CARTESIAN_POINT('',(17.491559655127,-2.444246219075,
    10.322822360728));
#3308 = CARTESIAN_POINT('',(17.492190496449,-2.355902136233,
    10.551893476138));
#3309 = CARTESIAN_POINT('',(17.492583393311,-2.299466781977,
    10.685287136014));
#3310 = CARTESIAN_POINT('',(17.492993575138,-2.238747207118,
    10.816844605161));
#3311 = CARTESIAN_POINT('',(17.493417007456,-2.173817805697,
    10.946395274205));
#3312 = CARTESIAN_POINT('',(17.493849303013,-2.104761965176,
    11.073772471013));
#3313 = CARTESIAN_POINT('',(17.494980743369,-1.915272261853,
    11.397948320875));
#3314 = CARTESIAN_POINT('',(17.495686266951,-1.78863967378,
    11.591160349086));
#3315 = CARTESIAN_POINT('',(17.496383346438,-1.652149342027,
    11.777790043737));
#3316 = CARTESIAN_POINT('',(17.497051271229,-1.506228444906,
    11.957213691339));
#3317 = CARTESIAN_POINT('',(17.497668585316,-1.351356825603,
    12.128844514826));
#3318 = CARTESIAN_POINT('',(17.498214106402,-1.188067518543,
    12.292133821886));
#3319 = PCURVE('',#1277,#3320);
#3320 = DEFINITIONAL_REPRESENTATION('',(#3321),#3359);
#3321 = B_SPLINE_CURVE_WITH_KNOTS('',6,(#3322,#3323,#3324,#3325,#3326,
    #3327,#3328,#3329,#3330,#3331,#3332,#3333,#3334,#3335,#3336,#3337,
    #3338,#3339,#3340,#3341,#3342,#3343,#3344,#3345,#3346,#3347,#3348,
    #3349,#3350,#3351,#3352,#3353,#3354,#3355,#3356,#3357,#3358),
  .UNSPECIFIED.,.F.,.F.,(7,5,5,5,5,5,5,7),(0.,0.164431378732,
    0.266755379545,0.502561857402,0.663185966337,0.73448065363,
    0.836896678338,1.),.UNSPECIFIED.);
#3322 = CARTESIAN_POINT('',(-1.59536471091E-02,0.465538058507));
#3323 = CARTESIAN_POINT('',(-1.841094845742E-02,0.481999952244));
#3324 = CARTESIAN_POINT('',(-2.074067522074E-02,0.499309639081));
#3325 = CARTESIAN_POINT('',(-2.293464846318E-02,0.517410894604));
#3326 = CARTESIAN_POINT('',(-2.498550900663E-02,0.536243564214));
#3327 = CARTESIAN_POINT('',(-2.688671083337E-02,0.55574368222));
#3328 = CARTESIAN_POINT('',(-2.971891062574E-02,0.588351562901));
#3329 = CARTESIAN_POINT('',(-3.074513839692E-02,0.601091895193));
#3330 = CARTESIAN_POINT('',(-3.170982184349E-02,0.614048340281));
#3331 = CARTESIAN_POINT('',(-3.261171928601E-02,0.627204260078));
#3332 = CARTESIAN_POINT('',(-3.344972332439E-02,0.640542625942));
#3333 = CARTESIAN_POINT('',(-3.600456241829E-02,0.685164695176));
#3334 = CARTESIAN_POINT('',(-3.744184908946E-02,0.717161119724));
#3335 = CARTESIAN_POINT('',(-3.852263463218E-02,0.749820091476));
#3336 = CARTESIAN_POINT('',(-3.923915011358E-02,0.782921240199));
#3337 = CARTESIAN_POINT('',(-3.958730968132E-02,0.816240133923));
#3338 = CARTESIAN_POINT('',(-3.955367222556E-02,0.87223608839));
#3339 = CARTESIAN_POINT('',(-3.936921408852E-02,0.89491992886));
#3340 = CARTESIAN_POINT('',(-3.901397249898E-02,0.917527566592));
#3341 = CARTESIAN_POINT('',(-3.848886225404E-02,0.93998780819));
#3342 = CARTESIAN_POINT('',(-3.77956695578E-02,0.962230153581));
#3343 = CARTESIAN_POINT('',(-3.655594885537E-02,0.993929670059));
#3344 = CARTESIAN_POINT('',(-3.61422520762E-02,1.003617859672));
#3345 = CARTESIAN_POINT('',(-3.569619570581E-02,1.013243345403));
#3346 = CARTESIAN_POINT('',(-3.521804441779E-02,1.022800118887));
#3347 = CARTESIAN_POINT('',(-3.470809574634E-02,1.032282236073));
#3348 = CARTESIAN_POINT('',(-3.338892732914E-02,1.055189347614));
#3349 = CARTESIAN_POINT('',(-3.254623845988E-02,1.068528713601));
#3350 = CARTESIAN_POINT('',(-3.163959424124E-02,1.081684460516));
#3351 = CARTESIAN_POINT('',(-3.067011010532E-02,1.09463952742));
#3352 = CARTESIAN_POINT('',(-2.963903615355E-02,1.107377247101));
#3353 = CARTESIAN_POINT('',(-2.680983352862E-02,1.139794832088));
#3354 = CARTESIAN_POINT('',(-2.491919385552E-02,1.159116034909));
#3355 = CARTESIAN_POINT('',(-2.288145952076E-02,1.177779004374));
#3356 = CARTESIAN_POINT('',(-2.070303228083E-02,1.195721369134));
#3357 = CARTESIAN_POINT('',(-1.839110078736E-02,1.212884451483));
#3358 = CARTESIAN_POINT('',(-1.59536471091E-02,1.229213382189));
#3359 = ( GEOMETRIC_REPRESENTATION_CONTEXT(2) 
PARAMETRIC_REPRESENTATION_CONTEXT() REPRESENTATION_CONTEXT('2D SPACE',''
  ) );
#3360 = PCURVE('',#2820,#3361);
#3361 = DEFINITIONAL_REPRESENTATION('',(#3362),#3400);
#3362 = B_SPLINE_CURVE_WITH_KNOTS('',6,(#3363,#3364,#3365,#3366,#3367,
    #3368,#3369,#3370,#3371,#3372,#3373,#3374,#3375,#3376,#3377,#3378,
    #3379,#3380,#3381,#3382,#3383,#3384,#3385,#3386,#3387,#3388,#3389,
    #3390,#3391,#3392,#3393,#3394,#3395,#3396,#3397,#3398,#3399),
  .UNSPECIFIED.,.F.,.F.,(7,5,5,5,5,5,5,7),(0.,0.164431378732,
    0.266755379545,0.502561857402,0.663185966337,0.73448065363,
    0.836896678338,1.),.UNSPECIFIED.);
#3363 = CARTESIAN_POINT('',(1.570796326795,-2.998214106402));
#3364 = CARTESIAN_POINT('',(1.613908610842,-2.997664143253));
#3365 = CARTESIAN_POINT('',(1.657010760327,-2.997041212986));
#3366 = CARTESIAN_POINT('',(1.700101873179,-2.996367020115));
#3367 = CARTESIAN_POINT('',(1.743182725092,-2.995663550954));
#3368 = CARTESIAN_POINT('',(1.786254313144,-2.994952013269));
#3369 = CARTESIAN_POINT('',(1.856113504586,-2.993816025255));
#3370 = CARTESIAN_POINT('',(1.88290710963,-2.993384633103));
#3371 = CARTESIAN_POINT('',(1.909697380015,-2.99296231599));
#3372 = CARTESIAN_POINT('',(1.936484505575,-2.992553436963));
#3373 = CARTESIAN_POINT('',(1.963268700507,-2.992162005598));
#3374 = CARTESIAN_POINT('',(2.051768390812,-2.990938255126));
#3375 = CARTESIAN_POINT('',(2.113474746273,-2.990196794039));
#3376 = CARTESIAN_POINT('',(2.175167037731,-2.989611584844));
#3377 = CARTESIAN_POINT('',(2.236851740383,-2.989214717094));
#3378 = CARTESIAN_POINT('',(2.298535508635,-2.989022099971));
#3379 = CARTESIAN_POINT('',(2.402232559557,-2.989040710317));
#3380 = CARTESIAN_POINT('',(2.444248534606,-2.989142754362));
#3381 = CARTESIAN_POINT('',(2.486265415823,-2.989339163327));
#3382 = CARTESIAN_POINT('',(2.528284836567,-2.989626185929));
#3383 = CARTESIAN_POINT('',(2.570308386859,-2.989996684884));
#3384 = CARTESIAN_POINT('',(2.630990988039,-2.990637294921));
#3385 = CARTESIAN_POINT('',(2.649646516195,-2.990848647278));
#3386 = CARTESIAN_POINT('',(2.668303089998,-2.991073518106));
#3387 = CARTESIAN_POINT('',(2.686960799847,-2.991310894899));
#3388 = CARTESIAN_POINT('',(2.705619731903,-2.991559655127));
#3389 = CARTESIAN_POINT('',(2.751085713128,-2.992190496449));
#3390 = CARTESIAN_POINT('',(2.777894166941,-2.992583393311));
#3391 = CARTESIAN_POINT('',(2.804705567927,-2.992993575138));
#3392 = CARTESIAN_POINT('',(2.83152012994,-2.993417007456));
#3393 = CARTESIAN_POINT('',(2.858338042293,-2.993849303013));
#3394 = CARTESIAN_POINT('',(2.927874112539,-2.994980743369));
#3395 = CARTESIAN_POINT('',(2.970598113603,-2.995686266951));
#3396 = CARTESIAN_POINT('',(3.013331254274,-2.996383346438));
#3397 = CARTESIAN_POINT('',(3.056074497537,-2.997051271229));
#3398 = CARTESIAN_POINT('',(3.098828588287,-2.997668585316));
#3399 = CARTESIAN_POINT('',(3.14159265359,-2.998214106402));
#3400 = ( GEOMETRIC_REPRESENTATION_CONTEXT(2) 
PARAMETRIC_REPRESENTATION_CONTEXT() REPRESENTATION_CONTEXT('2D SPACE',''
  ) );
#3401 = ORIENTED_EDGE('',*,*,#3402,.T.);
#3402 = EDGE_CURVE('',#3278,#2750,#3403,.T.);
#3403 = SURFACE_CURVE('',#3404,(#3410,#3419),.PCURVE_S1.);
#3404 = B_SPLINE_CURVE_WITH_KNOTS('',4,(#3405,#3406,#3407,#3408,#3409),
  .UNSPECIFIED.,.F.,.F.,(5,5),(0.,1.),.PIECEWISE_BEZIER_KNOTS.);
#3405 = CARTESIAN_POINT('',(17.498214106402,-1.188067518543,
    12.292133821886));
#3406 = CARTESIAN_POINT('',(17.499106872714,-0.920838269796,
    12.559363070633));
#3407 = CARTESIAN_POINT('',(17.499702321291,-0.653608523957,
    12.826592816472));
#3408 = CARTESIAN_POINT('',(17.5,-0.386378527498,13.093822812931));
#3409 = CARTESIAN_POINT('',(17.5,-0.119148528243,13.361052812186));
#3410 = PCURVE('',#1277,#3411);
#3411 = DEFINITIONAL_REPRESENTATION('',(#3412),#3418);
#3412 = B_SPLINE_CURVE_WITH_KNOTS('',4,(#3413,#3414,#3415,#3416,#3417),
  .UNSPECIFIED.,.F.,.F.,(5,5),(0.,1.),.PIECEWISE_BEZIER_KNOTS.);
#3413 = CARTESIAN_POINT('',(-1.595364737478E-02,1.229213382189));
#3414 = CARTESIAN_POINT('',(-1.196466042255E-02,1.255936307063));
#3415 = CARTESIAN_POINT('',(-7.976053494682E-03,1.282659281647));
#3416 = CARTESIAN_POINT('',(-3.987832579524E-03,1.309382281293));
#3417 = CARTESIAN_POINT('',(0.,1.336105281219));
#3418 = ( GEOMETRIC_REPRESENTATION_CONTEXT(2) 
PARAMETRIC_REPRESENTATION_CONTEXT() REPRESENTATION_CONTEXT('2D SPACE',''
  ) );
#3419 = PCURVE('',#2787,#3420);
#3420 = DEFINITIONAL_REPRESENTATION('',(#3421),#3427);
#3421 = B_SPLINE_CURVE_WITH_KNOTS('',4,(#3422,#3423,#3424,#3425,#3426),
  .UNSPECIFIED.,.F.,.F.,(5,5),(0.,1.),.PIECEWISE_BEZIER_KNOTS.);
#3422 = CARTESIAN_POINT('',(8.485281374239,-2.998214106402));
#3423 = CARTESIAN_POINT('',(8.107362146398,-2.999106872714));
#3424 = CARTESIAN_POINT('',(7.729442215563,-2.999702321291));
#3425 = CARTESIAN_POINT('',(7.351521930297,-3.));
#3426 = CARTESIAN_POINT('',(6.973601641078,-3.));
#3427 = ( GEOMETRIC_REPRESENTATION_CONTEXT(2) 
PARAMETRIC_REPRESENTATION_CONTEXT() REPRESENTATION_CONTEXT('2D SPACE',''
  ) );
#3428 = ADVANCED_FACE('',(#3429),#1237,.T.);
#3429 = FACE_BOUND('',#3430,.T.);
#3430 = EDGE_LOOP('',(#3431,#3458,#3459,#3486,#3487,#3510,#3531,#3532));
#3431 = ORIENTED_EDGE('',*,*,#3432,.F.);
#3432 = EDGE_CURVE('',#3137,#3159,#3433,.T.);
#3433 = SURFACE_CURVE('',#3434,(#3439,#3446),.PCURVE_S1.);
#3434 = CIRCLE('',#3435,3.100000000002);
#3435 = AXIS2_PLACEMENT_3D('',#3436,#3437,#3438);
#3436 = CARTESIAN_POINT('',(14.750000000002,-69.34577520648,
    3.173617348045));
#3437 = DIRECTION('',(1.,1.039908899732E-12,0.));
#3438 = DIRECTION('',(1.039908899732E-12,-1.,0.));
#3439 = PCURVE('',#1237,#3440);
#3440 = DEFINITIONAL_REPRESENTATION('',(#3441),#3445);
#3441 = CIRCLE('',#3442,3.100000000002);
#3442 = AXIS2_PLACEMENT_2D('',#3443,#3444);
#3443 = CARTESIAN_POINT('',(3.700000000002,3.173617348045));
#3444 = DIRECTION('',(-1.,0.));
#3445 = ( GEOMETRIC_REPRESENTATION_CONTEXT(2) 
PARAMETRIC_REPRESENTATION_CONTEXT() REPRESENTATION_CONTEXT('2D SPACE',''
  ) );
#3446 = PCURVE('',#3447,#3452);
#3447 = CONICAL_SURFACE('',#3448,2.100000000001,0.785398163399);
#3448 = AXIS2_PLACEMENT_3D('',#3449,#3450,#3451);
#3449 = CARTESIAN_POINT('',(13.750000000005,-69.34577520648,
    3.173617348045));
#3450 = DIRECTION('',(1.,1.039168751052E-12,0.));
#3451 = DIRECTION('',(1.039168751052E-12,-1.,0.));
#3452 = DEFINITIONAL_REPRESENTATION('',(#3453),#3457);
#3453 = LINE('',#3454,#3455);
#3454 = CARTESIAN_POINT('',(7.993605777301E-15,0.999999999997));
#3455 = VECTOR('',#3456,1.);
#3456 = DIRECTION('',(1.,-5.871336413564E-16));
#3457 = ( GEOMETRIC_REPRESENTATION_CONTEXT(2) 
PARAMETRIC_REPRESENTATION_CONTEXT() REPRESENTATION_CONTEXT('2D SPACE',''
  ) );
#3458 = ORIENTED_EDGE('',*,*,#3136,.T.);
#3459 = ORIENTED_EDGE('',*,*,#3460,.F.);
#3460 = EDGE_CURVE('',#3047,#3069,#3461,.T.);
#3461 = SURFACE_CURVE('',#3462,(#3467,#3474),.PCURVE_S1.);
#3462 = CIRCLE('',#3463,3.100000000002);
#3463 = AXIS2_PLACEMENT_3D('',#3464,#3465,#3466);
#3464 = CARTESIAN_POINT('',(14.750000000002,-69.34577520648,
    19.173617348044));
#3465 = DIRECTION('',(1.,1.039908899732E-12,0.));
#3466 = DIRECTION('',(1.039908899732E-12,-1.,0.));
#3467 = PCURVE('',#1237,#3468);
#3468 = DEFINITIONAL_REPRESENTATION('',(#3469),#3473);
#3469 = CIRCLE('',#3470,3.100000000002);
#3470 = AXIS2_PLACEMENT_2D('',#3471,#3472);
#3471 = CARTESIAN_POINT('',(3.700000000002,19.173617348044));
#3472 = DIRECTION('',(-1.,0.));
#3473 = ( GEOMETRIC_REPRESENTATION_CONTEXT(2) 
PARAMETRIC_REPRESENTATION_CONTEXT() REPRESENTATION_CONTEXT('2D SPACE',''
  ) );
#3474 = PCURVE('',#3475,#3480);
#3475 = CONICAL_SURFACE('',#3476,2.100000000001,0.785398163399);
#3476 = AXIS2_PLACEMENT_3D('',#3477,#3478,#3479);
#3477 = CARTESIAN_POINT('',(13.750000000005,-69.34577520648,
    19.173617348044));
#3478 = DIRECTION('',(1.,1.039168751052E-12,0.));
#3479 = DIRECTION('',(1.039168751052E-12,-1.,0.));
#3480 = DEFINITIONAL_REPRESENTATION('',(#3481),#3485);
#3481 = LINE('',#3482,#3483);
#3482 = CARTESIAN_POINT('',(8.881784197001E-15,0.999999999997));
#3483 = VECTOR('',#3484,1.);
#3484 = DIRECTION('',(1.,3.5880389194E-16));
#3485 = ( GEOMETRIC_REPRESENTATION_CONTEXT(2) 
PARAMETRIC_REPRESENTATION_CONTEXT() REPRESENTATION_CONTEXT('2D SPACE',''
  ) );
#3486 = ORIENTED_EDGE('',*,*,#3046,.T.);
#3487 = ORIENTED_EDGE('',*,*,#3488,.F.);
#3488 = EDGE_CURVE('',#3489,#3010,#3491,.T.);
#3489 = VERTEX_POINT('',#3490);
#3490 = CARTESIAN_POINT('',(14.750000000006,-73.04577520648,23.));
#3491 = SURFACE_CURVE('',#3492,(#3496,#3503),.PCURVE_S1.);
#3492 = LINE('',#3493,#3494);
#3493 = CARTESIAN_POINT('',(14.75,-67.04577520648,23.));
#3494 = VECTOR('',#3495,1.);
#3495 = DIRECTION('',(-1.039908899732E-12,1.,0.));
#3496 = PCURVE('',#1237,#3497);
#3497 = DEFINITIONAL_REPRESENTATION('',(#3498),#3502);
#3498 = LINE('',#3499,#3500);
#3499 = CARTESIAN_POINT('',(6.,23.));
#3500 = VECTOR('',#3501,1.);
#3501 = DIRECTION('',(1.,0.));
#3502 = ( GEOMETRIC_REPRESENTATION_CONTEXT(2) 
PARAMETRIC_REPRESENTATION_CONTEXT() REPRESENTATION_CONTEXT('2D SPACE',''
  ) );
#3503 = PCURVE('',#1382,#3504);
#3504 = DEFINITIONAL_REPRESENTATION('',(#3505),#3509);
#3505 = LINE('',#3506,#3507);
#3506 = CARTESIAN_POINT('',(6.,-40.52288760324));
#3507 = VECTOR('',#3508,1.);
#3508 = DIRECTION('',(-1.039908899732E-12,1.));
#3509 = ( GEOMETRIC_REPRESENTATION_CONTEXT(2) 
PARAMETRIC_REPRESENTATION_CONTEXT() REPRESENTATION_CONTEXT('2D SPACE',''
  ) );
#3510 = ORIENTED_EDGE('',*,*,#3511,.F.);
#3511 = EDGE_CURVE('',#1194,#3489,#3512,.T.);
#3512 = SURFACE_CURVE('',#3513,(#3517,#3524),.PCURVE_S1.);
#3513 = LINE('',#3514,#3515);
#3514 = CARTESIAN_POINT('',(14.750000000006,-73.04577520648,0.));
#3515 = VECTOR('',#3516,1.);
#3516 = DIRECTION('',(0.,0.,1.));
#3517 = PCURVE('',#1237,#3518);
#3518 = DEFINITIONAL_REPRESENTATION('',(#3519),#3523);
#3519 = LINE('',#3520,#3521);
#3520 = CARTESIAN_POINT('',(0.,0.));
#3521 = VECTOR('',#3522,1.);
#3522 = DIRECTION('',(0.,1.));
#3523 = ( GEOMETRIC_REPRESENTATION_CONTEXT(2) 
PARAMETRIC_REPRESENTATION_CONTEXT() REPRESENTATION_CONTEXT('2D SPACE',''
  ) );
#3524 = PCURVE('',#1209,#3525);
#3525 = DEFINITIONAL_REPRESENTATION('',(#3526),#3530);
#3526 = LINE('',#3527,#3528);
#3527 = CARTESIAN_POINT('',(3.000000000002,0.));
#3528 = VECTOR('',#3529,1.);
#3529 = DIRECTION('',(0.,1.));
#3530 = ( GEOMETRIC_REPRESENTATION_CONTEXT(2) 
PARAMETRIC_REPRESENTATION_CONTEXT() REPRESENTATION_CONTEXT('2D SPACE',''
  ) );
#3531 = ORIENTED_EDGE('',*,*,#1221,.F.);
#3532 = ORIENTED_EDGE('',*,*,#3226,.T.);
#3533 = ADVANCED_FACE('',(#3534),#1209,.T.);
#3534 = FACE_BOUND('',#3535,.T.);
#3535 = EDGE_LOOP('',(#3536,#3537,#3538,#3561));
#3536 = ORIENTED_EDGE('',*,*,#1193,.T.);
#3537 = ORIENTED_EDGE('',*,*,#3511,.T.);
#3538 = ORIENTED_EDGE('',*,*,#3539,.F.);
#3539 = EDGE_CURVE('',#3540,#3489,#3542,.T.);
#3540 = VERTEX_POINT('',#3541);
#3541 = CARTESIAN_POINT('',(11.750000000005,-73.04577520648,23.));
#3542 = SURFACE_CURVE('',#3543,(#3547,#3554),.PCURVE_S1.);
#3543 = LINE('',#3544,#3545);
#3544 = CARTESIAN_POINT('',(11.750000000005,-73.04577520648,23.));
#3545 = VECTOR('',#3546,1.);
#3546 = DIRECTION('',(1.,0.,0.));
#3547 = PCURVE('',#1209,#3548);
#3548 = DEFINITIONAL_REPRESENTATION('',(#3549),#3553);
#3549 = LINE('',#3550,#3551);
#3550 = CARTESIAN_POINT('',(0.,23.));
#3551 = VECTOR('',#3552,1.);
#3552 = DIRECTION('',(1.,0.));
#3553 = ( GEOMETRIC_REPRESENTATION_CONTEXT(2) 
PARAMETRIC_REPRESENTATION_CONTEXT() REPRESENTATION_CONTEXT('2D SPACE',''
  ) );
#3554 = PCURVE('',#1382,#3555);
#3555 = DEFINITIONAL_REPRESENTATION('',(#3556),#3560);
#3556 = LINE('',#3557,#3558);
#3557 = CARTESIAN_POINT('',(3.000000000005,-46.52288760324));
#3558 = VECTOR('',#3559,1.);
#3559 = DIRECTION('',(1.,0.));
#3560 = ( GEOMETRIC_REPRESENTATION_CONTEXT(2) 
PARAMETRIC_REPRESENTATION_CONTEXT() REPRESENTATION_CONTEXT('2D SPACE',''
  ) );
#3561 = ORIENTED_EDGE('',*,*,#3562,.F.);
#3562 = EDGE_CURVE('',#1166,#3540,#3563,.T.);
#3563 = SURFACE_CURVE('',#3564,(#3568,#3575),.PCURVE_S1.);
#3564 = LINE('',#3565,#3566);
#3565 = CARTESIAN_POINT('',(11.750000000005,-73.04577520648,0.));
#3566 = VECTOR('',#3567,1.);
#3567 = DIRECTION('',(0.,0.,1.));
#3568 = PCURVE('',#1209,#3569);
#3569 = DEFINITIONAL_REPRESENTATION('',(#3570),#3574);
#3570 = LINE('',#3571,#3572);
#3571 = CARTESIAN_POINT('',(0.,0.));
#3572 = VECTOR('',#3573,1.);
#3573 = DIRECTION('',(0.,1.));
#3574 = ( GEOMETRIC_REPRESENTATION_CONTEXT(2) 
PARAMETRIC_REPRESENTATION_CONTEXT() REPRESENTATION_CONTEXT('2D SPACE',''
  ) );
#3575 = PCURVE('',#1181,#3576);
#3576 = DEFINITIONAL_REPRESENTATION('',(#3577),#3581);
#3577 = LINE('',#3578,#3579);
#3578 = CARTESIAN_POINT('',(6.,0.));
#3579 = VECTOR('',#3580,1.);
#3580 = DIRECTION('',(0.,1.));
#3581 = ( GEOMETRIC_REPRESENTATION_CONTEXT(2) 
PARAMETRIC_REPRESENTATION_CONTEXT() REPRESENTATION_CONTEXT('2D SPACE',''
  ) );
#3582 = ADVANCED_FACE('',(#3583,#3631,#3666),#1181,.T.);
#3583 = FACE_BOUND('',#3584,.T.);
#3584 = EDGE_LOOP('',(#3585,#3586,#3587,#3610));
#3585 = ORIENTED_EDGE('',*,*,#1165,.T.);
#3586 = ORIENTED_EDGE('',*,*,#3562,.T.);
#3587 = ORIENTED_EDGE('',*,*,#3588,.F.);
#3588 = EDGE_CURVE('',#3589,#3540,#3591,.T.);
#3589 = VERTEX_POINT('',#3590);
#3590 = CARTESIAN_POINT('',(11.75,-67.04577520648,23.));
#3591 = SURFACE_CURVE('',#3592,(#3596,#3603),.PCURVE_S1.);
#3592 = LINE('',#3593,#3594);
#3593 = CARTESIAN_POINT('',(11.75,-67.04577520648,23.));
#3594 = VECTOR('',#3595,1.);
#3595 = DIRECTION('',(7.660538869914E-13,-1.,0.));
#3596 = PCURVE('',#1181,#3597);
#3597 = DEFINITIONAL_REPRESENTATION('',(#3598),#3602);
#3598 = LINE('',#3599,#3600);
#3599 = CARTESIAN_POINT('',(0.,23.));
#3600 = VECTOR('',#3601,1.);
#3601 = DIRECTION('',(1.,0.));
#3602 = ( GEOMETRIC_REPRESENTATION_CONTEXT(2) 
PARAMETRIC_REPRESENTATION_CONTEXT() REPRESENTATION_CONTEXT('2D SPACE',''
  ) );
#3603 = PCURVE('',#1382,#3604);
#3604 = DEFINITIONAL_REPRESENTATION('',(#3605),#3609);
#3605 = LINE('',#3606,#3607);
#3606 = CARTESIAN_POINT('',(3.,-40.52288760324));
#3607 = VECTOR('',#3608,1.);
#3608 = DIRECTION('',(7.660538869914E-13,-1.));
#3609 = ( GEOMETRIC_REPRESENTATION_CONTEXT(2) 
PARAMETRIC_REPRESENTATION_CONTEXT() REPRESENTATION_CONTEXT('2D SPACE',''
  ) );
#3610 = ORIENTED_EDGE('',*,*,#3611,.F.);
#3611 = EDGE_CURVE('',#1138,#3589,#3612,.T.);
#3612 = SURFACE_CURVE('',#3613,(#3617,#3624),.PCURVE_S1.);
#3613 = LINE('',#3614,#3615);
#3614 = CARTESIAN_POINT('',(11.75,-67.04577520648,0.));
#3615 = VECTOR('',#3616,1.);
#3616 = DIRECTION('',(0.,0.,1.));
#3617 = PCURVE('',#1181,#3618);
#3618 = DEFINITIONAL_REPRESENTATION('',(#3619),#3623);
#3619 = LINE('',#3620,#3621);
#3620 = CARTESIAN_POINT('',(0.,0.));
#3621 = VECTOR('',#3622,1.);
#3622 = DIRECTION('',(0.,1.));
#3623 = ( GEOMETRIC_REPRESENTATION_CONTEXT(2) 
PARAMETRIC_REPRESENTATION_CONTEXT() REPRESENTATION_CONTEXT('2D SPACE',''
  ) );
#3624 = PCURVE('',#1153,#3625);
#3625 = DEFINITIONAL_REPRESENTATION('',(#3626),#3630);
#3626 = LINE('',#3627,#3628);
#3627 = CARTESIAN_POINT('',(11.75,0.));
#3628 = VECTOR('',#3629,1.);
#3629 = DIRECTION('',(0.,1.));
#3630 = ( GEOMETRIC_REPRESENTATION_CONTEXT(2) 
PARAMETRIC_REPRESENTATION_CONTEXT() REPRESENTATION_CONTEXT('2D SPACE',''
  ) );
#3631 = FACE_BOUND('',#3632,.T.);
#3632 = EDGE_LOOP('',(#3633));
#3633 = ORIENTED_EDGE('',*,*,#3634,.T.);
#3634 = EDGE_CURVE('',#3635,#3635,#3637,.T.);
#3635 = VERTEX_POINT('',#3636);
#3636 = CARTESIAN_POINT('',(11.749999999946,-68.24577520648,
    19.173617348044));
#3637 = SURFACE_CURVE('',#3638,(#3643,#3654),.PCURVE_S1.);
#3638 = CIRCLE('',#3639,1.1);
#3639 = AXIS2_PLACEMENT_3D('',#3640,#3641,#3642);
#3640 = CARTESIAN_POINT('',(11.75,-69.34577520648,19.173617348044));
#3641 = DIRECTION('',(1.,7.660538869914E-13,0.));
#3642 = DIRECTION('',(7.660538869914E-13,-1.,0.));
#3643 = PCURVE('',#1181,#3644);
#3644 = DEFINITIONAL_REPRESENTATION('',(#3645),#3653);
#3645 = ( BOUNDED_CURVE() B_SPLINE_CURVE(2,(#3646,#3647,#3648,#3649,
#3650,#3651,#3652),.UNSPECIFIED.,.T.,.F.) B_SPLINE_CURVE_WITH_KNOTS((1,2
    ,2,2,2,1),(-2.094395102393,0.,2.094395102393,4.188790204786,
6.28318530718,8.377580409573),.UNSPECIFIED.) CURVE() 
GEOMETRIC_REPRESENTATION_ITEM() RATIONAL_B_SPLINE_CURVE((1.,0.5,1.,0.5,
1.,0.5,1.)) REPRESENTATION_ITEM('') );
#3646 = CARTESIAN_POINT('',(3.4,19.173617348044));
#3647 = CARTESIAN_POINT('',(3.4,17.268361459719));
#3648 = CARTESIAN_POINT('',(1.75,18.220989403882));
#3649 = CARTESIAN_POINT('',(0.1,19.173617348044));
#3650 = CARTESIAN_POINT('',(1.75,20.126245292207));
#3651 = CARTESIAN_POINT('',(3.4,21.07887323637));
#3652 = CARTESIAN_POINT('',(3.4,19.173617348044));
#3653 = ( GEOMETRIC_REPRESENTATION_CONTEXT(2) 
PARAMETRIC_REPRESENTATION_CONTEXT() REPRESENTATION_CONTEXT('2D SPACE',''
  ) );
#3654 = PCURVE('',#3655,#3660);
#3655 = CYLINDRICAL_SURFACE('',#3656,1.1);
#3656 = AXIS2_PLACEMENT_3D('',#3657,#3658,#3659);
#3657 = CARTESIAN_POINT('',(11.749999999946,-69.34577520648,
    19.173617348044));
#3658 = DIRECTION('',(1.,-3.552713678801E-14,0.));
#3659 = DIRECTION('',(-3.552713678801E-14,-1.,0.));
#3660 = DEFINITIONAL_REPRESENTATION('',(#3661),#3665);
#3661 = LINE('',#3662,#3663);
#3662 = CARTESIAN_POINT('',(-6.28318530718,5.281997061957E-11));
#3663 = VECTOR('',#3664,1.);
#3664 = DIRECTION('',(1.,0.));
#3665 = ( GEOMETRIC_REPRESENTATION_CONTEXT(2) 
PARAMETRIC_REPRESENTATION_CONTEXT() REPRESENTATION_CONTEXT('2D SPACE',''
  ) );
#3666 = FACE_BOUND('',#3667,.T.);
#3667 = EDGE_LOOP('',(#3668));
#3668 = ORIENTED_EDGE('',*,*,#3669,.T.);
#3669 = EDGE_CURVE('',#3670,#3670,#3672,.T.);
#3670 = VERTEX_POINT('',#3671);
#3671 = CARTESIAN_POINT('',(11.749999999946,-68.24577520648,
    3.173617348045));
#3672 = SURFACE_CURVE('',#3673,(#3678,#3689),.PCURVE_S1.);
#3673 = CIRCLE('',#3674,1.1);
#3674 = AXIS2_PLACEMENT_3D('',#3675,#3676,#3677);
#3675 = CARTESIAN_POINT('',(11.75,-69.34577520648,3.173617348045));
#3676 = DIRECTION('',(1.,7.660538869914E-13,0.));
#3677 = DIRECTION('',(7.660538869914E-13,-1.,0.));
#3678 = PCURVE('',#1181,#3679);
#3679 = DEFINITIONAL_REPRESENTATION('',(#3680),#3688);
#3680 = ( BOUNDED_CURVE() B_SPLINE_CURVE(2,(#3681,#3682,#3683,#3684,
#3685,#3686,#3687),.UNSPECIFIED.,.T.,.F.) B_SPLINE_CURVE_WITH_KNOTS((1,2
    ,2,2,2,1),(-2.094395102393,0.,2.094395102393,4.188790204786,
6.28318530718,8.377580409573),.UNSPECIFIED.) CURVE() 
GEOMETRIC_REPRESENTATION_ITEM() RATIONAL_B_SPLINE_CURVE((1.,0.5,1.,0.5,
1.,0.5,1.)) REPRESENTATION_ITEM('') );
#3681 = CARTESIAN_POINT('',(3.4,3.173617348045));
#3682 = CARTESIAN_POINT('',(3.4,1.268361459719));
#3683 = CARTESIAN_POINT('',(1.75,2.220989403882));
#3684 = CARTESIAN_POINT('',(0.1,3.173617348045));
#3685 = CARTESIAN_POINT('',(1.75,4.126245292207));
#3686 = CARTESIAN_POINT('',(3.4,5.07887323637));
#3687 = CARTESIAN_POINT('',(3.4,3.173617348045));
#3688 = ( GEOMETRIC_REPRESENTATION_CONTEXT(2) 
PARAMETRIC_REPRESENTATION_CONTEXT() REPRESENTATION_CONTEXT('2D SPACE',''
  ) );
#3689 = PCURVE('',#3690,#3695);
#3690 = CYLINDRICAL_SURFACE('',#3691,1.1);
#3691 = AXIS2_PLACEMENT_3D('',#3692,#3693,#3694);
#3692 = CARTESIAN_POINT('',(11.749999999946,-69.34577520648,
    3.173617348045));
#3693 = DIRECTION('',(1.,-3.552713678801E-14,0.));
#3694 = DIRECTION('',(-3.552713678801E-14,-1.,0.));
#3695 = DEFINITIONAL_REPRESENTATION('',(#3696),#3700);
#3696 = LINE('',#3697,#3698);
#3697 = CARTESIAN_POINT('',(-6.28318530718,5.281997061957E-11));
#3698 = VECTOR('',#3699,1.);
#3699 = DIRECTION('',(1.,0.));
#3700 = ( GEOMETRIC_REPRESENTATION_CONTEXT(2) 
PARAMETRIC_REPRESENTATION_CONTEXT() REPRESENTATION_CONTEXT('2D SPACE',''
  ) );
#3701 = ADVANCED_FACE('',(#3702),#1153,.T.);
#3702 = FACE_BOUND('',#3703,.T.);
#3703 = EDGE_LOOP('',(#3704,#3705,#3706,#3729));
#3704 = ORIENTED_EDGE('',*,*,#1137,.F.);
#3705 = ORIENTED_EDGE('',*,*,#3611,.T.);
#3706 = ORIENTED_EDGE('',*,*,#3707,.T.);
#3707 = EDGE_CURVE('',#3589,#3708,#3710,.T.);
#3708 = VERTEX_POINT('',#3709);
#3709 = CARTESIAN_POINT('',(-11.75,-67.04577520648,23.));
#3710 = SURFACE_CURVE('',#3711,(#3715,#3722),.PCURVE_S1.);
#3711 = LINE('',#3712,#3713);
#3712 = CARTESIAN_POINT('',(-3.469446951954E-17,-67.04577520648,23.));
#3713 = VECTOR('',#3714,1.);
#3714 = DIRECTION('',(-1.,0.,0.));
#3715 = PCURVE('',#1153,#3716);
#3716 = DEFINITIONAL_REPRESENTATION('',(#3717),#3721);
#3717 = LINE('',#3718,#3719);
#3718 = CARTESIAN_POINT('',(-6.938893903907E-17,23.));
#3719 = VECTOR('',#3720,1.);
#3720 = DIRECTION('',(-1.,0.));
#3721 = ( GEOMETRIC_REPRESENTATION_CONTEXT(2) 
PARAMETRIC_REPRESENTATION_CONTEXT() REPRESENTATION_CONTEXT('2D SPACE',''
  ) );
#3722 = PCURVE('',#1382,#3723);
#3723 = DEFINITIONAL_REPRESENTATION('',(#3724),#3728);
#3724 = LINE('',#3725,#3726);
#3725 = CARTESIAN_POINT('',(-8.75,-40.52288760324));
#3726 = VECTOR('',#3727,1.);
#3727 = DIRECTION('',(-1.,0.));
#3728 = ( GEOMETRIC_REPRESENTATION_CONTEXT(2) 
PARAMETRIC_REPRESENTATION_CONTEXT() REPRESENTATION_CONTEXT('2D SPACE',''
  ) );
#3729 = ORIENTED_EDGE('',*,*,#3730,.F.);
#3730 = EDGE_CURVE('',#1110,#3708,#3731,.T.);
#3731 = SURFACE_CURVE('',#3732,(#3736,#3743),.PCURVE_S1.);
#3732 = LINE('',#3733,#3734);
#3733 = CARTESIAN_POINT('',(-11.75,-67.04577520648,0.));
#3734 = VECTOR('',#3735,1.);
#3735 = DIRECTION('',(0.,0.,1.));
#3736 = PCURVE('',#1153,#3737);
#3737 = DEFINITIONAL_REPRESENTATION('',(#3738),#3742);
#3738 = LINE('',#3739,#3740);
#3739 = CARTESIAN_POINT('',(-11.75,0.));
#3740 = VECTOR('',#3741,1.);
#3741 = DIRECTION('',(0.,1.));
#3742 = ( GEOMETRIC_REPRESENTATION_CONTEXT(2) 
PARAMETRIC_REPRESENTATION_CONTEXT() REPRESENTATION_CONTEXT('2D SPACE',''
  ) );
#3743 = PCURVE('',#1125,#3744);
#3744 = DEFINITIONAL_REPRESENTATION('',(#3745),#3749);
#3745 = LINE('',#3746,#3747);
#3746 = CARTESIAN_POINT('',(0.,0.));
#3747 = VECTOR('',#3748,1.);
#3748 = DIRECTION('',(0.,1.));
#3749 = ( GEOMETRIC_REPRESENTATION_CONTEXT(2) 
PARAMETRIC_REPRESENTATION_CONTEXT() REPRESENTATION_CONTEXT('2D SPACE',''
  ) );
#3750 = ADVANCED_FACE('',(#3751,#3799,#3834),#1125,.F.);
#3751 = FACE_BOUND('',#3752,.T.);
#3752 = EDGE_LOOP('',(#3753,#3754,#3755,#3778));
#3753 = ORIENTED_EDGE('',*,*,#1109,.F.);
#3754 = ORIENTED_EDGE('',*,*,#3730,.T.);
#3755 = ORIENTED_EDGE('',*,*,#3756,.T.);
#3756 = EDGE_CURVE('',#3708,#3757,#3759,.T.);
#3757 = VERTEX_POINT('',#3758);
#3758 = CARTESIAN_POINT('',(-11.75,-73.04577520648,23.));
#3759 = SURFACE_CURVE('',#3760,(#3764,#3771),.PCURVE_S1.);
#3760 = LINE('',#3761,#3762);
#3761 = CARTESIAN_POINT('',(-11.75,-67.04577520648,23.));
#3762 = VECTOR('',#3763,1.);
#3763 = DIRECTION('',(-7.660538869914E-13,-1.,0.));
#3764 = PCURVE('',#1125,#3765);
#3765 = DEFINITIONAL_REPRESENTATION('',(#3766),#3770);
#3766 = LINE('',#3767,#3768);
#3767 = CARTESIAN_POINT('',(0.,23.));
#3768 = VECTOR('',#3769,1.);
#3769 = DIRECTION('',(1.,0.));
#3770 = ( GEOMETRIC_REPRESENTATION_CONTEXT(2) 
PARAMETRIC_REPRESENTATION_CONTEXT() REPRESENTATION_CONTEXT('2D SPACE',''
  ) );
#3771 = PCURVE('',#1382,#3772);
#3772 = DEFINITIONAL_REPRESENTATION('',(#3773),#3777);
#3773 = LINE('',#3774,#3775);
#3774 = CARTESIAN_POINT('',(-20.5,-40.52288760324));
#3775 = VECTOR('',#3776,1.);
#3776 = DIRECTION('',(-7.660538869914E-13,-1.));
#3777 = ( GEOMETRIC_REPRESENTATION_CONTEXT(2) 
PARAMETRIC_REPRESENTATION_CONTEXT() REPRESENTATION_CONTEXT('2D SPACE',''
  ) );
#3778 = ORIENTED_EDGE('',*,*,#3779,.F.);
#3779 = EDGE_CURVE('',#1082,#3757,#3780,.T.);
#3780 = SURFACE_CURVE('',#3781,(#3785,#3792),.PCURVE_S1.);
#3781 = LINE('',#3782,#3783);
#3782 = CARTESIAN_POINT('',(-11.75,-73.04577520648,0.));
#3783 = VECTOR('',#3784,1.);
#3784 = DIRECTION('',(0.,0.,1.));
#3785 = PCURVE('',#1125,#3786);
#3786 = DEFINITIONAL_REPRESENTATION('',(#3787),#3791);
#3787 = LINE('',#3788,#3789);
#3788 = CARTESIAN_POINT('',(6.,0.));
#3789 = VECTOR('',#3790,1.);
#3790 = DIRECTION('',(0.,1.));
#3791 = ( GEOMETRIC_REPRESENTATION_CONTEXT(2) 
PARAMETRIC_REPRESENTATION_CONTEXT() REPRESENTATION_CONTEXT('2D SPACE',''
  ) );
#3792 = PCURVE('',#1097,#3793);
#3793 = DEFINITIONAL_REPRESENTATION('',(#3794),#3798);
#3794 = LINE('',#3795,#3796);
#3795 = CARTESIAN_POINT('',(0.,0.));
#3796 = VECTOR('',#3797,1.);
#3797 = DIRECTION('',(0.,1.));
#3798 = ( GEOMETRIC_REPRESENTATION_CONTEXT(2) 
PARAMETRIC_REPRESENTATION_CONTEXT() REPRESENTATION_CONTEXT('2D SPACE',''
  ) );
#3799 = FACE_BOUND('',#3800,.T.);
#3800 = EDGE_LOOP('',(#3801));
#3801 = ORIENTED_EDGE('',*,*,#3802,.F.);
#3802 = EDGE_CURVE('',#3803,#3803,#3805,.T.);
#3803 = VERTEX_POINT('',#3804);
#3804 = CARTESIAN_POINT('',(-11.74999999994,-68.24577520648,
    19.173617348044));
#3805 = SURFACE_CURVE('',#3806,(#3811,#3822),.PCURVE_S1.);
#3806 = CIRCLE('',#3807,1.1);
#3807 = AXIS2_PLACEMENT_3D('',#3808,#3809,#3810);
#3808 = CARTESIAN_POINT('',(-11.75,-69.34577520648,19.173617348044));
#3809 = DIRECTION('',(1.,-7.660538869914E-13,0.));
#3810 = DIRECTION('',(-7.660538869914E-13,-1.,0.));
#3811 = PCURVE('',#1125,#3812);
#3812 = DEFINITIONAL_REPRESENTATION('',(#3813),#3821);
#3813 = ( BOUNDED_CURVE() B_SPLINE_CURVE(2,(#3814,#3815,#3816,#3817,
#3818,#3819,#3820),.UNSPECIFIED.,.T.,.F.) B_SPLINE_CURVE_WITH_KNOTS((1,2
    ,2,2,2,1),(-2.094395102393,0.,2.094395102393,4.188790204786,
6.28318530718,8.377580409573),.UNSPECIFIED.) CURVE() 
GEOMETRIC_REPRESENTATION_ITEM() RATIONAL_B_SPLINE_CURVE((1.,0.5,1.,0.5,
1.,0.5,1.)) REPRESENTATION_ITEM('') );
#3814 = CARTESIAN_POINT('',(3.4,19.173617348044));
#3815 = CARTESIAN_POINT('',(3.4,17.268361459719));
#3816 = CARTESIAN_POINT('',(1.75,18.220989403882));
#3817 = CARTESIAN_POINT('',(0.1,19.173617348044));
#3818 = CARTESIAN_POINT('',(1.75,20.126245292207));
#3819 = CARTESIAN_POINT('',(3.4,21.07887323637));
#3820 = CARTESIAN_POINT('',(3.4,19.173617348044));
#3821 = ( GEOMETRIC_REPRESENTATION_CONTEXT(2) 
PARAMETRIC_REPRESENTATION_CONTEXT() REPRESENTATION_CONTEXT('2D SPACE',''
  ) );
#3822 = PCURVE('',#3823,#3828);
#3823 = CYLINDRICAL_SURFACE('',#3824,1.1);
#3824 = AXIS2_PLACEMENT_3D('',#3825,#3826,#3827);
#3825 = CARTESIAN_POINT('',(-11.74999999994,-69.34577520648,
    19.173617348044));
#3826 = DIRECTION('',(1.,3.552713678801E-14,0.));
#3827 = DIRECTION('',(3.552713678801E-14,-1.,0.));
#3828 = DEFINITIONAL_REPRESENTATION('',(#3829),#3833);
#3829 = LINE('',#3830,#3831);
#3830 = CARTESIAN_POINT('',(0.,-5.281997061957E-11));
#3831 = VECTOR('',#3832,1.);
#3832 = DIRECTION('',(1.,0.));
#3833 = ( GEOMETRIC_REPRESENTATION_CONTEXT(2) 
PARAMETRIC_REPRESENTATION_CONTEXT() REPRESENTATION_CONTEXT('2D SPACE',''
  ) );
#3834 = FACE_BOUND('',#3835,.T.);
#3835 = EDGE_LOOP('',(#3836));
#3836 = ORIENTED_EDGE('',*,*,#3837,.F.);
#3837 = EDGE_CURVE('',#3838,#3838,#3840,.T.);
#3838 = VERTEX_POINT('',#3839);
#3839 = CARTESIAN_POINT('',(-11.74999999994,-68.24577520648,
    3.173617348045));
#3840 = SURFACE_CURVE('',#3841,(#3846,#3857),.PCURVE_S1.);
#3841 = CIRCLE('',#3842,1.1);
#3842 = AXIS2_PLACEMENT_3D('',#3843,#3844,#3845);
#3843 = CARTESIAN_POINT('',(-11.75,-69.34577520648,3.173617348045));
#3844 = DIRECTION('',(1.,-7.660538869914E-13,0.));
#3845 = DIRECTION('',(-7.660538869914E-13,-1.,0.));
#3846 = PCURVE('',#1125,#3847);
#3847 = DEFINITIONAL_REPRESENTATION('',(#3848),#3856);
#3848 = ( BOUNDED_CURVE() B_SPLINE_CURVE(2,(#3849,#3850,#3851,#3852,
#3853,#3854,#3855),.UNSPECIFIED.,.T.,.F.) B_SPLINE_CURVE_WITH_KNOTS((1,2
    ,2,2,2,1),(-2.094395102393,0.,2.094395102393,4.188790204786,
6.28318530718,8.377580409573),.UNSPECIFIED.) CURVE() 
GEOMETRIC_REPRESENTATION_ITEM() RATIONAL_B_SPLINE_CURVE((1.,0.5,1.,0.5,
1.,0.5,1.)) REPRESENTATION_ITEM('') );
#3849 = CARTESIAN_POINT('',(3.4,3.173617348045));
#3850 = CARTESIAN_POINT('',(3.4,1.268361459719));
#3851 = CARTESIAN_POINT('',(1.75,2.220989403882));
#3852 = CARTESIAN_POINT('',(0.1,3.173617348045));
#3853 = CARTESIAN_POINT('',(1.75,4.126245292207));
#3854 = CARTESIAN_POINT('',(3.4,5.07887323637));
#3855 = CARTESIAN_POINT('',(3.4,3.173617348045));
#3856 = ( GEOMETRIC_REPRESENTATION_CONTEXT(2) 
PARAMETRIC_REPRESENTATION_CONTEXT() REPRESENTATION_CONTEXT('2D SPACE',''
  ) );
#3857 = PCURVE('',#3858,#3863);
#3858 = CYLINDRICAL_SURFACE('',#3859,1.1);
#3859 = AXIS2_PLACEMENT_3D('',#3860,#3861,#3862);
#3860 = CARTESIAN_POINT('',(-11.74999999994,-69.34577520648,
    3.173617348045));
#3861 = DIRECTION('',(1.,3.552713678801E-14,0.));
#3862 = DIRECTION('',(3.552713678801E-14,-1.,0.));
#3863 = DEFINITIONAL_REPRESENTATION('',(#3864),#3868);
#3864 = LINE('',#3865,#3866);
#3865 = CARTESIAN_POINT('',(0.,-5.281997061957E-11));
#3866 = VECTOR('',#3867,1.);
#3867 = DIRECTION('',(1.,0.));
#3868 = ( GEOMETRIC_REPRESENTATION_CONTEXT(2) 
PARAMETRIC_REPRESENTATION_CONTEXT() REPRESENTATION_CONTEXT('2D SPACE',''
  ) );
#3869 = ADVANCED_FACE('',(#3870),#1097,.F.);
#3870 = FACE_BOUND('',#3871,.T.);
#3871 = EDGE_LOOP('',(#3872,#3873,#3874,#3897));
#3872 = ORIENTED_EDGE('',*,*,#1081,.F.);
#3873 = ORIENTED_EDGE('',*,*,#3779,.T.);
#3874 = ORIENTED_EDGE('',*,*,#3875,.T.);
#3875 = EDGE_CURVE('',#3757,#3876,#3878,.T.);
#3876 = VERTEX_POINT('',#3877);
#3877 = CARTESIAN_POINT('',(-14.75,-73.04577520648,23.));
#3878 = SURFACE_CURVE('',#3879,(#3883,#3890),.PCURVE_S1.);
#3879 = LINE('',#3880,#3881);
#3880 = CARTESIAN_POINT('',(-11.75,-73.04577520648,23.));
#3881 = VECTOR('',#3882,1.);
#3882 = DIRECTION('',(-1.,0.,0.));
#3883 = PCURVE('',#1097,#3884);
#3884 = DEFINITIONAL_REPRESENTATION('',(#3885),#3889);
#3885 = LINE('',#3886,#3887);
#3886 = CARTESIAN_POINT('',(0.,23.));
#3887 = VECTOR('',#3888,1.);
#3888 = DIRECTION('',(1.,0.));
#3889 = ( GEOMETRIC_REPRESENTATION_CONTEXT(2) 
PARAMETRIC_REPRESENTATION_CONTEXT() REPRESENTATION_CONTEXT('2D SPACE',''
  ) );
#3890 = PCURVE('',#1382,#3891);
#3891 = DEFINITIONAL_REPRESENTATION('',(#3892),#3896);
#3892 = LINE('',#3893,#3894);
#3893 = CARTESIAN_POINT('',(-20.5,-46.52288760324));
#3894 = VECTOR('',#3895,1.);
#3895 = DIRECTION('',(-1.,0.));
#3896 = ( GEOMETRIC_REPRESENTATION_CONTEXT(2) 
PARAMETRIC_REPRESENTATION_CONTEXT() REPRESENTATION_CONTEXT('2D SPACE',''
  ) );
#3897 = ORIENTED_EDGE('',*,*,#3898,.F.);
#3898 = EDGE_CURVE('',#1054,#3876,#3899,.T.);
#3899 = SURFACE_CURVE('',#3900,(#3904,#3911),.PCURVE_S1.);
#3900 = LINE('',#3901,#3902);
#3901 = CARTESIAN_POINT('',(-14.75,-73.04577520648,0.));
#3902 = VECTOR('',#3903,1.);
#3903 = DIRECTION('',(0.,0.,1.));
#3904 = PCURVE('',#1097,#3905);
#3905 = DEFINITIONAL_REPRESENTATION('',(#3906),#3910);
#3906 = LINE('',#3907,#3908);
#3907 = CARTESIAN_POINT('',(3.000000000002,0.));
#3908 = VECTOR('',#3909,1.);
#3909 = DIRECTION('',(0.,1.));
#3910 = ( GEOMETRIC_REPRESENTATION_CONTEXT(2) 
PARAMETRIC_REPRESENTATION_CONTEXT() REPRESENTATION_CONTEXT('2D SPACE',''
  ) );
#3911 = PCURVE('',#1069,#3912);
#3912 = DEFINITIONAL_REPRESENTATION('',(#3913),#3917);
#3913 = LINE('',#3914,#3915);
#3914 = CARTESIAN_POINT('',(0.,0.));
#3915 = VECTOR('',#3916,1.);
#3916 = DIRECTION('',(0.,1.));
#3917 = ( GEOMETRIC_REPRESENTATION_CONTEXT(2) 
PARAMETRIC_REPRESENTATION_CONTEXT() REPRESENTATION_CONTEXT('2D SPACE',''
  ) );
#3918 = ADVANCED_FACE('',(#3919),#1069,.F.);
#3919 = FACE_BOUND('',#3920,.T.);
#3920 = EDGE_LOOP('',(#3921,#3948,#3949,#3950,#3951,#3972,#3973,#4000));
#3921 = ORIENTED_EDGE('',*,*,#3922,.T.);
#3922 = EDGE_CURVE('',#1492,#1514,#3923,.T.);
#3923 = SURFACE_CURVE('',#3924,(#3929,#3936),.PCURVE_S1.);
#3924 = CIRCLE('',#3925,3.100000000002);
#3925 = AXIS2_PLACEMENT_3D('',#3926,#3927,#3928);
#3926 = CARTESIAN_POINT('',(-14.75,-69.34577520648,3.173617348045));
#3927 = DIRECTION('',(1.,-1.039908899732E-12,0.));
#3928 = DIRECTION('',(-1.039908899732E-12,-1.,0.));
#3929 = PCURVE('',#1069,#3930);
#3930 = DEFINITIONAL_REPRESENTATION('',(#3931),#3935);
#3931 = CIRCLE('',#3932,3.100000000002);
#3932 = AXIS2_PLACEMENT_2D('',#3933,#3934);
#3933 = CARTESIAN_POINT('',(3.700000000002,3.173617348045));
#3934 = DIRECTION('',(-1.,0.));
#3935 = ( GEOMETRIC_REPRESENTATION_CONTEXT(2) 
PARAMETRIC_REPRESENTATION_CONTEXT() REPRESENTATION_CONTEXT('2D SPACE',''
  ) );
#3936 = PCURVE('',#3937,#3942);
#3937 = CONICAL_SURFACE('',#3938,2.100000000001,0.785398163399);
#3938 = AXIS2_PLACEMENT_3D('',#3939,#3940,#3941);
#3939 = CARTESIAN_POINT('',(-13.75,-69.34577520648,3.173617348045));
#3940 = DIRECTION('',(-1.,1.039168751052E-12,0.));
#3941 = DIRECTION('',(-1.039168751052E-12,-1.,0.));
#3942 = DEFINITIONAL_REPRESENTATION('',(#3943),#3947);
#3943 = LINE('',#3944,#3945);
#3944 = CARTESIAN_POINT('',(6.28318530718,0.999999999997));
#3945 = VECTOR('',#3946,1.);
#3946 = DIRECTION('',(-1.,-5.871336413564E-16));
#3947 = ( GEOMETRIC_REPRESENTATION_CONTEXT(2) 
PARAMETRIC_REPRESENTATION_CONTEXT() REPRESENTATION_CONTEXT('2D SPACE',''
  ) );
#3948 = ORIENTED_EDGE('',*,*,#1581,.F.);
#3949 = ORIENTED_EDGE('',*,*,#1053,.T.);
#3950 = ORIENTED_EDGE('',*,*,#3898,.T.);
#3951 = ORIENTED_EDGE('',*,*,#3952,.T.);
#3952 = EDGE_CURVE('',#3876,#1358,#3953,.T.);
#3953 = SURFACE_CURVE('',#3954,(#3958,#3965),.PCURVE_S1.);
#3954 = LINE('',#3955,#3956);
#3955 = CARTESIAN_POINT('',(-14.75,-67.04577520648,23.));
#3956 = VECTOR('',#3957,1.);
#3957 = DIRECTION('',(1.039908899732E-12,1.,0.));
#3958 = PCURVE('',#1069,#3959);
#3959 = DEFINITIONAL_REPRESENTATION('',(#3960),#3964);
#3960 = LINE('',#3961,#3962);
#3961 = CARTESIAN_POINT('',(6.,23.));
#3962 = VECTOR('',#3963,1.);
#3963 = DIRECTION('',(1.,0.));
#3964 = ( GEOMETRIC_REPRESENTATION_CONTEXT(2) 
PARAMETRIC_REPRESENTATION_CONTEXT() REPRESENTATION_CONTEXT('2D SPACE',''
  ) );
#3965 = PCURVE('',#1382,#3966);
#3966 = DEFINITIONAL_REPRESENTATION('',(#3967),#3971);
#3967 = LINE('',#3968,#3969);
#3968 = CARTESIAN_POINT('',(-23.5,-40.52288760324));
#3969 = VECTOR('',#3970,1.);
#3970 = DIRECTION('',(1.039908899732E-12,1.));
#3971 = ( GEOMETRIC_REPRESENTATION_CONTEXT(2) 
PARAMETRIC_REPRESENTATION_CONTEXT() REPRESENTATION_CONTEXT('2D SPACE',''
  ) );
#3972 = ORIENTED_EDGE('',*,*,#1401,.F.);
#3973 = ORIENTED_EDGE('',*,*,#3974,.T.);
#3974 = EDGE_CURVE('',#1402,#1424,#3975,.T.);
#3975 = SURFACE_CURVE('',#3976,(#3981,#3988),.PCURVE_S1.);
#3976 = CIRCLE('',#3977,3.100000000002);
#3977 = AXIS2_PLACEMENT_3D('',#3978,#3979,#3980);
#3978 = CARTESIAN_POINT('',(-14.75,-69.34577520648,19.173617348044));
#3979 = DIRECTION('',(1.,-1.039908899732E-12,0.));
#3980 = DIRECTION('',(-1.039908899732E-12,-1.,0.));
#3981 = PCURVE('',#1069,#3982);
#3982 = DEFINITIONAL_REPRESENTATION('',(#3983),#3987);
#3983 = CIRCLE('',#3984,3.100000000002);
#3984 = AXIS2_PLACEMENT_2D('',#3985,#3986);
#3985 = CARTESIAN_POINT('',(3.700000000002,19.173617348044));
#3986 = DIRECTION('',(-1.,0.));
#3987 = ( GEOMETRIC_REPRESENTATION_CONTEXT(2) 
PARAMETRIC_REPRESENTATION_CONTEXT() REPRESENTATION_CONTEXT('2D SPACE',''
  ) );
#3988 = PCURVE('',#3989,#3994);
#3989 = CONICAL_SURFACE('',#3990,2.100000000001,0.785398163399);
#3990 = AXIS2_PLACEMENT_3D('',#3991,#3992,#3993);
#3991 = CARTESIAN_POINT('',(-13.75,-69.34577520648,19.173617348044));
#3992 = DIRECTION('',(-1.,1.039168751052E-12,0.));
#3993 = DIRECTION('',(-1.039168751052E-12,-1.,0.));
#3994 = DEFINITIONAL_REPRESENTATION('',(#3995),#3999);
#3995 = LINE('',#3996,#3997);
#3996 = CARTESIAN_POINT('',(12.566370614359,0.999999999997));
#3997 = VECTOR('',#3998,1.);
#3998 = DIRECTION('',(-1.,4.566594988328E-16));
#3999 = ( GEOMETRIC_REPRESENTATION_CONTEXT(2) 
PARAMETRIC_REPRESENTATION_CONTEXT() REPRESENTATION_CONTEXT('2D SPACE',''
  ) );
#4000 = ORIENTED_EDGE('',*,*,#1491,.F.);
#4001 = ADVANCED_FACE('',(#4002),#965,.F.);
#4002 = FACE_BOUND('',#4003,.F.);
#4003 = EDGE_LOOP('',(#4004,#4005,#4006,#4025));
#4004 = ORIENTED_EDGE('',*,*,#2427,.T.);
#4005 = ORIENTED_EDGE('',*,*,#935,.T.);
#4006 = ORIENTED_EDGE('',*,*,#4007,.T.);
#4007 = EDGE_CURVE('',#878,#2046,#4008,.T.);
#4008 = SURFACE_CURVE('',#4009,(#4013,#4019),.PCURVE_S1.);
#4009 = LINE('',#4010,#4011);
#4010 = CARTESIAN_POINT('',(-3.469446951954E-17,-7.045775206483,0.));
#4011 = VECTOR('',#4012,1.);
#4012 = DIRECTION('',(0.,0.,1.));
#4013 = PCURVE('',#965,#4014);
#4014 = DEFINITIONAL_REPRESENTATION('',(#4015),#4018);
#4015 = B_SPLINE_CURVE_WITH_KNOTS('',1,(#4016,#4017),.UNSPECIFIED.,.F.,
  .F.,(2,2),(0.,22.167911140397),.PIECEWISE_BEZIER_KNOTS.);
#4016 = CARTESIAN_POINT('',(1.,9.959481156452E-17));
#4017 = CARTESIAN_POINT('',(1.,2.21679111404));
#4018 = ( GEOMETRIC_REPRESENTATION_CONTEXT(2) 
PARAMETRIC_REPRESENTATION_CONTEXT() REPRESENTATION_CONTEXT('2D SPACE',''
  ) );
#4019 = PCURVE('',#907,#4020);
#4020 = DEFINITIONAL_REPRESENTATION('',(#4021),#4024);
#4021 = B_SPLINE_CURVE_WITH_KNOTS('',1,(#4022,#4023),.UNSPECIFIED.,.F.,
  .F.,(2,2),(0.,22.167911140397),.PIECEWISE_BEZIER_KNOTS.);
#4022 = CARTESIAN_POINT('',(1.,9.959481156452E-17));
#4023 = CARTESIAN_POINT('',(1.,2.21679111404));
#4024 = ( GEOMETRIC_REPRESENTATION_CONTEXT(2) 
PARAMETRIC_REPRESENTATION_CONTEXT() REPRESENTATION_CONTEXT('2D SPACE',''
  ) );
#4025 = ORIENTED_EDGE('',*,*,#2045,.T.);
#4026 = ADVANCED_FACE('',(#4027),#907,.T.);
#4027 = FACE_BOUND('',#4028,.T.);
#4028 = EDGE_LOOP('',(#4029,#4030,#4050,#4051));
#4029 = ORIENTED_EDGE('',*,*,#2108,.T.);
#4030 = ORIENTED_EDGE('',*,*,#4031,.T.);
#4031 = EDGE_CURVE('',#1895,#850,#4032,.T.);
#4032 = SURFACE_CURVE('',#4033,(#4037,#4043),.PCURVE_S1.);
#4033 = LINE('',#4034,#4035);
#4034 = CARTESIAN_POINT('',(14.5,-9.005381305841E-16,20.012670863286));
#4035 = VECTOR('',#4036,1.);
#4036 = DIRECTION('',(0.,0.,-1.));
#4037 = PCURVE('',#907,#4038);
#4038 = DEFINITIONAL_REPRESENTATION('',(#4039),#4042);
#4039 = B_SPLINE_CURVE_WITH_KNOTS('',1,(#4040,#4041),.UNSPECIFIED.,.F.,
  .F.,(2,2),(0.,20.012670863286),.PIECEWISE_BEZIER_KNOTS.);
#4040 = CARTESIAN_POINT('',(6.845265320611E-19,2.001267086329));
#4041 = CARTESIAN_POINT('',(7.931154893146E-18,9.959481156452E-17));
#4042 = ( GEOMETRIC_REPRESENTATION_CONTEXT(2) 
PARAMETRIC_REPRESENTATION_CONTEXT() REPRESENTATION_CONTEXT('2D SPACE',''
  ) );
#4043 = PCURVE('',#865,#4044);
#4044 = DEFINITIONAL_REPRESENTATION('',(#4045),#4049);
#4045 = LINE('',#4046,#4047);
#4046 = CARTESIAN_POINT('',(20.,20.012670863286));
#4047 = VECTOR('',#4048,1.);
#4048 = DIRECTION('',(0.,-1.));
#4049 = ( GEOMETRIC_REPRESENTATION_CONTEXT(2) 
PARAMETRIC_REPRESENTATION_CONTEXT() REPRESENTATION_CONTEXT('2D SPACE',''
  ) );
#4050 = ORIENTED_EDGE('',*,*,#877,.T.);
#4051 = ORIENTED_EDGE('',*,*,#4007,.T.);
#4052 = ADVANCED_FACE('',(#4053,#4197,#4232,#4267,#4302),#865,.T.);
#4053 = FACE_BOUND('',#4054,.T.);
#4054 = EDGE_LOOP('',(#4055,#4056,#4057,#4081,#4104,#4128,#4151,#4175,
    #4196));
#4055 = ORIENTED_EDGE('',*,*,#4031,.F.);
#4056 = ORIENTED_EDGE('',*,*,#1894,.T.);
#4057 = ORIENTED_EDGE('',*,*,#4058,.T.);
#4058 = EDGE_CURVE('',#1897,#4059,#4061,.T.);
#4059 = VERTEX_POINT('',#4060);
#4060 = CARTESIAN_POINT('',(14.5,12.448685718272,18.292133821886));
#4061 = SURFACE_CURVE('',#4062,(#4067,#4074),.PCURVE_S1.);
#4062 = CIRCLE('',#4063,5.4);
#4063 = AXIS2_PLACEMENT_3D('',#4064,#4065,#4066);
#4064 = CARTESIAN_POINT('',(14.5,8.630309099864,14.473757203479));
#4065 = DIRECTION('',(-1.,-0.,0.));
#4066 = DIRECTION('',(0.,-0.707106781187,-0.707106781187));
#4067 = PCURVE('',#865,#4068);
#4068 = DEFINITIONAL_REPRESENTATION('',(#4069),#4073);
#4069 = CIRCLE('',#4070,5.4);
#4070 = AXIS2_PLACEMENT_2D('',#4071,#4072);
#4071 = CARTESIAN_POINT('',(11.369690900136,14.473757203479));
#4072 = DIRECTION('',(0.707106781187,-0.707106781187));
#4073 = ( GEOMETRIC_REPRESENTATION_CONTEXT(2) 
PARAMETRIC_REPRESENTATION_CONTEXT() REPRESENTATION_CONTEXT('2D SPACE',''
  ) );
#4074 = PCURVE('',#1934,#4075);
#4075 = DEFINITIONAL_REPRESENTATION('',(#4076),#4080);
#4076 = LINE('',#4077,#4078);
#4077 = CARTESIAN_POINT('',(0.,0.));
#4078 = VECTOR('',#4079,1.);
#4079 = DIRECTION('',(1.,0.));
#4080 = ( GEOMETRIC_REPRESENTATION_CONTEXT(2) 
PARAMETRIC_REPRESENTATION_CONTEXT() REPRESENTATION_CONTEXT('2D SPACE',''
  ) );
#4081 = ORIENTED_EDGE('',*,*,#4082,.F.);
#4082 = EDGE_CURVE('',#4083,#4059,#4085,.T.);
#4083 = VERTEX_POINT('',#4084);
#4084 = CARTESIAN_POINT('',(14.5,18.448685718272,12.292133821886));
#4085 = SURFACE_CURVE('',#4086,(#4090,#4097),.PCURVE_S1.);
#4086 = LINE('',#4087,#4088);
#4087 = CARTESIAN_POINT('',(14.5,18.448685718272,12.292133821886));
#4088 = VECTOR('',#4089,1.);
#4089 = DIRECTION('',(0.,-0.707106781187,0.707106781187));
#4090 = PCURVE('',#865,#4091);
#4091 = DEFINITIONAL_REPRESENTATION('',(#4092),#4096);
#4092 = LINE('',#4093,#4094);
#4093 = CARTESIAN_POINT('',(1.551314281728,12.292133821886));
#4094 = VECTOR('',#4095,1.);
#4095 = DIRECTION('',(0.707106781187,0.707106781187));
#4096 = ( GEOMETRIC_REPRESENTATION_CONTEXT(2) 
PARAMETRIC_REPRESENTATION_CONTEXT() REPRESENTATION_CONTEXT('2D SPACE',''
  ) );
#4097 = PCURVE('',#2710,#4098);
#4098 = DEFINITIONAL_REPRESENTATION('',(#4099),#4103);
#4099 = LINE('',#4100,#4101);
#4100 = CARTESIAN_POINT('',(0.,0.));
#4101 = VECTOR('',#4102,1.);
#4102 = DIRECTION('',(1.,0.));
#4103 = ( GEOMETRIC_REPRESENTATION_CONTEXT(2) 
PARAMETRIC_REPRESENTATION_CONTEXT() REPRESENTATION_CONTEXT('2D SPACE',''
  ) );
#4104 = ORIENTED_EDGE('',*,*,#4105,.T.);
#4105 = EDGE_CURVE('',#4083,#4106,#4108,.T.);
#4106 = VERTEX_POINT('',#4107);
#4107 = CARTESIAN_POINT('',(14.5,18.448685718272,4.655380585071));
#4108 = SURFACE_CURVE('',#4109,(#4114,#4121),.PCURVE_S1.);
#4109 = CIRCLE('',#4110,5.4);
#4110 = AXIS2_PLACEMENT_3D('',#4111,#4112,#4113);
#4111 = CARTESIAN_POINT('',(14.5,14.630309099864,8.473757203479));
#4112 = DIRECTION('',(-1.,0.,0.));
#4113 = DIRECTION('',(0.,-0.707106781187,0.707106781187));
#4114 = PCURVE('',#865,#4115);
#4115 = DEFINITIONAL_REPRESENTATION('',(#4116),#4120);
#4116 = CIRCLE('',#4117,5.4);
#4117 = AXIS2_PLACEMENT_2D('',#4118,#4119);
#4118 = CARTESIAN_POINT('',(5.369690900136,8.473757203479));
#4119 = DIRECTION('',(0.707106781187,0.707106781187));
#4120 = ( GEOMETRIC_REPRESENTATION_CONTEXT(2) 
PARAMETRIC_REPRESENTATION_CONTEXT() REPRESENTATION_CONTEXT('2D SPACE',''
  ) );
#4121 = PCURVE('',#2682,#4122);
#4122 = DEFINITIONAL_REPRESENTATION('',(#4123),#4127);
#4123 = LINE('',#4124,#4125);
#4124 = CARTESIAN_POINT('',(0.,0.));
#4125 = VECTOR('',#4126,1.);
#4126 = DIRECTION('',(1.,0.));
#4127 = ( GEOMETRIC_REPRESENTATION_CONTEXT(2) 
PARAMETRIC_REPRESENTATION_CONTEXT() REPRESENTATION_CONTEXT('2D SPACE',''
  ) );
#4128 = ORIENTED_EDGE('',*,*,#4129,.F.);
#4129 = EDGE_CURVE('',#4130,#4106,#4132,.T.);
#4130 = VERTEX_POINT('',#4131);
#4131 = CARTESIAN_POINT('',(14.5,12.448685718272,-1.344619414929));
#4132 = SURFACE_CURVE('',#4133,(#4137,#4144),.PCURVE_S1.);
#4133 = LINE('',#4134,#4135);
#4134 = CARTESIAN_POINT('',(14.5,12.448685718272,-1.344619414929));
#4135 = VECTOR('',#4136,1.);
#4136 = DIRECTION('',(-0.,0.707106781187,0.707106781187));
#4137 = PCURVE('',#865,#4138);
#4138 = DEFINITIONAL_REPRESENTATION('',(#4139),#4143);
#4139 = LINE('',#4140,#4141);
#4140 = CARTESIAN_POINT('',(7.551314281728,-1.344619414929));
#4141 = VECTOR('',#4142,1.);
#4142 = DIRECTION('',(-0.707106781187,0.707106781187));
#4143 = ( GEOMETRIC_REPRESENTATION_CONTEXT(2) 
PARAMETRIC_REPRESENTATION_CONTEXT() REPRESENTATION_CONTEXT('2D SPACE',''
  ) );
#4144 = PCURVE('',#2649,#4145);
#4145 = DEFINITIONAL_REPRESENTATION('',(#4146),#4150);
#4146 = LINE('',#4147,#4148);
#4147 = CARTESIAN_POINT('',(1.570092458684E-16,0.));
#4148 = VECTOR('',#4149,1.);
#4149 = DIRECTION('',(1.,0.));
#4150 = ( GEOMETRIC_REPRESENTATION_CONTEXT(2) 
PARAMETRIC_REPRESENTATION_CONTEXT() REPRESENTATION_CONTEXT('2D SPACE',''
  ) );
#4151 = ORIENTED_EDGE('',*,*,#4152,.T.);
#4152 = EDGE_CURVE('',#4130,#4153,#4155,.T.);
#4153 = VERTEX_POINT('',#4154);
#4154 = CARTESIAN_POINT('',(14.5,4.811932481457,-1.344619414929));
#4155 = SURFACE_CURVE('',#4156,(#4161,#4168),.PCURVE_S1.);
#4156 = CIRCLE('',#4157,5.4);
#4157 = AXIS2_PLACEMENT_3D('',#4158,#4159,#4160);
#4158 = CARTESIAN_POINT('',(14.5,8.630309099864,2.473757203479));
#4159 = DIRECTION('',(-1.,0.,0.));
#4160 = DIRECTION('',(0.,0.707106781187,0.707106781187));
#4161 = PCURVE('',#865,#4162);
#4162 = DEFINITIONAL_REPRESENTATION('',(#4163),#4167);
#4163 = CIRCLE('',#4164,5.4);
#4164 = AXIS2_PLACEMENT_2D('',#4165,#4166);
#4165 = CARTESIAN_POINT('',(11.369690900136,2.473757203479));
#4166 = DIRECTION('',(-0.707106781187,0.707106781187));
#4167 = ( GEOMETRIC_REPRESENTATION_CONTEXT(2) 
PARAMETRIC_REPRESENTATION_CONTEXT() REPRESENTATION_CONTEXT('2D SPACE',''
  ) );
#4168 = PCURVE('',#2621,#4169);
#4169 = DEFINITIONAL_REPRESENTATION('',(#4170),#4174);
#4170 = LINE('',#4171,#4172);
#4171 = CARTESIAN_POINT('',(0.,0.));
#4172 = VECTOR('',#4173,1.);
#4173 = DIRECTION('',(1.,0.));
#4174 = ( GEOMETRIC_REPRESENTATION_CONTEXT(2) 
PARAMETRIC_REPRESENTATION_CONTEXT() REPRESENTATION_CONTEXT('2D SPACE',''
  ) );
#4175 = ORIENTED_EDGE('',*,*,#4176,.F.);
#4176 = EDGE_CURVE('',#824,#4153,#4177,.T.);
#4177 = SURFACE_CURVE('',#4178,(#4182,#4189),.PCURVE_S1.);
#4178 = LINE('',#4179,#4180);
#4179 = CARTESIAN_POINT('',(14.5,-1.188067518543,4.655380585071));
#4180 = VECTOR('',#4181,1.);
#4181 = DIRECTION('',(0.,0.707106781187,-0.707106781187));
#4182 = PCURVE('',#865,#4183);
#4183 = DEFINITIONAL_REPRESENTATION('',(#4184),#4188);
#4184 = LINE('',#4185,#4186);
#4185 = CARTESIAN_POINT('',(21.188067518543,4.655380585071));
#4186 = VECTOR('',#4187,1.);
#4187 = DIRECTION('',(-0.707106781187,-0.707106781187));
#4188 = ( GEOMETRIC_REPRESENTATION_CONTEXT(2) 
PARAMETRIC_REPRESENTATION_CONTEXT() REPRESENTATION_CONTEXT('2D SPACE',''
  ) );
#4189 = PCURVE('',#838,#4190);
#4190 = DEFINITIONAL_REPRESENTATION('',(#4191),#4195);
#4191 = LINE('',#4192,#4193);
#4192 = CARTESIAN_POINT('',(1.099064721079E-15,0.));
#4193 = VECTOR('',#4194,1.);
#4194 = DIRECTION('',(1.,0.));
#4195 = ( GEOMETRIC_REPRESENTATION_CONTEXT(2) 
PARAMETRIC_REPRESENTATION_CONTEXT() REPRESENTATION_CONTEXT('2D SPACE',''
  ) );
#4196 = ORIENTED_EDGE('',*,*,#849,.T.);
#4197 = FACE_BOUND('',#4198,.T.);
#4198 = EDGE_LOOP('',(#4199));
#4199 = ORIENTED_EDGE('',*,*,#4200,.T.);
#4200 = EDGE_CURVE('',#4201,#4201,#4203,.T.);
#4201 = VERTEX_POINT('',#4202);
#4202 = CARTESIAN_POINT('',(14.5,8.630309099864,3.373757203479));
#4203 = SURFACE_CURVE('',#4204,(#4209,#4220),.PCURVE_S1.);
#4204 = CIRCLE('',#4205,0.9);
#4205 = AXIS2_PLACEMENT_3D('',#4206,#4207,#4208);
#4206 = CARTESIAN_POINT('',(14.5,8.630309099864,2.473757203479));
#4207 = DIRECTION('',(1.,0.,0.));
#4208 = DIRECTION('',(-0.,0.,1.));
#4209 = PCURVE('',#865,#4210);
#4210 = DEFINITIONAL_REPRESENTATION('',(#4211),#4219);
#4211 = ( BOUNDED_CURVE() B_SPLINE_CURVE(2,(#4212,#4213,#4214,#4215,
#4216,#4217,#4218),.UNSPECIFIED.,.T.,.F.) B_SPLINE_CURVE_WITH_KNOTS((1,2
    ,2,2,2,1),(-2.094395102393,0.,2.094395102393,4.188790204786,
6.28318530718,8.377580409573),.UNSPECIFIED.) CURVE() 
GEOMETRIC_REPRESENTATION_ITEM() RATIONAL_B_SPLINE_CURVE((1.,0.5,1.,0.5,
1.,0.5,1.)) REPRESENTATION_ITEM('') );
#4212 = CARTESIAN_POINT('',(11.369690900136,3.373757203479));
#4213 = CARTESIAN_POINT('',(12.928536626948,3.373757203479));
#4214 = CARTESIAN_POINT('',(12.149113763542,2.023757203479));
#4215 = CARTESIAN_POINT('',(11.369690900136,0.673757203479));
#4216 = CARTESIAN_POINT('',(10.59026803673,2.023757203479));
#4217 = CARTESIAN_POINT('',(9.810845173324,3.373757203479));
#4218 = CARTESIAN_POINT('',(11.369690900136,3.373757203479));
#4219 = ( GEOMETRIC_REPRESENTATION_CONTEXT(2) 
PARAMETRIC_REPRESENTATION_CONTEXT() REPRESENTATION_CONTEXT('2D SPACE',''
  ) );
#4220 = PCURVE('',#4221,#4226);
#4221 = CYLINDRICAL_SURFACE('',#4222,0.9);
#4222 = AXIS2_PLACEMENT_3D('',#4223,#4224,#4225);
#4223 = CARTESIAN_POINT('',(14.4,8.630309099864,2.473757203479));
#4224 = DIRECTION('',(1.,0.,0.));
#4225 = DIRECTION('',(-0.,0.,1.));
#4226 = DEFINITIONAL_REPRESENTATION('',(#4227),#4231);
#4227 = LINE('',#4228,#4229);
#4228 = CARTESIAN_POINT('',(0.,1.E-01));
#4229 = VECTOR('',#4230,1.);
#4230 = DIRECTION('',(1.,0.));
#4231 = ( GEOMETRIC_REPRESENTATION_CONTEXT(2) 
PARAMETRIC_REPRESENTATION_CONTEXT() REPRESENTATION_CONTEXT('2D SPACE',''
  ) );
#4232 = FACE_BOUND('',#4233,.T.);
#4233 = EDGE_LOOP('',(#4234));
#4234 = ORIENTED_EDGE('',*,*,#4235,.T.);
#4235 = EDGE_CURVE('',#4236,#4236,#4238,.T.);
#4236 = VERTEX_POINT('',#4237);
#4237 = CARTESIAN_POINT('',(14.5,14.630309099864,9.373757203479));
#4238 = SURFACE_CURVE('',#4239,(#4244,#4255),.PCURVE_S1.);
#4239 = CIRCLE('',#4240,0.9);
#4240 = AXIS2_PLACEMENT_3D('',#4241,#4242,#4243);
#4241 = CARTESIAN_POINT('',(14.5,14.630309099864,8.473757203479));
#4242 = DIRECTION('',(1.,0.,0.));
#4243 = DIRECTION('',(-0.,0.,1.));
#4244 = PCURVE('',#865,#4245);
#4245 = DEFINITIONAL_REPRESENTATION('',(#4246),#4254);
#4246 = ( BOUNDED_CURVE() B_SPLINE_CURVE(2,(#4247,#4248,#4249,#4250,
#4251,#4252,#4253),.UNSPECIFIED.,.T.,.F.) B_SPLINE_CURVE_WITH_KNOTS((1,2
    ,2,2,2,1),(-2.094395102393,0.,2.094395102393,4.188790204786,
6.28318530718,8.377580409573),.UNSPECIFIED.) CURVE() 
GEOMETRIC_REPRESENTATION_ITEM() RATIONAL_B_SPLINE_CURVE((1.,0.5,1.,0.5,
1.,0.5,1.)) REPRESENTATION_ITEM('') );
#4247 = CARTESIAN_POINT('',(5.369690900136,9.373757203479));
#4248 = CARTESIAN_POINT('',(6.928536626948,9.373757203479));
#4249 = CARTESIAN_POINT('',(6.149113763542,8.023757203479));
#4250 = CARTESIAN_POINT('',(5.369690900136,6.673757203479));
#4251 = CARTESIAN_POINT('',(4.59026803673,8.023757203479));
#4252 = CARTESIAN_POINT('',(3.810845173324,9.373757203479));
#4253 = CARTESIAN_POINT('',(5.369690900136,9.373757203479));
#4254 = ( GEOMETRIC_REPRESENTATION_CONTEXT(2) 
PARAMETRIC_REPRESENTATION_CONTEXT() REPRESENTATION_CONTEXT('2D SPACE',''
  ) );
#4255 = PCURVE('',#4256,#4261);
#4256 = CYLINDRICAL_SURFACE('',#4257,0.9);
#4257 = AXIS2_PLACEMENT_3D('',#4258,#4259,#4260);
#4258 = CARTESIAN_POINT('',(14.4,14.630309099864,8.473757203479));
#4259 = DIRECTION('',(1.,0.,0.));
#4260 = DIRECTION('',(-0.,0.,1.));
#4261 = DEFINITIONAL_REPRESENTATION('',(#4262),#4266);
#4262 = LINE('',#4263,#4264);
#4263 = CARTESIAN_POINT('',(0.,1.E-01));
#4264 = VECTOR('',#4265,1.);
#4265 = DIRECTION('',(1.,0.));
#4266 = ( GEOMETRIC_REPRESENTATION_CONTEXT(2) 
PARAMETRIC_REPRESENTATION_CONTEXT() REPRESENTATION_CONTEXT('2D SPACE',''
  ) );
#4267 = FACE_BOUND('',#4268,.T.);
#4268 = EDGE_LOOP('',(#4269));
#4269 = ORIENTED_EDGE('',*,*,#4270,.T.);
#4270 = EDGE_CURVE('',#4271,#4271,#4273,.T.);
#4271 = VERTEX_POINT('',#4272);
#4272 = CARTESIAN_POINT('',(14.5,2.630309099864,9.373757203479));
#4273 = SURFACE_CURVE('',#4274,(#4279,#4290),.PCURVE_S1.);
#4274 = CIRCLE('',#4275,0.9);
#4275 = AXIS2_PLACEMENT_3D('',#4276,#4277,#4278);
#4276 = CARTESIAN_POINT('',(14.5,2.630309099864,8.473757203479));
#4277 = DIRECTION('',(1.,0.,0.));
#4278 = DIRECTION('',(-0.,0.,1.));
#4279 = PCURVE('',#865,#4280);
#4280 = DEFINITIONAL_REPRESENTATION('',(#4281),#4289);
#4281 = ( BOUNDED_CURVE() B_SPLINE_CURVE(2,(#4282,#4283,#4284,#4285,
#4286,#4287,#4288),.UNSPECIFIED.,.T.,.F.) B_SPLINE_CURVE_WITH_KNOTS((1,2
    ,2,2,2,1),(-2.094395102393,0.,2.094395102393,4.188790204786,
6.28318530718,8.377580409573),.UNSPECIFIED.) CURVE() 
GEOMETRIC_REPRESENTATION_ITEM() RATIONAL_B_SPLINE_CURVE((1.,0.5,1.,0.5,
1.,0.5,1.)) REPRESENTATION_ITEM('') );
#4282 = CARTESIAN_POINT('',(17.369690900136,9.373757203479));
#4283 = CARTESIAN_POINT('',(18.928536626948,9.373757203479));
#4284 = CARTESIAN_POINT('',(18.149113763542,8.023757203479));
#4285 = CARTESIAN_POINT('',(17.369690900136,6.673757203479));
#4286 = CARTESIAN_POINT('',(16.59026803673,8.023757203479));
#4287 = CARTESIAN_POINT('',(15.810845173324,9.373757203479));
#4288 = CARTESIAN_POINT('',(17.369690900136,9.373757203479));
#4289 = ( GEOMETRIC_REPRESENTATION_CONTEXT(2) 
PARAMETRIC_REPRESENTATION_CONTEXT() REPRESENTATION_CONTEXT('2D SPACE',''
  ) );
#4290 = PCURVE('',#4291,#4296);
#4291 = CYLINDRICAL_SURFACE('',#4292,0.9);
#4292 = AXIS2_PLACEMENT_3D('',#4293,#4294,#4295);
#4293 = CARTESIAN_POINT('',(14.4,2.630309099864,8.473757203479));
#4294 = DIRECTION('',(1.,0.,0.));
#4295 = DIRECTION('',(-0.,0.,1.));
#4296 = DEFINITIONAL_REPRESENTATION('',(#4297),#4301);
#4297 = LINE('',#4298,#4299);
#4298 = CARTESIAN_POINT('',(0.,1.E-01));
#4299 = VECTOR('',#4300,1.);
#4300 = DIRECTION('',(1.,0.));
#4301 = ( GEOMETRIC_REPRESENTATION_CONTEXT(2) 
PARAMETRIC_REPRESENTATION_CONTEXT() REPRESENTATION_CONTEXT('2D SPACE',''
  ) );
#4302 = FACE_BOUND('',#4303,.T.);
#4303 = EDGE_LOOP('',(#4304));
#4304 = ORIENTED_EDGE('',*,*,#4305,.T.);
#4305 = EDGE_CURVE('',#4306,#4306,#4308,.T.);
#4306 = VERTEX_POINT('',#4307);
#4307 = CARTESIAN_POINT('',(14.5,8.630309099864,15.373757203479));
#4308 = SURFACE_CURVE('',#4309,(#4314,#4325),.PCURVE_S1.);
#4309 = CIRCLE('',#4310,0.9);
#4310 = AXIS2_PLACEMENT_3D('',#4311,#4312,#4313);
#4311 = CARTESIAN_POINT('',(14.5,8.630309099864,14.473757203479));
#4312 = DIRECTION('',(1.,0.,0.));
#4313 = DIRECTION('',(-0.,0.,1.));
#4314 = PCURVE('',#865,#4315);
#4315 = DEFINITIONAL_REPRESENTATION('',(#4316),#4324);
#4316 = ( BOUNDED_CURVE() B_SPLINE_CURVE(2,(#4317,#4318,#4319,#4320,
#4321,#4322,#4323),.UNSPECIFIED.,.T.,.F.) B_SPLINE_CURVE_WITH_KNOTS((1,2
    ,2,2,2,1),(-2.094395102393,0.,2.094395102393,4.188790204786,
6.28318530718,8.377580409573),.UNSPECIFIED.) CURVE() 
GEOMETRIC_REPRESENTATION_ITEM() RATIONAL_B_SPLINE_CURVE((1.,0.5,1.,0.5,
1.,0.5,1.)) REPRESENTATION_ITEM('') );
#4317 = CARTESIAN_POINT('',(11.369690900136,15.373757203479));
#4318 = CARTESIAN_POINT('',(12.928536626948,15.373757203479));
#4319 = CARTESIAN_POINT('',(12.149113763542,14.023757203479));
#4320 = CARTESIAN_POINT('',(11.369690900136,12.673757203479));
#4321 = CARTESIAN_POINT('',(10.59026803673,14.023757203479));
#4322 = CARTESIAN_POINT('',(9.810845173324,15.373757203479));
#4323 = CARTESIAN_POINT('',(11.369690900136,15.373757203479));
#4324 = ( GEOMETRIC_REPRESENTATION_CONTEXT(2) 
PARAMETRIC_REPRESENTATION_CONTEXT() REPRESENTATION_CONTEXT('2D SPACE',''
  ) );
#4325 = PCURVE('',#4326,#4331);
#4326 = CYLINDRICAL_SURFACE('',#4327,0.9);
#4327 = AXIS2_PLACEMENT_3D('',#4328,#4329,#4330);
#4328 = CARTESIAN_POINT('',(14.4,8.630309099864,14.473757203479));
#4329 = DIRECTION('',(1.,0.,0.));
#4330 = DIRECTION('',(-0.,0.,1.));
#4331 = DEFINITIONAL_REPRESENTATION('',(#4332),#4336);
#4332 = LINE('',#4333,#4334);
#4333 = CARTESIAN_POINT('',(0.,1.E-01));
#4334 = VECTOR('',#4335,1.);
#4335 = DIRECTION('',(1.,0.));
#4336 = ( GEOMETRIC_REPRESENTATION_CONTEXT(2) 
PARAMETRIC_REPRESENTATION_CONTEXT() REPRESENTATION_CONTEXT('2D SPACE',''
  ) );
#4337 = ADVANCED_FACE('',(#4338),#838,.F.);
#4338 = FACE_BOUND('',#4339,.F.);
#4339 = EDGE_LOOP('',(#4340,#4341,#4342,#4343));
#4340 = ORIENTED_EDGE('',*,*,#4176,.F.);
#4341 = ORIENTED_EDGE('',*,*,#823,.F.);
#4342 = ORIENTED_EDGE('',*,*,#2577,.T.);
#4343 = ORIENTED_EDGE('',*,*,#4344,.F.);
#4344 = EDGE_CURVE('',#4153,#2578,#4345,.T.);
#4345 = SURFACE_CURVE('',#4346,(#4350,#4357),.PCURVE_S1.);
#4346 = LINE('',#4347,#4348);
#4347 = CARTESIAN_POINT('',(14.5,4.811932481457,-1.344619414929));
#4348 = VECTOR('',#4349,1.);
#4349 = DIRECTION('',(1.,0.,0.));
#4350 = PCURVE('',#838,#4351);
#4351 = DEFINITIONAL_REPRESENTATION('',(#4352),#4356);
#4352 = LINE('',#4353,#4354);
#4353 = CARTESIAN_POINT('',(8.485281374239,0.));
#4354 = VECTOR('',#4355,1.);
#4355 = DIRECTION('',(0.,-1.));
#4356 = ( GEOMETRIC_REPRESENTATION_CONTEXT(2) 
PARAMETRIC_REPRESENTATION_CONTEXT() REPRESENTATION_CONTEXT('2D SPACE',''
  ) );
#4357 = PCURVE('',#2621,#4358);
#4358 = DEFINITIONAL_REPRESENTATION('',(#4359),#4363);
#4359 = LINE('',#4360,#4361);
#4360 = CARTESIAN_POINT('',(3.14159265359,0.));
#4361 = VECTOR('',#4362,1.);
#4362 = DIRECTION('',(0.,-1.));
#4363 = ( GEOMETRIC_REPRESENTATION_CONTEXT(2) 
PARAMETRIC_REPRESENTATION_CONTEXT() REPRESENTATION_CONTEXT('2D SPACE',''
  ) );
#4364 = ADVANCED_FACE('',(#4365),#1382,.T.);
#4365 = FACE_BOUND('',#4366,.T.);
#4366 = EDGE_LOOP('',(#4367,#4368,#4369,#4370,#4371,#4372,#4373,#4374,
    #4375,#4376));
#4367 = ORIENTED_EDGE('',*,*,#1998,.F.);
#4368 = ORIENTED_EDGE('',*,*,#1357,.F.);
#4369 = ORIENTED_EDGE('',*,*,#3952,.F.);
#4370 = ORIENTED_EDGE('',*,*,#3875,.F.);
#4371 = ORIENTED_EDGE('',*,*,#3756,.F.);
#4372 = ORIENTED_EDGE('',*,*,#3707,.F.);
#4373 = ORIENTED_EDGE('',*,*,#3588,.T.);
#4374 = ORIENTED_EDGE('',*,*,#3539,.T.);
#4375 = ORIENTED_EDGE('',*,*,#3488,.T.);
#4376 = ORIENTED_EDGE('',*,*,#3009,.T.);
#4377 = ADVANCED_FACE('',(#4378),#1553,.F.);
#4378 = FACE_BOUND('',#4379,.F.);
#4379 = EDGE_LOOP('',(#4380,#4381,#4403,#4427,#4450));
#4380 = ORIENTED_EDGE('',*,*,#1513,.T.);
#4381 = ORIENTED_EDGE('',*,*,#4382,.F.);
#4382 = EDGE_CURVE('',#4383,#1492,#4385,.T.);
#4383 = VERTEX_POINT('',#4384);
#4384 = CARTESIAN_POINT('',(-12.75,-68.52964617422,3.91113575643));
#4385 = SURFACE_CURVE('',#4386,(#4390,#4396),.PCURVE_S1.);
#4386 = LINE('',#4387,#4388);
#4387 = CARTESIAN_POINT('',(-12.75,-68.52964617422,3.91113575643));
#4388 = VECTOR('',#4389,1.);
#4389 = DIRECTION('',(-0.707106781185,0.524627611849,0.474094788928));
#4390 = PCURVE('',#1553,#4391);
#4391 = DEFINITIONAL_REPRESENTATION('',(#4392),#4395);
#4392 = B_SPLINE_CURVE_WITH_KNOTS('',1,(#4393,#4394),.UNSPECIFIED.,.F.,
  .F.,(2,2),(0.,2.828427124744),.PIECEWISE_BEZIER_KNOTS.);
#4393 = CARTESIAN_POINT('',(1.,-3.876436462831));
#4394 = CARTESIAN_POINT('',(-9.312364141673E-13,-3.876436462831));
#4395 = ( GEOMETRIC_REPRESENTATION_CONTEXT(2) 
PARAMETRIC_REPRESENTATION_CONTEXT() REPRESENTATION_CONTEXT('2D SPACE',''
  ) );
#4396 = PCURVE('',#3937,#4397);
#4397 = DEFINITIONAL_REPRESENTATION('',(#4398),#4402);
#4398 = LINE('',#4399,#4400);
#4399 = CARTESIAN_POINT('',(2.406748844348,-0.999999999997));
#4400 = VECTOR('',#4401,1.);
#4401 = DIRECTION('',(5.329070518216E-15,1.));
#4402 = ( GEOMETRIC_REPRESENTATION_CONTEXT(2) 
PARAMETRIC_REPRESENTATION_CONTEXT() REPRESENTATION_CONTEXT('2D SPACE',''
  ) );
#4403 = ORIENTED_EDGE('',*,*,#4404,.T.);
#4404 = EDGE_CURVE('',#4383,#4405,#4407,.T.);
#4405 = VERTEX_POINT('',#4406);
#4406 = CARTESIAN_POINT('',(-12.75,-68.2461562096,3.17361834653));
#4407 = SURFACE_CURVE('',#4408,(#4414,#4421),.PCURVE_S1.);
#4408 = B_SPLINE_CURVE_WITH_KNOTS('',3,(#4409,#4410,#4411,#4412,#4413),
  .UNSPECIFIED.,.F.,.F.,(4,1,4),(-3.876436462831,-3.246570340624,
    -3.14159265359),.UNSPECIFIED.);
#4409 = CARTESIAN_POINT('',(-12.75,-68.52964617422,3.91113575643));
#4410 = CARTESIAN_POINT('',(-12.75,-68.37480022091,3.739785080174));
#4411 = CARTESIAN_POINT('',(-12.75,-68.25886109042,3.480897528055));
#4412 = CARTESIAN_POINT('',(-12.75,-68.24595726098,3.212092885011));
#4413 = CARTESIAN_POINT('',(-12.75,-68.24615583121,3.173691051818));
#4414 = PCURVE('',#1553,#4415);
#4415 = DEFINITIONAL_REPRESENTATION('',(#4416),#4420);
#4416 = LINE('',#4417,#4418);
#4417 = CARTESIAN_POINT('',(1.,1.7763568394E-15));
#4418 = VECTOR('',#4419,1.);
#4419 = DIRECTION('',(-7.403060013909E-15,1.));
#4420 = ( GEOMETRIC_REPRESENTATION_CONTEXT(2) 
PARAMETRIC_REPRESENTATION_CONTEXT() REPRESENTATION_CONTEXT('2D SPACE',''
  ) );
#4421 = PCURVE('',#3858,#4422);
#4422 = DEFINITIONAL_REPRESENTATION('',(#4423),#4426);
#4423 = B_SPLINE_CURVE_WITH_KNOTS('',1,(#4424,#4425),.UNSPECIFIED.,.F.,
  .F.,(2,2),(-3.876436462831,-3.14159265359),.PIECEWISE_BEZIER_KNOTS.);
#4424 = CARTESIAN_POINT('',(3.876436462831,-1.00000000006));
#4425 = CARTESIAN_POINT('',(3.141659680213,-1.00000000006));
#4426 = ( GEOMETRIC_REPRESENTATION_CONTEXT(2) 
PARAMETRIC_REPRESENTATION_CONTEXT() REPRESENTATION_CONTEXT('2D SPACE',''
  ) );
#4427 = ORIENTED_EDGE('',*,*,#4428,.T.);
#4428 = EDGE_CURVE('',#4405,#4429,#4431,.T.);
#4429 = VERTEX_POINT('',#4430);
#4430 = CARTESIAN_POINT('',(-12.75,-68.52964617422,2.436098939659));
#4431 = SURFACE_CURVE('',#4432,(#4437,#4444),.PCURVE_S1.);
#4432 = B_SPLINE_CURVE_WITH_KNOTS('',3,(#4433,#4434,#4435,#4436),
  .UNSPECIFIED.,.F.,.F.,(4,4),(-3.141526402996,-2.406748844348),
  .PIECEWISE_BEZIER_KNOTS.);
#4433 = CARTESIAN_POINT('',(-12.75,-68.2461562096,3.17361834653));
#4434 = CARTESIAN_POINT('',(-12.75,-68.24756411556,2.9048297395));
#4435 = CARTESIAN_POINT('',(-12.75,-68.34900884903,2.635990038946));
#4436 = CARTESIAN_POINT('',(-12.75,-68.52964617422,2.436098939659));
#4437 = PCURVE('',#1553,#4438);
#4438 = DEFINITIONAL_REPRESENTATION('',(#4439),#4443);
#4439 = LINE('',#4440,#4441);
#4440 = CARTESIAN_POINT('',(1.,3.552713678801E-15));
#4441 = VECTOR('',#4442,1.);
#4442 = DIRECTION('',(-1.601622684652E-14,1.));
#4443 = ( GEOMETRIC_REPRESENTATION_CONTEXT(2) 
PARAMETRIC_REPRESENTATION_CONTEXT() REPRESENTATION_CONTEXT('2D SPACE',''
  ) );
#4444 = PCURVE('',#3858,#4445);
#4445 = DEFINITIONAL_REPRESENTATION('',(#4446),#4449);
#4446 = B_SPLINE_CURVE_WITH_KNOTS('',1,(#4447,#4448),.UNSPECIFIED.,.F.,
  .F.,(2,2),(-3.141526402996,-2.406748844348),.PIECEWISE_BEZIER_KNOTS.);
#4447 = CARTESIAN_POINT('',(9.424778868798,-1.00000000006));
#4448 = CARTESIAN_POINT('',(8.689934151528,-1.00000000006));
#4449 = ( GEOMETRIC_REPRESENTATION_CONTEXT(2) 
PARAMETRIC_REPRESENTATION_CONTEXT() REPRESENTATION_CONTEXT('2D SPACE',''
  ) );
#4450 = ORIENTED_EDGE('',*,*,#4451,.F.);
#4451 = EDGE_CURVE('',#1514,#4429,#4452,.T.);
#4452 = SURFACE_CURVE('',#4453,(#4457,#4463),.PCURVE_S1.);
#4453 = LINE('',#4454,#4455);
#4454 = CARTESIAN_POINT('',(-14.75,-67.04577520648,1.095156378956));
#4455 = VECTOR('',#4456,1.);
#4456 = DIRECTION('',(0.707106781185,-0.524627611849,0.474094788928));
#4457 = PCURVE('',#1553,#4458);
#4458 = DEFINITIONAL_REPRESENTATION('',(#4459),#4462);
#4459 = B_SPLINE_CURVE_WITH_KNOTS('',1,(#4460,#4461),.UNSPECIFIED.,.F.,
  .F.,(2,2),(0.,2.828427124744),.PIECEWISE_BEZIER_KNOTS.);
#4460 = CARTESIAN_POINT('',(-9.290703551835E-13,-2.406748844349));
#4461 = CARTESIAN_POINT('',(1.,-2.406748844348));
#4462 = ( GEOMETRIC_REPRESENTATION_CONTEXT(2) 
PARAMETRIC_REPRESENTATION_CONTEXT() REPRESENTATION_CONTEXT('2D SPACE',''
  ) );
#4463 = PCURVE('',#3937,#4464);
#4464 = DEFINITIONAL_REPRESENTATION('',(#4465),#4469);
#4465 = LINE('',#4466,#4467);
#4466 = CARTESIAN_POINT('',(-2.406748844348,0.999999999997));
#4467 = VECTOR('',#4468,1.);
#4468 = DIRECTION('',(1.754152378913E-14,-1.));
#4469 = ( GEOMETRIC_REPRESENTATION_CONTEXT(2) 
PARAMETRIC_REPRESENTATION_CONTEXT() REPRESENTATION_CONTEXT('2D SPACE',''
  ) );
#4470 = ADVANCED_FACE('',(#4471),#1463,.F.);
#4471 = FACE_BOUND('',#4472,.F.);
#4472 = EDGE_LOOP('',(#4473,#4474,#4496,#4520,#4543));
#4473 = ORIENTED_EDGE('',*,*,#1423,.T.);
#4474 = ORIENTED_EDGE('',*,*,#4475,.F.);
#4475 = EDGE_CURVE('',#4476,#1402,#4478,.T.);
#4476 = VERTEX_POINT('',#4477);
#4477 = CARTESIAN_POINT('',(-12.75,-68.52964617422,19.91113575643));
#4478 = SURFACE_CURVE('',#4479,(#4483,#4489),.PCURVE_S1.);
#4479 = LINE('',#4480,#4481);
#4480 = CARTESIAN_POINT('',(-12.75,-68.52964617422,19.91113575643));
#4481 = VECTOR('',#4482,1.);
#4482 = DIRECTION('',(-0.707106781185,0.524627611849,0.474094788928));
#4483 = PCURVE('',#1463,#4484);
#4484 = DEFINITIONAL_REPRESENTATION('',(#4485),#4488);
#4485 = B_SPLINE_CURVE_WITH_KNOTS('',1,(#4486,#4487),.UNSPECIFIED.,.F.,
  .F.,(2,2),(0.,2.828427124744),.PIECEWISE_BEZIER_KNOTS.);
#4486 = CARTESIAN_POINT('',(1.,-3.876436462831));
#4487 = CARTESIAN_POINT('',(-9.362252348266E-13,-3.876436462831));
#4488 = ( GEOMETRIC_REPRESENTATION_CONTEXT(2) 
PARAMETRIC_REPRESENTATION_CONTEXT() REPRESENTATION_CONTEXT('2D SPACE',''
  ) );
#4489 = PCURVE('',#3989,#4490);
#4490 = DEFINITIONAL_REPRESENTATION('',(#4491),#4495);
#4491 = LINE('',#4492,#4493);
#4492 = CARTESIAN_POINT('',(8.689934151528,-0.999999999997));
#4493 = VECTOR('',#4494,1.);
#4494 = DIRECTION('',(4.440892098513E-15,1.));
#4495 = ( GEOMETRIC_REPRESENTATION_CONTEXT(2) 
PARAMETRIC_REPRESENTATION_CONTEXT() REPRESENTATION_CONTEXT('2D SPACE',''
  ) );
#4496 = ORIENTED_EDGE('',*,*,#4497,.T.);
#4497 = EDGE_CURVE('',#4476,#4498,#4500,.T.);
#4498 = VERTEX_POINT('',#4499);
#4499 = CARTESIAN_POINT('',(-12.75,-68.24617303686,19.173618388981));
#4500 = SURFACE_CURVE('',#4501,(#4507,#4514),.PCURVE_S1.);
#4501 = B_SPLINE_CURVE_WITH_KNOTS('',3,(#4502,#4503,#4504,#4505,#4506),
  .UNSPECIFIED.,.F.,.F.,(4,1,4),(-3.876436462831,-3.246570340624,
    -3.14159265359),.UNSPECIFIED.);
#4502 = CARTESIAN_POINT('',(-12.75,-68.52964617422,19.91113575643));
#4503 = CARTESIAN_POINT('',(-12.75,-68.37480022091,19.739785080174));
#4504 = CARTESIAN_POINT('',(-12.75,-68.25887819306,19.480896085788));
#4505 = CARTESIAN_POINT('',(-12.75,-68.24597436362,19.212091442744));
#4506 = CARTESIAN_POINT('',(-12.75,-68.24617266663,19.173689632087));
#4507 = PCURVE('',#1463,#4508);
#4508 = DEFINITIONAL_REPRESENTATION('',(#4509),#4513);
#4509 = LINE('',#4510,#4511);
#4510 = CARTESIAN_POINT('',(1.,1.24344978758E-14));
#4511 = VECTOR('',#4512,1.);
#4512 = DIRECTION('',(-1.208662859414E-15,1.));
#4513 = ( GEOMETRIC_REPRESENTATION_CONTEXT(2) 
PARAMETRIC_REPRESENTATION_CONTEXT() REPRESENTATION_CONTEXT('2D SPACE',''
  ) );
#4514 = PCURVE('',#3823,#4515);
#4515 = DEFINITIONAL_REPRESENTATION('',(#4516),#4519);
#4516 = B_SPLINE_CURVE_WITH_KNOTS('',1,(#4517,#4518),.UNSPECIFIED.,.F.,
  .F.,(2,2),(-3.876436462831,-3.14159265359),.PIECEWISE_BEZIER_KNOTS.);
#4517 = CARTESIAN_POINT('',(3.876436462831,-1.00000000006));
#4518 = CARTESIAN_POINT('',(3.141658390108,-1.00000000006));
#4519 = ( GEOMETRIC_REPRESENTATION_CONTEXT(2) 
PARAMETRIC_REPRESENTATION_CONTEXT() REPRESENTATION_CONTEXT('2D SPACE',''
  ) );
#4520 = ORIENTED_EDGE('',*,*,#4521,.T.);
#4521 = EDGE_CURVE('',#4498,#4522,#4524,.T.);
#4522 = VERTEX_POINT('',#4523);
#4523 = CARTESIAN_POINT('',(-12.75,-68.52964617422,18.436098939659));
#4524 = SURFACE_CURVE('',#4525,(#4530,#4537),.PCURVE_S1.);
#4525 = B_SPLINE_CURVE_WITH_KNOTS('',3,(#4526,#4527,#4528,#4529),
  .UNSPECIFIED.,.F.,.F.,(4,4),(-3.141527735329,-2.406748844348),
  .PIECEWISE_BEZIER_KNOTS.);
#4526 = CARTESIAN_POINT('',(-12.75,-68.24617303686,19.173618388981));
#4527 = CARTESIAN_POINT('',(-12.75,-68.24757870984,18.904829452685));
#4528 = CARTESIAN_POINT('',(-12.75,-68.34900852149,18.635990401399));
#4529 = CARTESIAN_POINT('',(-12.75,-68.52964617422,18.436098939659));
#4530 = PCURVE('',#1463,#4531);
#4531 = DEFINITIONAL_REPRESENTATION('',(#4532),#4536);
#4532 = LINE('',#4533,#4534);
#4533 = CARTESIAN_POINT('',(1.,5.195843755246E-14));
#4534 = VECTOR('',#4535,1.);
#4535 = DIRECTION('',(1.405194713098E-14,1.));
#4536 = ( GEOMETRIC_REPRESENTATION_CONTEXT(2) 
PARAMETRIC_REPRESENTATION_CONTEXT() REPRESENTATION_CONTEXT('2D SPACE',''
  ) );
#4537 = PCURVE('',#3823,#4538);
#4538 = DEFINITIONAL_REPRESENTATION('',(#4539),#4542);
#4539 = B_SPLINE_CURVE_WITH_KNOTS('',1,(#4540,#4541),.UNSPECIFIED.,.F.,
  .F.,(2,2),(-3.141527735329,-2.406748844348),.PIECEWISE_BEZIER_KNOTS.);
#4540 = CARTESIAN_POINT('',(9.424778907418,-1.00000000006));
#4541 = CARTESIAN_POINT('',(8.689934151528,-1.00000000006));
#4542 = ( GEOMETRIC_REPRESENTATION_CONTEXT(2) 
PARAMETRIC_REPRESENTATION_CONTEXT() REPRESENTATION_CONTEXT('2D SPACE',''
  ) );
#4543 = ORIENTED_EDGE('',*,*,#4544,.F.);
#4544 = EDGE_CURVE('',#1424,#4522,#4545,.T.);
#4545 = SURFACE_CURVE('',#4546,(#4550,#4556),.PCURVE_S1.);
#4546 = LINE('',#4547,#4548);
#4547 = CARTESIAN_POINT('',(-14.75,-67.04577520648,17.095156378956));
#4548 = VECTOR('',#4549,1.);
#4549 = DIRECTION('',(0.707106781185,-0.524627611849,0.474094788928));
#4550 = PCURVE('',#1463,#4551);
#4551 = DEFINITIONAL_REPRESENTATION('',(#4552),#4555);
#4552 = B_SPLINE_CURVE_WITH_KNOTS('',1,(#4553,#4554),.UNSPECIFIED.,.F.,
  .F.,(2,2),(0.,2.828427124744),.PIECEWISE_BEZIER_KNOTS.);
#4553 = CARTESIAN_POINT('',(-9.214948966421E-13,-2.406748844349));
#4554 = CARTESIAN_POINT('',(1.,-2.406748844348));
#4555 = ( GEOMETRIC_REPRESENTATION_CONTEXT(2) 
PARAMETRIC_REPRESENTATION_CONTEXT() REPRESENTATION_CONTEXT('2D SPACE',''
  ) );
#4556 = PCURVE('',#3989,#4557);
#4557 = DEFINITIONAL_REPRESENTATION('',(#4558),#4562);
#4558 = LINE('',#4559,#4560);
#4559 = CARTESIAN_POINT('',(3.876436462831,0.999999999997));
#4560 = VECTOR('',#4561,1.);
#4561 = DIRECTION('',(1.088018564136E-14,-1.));
#4562 = ( GEOMETRIC_REPRESENTATION_CONTEXT(2) 
PARAMETRIC_REPRESENTATION_CONTEXT() REPRESENTATION_CONTEXT('2D SPACE',''
  ) );
#4563 = ADVANCED_FACE('',(#4564),#1934,.T.);
#4564 = FACE_BOUND('',#4565,.T.);
#4565 = EDGE_LOOP('',(#4566,#4567,#4568,#4569));
#4566 = ORIENTED_EDGE('',*,*,#4058,.F.);
#4567 = ORIENTED_EDGE('',*,*,#1919,.F.);
#4568 = ORIENTED_EDGE('',*,*,#2722,.T.);
#4569 = ORIENTED_EDGE('',*,*,#4570,.F.);
#4570 = EDGE_CURVE('',#4059,#2695,#4571,.T.);
#4571 = SURFACE_CURVE('',#4572,(#4576,#4583),.PCURVE_S1.);
#4572 = LINE('',#4573,#4574);
#4573 = CARTESIAN_POINT('',(14.5,12.448685718272,18.292133821886));
#4574 = VECTOR('',#4575,1.);
#4575 = DIRECTION('',(1.,0.,0.));
#4576 = PCURVE('',#1934,#4577);
#4577 = DEFINITIONAL_REPRESENTATION('',(#4578),#4582);
#4578 = LINE('',#4579,#4580);
#4579 = CARTESIAN_POINT('',(3.14159265359,0.));
#4580 = VECTOR('',#4581,1.);
#4581 = DIRECTION('',(0.,-1.));
#4582 = ( GEOMETRIC_REPRESENTATION_CONTEXT(2) 
PARAMETRIC_REPRESENTATION_CONTEXT() REPRESENTATION_CONTEXT('2D SPACE',''
  ) );
#4583 = PCURVE('',#2710,#4584);
#4584 = DEFINITIONAL_REPRESENTATION('',(#4585),#4589);
#4585 = LINE('',#4586,#4587);
#4586 = CARTESIAN_POINT('',(8.485281374239,0.));
#4587 = VECTOR('',#4588,1.);
#4588 = DIRECTION('',(0.,-1.));
#4589 = ( GEOMETRIC_REPRESENTATION_CONTEXT(2) 
PARAMETRIC_REPRESENTATION_CONTEXT() REPRESENTATION_CONTEXT('2D SPACE',''
  ) );
#4590 = ADVANCED_FACE('',(#4591),#2244,.F.);
#4591 = FACE_BOUND('',#4592,.F.);
#4592 = EDGE_LOOP('',(#4593,#4594,#4615,#4616));
#4593 = ORIENTED_EDGE('',*,*,#2229,.F.);
#4594 = ORIENTED_EDGE('',*,*,#4595,.F.);
#4595 = EDGE_CURVE('',#2486,#2207,#4596,.T.);
#4596 = SEAM_CURVE('',#4597,(#4601,#4608),.PCURVE_S1.);
#4597 = LINE('',#4598,#4599);
#4598 = CARTESIAN_POINT('',(-14.4,8.630309099864,1.573757203479));
#4599 = VECTOR('',#4600,1.);
#4600 = DIRECTION('',(-1.,0.,0.));
#4601 = PCURVE('',#2244,#4602);
#4602 = DEFINITIONAL_REPRESENTATION('',(#4603),#4607);
#4603 = LINE('',#4604,#4605);
#4604 = CARTESIAN_POINT('',(6.28318530718,-0.));
#4605 = VECTOR('',#4606,1.);
#4606 = DIRECTION('',(0.,1.));
#4607 = ( GEOMETRIC_REPRESENTATION_CONTEXT(2) 
PARAMETRIC_REPRESENTATION_CONTEXT() REPRESENTATION_CONTEXT('2D SPACE',''
  ) );
#4608 = PCURVE('',#2244,#4609);
#4609 = DEFINITIONAL_REPRESENTATION('',(#4610),#4614);
#4610 = LINE('',#4611,#4612);
#4611 = CARTESIAN_POINT('',(0.,-0.));
#4612 = VECTOR('',#4613,1.);
#4613 = DIRECTION('',(0.,1.));
#4614 = ( GEOMETRIC_REPRESENTATION_CONTEXT(2) 
PARAMETRIC_REPRESENTATION_CONTEXT() REPRESENTATION_CONTEXT('2D SPACE',''
  ) );
#4615 = ORIENTED_EDGE('',*,*,#2485,.T.);
#4616 = ORIENTED_EDGE('',*,*,#4595,.T.);
#4617 = ADVANCED_FACE('',(#4618),#2299,.F.);
#4618 = FACE_BOUND('',#4619,.F.);
#4619 = EDGE_LOOP('',(#4620,#4621,#4642,#4643));
#4620 = ORIENTED_EDGE('',*,*,#2284,.F.);
#4621 = ORIENTED_EDGE('',*,*,#4622,.F.);
#4622 = EDGE_CURVE('',#2546,#2262,#4623,.T.);
#4623 = SEAM_CURVE('',#4624,(#4628,#4635),.PCURVE_S1.);
#4624 = LINE('',#4625,#4626);
#4625 = CARTESIAN_POINT('',(-14.4,2.630309099864,7.573757203479));
#4626 = VECTOR('',#4627,1.);
#4627 = DIRECTION('',(-1.,0.,0.));
#4628 = PCURVE('',#2299,#4629);
#4629 = DEFINITIONAL_REPRESENTATION('',(#4630),#4634);
#4630 = LINE('',#4631,#4632);
#4631 = CARTESIAN_POINT('',(6.28318530718,-0.));
#4632 = VECTOR('',#4633,1.);
#4633 = DIRECTION('',(0.,1.));
#4634 = ( GEOMETRIC_REPRESENTATION_CONTEXT(2) 
PARAMETRIC_REPRESENTATION_CONTEXT() REPRESENTATION_CONTEXT('2D SPACE',''
  ) );
#4635 = PCURVE('',#2299,#4636);
#4636 = DEFINITIONAL_REPRESENTATION('',(#4637),#4641);
#4637 = LINE('',#4638,#4639);
#4638 = CARTESIAN_POINT('',(0.,-0.));
#4639 = VECTOR('',#4640,1.);
#4640 = DIRECTION('',(0.,1.));
#4641 = ( GEOMETRIC_REPRESENTATION_CONTEXT(2) 
PARAMETRIC_REPRESENTATION_CONTEXT() REPRESENTATION_CONTEXT('2D SPACE',''
  ) );
#4642 = ORIENTED_EDGE('',*,*,#2545,.T.);
#4643 = ORIENTED_EDGE('',*,*,#4622,.T.);
#4644 = ADVANCED_FACE('',(#4645),#2354,.F.);
#4645 = FACE_BOUND('',#4646,.F.);
#4646 = EDGE_LOOP('',(#4647,#4648,#4669,#4670));
#4647 = ORIENTED_EDGE('',*,*,#2339,.F.);
#4648 = ORIENTED_EDGE('',*,*,#4649,.F.);
#4649 = EDGE_CURVE('',#2456,#2317,#4650,.T.);
#4650 = SEAM_CURVE('',#4651,(#4655,#4662),.PCURVE_S1.);
#4651 = LINE('',#4652,#4653);
#4652 = CARTESIAN_POINT('',(-14.4,14.630309099864,7.573757203479));
#4653 = VECTOR('',#4654,1.);
#4654 = DIRECTION('',(-1.,0.,0.));
#4655 = PCURVE('',#2354,#4656);
#4656 = DEFINITIONAL_REPRESENTATION('',(#4657),#4661);
#4657 = LINE('',#4658,#4659);
#4658 = CARTESIAN_POINT('',(6.28318530718,-0.));
#4659 = VECTOR('',#4660,1.);
#4660 = DIRECTION('',(0.,1.));
#4661 = ( GEOMETRIC_REPRESENTATION_CONTEXT(2) 
PARAMETRIC_REPRESENTATION_CONTEXT() REPRESENTATION_CONTEXT('2D SPACE',''
  ) );
#4662 = PCURVE('',#2354,#4663);
#4663 = DEFINITIONAL_REPRESENTATION('',(#4664),#4668);
#4664 = LINE('',#4665,#4666);
#4665 = CARTESIAN_POINT('',(0.,-0.));
#4666 = VECTOR('',#4667,1.);
#4667 = DIRECTION('',(0.,1.));
#4668 = ( GEOMETRIC_REPRESENTATION_CONTEXT(2) 
PARAMETRIC_REPRESENTATION_CONTEXT() REPRESENTATION_CONTEXT('2D SPACE',''
  ) );
#4669 = ORIENTED_EDGE('',*,*,#2455,.T.);
#4670 = ORIENTED_EDGE('',*,*,#4649,.T.);
#4671 = ADVANCED_FACE('',(#4672),#2409,.F.);
#4672 = FACE_BOUND('',#4673,.F.);
#4673 = EDGE_LOOP('',(#4674,#4675,#4696,#4697));
#4674 = ORIENTED_EDGE('',*,*,#2394,.F.);
#4675 = ORIENTED_EDGE('',*,*,#4676,.F.);
#4676 = EDGE_CURVE('',#2516,#2372,#4677,.T.);
#4677 = SEAM_CURVE('',#4678,(#4682,#4689),.PCURVE_S1.);
#4678 = LINE('',#4679,#4680);
#4679 = CARTESIAN_POINT('',(-14.4,8.630309099864,13.573757203479));
#4680 = VECTOR('',#4681,1.);
#4681 = DIRECTION('',(-1.,0.,0.));
#4682 = PCURVE('',#2409,#4683);
#4683 = DEFINITIONAL_REPRESENTATION('',(#4684),#4688);
#4684 = LINE('',#4685,#4686);
#4685 = CARTESIAN_POINT('',(6.28318530718,-0.));
#4686 = VECTOR('',#4687,1.);
#4687 = DIRECTION('',(0.,1.));
#4688 = ( GEOMETRIC_REPRESENTATION_CONTEXT(2) 
PARAMETRIC_REPRESENTATION_CONTEXT() REPRESENTATION_CONTEXT('2D SPACE',''
  ) );
#4689 = PCURVE('',#2409,#4690);
#4690 = DEFINITIONAL_REPRESENTATION('',(#4691),#4695);
#4691 = LINE('',#4692,#4693);
#4692 = CARTESIAN_POINT('',(0.,-0.));
#4693 = VECTOR('',#4694,1.);
#4694 = DIRECTION('',(0.,1.));
#4695 = ( GEOMETRIC_REPRESENTATION_CONTEXT(2) 
PARAMETRIC_REPRESENTATION_CONTEXT() REPRESENTATION_CONTEXT('2D SPACE',''
  ) );
#4696 = ORIENTED_EDGE('',*,*,#2515,.T.);
#4697 = ORIENTED_EDGE('',*,*,#4676,.T.);
#4698 = ADVANCED_FACE('',(#4699),#2621,.T.);
#4699 = FACE_BOUND('',#4700,.T.);
#4700 = EDGE_LOOP('',(#4701,#4722,#4723,#4724));
#4701 = ORIENTED_EDGE('',*,*,#4702,.T.);
#4702 = EDGE_CURVE('',#4130,#2601,#4703,.T.);
#4703 = SURFACE_CURVE('',#4704,(#4708,#4715),.PCURVE_S1.);
#4704 = LINE('',#4705,#4706);
#4705 = CARTESIAN_POINT('',(14.5,12.448685718272,-1.344619414929));
#4706 = VECTOR('',#4707,1.);
#4707 = DIRECTION('',(1.,0.,0.));
#4708 = PCURVE('',#2621,#4709);
#4709 = DEFINITIONAL_REPRESENTATION('',(#4710),#4714);
#4710 = LINE('',#4711,#4712);
#4711 = CARTESIAN_POINT('',(1.570796326795,0.));
#4712 = VECTOR('',#4713,1.);
#4713 = DIRECTION('',(0.,-1.));
#4714 = ( GEOMETRIC_REPRESENTATION_CONTEXT(2) 
PARAMETRIC_REPRESENTATION_CONTEXT() REPRESENTATION_CONTEXT('2D SPACE',''
  ) );
#4715 = PCURVE('',#2649,#4716);
#4716 = DEFINITIONAL_REPRESENTATION('',(#4717),#4721);
#4717 = LINE('',#4718,#4719);
#4718 = CARTESIAN_POINT('',(1.884110950421E-15,0.));
#4719 = VECTOR('',#4720,1.);
#4720 = DIRECTION('',(0.,-1.));
#4721 = ( GEOMETRIC_REPRESENTATION_CONTEXT(2) 
PARAMETRIC_REPRESENTATION_CONTEXT() REPRESENTATION_CONTEXT('2D SPACE',''
  ) );
#4722 = ORIENTED_EDGE('',*,*,#2600,.T.);
#4723 = ORIENTED_EDGE('',*,*,#4344,.F.);
#4724 = ORIENTED_EDGE('',*,*,#4152,.F.);
#4725 = ADVANCED_FACE('',(#4726),#2848,.F.);
#4726 = FACE_BOUND('',#4727,.F.);
#4727 = EDGE_LOOP('',(#4728,#4729,#4750));
#4728 = ORIENTED_EDGE('',*,*,#3248,.T.);
#4729 = ORIENTED_EDGE('',*,*,#4730,.T.);
#4730 = EDGE_CURVE('',#3249,#2800,#4731,.T.);
#4731 = SURFACE_CURVE('',#4732,(#4736,#4743),.PCURVE_S1.);
#4732 = LINE('',#4733,#4734);
#4733 = CARTESIAN_POINT('',(14.5,-1.188067518543,4.655380585071));
#4734 = VECTOR('',#4735,1.);
#4735 = DIRECTION('',(1.,0.,0.));
#4736 = PCURVE('',#2848,#4737);
#4737 = DEFINITIONAL_REPRESENTATION('',(#4738),#4742);
#4738 = LINE('',#4739,#4740);
#4739 = CARTESIAN_POINT('',(0.,0.));
#4740 = VECTOR('',#4741,1.);
#4741 = DIRECTION('',(0.,-1.));
#4742 = ( GEOMETRIC_REPRESENTATION_CONTEXT(2) 
PARAMETRIC_REPRESENTATION_CONTEXT() REPRESENTATION_CONTEXT('2D SPACE',''
  ) );
#4743 = PCURVE('',#2820,#4744);
#4744 = DEFINITIONAL_REPRESENTATION('',(#4745),#4749);
#4745 = LINE('',#4746,#4747);
#4746 = CARTESIAN_POINT('',(1.570796326795,0.));
#4747 = VECTOR('',#4748,1.);
#4748 = DIRECTION('',(0.,-1.));
#4749 = ( GEOMETRIC_REPRESENTATION_CONTEXT(2) 
PARAMETRIC_REPRESENTATION_CONTEXT() REPRESENTATION_CONTEXT('2D SPACE',''
  ) );
#4750 = ORIENTED_EDGE('',*,*,#2832,.T.);
#4751 = ADVANCED_FACE('',(#4752),#2649,.F.);
#4752 = FACE_BOUND('',#4753,.F.);
#4753 = EDGE_LOOP('',(#4754,#4755,#4756,#4777));
#4754 = ORIENTED_EDGE('',*,*,#4702,.T.);
#4755 = ORIENTED_EDGE('',*,*,#2633,.T.);
#4756 = ORIENTED_EDGE('',*,*,#4757,.F.);
#4757 = EDGE_CURVE('',#4106,#2634,#4758,.T.);
#4758 = SURFACE_CURVE('',#4759,(#4763,#4770),.PCURVE_S1.);
#4759 = LINE('',#4760,#4761);
#4760 = CARTESIAN_POINT('',(14.5,18.448685718272,4.655380585071));
#4761 = VECTOR('',#4762,1.);
#4762 = DIRECTION('',(1.,0.,0.));
#4763 = PCURVE('',#2649,#4764);
#4764 = DEFINITIONAL_REPRESENTATION('',(#4765),#4769);
#4765 = LINE('',#4766,#4767);
#4766 = CARTESIAN_POINT('',(8.485281374239,0.));
#4767 = VECTOR('',#4768,1.);
#4768 = DIRECTION('',(0.,-1.));
#4769 = ( GEOMETRIC_REPRESENTATION_CONTEXT(2) 
PARAMETRIC_REPRESENTATION_CONTEXT() REPRESENTATION_CONTEXT('2D SPACE',''
  ) );
#4770 = PCURVE('',#2682,#4771);
#4771 = DEFINITIONAL_REPRESENTATION('',(#4772),#4776);
#4772 = LINE('',#4773,#4774);
#4773 = CARTESIAN_POINT('',(3.14159265359,0.));
#4774 = VECTOR('',#4775,1.);
#4775 = DIRECTION('',(0.,-1.));
#4776 = ( GEOMETRIC_REPRESENTATION_CONTEXT(2) 
PARAMETRIC_REPRESENTATION_CONTEXT() REPRESENTATION_CONTEXT('2D SPACE',''
  ) );
#4777 = ORIENTED_EDGE('',*,*,#4129,.F.);
#4778 = ADVANCED_FACE('',(#4779),#2820,.T.);
#4779 = FACE_BOUND('',#4780,.T.);
#4780 = EDGE_LOOP('',(#4781,#4782,#4783,#4784));
#4781 = ORIENTED_EDGE('',*,*,#3277,.F.);
#4782 = ORIENTED_EDGE('',*,*,#4730,.T.);
#4783 = ORIENTED_EDGE('',*,*,#2799,.T.);
#4784 = ORIENTED_EDGE('',*,*,#4785,.F.);
#4785 = EDGE_CURVE('',#3278,#2772,#4786,.T.);
#4786 = SURFACE_CURVE('',#4787,(#4791,#4798),.PCURVE_S1.);
#4787 = LINE('',#4788,#4789);
#4788 = CARTESIAN_POINT('',(14.5,-1.188067518543,12.292133821886));
#4789 = VECTOR('',#4790,1.);
#4790 = DIRECTION('',(1.,0.,0.));
#4791 = PCURVE('',#2820,#4792);
#4792 = DEFINITIONAL_REPRESENTATION('',(#4793),#4797);
#4793 = LINE('',#4794,#4795);
#4794 = CARTESIAN_POINT('',(3.14159265359,0.));
#4795 = VECTOR('',#4796,1.);
#4796 = DIRECTION('',(0.,-1.));
#4797 = ( GEOMETRIC_REPRESENTATION_CONTEXT(2) 
PARAMETRIC_REPRESENTATION_CONTEXT() REPRESENTATION_CONTEXT('2D SPACE',''
  ) );
#4798 = PCURVE('',#2787,#4799);
#4799 = DEFINITIONAL_REPRESENTATION('',(#4800),#4804);
#4800 = LINE('',#4801,#4802);
#4801 = CARTESIAN_POINT('',(8.485281374239,0.));
#4802 = VECTOR('',#4803,1.);
#4803 = DIRECTION('',(0.,-1.));
#4804 = ( GEOMETRIC_REPRESENTATION_CONTEXT(2) 
PARAMETRIC_REPRESENTATION_CONTEXT() REPRESENTATION_CONTEXT('2D SPACE',''
  ) );
#4805 = ADVANCED_FACE('',(#4806),#2682,.T.);
#4806 = FACE_BOUND('',#4807,.T.);
#4807 = EDGE_LOOP('',(#4808,#4829,#4830,#4831));
#4808 = ORIENTED_EDGE('',*,*,#4809,.T.);
#4809 = EDGE_CURVE('',#4083,#2662,#4810,.T.);
#4810 = SURFACE_CURVE('',#4811,(#4815,#4822),.PCURVE_S1.);
#4811 = LINE('',#4812,#4813);
#4812 = CARTESIAN_POINT('',(14.5,18.448685718272,12.292133821886));
#4813 = VECTOR('',#4814,1.);
#4814 = DIRECTION('',(1.,0.,0.));
#4815 = PCURVE('',#2682,#4816);
#4816 = DEFINITIONAL_REPRESENTATION('',(#4817),#4821);
#4817 = LINE('',#4818,#4819);
#4818 = CARTESIAN_POINT('',(1.570796326795,0.));
#4819 = VECTOR('',#4820,1.);
#4820 = DIRECTION('',(0.,-1.));
#4821 = ( GEOMETRIC_REPRESENTATION_CONTEXT(2) 
PARAMETRIC_REPRESENTATION_CONTEXT() REPRESENTATION_CONTEXT('2D SPACE',''
  ) );
#4822 = PCURVE('',#2710,#4823);
#4823 = DEFINITIONAL_REPRESENTATION('',(#4824),#4828);
#4824 = LINE('',#4825,#4826);
#4825 = CARTESIAN_POINT('',(0.,0.));
#4826 = VECTOR('',#4827,1.);
#4827 = DIRECTION('',(0.,-1.));
#4828 = ( GEOMETRIC_REPRESENTATION_CONTEXT(2) 
PARAMETRIC_REPRESENTATION_CONTEXT() REPRESENTATION_CONTEXT('2D SPACE',''
  ) );
#4829 = ORIENTED_EDGE('',*,*,#2661,.T.);
#4830 = ORIENTED_EDGE('',*,*,#4757,.F.);
#4831 = ORIENTED_EDGE('',*,*,#4105,.F.);
#4832 = ADVANCED_FACE('',(#4833),#2787,.F.);
#4833 = FACE_BOUND('',#4834,.F.);
#4834 = EDGE_LOOP('',(#4835,#4836,#4837));
#4835 = ORIENTED_EDGE('',*,*,#3402,.T.);
#4836 = ORIENTED_EDGE('',*,*,#2771,.T.);
#4837 = ORIENTED_EDGE('',*,*,#4785,.F.);
#4838 = ADVANCED_FACE('',(#4839),#2710,.F.);
#4839 = FACE_BOUND('',#4840,.F.);
#4840 = EDGE_LOOP('',(#4841,#4842,#4843,#4844));
#4841 = ORIENTED_EDGE('',*,*,#4809,.T.);
#4842 = ORIENTED_EDGE('',*,*,#2694,.T.);
#4843 = ORIENTED_EDGE('',*,*,#4570,.F.);
#4844 = ORIENTED_EDGE('',*,*,#4082,.F.);
#4845 = ADVANCED_FACE('',(#4846),#2899,.F.);
#4846 = FACE_BOUND('',#4847,.F.);
#4847 = EDGE_LOOP('',(#4848,#4849,#4872,#4894));
#4848 = ORIENTED_EDGE('',*,*,#2882,.F.);
#4849 = ORIENTED_EDGE('',*,*,#4850,.F.);
#4850 = EDGE_CURVE('',#4851,#2883,#4853,.T.);
#4851 = VERTEX_POINT('',#4852);
#4852 = CARTESIAN_POINT('',(15.5,8.630309099864,3.373757203479));
#4853 = SEAM_CURVE('',#4854,(#4858,#4865),.PCURVE_S1.);
#4854 = LINE('',#4855,#4856);
#4855 = CARTESIAN_POINT('',(15.5,8.630309099864,3.373757203479));
#4856 = VECTOR('',#4857,1.);
#4857 = DIRECTION('',(0.707106781187,1.731912112471E-16,0.707106781187)
  );
#4858 = PCURVE('',#2899,#4859);
#4859 = DEFINITIONAL_REPRESENTATION('',(#4860),#4864);
#4860 = LINE('',#4861,#4862);
#4861 = CARTESIAN_POINT('',(6.28318530718,-0.));
#4862 = VECTOR('',#4863,1.);
#4863 = DIRECTION('',(0.,1.));
#4864 = ( GEOMETRIC_REPRESENTATION_CONTEXT(2) 
PARAMETRIC_REPRESENTATION_CONTEXT() REPRESENTATION_CONTEXT('2D SPACE',''
  ) );
#4865 = PCURVE('',#2899,#4866);
#4866 = DEFINITIONAL_REPRESENTATION('',(#4867),#4871);
#4867 = LINE('',#4868,#4869);
#4868 = CARTESIAN_POINT('',(0.,-0.));
#4869 = VECTOR('',#4870,1.);
#4870 = DIRECTION('',(0.,1.));
#4871 = ( GEOMETRIC_REPRESENTATION_CONTEXT(2) 
PARAMETRIC_REPRESENTATION_CONTEXT() REPRESENTATION_CONTEXT('2D SPACE',''
  ) );
#4872 = ORIENTED_EDGE('',*,*,#4873,.T.);
#4873 = EDGE_CURVE('',#4851,#4851,#4874,.T.);
#4874 = SURFACE_CURVE('',#4875,(#4880,#4887),.PCURVE_S1.);
#4875 = CIRCLE('',#4876,0.9);
#4876 = AXIS2_PLACEMENT_3D('',#4877,#4878,#4879);
#4877 = CARTESIAN_POINT('',(15.5,8.630309099864,2.473757203479));
#4878 = DIRECTION('',(1.,0.,0.));
#4879 = DIRECTION('',(-0.,0.,1.));
#4880 = PCURVE('',#2899,#4881);
#4881 = DEFINITIONAL_REPRESENTATION('',(#4882),#4886);
#4882 = LINE('',#4883,#4884);
#4883 = CARTESIAN_POINT('',(0.,0.));
#4884 = VECTOR('',#4885,1.);
#4885 = DIRECTION('',(1.,0.));
#4886 = ( GEOMETRIC_REPRESENTATION_CONTEXT(2) 
PARAMETRIC_REPRESENTATION_CONTEXT() REPRESENTATION_CONTEXT('2D SPACE',''
  ) );
#4887 = PCURVE('',#4221,#4888);
#4888 = DEFINITIONAL_REPRESENTATION('',(#4889),#4893);
#4889 = LINE('',#4890,#4891);
#4890 = CARTESIAN_POINT('',(0.,1.1));
#4891 = VECTOR('',#4892,1.);
#4892 = DIRECTION('',(1.,0.));
#4893 = ( GEOMETRIC_REPRESENTATION_CONTEXT(2) 
PARAMETRIC_REPRESENTATION_CONTEXT() REPRESENTATION_CONTEXT('2D SPACE',''
  ) );
#4894 = ORIENTED_EDGE('',*,*,#4850,.T.);
#4895 = ADVANCED_FACE('',(#4896),#2930,.F.);
#4896 = FACE_BOUND('',#4897,.F.);
#4897 = EDGE_LOOP('',(#4898,#4899,#4922,#4944));
#4898 = ORIENTED_EDGE('',*,*,#2913,.F.);
#4899 = ORIENTED_EDGE('',*,*,#4900,.F.);
#4900 = EDGE_CURVE('',#4901,#2914,#4903,.T.);
#4901 = VERTEX_POINT('',#4902);
#4902 = CARTESIAN_POINT('',(15.5,2.630309099864,9.373757203479));
#4903 = SEAM_CURVE('',#4904,(#4908,#4915),.PCURVE_S1.);
#4904 = LINE('',#4905,#4906);
#4905 = CARTESIAN_POINT('',(15.5,2.630309099864,9.373757203479));
#4906 = VECTOR('',#4907,1.);
#4907 = DIRECTION('',(0.707106781187,1.731912112471E-16,0.707106781187)
  );
#4908 = PCURVE('',#2930,#4909);
#4909 = DEFINITIONAL_REPRESENTATION('',(#4910),#4914);
#4910 = LINE('',#4911,#4912);
#4911 = CARTESIAN_POINT('',(6.28318530718,-0.));
#4912 = VECTOR('',#4913,1.);
#4913 = DIRECTION('',(0.,1.));
#4914 = ( GEOMETRIC_REPRESENTATION_CONTEXT(2) 
PARAMETRIC_REPRESENTATION_CONTEXT() REPRESENTATION_CONTEXT('2D SPACE',''
  ) );
#4915 = PCURVE('',#2930,#4916);
#4916 = DEFINITIONAL_REPRESENTATION('',(#4917),#4921);
#4917 = LINE('',#4918,#4919);
#4918 = CARTESIAN_POINT('',(0.,-0.));
#4919 = VECTOR('',#4920,1.);
#4920 = DIRECTION('',(0.,1.));
#4921 = ( GEOMETRIC_REPRESENTATION_CONTEXT(2) 
PARAMETRIC_REPRESENTATION_CONTEXT() REPRESENTATION_CONTEXT('2D SPACE',''
  ) );
#4922 = ORIENTED_EDGE('',*,*,#4923,.T.);
#4923 = EDGE_CURVE('',#4901,#4901,#4924,.T.);
#4924 = SURFACE_CURVE('',#4925,(#4930,#4937),.PCURVE_S1.);
#4925 = CIRCLE('',#4926,0.9);
#4926 = AXIS2_PLACEMENT_3D('',#4927,#4928,#4929);
#4927 = CARTESIAN_POINT('',(15.5,2.630309099864,8.473757203479));
#4928 = DIRECTION('',(1.,0.,0.));
#4929 = DIRECTION('',(-0.,0.,1.));
#4930 = PCURVE('',#2930,#4931);
#4931 = DEFINITIONAL_REPRESENTATION('',(#4932),#4936);
#4932 = LINE('',#4933,#4934);
#4933 = CARTESIAN_POINT('',(0.,0.));
#4934 = VECTOR('',#4935,1.);
#4935 = DIRECTION('',(1.,0.));
#4936 = ( GEOMETRIC_REPRESENTATION_CONTEXT(2) 
PARAMETRIC_REPRESENTATION_CONTEXT() REPRESENTATION_CONTEXT('2D SPACE',''
  ) );
#4937 = PCURVE('',#4291,#4938);
#4938 = DEFINITIONAL_REPRESENTATION('',(#4939),#4943);
#4939 = LINE('',#4940,#4941);
#4940 = CARTESIAN_POINT('',(0.,1.1));
#4941 = VECTOR('',#4942,1.);
#4942 = DIRECTION('',(1.,0.));
#4943 = ( GEOMETRIC_REPRESENTATION_CONTEXT(2) 
PARAMETRIC_REPRESENTATION_CONTEXT() REPRESENTATION_CONTEXT('2D SPACE',''
  ) );
#4944 = ORIENTED_EDGE('',*,*,#4900,.T.);
#4945 = ADVANCED_FACE('',(#4946),#2961,.F.);
#4946 = FACE_BOUND('',#4947,.F.);
#4947 = EDGE_LOOP('',(#4948,#4949,#4972,#4994));
#4948 = ORIENTED_EDGE('',*,*,#2944,.F.);
#4949 = ORIENTED_EDGE('',*,*,#4950,.F.);
#4950 = EDGE_CURVE('',#4951,#2945,#4953,.T.);
#4951 = VERTEX_POINT('',#4952);
#4952 = CARTESIAN_POINT('',(15.5,14.630309099864,9.373757203479));
#4953 = SEAM_CURVE('',#4954,(#4958,#4965),.PCURVE_S1.);
#4954 = LINE('',#4955,#4956);
#4955 = CARTESIAN_POINT('',(15.5,14.630309099864,9.373757203479));
#4956 = VECTOR('',#4957,1.);
#4957 = DIRECTION('',(0.707106781187,1.731912112471E-16,0.707106781187)
  );
#4958 = PCURVE('',#2961,#4959);
#4959 = DEFINITIONAL_REPRESENTATION('',(#4960),#4964);
#4960 = LINE('',#4961,#4962);
#4961 = CARTESIAN_POINT('',(6.28318530718,-0.));
#4962 = VECTOR('',#4963,1.);
#4963 = DIRECTION('',(0.,1.));
#4964 = ( GEOMETRIC_REPRESENTATION_CONTEXT(2) 
PARAMETRIC_REPRESENTATION_CONTEXT() REPRESENTATION_CONTEXT('2D SPACE',''
  ) );
#4965 = PCURVE('',#2961,#4966);
#4966 = DEFINITIONAL_REPRESENTATION('',(#4967),#4971);
#4967 = LINE('',#4968,#4969);
#4968 = CARTESIAN_POINT('',(0.,-0.));
#4969 = VECTOR('',#4970,1.);
#4970 = DIRECTION('',(0.,1.));
#4971 = ( GEOMETRIC_REPRESENTATION_CONTEXT(2) 
PARAMETRIC_REPRESENTATION_CONTEXT() REPRESENTATION_CONTEXT('2D SPACE',''
  ) );
#4972 = ORIENTED_EDGE('',*,*,#4973,.T.);
#4973 = EDGE_CURVE('',#4951,#4951,#4974,.T.);
#4974 = SURFACE_CURVE('',#4975,(#4980,#4987),.PCURVE_S1.);
#4975 = CIRCLE('',#4976,0.9);
#4976 = AXIS2_PLACEMENT_3D('',#4977,#4978,#4979);
#4977 = CARTESIAN_POINT('',(15.5,14.630309099864,8.473757203479));
#4978 = DIRECTION('',(1.,0.,0.));
#4979 = DIRECTION('',(-0.,0.,1.));
#4980 = PCURVE('',#2961,#4981);
#4981 = DEFINITIONAL_REPRESENTATION('',(#4982),#4986);
#4982 = LINE('',#4983,#4984);
#4983 = CARTESIAN_POINT('',(0.,0.));
#4984 = VECTOR('',#4985,1.);
#4985 = DIRECTION('',(1.,0.));
#4986 = ( GEOMETRIC_REPRESENTATION_CONTEXT(2) 
PARAMETRIC_REPRESENTATION_CONTEXT() REPRESENTATION_CONTEXT('2D SPACE',''
  ) );
#4987 = PCURVE('',#4256,#4988);
#4988 = DEFINITIONAL_REPRESENTATION('',(#4989),#4993);
#4989 = LINE('',#4990,#4991);
#4990 = CARTESIAN_POINT('',(0.,1.1));
#4991 = VECTOR('',#4992,1.);
#4992 = DIRECTION('',(1.,0.));
#4993 = ( GEOMETRIC_REPRESENTATION_CONTEXT(2) 
PARAMETRIC_REPRESENTATION_CONTEXT() REPRESENTATION_CONTEXT('2D SPACE',''
  ) );
#4994 = ORIENTED_EDGE('',*,*,#4950,.T.);
#4995 = ADVANCED_FACE('',(#4996),#2992,.F.);
#4996 = FACE_BOUND('',#4997,.F.);
#4997 = EDGE_LOOP('',(#4998,#4999,#5022,#5044));
#4998 = ORIENTED_EDGE('',*,*,#2975,.F.);
#4999 = ORIENTED_EDGE('',*,*,#5000,.F.);
#5000 = EDGE_CURVE('',#5001,#2976,#5003,.T.);
#5001 = VERTEX_POINT('',#5002);
#5002 = CARTESIAN_POINT('',(15.5,8.630309099864,15.373757203479));
#5003 = SEAM_CURVE('',#5004,(#5008,#5015),.PCURVE_S1.);
#5004 = LINE('',#5005,#5006);
#5005 = CARTESIAN_POINT('',(15.5,8.630309099864,15.373757203479));
#5006 = VECTOR('',#5007,1.);
#5007 = DIRECTION('',(0.707106781187,1.731912112471E-16,0.707106781187)
  );
#5008 = PCURVE('',#2992,#5009);
#5009 = DEFINITIONAL_REPRESENTATION('',(#5010),#5014);
#5010 = LINE('',#5011,#5012);
#5011 = CARTESIAN_POINT('',(6.28318530718,-0.));
#5012 = VECTOR('',#5013,1.);
#5013 = DIRECTION('',(0.,1.));
#5014 = ( GEOMETRIC_REPRESENTATION_CONTEXT(2) 
PARAMETRIC_REPRESENTATION_CONTEXT() REPRESENTATION_CONTEXT('2D SPACE',''
  ) );
#5015 = PCURVE('',#2992,#5016);
#5016 = DEFINITIONAL_REPRESENTATION('',(#5017),#5021);
#5017 = LINE('',#5018,#5019);
#5018 = CARTESIAN_POINT('',(0.,-0.));
#5019 = VECTOR('',#5020,1.);
#5020 = DIRECTION('',(0.,1.));
#5021 = ( GEOMETRIC_REPRESENTATION_CONTEXT(2) 
PARAMETRIC_REPRESENTATION_CONTEXT() REPRESENTATION_CONTEXT('2D SPACE',''
  ) );
#5022 = ORIENTED_EDGE('',*,*,#5023,.T.);
#5023 = EDGE_CURVE('',#5001,#5001,#5024,.T.);
#5024 = SURFACE_CURVE('',#5025,(#5030,#5037),.PCURVE_S1.);
#5025 = CIRCLE('',#5026,0.9);
#5026 = AXIS2_PLACEMENT_3D('',#5027,#5028,#5029);
#5027 = CARTESIAN_POINT('',(15.5,8.630309099864,14.473757203479));
#5028 = DIRECTION('',(1.,0.,0.));
#5029 = DIRECTION('',(-0.,0.,1.));
#5030 = PCURVE('',#2992,#5031);
#5031 = DEFINITIONAL_REPRESENTATION('',(#5032),#5036);
#5032 = LINE('',#5033,#5034);
#5033 = CARTESIAN_POINT('',(0.,0.));
#5034 = VECTOR('',#5035,1.);
#5035 = DIRECTION('',(1.,0.));
#5036 = ( GEOMETRIC_REPRESENTATION_CONTEXT(2) 
PARAMETRIC_REPRESENTATION_CONTEXT() REPRESENTATION_CONTEXT('2D SPACE',''
  ) );
#5037 = PCURVE('',#4326,#5038);
#5038 = DEFINITIONAL_REPRESENTATION('',(#5039),#5043);
#5039 = LINE('',#5040,#5041);
#5040 = CARTESIAN_POINT('',(0.,1.1));
#5041 = VECTOR('',#5042,1.);
#5042 = DIRECTION('',(1.,0.));
#5043 = ( GEOMETRIC_REPRESENTATION_CONTEXT(2) 
PARAMETRIC_REPRESENTATION_CONTEXT() REPRESENTATION_CONTEXT('2D SPACE',''
  ) );
#5044 = ORIENTED_EDGE('',*,*,#5000,.T.);
#5045 = ADVANCED_FACE('',(#5046),#3198,.T.);
#5046 = FACE_BOUND('',#5047,.T.);
#5047 = EDGE_LOOP('',(#5048,#5070,#5071,#5093,#5117));
#5048 = ORIENTED_EDGE('',*,*,#5049,.F.);
#5049 = EDGE_CURVE('',#3159,#5050,#5052,.T.);
#5050 = VERTEX_POINT('',#5051);
#5051 = CARTESIAN_POINT('',(12.750000000007,-68.52964617422,
    2.436098939659));
#5052 = SURFACE_CURVE('',#5053,(#5057,#5063),.PCURVE_S1.);
#5053 = LINE('',#5054,#5055);
#5054 = CARTESIAN_POINT('',(14.75,-67.04577520648,1.095156378956));
#5055 = VECTOR('',#5056,1.);
#5056 = DIRECTION('',(-0.707106781185,-0.524627611849,0.474094788928));
#5057 = PCURVE('',#3198,#5058);
#5058 = DEFINITIONAL_REPRESENTATION('',(#5059),#5062);
#5059 = B_SPLINE_CURVE_WITH_KNOTS('',1,(#5060,#5061),.UNSPECIFIED.,.F.,
  .F.,(2,2),(0.,2.828427124744),.PIECEWISE_BEZIER_KNOTS.);
#5060 = CARTESIAN_POINT('',(-9.295808442586E-13,-2.406748844349));
#5061 = CARTESIAN_POINT('',(1.,-2.406748844348));
#5062 = ( GEOMETRIC_REPRESENTATION_CONTEXT(2) 
PARAMETRIC_REPRESENTATION_CONTEXT() REPRESENTATION_CONTEXT('2D SPACE',''
  ) );
#5063 = PCURVE('',#3447,#5064);
#5064 = DEFINITIONAL_REPRESENTATION('',(#5065),#5069);
#5065 = LINE('',#5066,#5067);
#5066 = CARTESIAN_POINT('',(8.689934151528,0.999999999997));
#5067 = VECTOR('',#5068,1.);
#5068 = DIRECTION('',(-1.776356839405E-14,-1.));
#5069 = ( GEOMETRIC_REPRESENTATION_CONTEXT(2) 
PARAMETRIC_REPRESENTATION_CONTEXT() REPRESENTATION_CONTEXT('2D SPACE',''
  ) );
#5070 = ORIENTED_EDGE('',*,*,#3158,.T.);
#5071 = ORIENTED_EDGE('',*,*,#5072,.F.);
#5072 = EDGE_CURVE('',#5073,#3137,#5075,.T.);
#5073 = VERTEX_POINT('',#5074);
#5074 = CARTESIAN_POINT('',(12.750000000007,-68.52964617422,
    3.91113575643));
#5075 = SURFACE_CURVE('',#5076,(#5080,#5086),.PCURVE_S1.);
#5076 = LINE('',#5077,#5078);
#5077 = CARTESIAN_POINT('',(12.750000000007,-68.52964617422,
    3.91113575643));
#5078 = VECTOR('',#5079,1.);
#5079 = DIRECTION('',(0.707106781185,0.524627611849,0.474094788928));
#5080 = PCURVE('',#3198,#5081);
#5081 = DEFINITIONAL_REPRESENTATION('',(#5082),#5085);
#5082 = B_SPLINE_CURVE_WITH_KNOTS('',1,(#5083,#5084),.UNSPECIFIED.,.F.,
  .F.,(2,2),(0.,2.828427124744),.PIECEWISE_BEZIER_KNOTS.);
#5083 = CARTESIAN_POINT('',(1.,-3.876436462831));
#5084 = CARTESIAN_POINT('',(-9.242793508379E-13,-3.876436462831));
#5085 = ( GEOMETRIC_REPRESENTATION_CONTEXT(2) 
PARAMETRIC_REPRESENTATION_CONTEXT() REPRESENTATION_CONTEXT('2D SPACE',''
  ) );
#5086 = PCURVE('',#3447,#5087);
#5087 = DEFINITIONAL_REPRESENTATION('',(#5088),#5092);
#5088 = LINE('',#5089,#5090);
#5089 = CARTESIAN_POINT('',(3.876436462831,-0.999999999997));
#5090 = VECTOR('',#5091,1.);
#5091 = DIRECTION('',(-5.10702591329E-15,1.));
#5092 = ( GEOMETRIC_REPRESENTATION_CONTEXT(2) 
PARAMETRIC_REPRESENTATION_CONTEXT() REPRESENTATION_CONTEXT('2D SPACE',''
  ) );
#5093 = ORIENTED_EDGE('',*,*,#5094,.T.);
#5094 = EDGE_CURVE('',#5073,#5095,#5097,.T.);
#5095 = VERTEX_POINT('',#5096);
#5096 = CARTESIAN_POINT('',(12.750000000006,-68.2461562096,3.17361834653
    ));
#5097 = SURFACE_CURVE('',#5098,(#5104,#5111),.PCURVE_S1.);
#5098 = B_SPLINE_CURVE_WITH_KNOTS('',3,(#5099,#5100,#5101,#5102,#5103),
  .UNSPECIFIED.,.F.,.F.,(4,1,4),(-3.876436462831,-3.246570340624,
    -3.14159265359),.UNSPECIFIED.);
#5099 = CARTESIAN_POINT('',(12.750000000006,-68.52964617422,
    3.91113575643));
#5100 = CARTESIAN_POINT('',(12.750000000006,-68.37480022091,
    3.739785080174));
#5101 = CARTESIAN_POINT('',(12.750000000006,-68.25886109042,
    3.480897528055));
#5102 = CARTESIAN_POINT('',(12.750000000006,-68.24595726098,
    3.212092885011));
#5103 = CARTESIAN_POINT('',(12.750000000006,-68.24615583121,
    3.173691051818));
#5104 = PCURVE('',#3198,#5105);
#5105 = DEFINITIONAL_REPRESENTATION('',(#5106),#5110);
#5106 = LINE('',#5107,#5108);
#5107 = CARTESIAN_POINT('',(1.,-8.881784197001E-15));
#5108 = VECTOR('',#5109,1.);
#5109 = DIRECTION('',(-1.193554573671E-14,1.));
#5110 = ( GEOMETRIC_REPRESENTATION_CONTEXT(2) 
PARAMETRIC_REPRESENTATION_CONTEXT() REPRESENTATION_CONTEXT('2D SPACE',''
  ) );
#5111 = PCURVE('',#3690,#5112);
#5112 = DEFINITIONAL_REPRESENTATION('',(#5113),#5116);
#5113 = B_SPLINE_CURVE_WITH_KNOTS('',1,(#5114,#5115),.UNSPECIFIED.,.F.,
  .F.,(2,2),(-3.876436462831,-3.14159265359),.PIECEWISE_BEZIER_KNOTS.);
#5114 = CARTESIAN_POINT('',(-2.406748844348,1.00000000006));
#5115 = CARTESIAN_POINT('',(-3.141525626967,1.00000000006));
#5116 = ( GEOMETRIC_REPRESENTATION_CONTEXT(2) 
PARAMETRIC_REPRESENTATION_CONTEXT() REPRESENTATION_CONTEXT('2D SPACE',''
  ) );
#5117 = ORIENTED_EDGE('',*,*,#5118,.T.);
#5118 = EDGE_CURVE('',#5095,#5050,#5119,.T.);
#5119 = SURFACE_CURVE('',#5120,(#5125,#5132),.PCURVE_S1.);
#5120 = B_SPLINE_CURVE_WITH_KNOTS('',3,(#5121,#5122,#5123,#5124),
  .UNSPECIFIED.,.F.,.F.,(4,4),(-3.141526402996,-2.406748844348),
  .PIECEWISE_BEZIER_KNOTS.);
#5121 = CARTESIAN_POINT('',(12.750000000006,-68.2461562096,3.17361834653
    ));
#5122 = CARTESIAN_POINT('',(12.750000000006,-68.24756411556,2.9048297395
    ));
#5123 = CARTESIAN_POINT('',(12.750000000006,-68.34900884903,
    2.635990038946));
#5124 = CARTESIAN_POINT('',(12.750000000006,-68.52964617422,
    2.436098939659));
#5125 = PCURVE('',#3198,#5126);
#5126 = DEFINITIONAL_REPRESENTATION('',(#5127),#5131);
#5127 = LINE('',#5128,#5129);
#5128 = CARTESIAN_POINT('',(1.,3.552713678801E-15));
#5129 = VECTOR('',#5130,1.);
#5130 = DIRECTION('',(-1.556293740747E-14,1.));
#5131 = ( GEOMETRIC_REPRESENTATION_CONTEXT(2) 
PARAMETRIC_REPRESENTATION_CONTEXT() REPRESENTATION_CONTEXT('2D SPACE',''
  ) );
#5132 = PCURVE('',#3690,#5133);
#5133 = DEFINITIONAL_REPRESENTATION('',(#5134),#5137);
#5134 = B_SPLINE_CURVE_WITH_KNOTS('',1,(#5135,#5136),.UNSPECIFIED.,.F.,
  .F.,(2,2),(-3.141526402996,-2.406748844348),.PIECEWISE_BEZIER_KNOTS.);
#5135 = CARTESIAN_POINT('',(3.141593561619,1.00000000006));
#5136 = CARTESIAN_POINT('',(2.406748844348,1.00000000006));
#5137 = ( GEOMETRIC_REPRESENTATION_CONTEXT(2) 
PARAMETRIC_REPRESENTATION_CONTEXT() REPRESENTATION_CONTEXT('2D SPACE',''
  ) );
#5138 = ADVANCED_FACE('',(#5139),#3108,.T.);
#5139 = FACE_BOUND('',#5140,.T.);
#5140 = EDGE_LOOP('',(#5141,#5163,#5164,#5186,#5210));
#5141 = ORIENTED_EDGE('',*,*,#5142,.F.);
#5142 = EDGE_CURVE('',#3069,#5143,#5145,.T.);
#5143 = VERTEX_POINT('',#5144);
#5144 = CARTESIAN_POINT('',(12.750000000007,-68.52964617422,
    18.436098939659));
#5145 = SURFACE_CURVE('',#5146,(#5150,#5156),.PCURVE_S1.);
#5146 = LINE('',#5147,#5148);
#5147 = CARTESIAN_POINT('',(14.75,-67.04577520648,17.095156378956));
#5148 = VECTOR('',#5149,1.);
#5149 = DIRECTION('',(-0.707106781185,-0.524627611849,0.474094788928));
#5150 = PCURVE('',#3108,#5151);
#5151 = DEFINITIONAL_REPRESENTATION('',(#5152),#5155);
#5152 = B_SPLINE_CURVE_WITH_KNOTS('',1,(#5153,#5154),.UNSPECIFIED.,.F.,
  .F.,(2,2),(0.,2.828427124744),.PIECEWISE_BEZIER_KNOTS.);
#5153 = CARTESIAN_POINT('',(-9.214948966421E-13,-2.406748844349));
#5154 = CARTESIAN_POINT('',(1.,-2.406748844348));
#5155 = ( GEOMETRIC_REPRESENTATION_CONTEXT(2) 
PARAMETRIC_REPRESENTATION_CONTEXT() REPRESENTATION_CONTEXT('2D SPACE',''
  ) );
#5156 = PCURVE('',#3475,#5157);
#5157 = DEFINITIONAL_REPRESENTATION('',(#5158),#5162);
#5158 = LINE('',#5159,#5160);
#5159 = CARTESIAN_POINT('',(8.689934151528,0.999999999997));
#5160 = VECTOR('',#5161,1.);
#5161 = DIRECTION('',(-1.065814103643E-14,-1.));
#5162 = ( GEOMETRIC_REPRESENTATION_CONTEXT(2) 
PARAMETRIC_REPRESENTATION_CONTEXT() REPRESENTATION_CONTEXT('2D SPACE',''
  ) );
#5163 = ORIENTED_EDGE('',*,*,#3068,.T.);
#5164 = ORIENTED_EDGE('',*,*,#5165,.F.);
#5165 = EDGE_CURVE('',#5166,#3047,#5168,.T.);
#5166 = VERTEX_POINT('',#5167);
#5167 = CARTESIAN_POINT('',(12.750000000007,-68.52964617422,
    19.91113575643));
#5168 = SURFACE_CURVE('',#5169,(#5173,#5179),.PCURVE_S1.);
#5169 = LINE('',#5170,#5171);
#5170 = CARTESIAN_POINT('',(12.750000000007,-68.52964617422,
    19.91113575643));
#5171 = VECTOR('',#5172,1.);
#5172 = DIRECTION('',(0.707106781185,0.524627611849,0.474094788928));
#5173 = PCURVE('',#3108,#5174);
#5174 = DEFINITIONAL_REPRESENTATION('',(#5175),#5178);
#5175 = B_SPLINE_CURVE_WITH_KNOTS('',1,(#5176,#5177),.UNSPECIFIED.,.F.,
  .F.,(2,2),(0.,2.828427124744),.PIECEWISE_BEZIER_KNOTS.);
#5176 = CARTESIAN_POINT('',(1.,-3.876436462831));
#5177 = CARTESIAN_POINT('',(-9.362252348266E-13,-3.876436462831));
#5178 = ( GEOMETRIC_REPRESENTATION_CONTEXT(2) 
PARAMETRIC_REPRESENTATION_CONTEXT() REPRESENTATION_CONTEXT('2D SPACE',''
  ) );
#5179 = PCURVE('',#3475,#5180);
#5180 = DEFINITIONAL_REPRESENTATION('',(#5181),#5185);
#5181 = LINE('',#5182,#5183);
#5182 = CARTESIAN_POINT('',(3.876436462831,-0.999999999997));
#5183 = VECTOR('',#5184,1.);
#5184 = DIRECTION('',(-4.884981308364E-15,1.));
#5185 = ( GEOMETRIC_REPRESENTATION_CONTEXT(2) 
PARAMETRIC_REPRESENTATION_CONTEXT() REPRESENTATION_CONTEXT('2D SPACE',''
  ) );
#5186 = ORIENTED_EDGE('',*,*,#5187,.T.);
#5187 = EDGE_CURVE('',#5166,#5188,#5190,.T.);
#5188 = VERTEX_POINT('',#5189);
#5189 = CARTESIAN_POINT('',(12.750000000006,-68.24617303686,
    19.173618388981));
#5190 = SURFACE_CURVE('',#5191,(#5197,#5204),.PCURVE_S1.);
#5191 = B_SPLINE_CURVE_WITH_KNOTS('',3,(#5192,#5193,#5194,#5195,#5196),
  .UNSPECIFIED.,.F.,.F.,(4,1,4),(-3.876436462831,-3.246570340624,
    -3.14159265359),.UNSPECIFIED.);
#5192 = CARTESIAN_POINT('',(12.750000000006,-68.52964617422,
    19.91113575643));
#5193 = CARTESIAN_POINT('',(12.750000000006,-68.37480022091,
    19.739785080174));
#5194 = CARTESIAN_POINT('',(12.750000000006,-68.25887819306,
    19.480896085788));
#5195 = CARTESIAN_POINT('',(12.750000000006,-68.24597436362,
    19.212091442744));
#5196 = CARTESIAN_POINT('',(12.750000000006,-68.24617266663,
    19.173689632087));
#5197 = PCURVE('',#3108,#5198);
#5198 = DEFINITIONAL_REPRESENTATION('',(#5199),#5203);
#5199 = LINE('',#5200,#5201);
#5200 = CARTESIAN_POINT('',(1.,1.24344978758E-14));
#5201 = VECTOR('',#5202,1.);
#5202 = DIRECTION('',(-1.208662859414E-15,1.));
#5203 = ( GEOMETRIC_REPRESENTATION_CONTEXT(2) 
PARAMETRIC_REPRESENTATION_CONTEXT() REPRESENTATION_CONTEXT('2D SPACE',''
  ) );
#5204 = PCURVE('',#3655,#5205);
#5205 = DEFINITIONAL_REPRESENTATION('',(#5206),#5209);
#5206 = B_SPLINE_CURVE_WITH_KNOTS('',1,(#5207,#5208),.UNSPECIFIED.,.F.,
  .F.,(2,2),(-3.876436462831,-3.14159265359),.PIECEWISE_BEZIER_KNOTS.);
#5207 = CARTESIAN_POINT('',(-2.406748844348,1.00000000006));
#5208 = CARTESIAN_POINT('',(-3.141526917072,1.00000000006));
#5209 = ( GEOMETRIC_REPRESENTATION_CONTEXT(2) 
PARAMETRIC_REPRESENTATION_CONTEXT() REPRESENTATION_CONTEXT('2D SPACE',''
  ) );
#5210 = ORIENTED_EDGE('',*,*,#5211,.T.);
#5211 = EDGE_CURVE('',#5188,#5143,#5212,.T.);
#5212 = SURFACE_CURVE('',#5213,(#5218,#5225),.PCURVE_S1.);
#5213 = B_SPLINE_CURVE_WITH_KNOTS('',3,(#5214,#5215,#5216,#5217),
  .UNSPECIFIED.,.F.,.F.,(4,4),(-3.141527735329,-2.406748844348),
  .PIECEWISE_BEZIER_KNOTS.);
#5214 = CARTESIAN_POINT('',(12.750000000006,-68.24617303686,
    19.173618388981));
#5215 = CARTESIAN_POINT('',(12.750000000006,-68.24757870984,
    18.904829452685));
#5216 = CARTESIAN_POINT('',(12.750000000006,-68.34900852149,
    18.635990401399));
#5217 = CARTESIAN_POINT('',(12.750000000006,-68.52964617422,
    18.436098939659));
#5218 = PCURVE('',#3108,#5219);
#5219 = DEFINITIONAL_REPRESENTATION('',(#5220),#5224);
#5220 = LINE('',#5221,#5222);
#5221 = CARTESIAN_POINT('',(1.,5.195843755246E-14));
#5222 = VECTOR('',#5223,1.);
#5223 = DIRECTION('',(1.405194713098E-14,1.));
#5224 = ( GEOMETRIC_REPRESENTATION_CONTEXT(2) 
PARAMETRIC_REPRESENTATION_CONTEXT() REPRESENTATION_CONTEXT('2D SPACE',''
  ) );
#5225 = PCURVE('',#3655,#5226);
#5226 = DEFINITIONAL_REPRESENTATION('',(#5227),#5230);
#5227 = B_SPLINE_CURVE_WITH_KNOTS('',1,(#5228,#5229),.UNSPECIFIED.,.F.,
  .F.,(2,2),(-3.141527735329,-2.406748844348),.PIECEWISE_BEZIER_KNOTS.);
#5228 = CARTESIAN_POINT('',(3.141593600238,1.00000000006));
#5229 = CARTESIAN_POINT('',(2.406748844348,1.00000000006));
#5230 = ( GEOMETRIC_REPRESENTATION_CONTEXT(2) 
PARAMETRIC_REPRESENTATION_CONTEXT() REPRESENTATION_CONTEXT('2D SPACE',''
  ) );
#5231 = ADVANCED_FACE('',(#5232),#3447,.F.);
#5232 = FACE_BOUND('',#5233,.F.);
#5233 = EDGE_LOOP('',(#5234,#5235,#5236,#5258));
#5234 = ORIENTED_EDGE('',*,*,#3432,.F.);
#5235 = ORIENTED_EDGE('',*,*,#5072,.F.);
#5236 = ORIENTED_EDGE('',*,*,#5237,.F.);
#5237 = EDGE_CURVE('',#5050,#5073,#5238,.T.);
#5238 = SURFACE_CURVE('',#5239,(#5244,#5251),.PCURVE_S1.);
#5239 = CIRCLE('',#5240,1.1);
#5240 = AXIS2_PLACEMENT_3D('',#5241,#5242,#5243);
#5241 = CARTESIAN_POINT('',(12.750000000007,-69.34577520648,
    3.173617348045));
#5242 = DIRECTION('',(-1.,-1.039908899732E-12,0.));
#5243 = DIRECTION('',(1.039908899732E-12,-1.,0.));
#5244 = PCURVE('',#3447,#5245);
#5245 = DEFINITIONAL_REPRESENTATION('',(#5246),#5250);
#5246 = LINE('',#5247,#5248);
#5247 = CARTESIAN_POINT('',(12.566370614359,-0.999999999997));
#5248 = VECTOR('',#5249,1.);
#5249 = DIRECTION('',(-1.,-3.261853563091E-17));
#5250 = ( GEOMETRIC_REPRESENTATION_CONTEXT(2) 
PARAMETRIC_REPRESENTATION_CONTEXT() REPRESENTATION_CONTEXT('2D SPACE',''
  ) );
#5251 = PCURVE('',#3690,#5252);
#5252 = DEFINITIONAL_REPRESENTATION('',(#5253),#5257);
#5253 = LINE('',#5254,#5255);
#5254 = CARTESIAN_POINT('',(6.28318530718,1.00000000006));
#5255 = VECTOR('',#5256,1.);
#5256 = DIRECTION('',(-1.,0.));
#5257 = ( GEOMETRIC_REPRESENTATION_CONTEXT(2) 
PARAMETRIC_REPRESENTATION_CONTEXT() REPRESENTATION_CONTEXT('2D SPACE',''
  ) );
#5258 = ORIENTED_EDGE('',*,*,#5049,.F.);
#5259 = ADVANCED_FACE('',(#5260),#3475,.F.);
#5260 = FACE_BOUND('',#5261,.F.);
#5261 = EDGE_LOOP('',(#5262,#5263,#5264,#5286));
#5262 = ORIENTED_EDGE('',*,*,#3460,.F.);
#5263 = ORIENTED_EDGE('',*,*,#5165,.F.);
#5264 = ORIENTED_EDGE('',*,*,#5265,.F.);
#5265 = EDGE_CURVE('',#5143,#5166,#5266,.T.);
#5266 = SURFACE_CURVE('',#5267,(#5272,#5279),.PCURVE_S1.);
#5267 = CIRCLE('',#5268,1.1);
#5268 = AXIS2_PLACEMENT_3D('',#5269,#5270,#5271);
#5269 = CARTESIAN_POINT('',(12.750000000007,-69.34577520648,
    19.173617348044));
#5270 = DIRECTION('',(-1.,-1.039908899732E-12,0.));
#5271 = DIRECTION('',(1.039908899732E-12,-1.,0.));
#5272 = PCURVE('',#3475,#5273);
#5273 = DEFINITIONAL_REPRESENTATION('',(#5274),#5278);
#5274 = LINE('',#5275,#5276);
#5275 = CARTESIAN_POINT('',(12.566370614359,-0.999999999997));
#5276 = VECTOR('',#5277,1.);
#5277 = DIRECTION('',(-1.,0.));
#5278 = ( GEOMETRIC_REPRESENTATION_CONTEXT(2) 
PARAMETRIC_REPRESENTATION_CONTEXT() REPRESENTATION_CONTEXT('2D SPACE',''
  ) );
#5279 = PCURVE('',#3655,#5280);
#5280 = DEFINITIONAL_REPRESENTATION('',(#5281),#5285);
#5281 = LINE('',#5282,#5283);
#5282 = CARTESIAN_POINT('',(6.28318530718,1.00000000006));
#5283 = VECTOR('',#5284,1.);
#5284 = DIRECTION('',(-1.,0.));
#5285 = ( GEOMETRIC_REPRESENTATION_CONTEXT(2) 
PARAMETRIC_REPRESENTATION_CONTEXT() REPRESENTATION_CONTEXT('2D SPACE',''
  ) );
#5286 = ORIENTED_EDGE('',*,*,#5142,.F.);
#5287 = ADVANCED_FACE('',(#5288),#3655,.F.);
#5288 = FACE_BOUND('',#5289,.F.);
#5289 = EDGE_LOOP('',(#5290,#5311,#5312,#5313,#5314,#5315));
#5290 = ORIENTED_EDGE('',*,*,#5291,.T.);
#5291 = EDGE_CURVE('',#3635,#5188,#5292,.T.);
#5292 = SEAM_CURVE('',#5293,(#5297,#5304),.PCURVE_S1.);
#5293 = LINE('',#5294,#5295);
#5294 = CARTESIAN_POINT('',(11.749999999946,-68.24577520648,
    19.173617348044));
#5295 = VECTOR('',#5296,1.);
#5296 = DIRECTION('',(1.,-3.552713678801E-14,0.));
#5297 = PCURVE('',#3655,#5298);
#5298 = DEFINITIONAL_REPRESENTATION('',(#5299),#5303);
#5299 = LINE('',#5300,#5301);
#5300 = CARTESIAN_POINT('',(3.14159265359,-3.907985046681E-14));
#5301 = VECTOR('',#5302,1.);
#5302 = DIRECTION('',(0.,1.));
#5303 = ( GEOMETRIC_REPRESENTATION_CONTEXT(2) 
PARAMETRIC_REPRESENTATION_CONTEXT() REPRESENTATION_CONTEXT('2D SPACE',''
  ) );
#5304 = PCURVE('',#3655,#5305);
#5305 = DEFINITIONAL_REPRESENTATION('',(#5306),#5310);
#5306 = LINE('',#5307,#5308);
#5307 = CARTESIAN_POINT('',(-3.14159265359,-3.907985046681E-14));
#5308 = VECTOR('',#5309,1.);
#5309 = DIRECTION('',(0.,1.));
#5310 = ( GEOMETRIC_REPRESENTATION_CONTEXT(2) 
PARAMETRIC_REPRESENTATION_CONTEXT() REPRESENTATION_CONTEXT('2D SPACE',''
  ) );
#5311 = ORIENTED_EDGE('',*,*,#5211,.T.);
#5312 = ORIENTED_EDGE('',*,*,#5265,.T.);
#5313 = ORIENTED_EDGE('',*,*,#5187,.T.);
#5314 = ORIENTED_EDGE('',*,*,#5291,.F.);
#5315 = ORIENTED_EDGE('',*,*,#3634,.T.);
#5316 = ADVANCED_FACE('',(#5317),#3690,.F.);
#5317 = FACE_BOUND('',#5318,.F.);
#5318 = EDGE_LOOP('',(#5319,#5340,#5341,#5342,#5343,#5344));
#5319 = ORIENTED_EDGE('',*,*,#5320,.T.);
#5320 = EDGE_CURVE('',#3670,#5095,#5321,.T.);
#5321 = SEAM_CURVE('',#5322,(#5326,#5333),.PCURVE_S1.);
#5322 = LINE('',#5323,#5324);
#5323 = CARTESIAN_POINT('',(11.749999999946,-68.24577520648,
    3.173617348045));
#5324 = VECTOR('',#5325,1.);
#5325 = DIRECTION('',(1.,-3.552713678801E-14,0.));
#5326 = PCURVE('',#3690,#5327);
#5327 = DEFINITIONAL_REPRESENTATION('',(#5328),#5332);
#5328 = LINE('',#5329,#5330);
#5329 = CARTESIAN_POINT('',(3.14159265359,-3.907985046681E-14));
#5330 = VECTOR('',#5331,1.);
#5331 = DIRECTION('',(0.,1.));
#5332 = ( GEOMETRIC_REPRESENTATION_CONTEXT(2) 
PARAMETRIC_REPRESENTATION_CONTEXT() REPRESENTATION_CONTEXT('2D SPACE',''
  ) );
#5333 = PCURVE('',#3690,#5334);
#5334 = DEFINITIONAL_REPRESENTATION('',(#5335),#5339);
#5335 = LINE('',#5336,#5337);
#5336 = CARTESIAN_POINT('',(-3.14159265359,-3.907985046681E-14));
#5337 = VECTOR('',#5338,1.);
#5338 = DIRECTION('',(0.,1.));
#5339 = ( GEOMETRIC_REPRESENTATION_CONTEXT(2) 
PARAMETRIC_REPRESENTATION_CONTEXT() REPRESENTATION_CONTEXT('2D SPACE',''
  ) );
#5340 = ORIENTED_EDGE('',*,*,#5118,.T.);
#5341 = ORIENTED_EDGE('',*,*,#5237,.T.);
#5342 = ORIENTED_EDGE('',*,*,#5094,.T.);
#5343 = ORIENTED_EDGE('',*,*,#5320,.F.);
#5344 = ORIENTED_EDGE('',*,*,#3669,.T.);
#5345 = ADVANCED_FACE('',(#5346),#3823,.F.);
#5346 = FACE_BOUND('',#5347,.F.);
#5347 = EDGE_LOOP('',(#5348,#5369,#5370,#5392,#5393,#5394));
#5348 = ORIENTED_EDGE('',*,*,#5349,.T.);
#5349 = EDGE_CURVE('',#3803,#4498,#5350,.T.);
#5350 = SEAM_CURVE('',#5351,(#5355,#5362),.PCURVE_S1.);
#5351 = LINE('',#5352,#5353);
#5352 = CARTESIAN_POINT('',(-11.74999999994,-68.24577520648,
    19.173617348044));
#5353 = VECTOR('',#5354,1.);
#5354 = DIRECTION('',(-1.,-3.552713678801E-14,0.));
#5355 = PCURVE('',#3823,#5356);
#5356 = DEFINITIONAL_REPRESENTATION('',(#5357),#5361);
#5357 = LINE('',#5358,#5359);
#5358 = CARTESIAN_POINT('',(3.14159265359,3.907985046681E-14));
#5359 = VECTOR('',#5360,1.);
#5360 = DIRECTION('',(0.,-1.));
#5361 = ( GEOMETRIC_REPRESENTATION_CONTEXT(2) 
PARAMETRIC_REPRESENTATION_CONTEXT() REPRESENTATION_CONTEXT('2D SPACE',''
  ) );
#5362 = PCURVE('',#3823,#5363);
#5363 = DEFINITIONAL_REPRESENTATION('',(#5364),#5368);
#5364 = LINE('',#5365,#5366);
#5365 = CARTESIAN_POINT('',(9.424777960769,3.907985046681E-14));
#5366 = VECTOR('',#5367,1.);
#5367 = DIRECTION('',(0.,-1.));
#5368 = ( GEOMETRIC_REPRESENTATION_CONTEXT(2) 
PARAMETRIC_REPRESENTATION_CONTEXT() REPRESENTATION_CONTEXT('2D SPACE',''
  ) );
#5369 = ORIENTED_EDGE('',*,*,#4497,.F.);
#5370 = ORIENTED_EDGE('',*,*,#5371,.F.);
#5371 = EDGE_CURVE('',#4522,#4476,#5372,.T.);
#5372 = SURFACE_CURVE('',#5373,(#5378,#5385),.PCURVE_S1.);
#5373 = CIRCLE('',#5374,1.1);
#5374 = AXIS2_PLACEMENT_3D('',#5375,#5376,#5377);
#5375 = CARTESIAN_POINT('',(-12.75,-69.34577520648,19.173617348044));
#5376 = DIRECTION('',(-1.,1.039908899732E-12,0.));
#5377 = DIRECTION('',(-1.039908899732E-12,-1.,0.));
#5378 = PCURVE('',#3823,#5379);
#5379 = DEFINITIONAL_REPRESENTATION('',(#5380),#5384);
#5380 = LINE('',#5381,#5382);
#5381 = CARTESIAN_POINT('',(12.566370614359,-1.00000000006));
#5382 = VECTOR('',#5383,1.);
#5383 = DIRECTION('',(-1.,0.));
#5384 = ( GEOMETRIC_REPRESENTATION_CONTEXT(2) 
PARAMETRIC_REPRESENTATION_CONTEXT() REPRESENTATION_CONTEXT('2D SPACE',''
  ) );
#5385 = PCURVE('',#3989,#5386);
#5386 = DEFINITIONAL_REPRESENTATION('',(#5387),#5391);
#5387 = LINE('',#5388,#5389);
#5388 = CARTESIAN_POINT('',(3.597122599786E-14,-0.999999999997));
#5389 = VECTOR('',#5390,1.);
#5390 = DIRECTION('',(1.,0.));
#5391 = ( GEOMETRIC_REPRESENTATION_CONTEXT(2) 
PARAMETRIC_REPRESENTATION_CONTEXT() REPRESENTATION_CONTEXT('2D SPACE',''
  ) );
#5392 = ORIENTED_EDGE('',*,*,#4521,.F.);
#5393 = ORIENTED_EDGE('',*,*,#5349,.F.);
#5394 = ORIENTED_EDGE('',*,*,#3802,.F.);
#5395 = ADVANCED_FACE('',(#5396),#3858,.F.);
#5396 = FACE_BOUND('',#5397,.F.);
#5397 = EDGE_LOOP('',(#5398,#5419,#5420,#5442,#5443,#5444));
#5398 = ORIENTED_EDGE('',*,*,#5399,.T.);
#5399 = EDGE_CURVE('',#3838,#4405,#5400,.T.);
#5400 = SEAM_CURVE('',#5401,(#5405,#5412),.PCURVE_S1.);
#5401 = LINE('',#5402,#5403);
#5402 = CARTESIAN_POINT('',(-11.74999999994,-68.24577520648,
    3.173617348045));
#5403 = VECTOR('',#5404,1.);
#5404 = DIRECTION('',(-1.,-3.552713678801E-14,0.));
#5405 = PCURVE('',#3858,#5406);
#5406 = DEFINITIONAL_REPRESENTATION('',(#5407),#5411);
#5407 = LINE('',#5408,#5409);
#5408 = CARTESIAN_POINT('',(3.14159265359,3.907985046681E-14));
#5409 = VECTOR('',#5410,1.);
#5410 = DIRECTION('',(0.,-1.));
#5411 = ( GEOMETRIC_REPRESENTATION_CONTEXT(2) 
PARAMETRIC_REPRESENTATION_CONTEXT() REPRESENTATION_CONTEXT('2D SPACE',''
  ) );
#5412 = PCURVE('',#3858,#5413);
#5413 = DEFINITIONAL_REPRESENTATION('',(#5414),#5418);
#5414 = LINE('',#5415,#5416);
#5415 = CARTESIAN_POINT('',(9.424777960769,3.907985046681E-14));
#5416 = VECTOR('',#5417,1.);
#5417 = DIRECTION('',(0.,-1.));
#5418 = ( GEOMETRIC_REPRESENTATION_CONTEXT(2) 
PARAMETRIC_REPRESENTATION_CONTEXT() REPRESENTATION_CONTEXT('2D SPACE',''
  ) );
#5419 = ORIENTED_EDGE('',*,*,#4404,.F.);
#5420 = ORIENTED_EDGE('',*,*,#5421,.F.);
#5421 = EDGE_CURVE('',#4429,#4383,#5422,.T.);
#5422 = SURFACE_CURVE('',#5423,(#5428,#5435),.PCURVE_S1.);
#5423 = CIRCLE('',#5424,1.1);
#5424 = AXIS2_PLACEMENT_3D('',#5425,#5426,#5427);
#5425 = CARTESIAN_POINT('',(-12.75,-69.34577520648,3.173617348045));
#5426 = DIRECTION('',(-1.,1.039908899732E-12,0.));
#5427 = DIRECTION('',(-1.039908899732E-12,-1.,0.));
#5428 = PCURVE('',#3858,#5429);
#5429 = DEFINITIONAL_REPRESENTATION('',(#5430),#5434);
#5430 = LINE('',#5431,#5432);
#5431 = CARTESIAN_POINT('',(12.566370614359,-1.00000000006));
#5432 = VECTOR('',#5433,1.);
#5433 = DIRECTION('',(-1.,0.));
#5434 = ( GEOMETRIC_REPRESENTATION_CONTEXT(2) 
PARAMETRIC_REPRESENTATION_CONTEXT() REPRESENTATION_CONTEXT('2D SPACE',''
  ) );
#5435 = PCURVE('',#3937,#5436);
#5436 = DEFINITIONAL_REPRESENTATION('',(#5437),#5441);
#5437 = LINE('',#5438,#5439);
#5438 = CARTESIAN_POINT('',(-6.28318530718,-0.999999999997));
#5439 = VECTOR('',#5440,1.);
#5440 = DIRECTION('',(1.,-3.261853563091E-17));
#5441 = ( GEOMETRIC_REPRESENTATION_CONTEXT(2) 
PARAMETRIC_REPRESENTATION_CONTEXT() REPRESENTATION_CONTEXT('2D SPACE',''
  ) );
#5442 = ORIENTED_EDGE('',*,*,#4428,.F.);
#5443 = ORIENTED_EDGE('',*,*,#5399,.F.);
#5444 = ORIENTED_EDGE('',*,*,#3837,.F.);
#5445 = ADVANCED_FACE('',(#5446),#3937,.F.);
#5446 = FACE_BOUND('',#5447,.F.);
#5447 = EDGE_LOOP('',(#5448,#5449,#5450,#5451));
#5448 = ORIENTED_EDGE('',*,*,#5421,.T.);
#5449 = ORIENTED_EDGE('',*,*,#4382,.T.);
#5450 = ORIENTED_EDGE('',*,*,#3922,.T.);
#5451 = ORIENTED_EDGE('',*,*,#4451,.T.);
#5452 = ADVANCED_FACE('',(#5453),#3989,.F.);
#5453 = FACE_BOUND('',#5454,.F.);
#5454 = EDGE_LOOP('',(#5455,#5456,#5457,#5458));
#5455 = ORIENTED_EDGE('',*,*,#5371,.T.);
#5456 = ORIENTED_EDGE('',*,*,#4475,.T.);
#5457 = ORIENTED_EDGE('',*,*,#3974,.T.);
#5458 = ORIENTED_EDGE('',*,*,#4544,.T.);
#5459 = ADVANCED_FACE('',(#5460),#4221,.F.);
#5460 = FACE_BOUND('',#5461,.F.);
#5461 = EDGE_LOOP('',(#5462,#5463,#5484,#5485));
#5462 = ORIENTED_EDGE('',*,*,#4873,.F.);
#5463 = ORIENTED_EDGE('',*,*,#5464,.F.);
#5464 = EDGE_CURVE('',#4201,#4851,#5465,.T.);
#5465 = SEAM_CURVE('',#5466,(#5470,#5477),.PCURVE_S1.);
#5466 = LINE('',#5467,#5468);
#5467 = CARTESIAN_POINT('',(14.4,8.630309099864,3.373757203479));
#5468 = VECTOR('',#5469,1.);
#5469 = DIRECTION('',(1.,0.,0.));
#5470 = PCURVE('',#4221,#5471);
#5471 = DEFINITIONAL_REPRESENTATION('',(#5472),#5476);
#5472 = LINE('',#5473,#5474);
#5473 = CARTESIAN_POINT('',(6.28318530718,-0.));
#5474 = VECTOR('',#5475,1.);
#5475 = DIRECTION('',(0.,1.));
#5476 = ( GEOMETRIC_REPRESENTATION_CONTEXT(2) 
PARAMETRIC_REPRESENTATION_CONTEXT() REPRESENTATION_CONTEXT('2D SPACE',''
  ) );
#5477 = PCURVE('',#4221,#5478);
#5478 = DEFINITIONAL_REPRESENTATION('',(#5479),#5483);
#5479 = LINE('',#5480,#5481);
#5480 = CARTESIAN_POINT('',(0.,-0.));
#5481 = VECTOR('',#5482,1.);
#5482 = DIRECTION('',(0.,1.));
#5483 = ( GEOMETRIC_REPRESENTATION_CONTEXT(2) 
PARAMETRIC_REPRESENTATION_CONTEXT() REPRESENTATION_CONTEXT('2D SPACE',''
  ) );
#5484 = ORIENTED_EDGE('',*,*,#4200,.T.);
#5485 = ORIENTED_EDGE('',*,*,#5464,.T.);
#5486 = ADVANCED_FACE('',(#5487),#4256,.F.);
#5487 = FACE_BOUND('',#5488,.F.);
#5488 = EDGE_LOOP('',(#5489,#5490,#5511,#5512));
#5489 = ORIENTED_EDGE('',*,*,#4973,.F.);
#5490 = ORIENTED_EDGE('',*,*,#5491,.F.);
#5491 = EDGE_CURVE('',#4236,#4951,#5492,.T.);
#5492 = SEAM_CURVE('',#5493,(#5497,#5504),.PCURVE_S1.);
#5493 = LINE('',#5494,#5495);
#5494 = CARTESIAN_POINT('',(14.4,14.630309099864,9.373757203479));
#5495 = VECTOR('',#5496,1.);
#5496 = DIRECTION('',(1.,0.,0.));
#5497 = PCURVE('',#4256,#5498);
#5498 = DEFINITIONAL_REPRESENTATION('',(#5499),#5503);
#5499 = LINE('',#5500,#5501);
#5500 = CARTESIAN_POINT('',(6.28318530718,-0.));
#5501 = VECTOR('',#5502,1.);
#5502 = DIRECTION('',(0.,1.));
#5503 = ( GEOMETRIC_REPRESENTATION_CONTEXT(2) 
PARAMETRIC_REPRESENTATION_CONTEXT() REPRESENTATION_CONTEXT('2D SPACE',''
  ) );
#5504 = PCURVE('',#4256,#5505);
#5505 = DEFINITIONAL_REPRESENTATION('',(#5506),#5510);
#5506 = LINE('',#5507,#5508);
#5507 = CARTESIAN_POINT('',(0.,-0.));
#5508 = VECTOR('',#5509,1.);
#5509 = DIRECTION('',(0.,1.));
#5510 = ( GEOMETRIC_REPRESENTATION_CONTEXT(2) 
PARAMETRIC_REPRESENTATION_CONTEXT() REPRESENTATION_CONTEXT('2D SPACE',''
  ) );
#5511 = ORIENTED_EDGE('',*,*,#4235,.T.);
#5512 = ORIENTED_EDGE('',*,*,#5491,.T.);
#5513 = ADVANCED_FACE('',(#5514),#4291,.F.);
#5514 = FACE_BOUND('',#5515,.F.);
#5515 = EDGE_LOOP('',(#5516,#5517,#5538,#5539));
#5516 = ORIENTED_EDGE('',*,*,#4923,.F.);
#5517 = ORIENTED_EDGE('',*,*,#5518,.F.);
#5518 = EDGE_CURVE('',#4271,#4901,#5519,.T.);
#5519 = SEAM_CURVE('',#5520,(#5524,#5531),.PCURVE_S1.);
#5520 = LINE('',#5521,#5522);
#5521 = CARTESIAN_POINT('',(14.4,2.630309099864,9.373757203479));
#5522 = VECTOR('',#5523,1.);
#5523 = DIRECTION('',(1.,0.,0.));
#5524 = PCURVE('',#4291,#5525);
#5525 = DEFINITIONAL_REPRESENTATION('',(#5526),#5530);
#5526 = LINE('',#5527,#5528);
#5527 = CARTESIAN_POINT('',(6.28318530718,-0.));
#5528 = VECTOR('',#5529,1.);
#5529 = DIRECTION('',(0.,1.));
#5530 = ( GEOMETRIC_REPRESENTATION_CONTEXT(2) 
PARAMETRIC_REPRESENTATION_CONTEXT() REPRESENTATION_CONTEXT('2D SPACE',''
  ) );
#5531 = PCURVE('',#4291,#5532);
#5532 = DEFINITIONAL_REPRESENTATION('',(#5533),#5537);
#5533 = LINE('',#5534,#5535);
#5534 = CARTESIAN_POINT('',(0.,-0.));
#5535 = VECTOR('',#5536,1.);
#5536 = DIRECTION('',(0.,1.));
#5537 = ( GEOMETRIC_REPRESENTATION_CONTEXT(2) 
PARAMETRIC_REPRESENTATION_CONTEXT() REPRESENTATION_CONTEXT('2D SPACE',''
  ) );
#5538 = ORIENTED_EDGE('',*,*,#4270,.T.);
#5539 = ORIENTED_EDGE('',*,*,#5518,.T.);
#5540 = ADVANCED_FACE('',(#5541),#4326,.F.);
#5541 = FACE_BOUND('',#5542,.F.);
#5542 = EDGE_LOOP('',(#5543,#5544,#5565,#5566));
#5543 = ORIENTED_EDGE('',*,*,#5023,.F.);
#5544 = ORIENTED_EDGE('',*,*,#5545,.F.);
#5545 = EDGE_CURVE('',#4306,#5001,#5546,.T.);
#5546 = SEAM_CURVE('',#5547,(#5551,#5558),.PCURVE_S1.);
#5547 = LINE('',#5548,#5549);
#5548 = CARTESIAN_POINT('',(14.4,8.630309099864,15.373757203479));
#5549 = VECTOR('',#5550,1.);
#5550 = DIRECTION('',(1.,0.,0.));
#5551 = PCURVE('',#4326,#5552);
#5552 = DEFINITIONAL_REPRESENTATION('',(#5553),#5557);
#5553 = LINE('',#5554,#5555);
#5554 = CARTESIAN_POINT('',(6.28318530718,-0.));
#5555 = VECTOR('',#5556,1.);
#5556 = DIRECTION('',(0.,1.));
#5557 = ( GEOMETRIC_REPRESENTATION_CONTEXT(2) 
PARAMETRIC_REPRESENTATION_CONTEXT() REPRESENTATION_CONTEXT('2D SPACE',''
  ) );
#5558 = PCURVE('',#4326,#5559);
#5559 = DEFINITIONAL_REPRESENTATION('',(#5560),#5564);
#5560 = LINE('',#5561,#5562);
#5561 = CARTESIAN_POINT('',(0.,-0.));
#5562 = VECTOR('',#5563,1.);
#5563 = DIRECTION('',(0.,1.));
#5564 = ( GEOMETRIC_REPRESENTATION_CONTEXT(2) 
PARAMETRIC_REPRESENTATION_CONTEXT() REPRESENTATION_CONTEXT('2D SPACE',''
  ) );
#5565 = ORIENTED_EDGE('',*,*,#4305,.T.);
#5566 = ORIENTED_EDGE('',*,*,#5545,.T.);
#5567 = ( GEOMETRIC_REPRESENTATION_CONTEXT(3) 
GLOBAL_UNCERTAINTY_ASSIGNED_CONTEXT((#5571)) 
GLOBAL_UNIT_ASSIGNED_CONTEXT((#5568,#5569,#5570)) REPRESENTATION_CONTEXT
('Context #1','3D Context with UNIT and UNCERTAINTY') );
#5568 = ( LENGTH_UNIT() NAMED_UNIT(*) SI_UNIT(.MILLI.,.METRE.) );
#5569 = ( NAMED_UNIT(*) PLANE_ANGLE_UNIT() SI_UNIT($,.RADIAN.) );
#5570 = ( NAMED_UNIT(*) SI_UNIT($,.STERADIAN.) SOLID_ANGLE_UNIT() );
#5571 = UNCERTAINTY_MEASURE_WITH_UNIT(LENGTH_MEASURE(2.E-04),#5568,
  'distance_accuracy_value','confusion accuracy');
#5572 = PRODUCT_RELATED_PRODUCT_CATEGORY('part',$,(#7));
ENDSEC;
END-ISO-10303-21;
