ISO-10303-21;
HEADER;
FILE_DESCRIPTION(('Open CASCADE Model'),'2;1');
FILE_NAME('Open CASCADE Shape Model','2026-09-22T14:54:25',('Author'),(
    'Open CASCADE'),'Open CASCADE STEP processor 7.8','Open CASCADE 7.8'
  ,'Unknown');
FILE_SCHEMA(('AUTOMOTIVE_DESIGN { 1 0 10303 214 1 1 1 1 }'));
ENDSEC;
DATA;
#1 = APPLICATION_PROTOCOL_DEFINITION('international standard',
  'automotive_design',2000,#2);
#2 = APPLICATION_CONTEXT(
  'core data for automotive mechanical design processes');
#3 = SHAPE_DEFINITION_REPRESENTATION(#4,#10);
#4 = PRODUCT_DEFINITION_SHAPE('','',#5);
#5 = PRODUCT_DEFINITION('design','',#6,#9);
#6 = PRODUCT_DEFINITION_FORMATION('','',#7);
#7 = PRODUCT('Open CASCADE STEP translator 7.8 6',
  'Open CASCADE STEP translator 7.8 6','',(#8));
#8 = PRODUCT_CONTEXT('',#2,'mechanical');
#9 = PRODUCT_DEFINITION_CONTEXT('part definition',#2,'design');
#10 = ADVANCED_BREP_SHAPE_REPRESENTATION('',(#11,#15),#4427);
#11 = AXIS2_PLACEMENT_3D('',#12,#13,#14);
#12 = CARTESIAN_POINT('',(0.,0.,0.));
#13 = DIRECTION('',(0.,0.,1.));
#14 = DIRECTION('',(1.,0.,-0.));
#15 = MANIFOLD_SOLID_BREP('',#16);
#16 = CLOSED_SHELL('',(#17,#137,#561,#610,#1188,#1215,#1242,#1269,#1296,
    #1323,#1350,#1575,#1602,#1629,#1636,#1691,#1746,#1801,#1856,#1905,
    #2095,#2122,#2177,#2232,#2449,#2498,#2672,#2699,#2754,#2809,#2816,
    #2866,#2916,#2966,#3016,#3051,#3086,#3121,#3156,#3183,#3210,#3237,
    #3264,#3348,#3432,#3439,#3489,#3539,#3589,#3639,#3666,#3693,#3720,
    #3747,#3831,#3915,#3989,#4063,#4137,#4211,#4258,#4265,#4312,#4319,
    #4366,#4373,#4420));
#17 = ADVANCED_FACE('',(#18),#32,.F.);
#18 = FACE_BOUND('',#19,.T.);
#19 = EDGE_LOOP('',(#20,#55,#83,#111));
#20 = ORIENTED_EDGE('',*,*,#21,.F.);
#21 = EDGE_CURVE('',#22,#24,#26,.T.);
#22 = VERTEX_POINT('',#23);
#23 = CARTESIAN_POINT('',(6.,23.103323324963,0.));
#24 = VERTEX_POINT('',#25);
#25 = CARTESIAN_POINT('',(0.,23.103323324963,0.));
#26 = SURFACE_CURVE('',#27,(#31,#43),.PCURVE_S1.);
#27 = LINE('',#28,#29);
#28 = CARTESIAN_POINT('',(8.5,23.103323324963,0.));
#29 = VECTOR('',#30,1.);
#30 = DIRECTION('',(-1.,0.,0.));
#31 = PCURVE('',#32,#37);
#32 = PLANE('',#33);
#33 = AXIS2_PLACEMENT_3D('',#34,#35,#36);
#34 = CARTESIAN_POINT('',(6.,23.103323324963,0.));
#35 = DIRECTION('',(0.,1.,0.));
#36 = DIRECTION('',(-1.,0.,0.));
#37 = DEFINITIONAL_REPRESENTATION('',(#38),#42);
#38 = LINE('',#39,#40);
#39 = CARTESIAN_POINT('',(-2.5,0.));
#40 = VECTOR('',#41,1.);
#41 = DIRECTION('',(1.,0.));
#42 = ( GEOMETRIC_REPRESENTATION_CONTEXT(2) 
PARAMETRIC_REPRESENTATION_CONTEXT() REPRESENTATION_CONTEXT('2D SPACE',''
  ) );
#43 = PCURVE('',#44,#49);
#44 = PLANE('',#45);
#45 = AXIS2_PLACEMENT_3D('',#46,#47,#48);
#46 = CARTESIAN_POINT('',(11.,21.,0.));
#47 = DIRECTION('',(0.,0.,1.));
#48 = DIRECTION('',(1.,0.,-0.));
#49 = DEFINITIONAL_REPRESENTATION('',(#50),#54);
#50 = LINE('',#51,#52);
#51 = CARTESIAN_POINT('',(-2.5,2.103323324963));
#52 = VECTOR('',#53,1.);
#53 = DIRECTION('',(-1.,0.));
#54 = ( GEOMETRIC_REPRESENTATION_CONTEXT(2) 
PARAMETRIC_REPRESENTATION_CONTEXT() REPRESENTATION_CONTEXT('2D SPACE',''
  ) );
#55 = ORIENTED_EDGE('',*,*,#56,.T.);
#56 = EDGE_CURVE('',#22,#57,#59,.T.);
#57 = VERTEX_POINT('',#58);
#58 = CARTESIAN_POINT('',(6.,23.103323324963,3.));
#59 = SURFACE_CURVE('',#60,(#64,#71),.PCURVE_S1.);
#60 = LINE('',#61,#62);
#61 = CARTESIAN_POINT('',(6.,23.103323324963,0.));
#62 = VECTOR('',#63,1.);
#63 = DIRECTION('',(0.,0.,1.));
#64 = PCURVE('',#32,#65);
#65 = DEFINITIONAL_REPRESENTATION('',(#66),#70);
#66 = LINE('',#67,#68);
#67 = CARTESIAN_POINT('',(0.,0.));
#68 = VECTOR('',#69,1.);
#69 = DIRECTION('',(0.,1.));
#70 = ( GEOMETRIC_REPRESENTATION_CONTEXT(2) 
PARAMETRIC_REPRESENTATION_CONTEXT() REPRESENTATION_CONTEXT('2D SPACE',''
  ) );
#71 = PCURVE('',#72,#77);
#72 = PLANE('',#73);
#73 = AXIS2_PLACEMENT_3D('',#74,#75,#76);
#74 = CARTESIAN_POINT('',(6.,10.103323324963,0.));
#75 = DIRECTION('',(1.,2.56205313375E-16,0.));
#76 = DIRECTION('',(-2.56205313375E-16,1.,0.));
#77 = DEFINITIONAL_REPRESENTATION('',(#78),#82);
#78 = LINE('',#79,#80);
#79 = CARTESIAN_POINT('',(13.,0.));
#80 = VECTOR('',#81,1.);
#81 = DIRECTION('',(0.,1.));
#82 = ( GEOMETRIC_REPRESENTATION_CONTEXT(2) 
PARAMETRIC_REPRESENTATION_CONTEXT() REPRESENTATION_CONTEXT('2D SPACE',''
  ) );
#83 = ORIENTED_EDGE('',*,*,#84,.F.);
#84 = EDGE_CURVE('',#85,#57,#87,.T.);
#85 = VERTEX_POINT('',#86);
#86 = CARTESIAN_POINT('',(0.,23.103323324963,3.));
#87 = SURFACE_CURVE('',#88,(#92,#99),.PCURVE_S1.);
#88 = LINE('',#89,#90);
#89 = CARTESIAN_POINT('',(8.5,23.103323324963,3.));
#90 = VECTOR('',#91,1.);
#91 = DIRECTION('',(1.,0.,0.));
#92 = PCURVE('',#32,#93);
#93 = DEFINITIONAL_REPRESENTATION('',(#94),#98);
#94 = LINE('',#95,#96);
#95 = CARTESIAN_POINT('',(-2.5,3.));
#96 = VECTOR('',#97,1.);
#97 = DIRECTION('',(-1.,0.));
#98 = ( GEOMETRIC_REPRESENTATION_CONTEXT(2) 
PARAMETRIC_REPRESENTATION_CONTEXT() REPRESENTATION_CONTEXT('2D SPACE',''
  ) );
#99 = PCURVE('',#100,#105);
#100 = PLANE('',#101);
#101 = AXIS2_PLACEMENT_3D('',#102,#103,#104);
#102 = CARTESIAN_POINT('',(11.,21.,3.));
#103 = DIRECTION('',(0.,0.,1.));
#104 = DIRECTION('',(1.,0.,-0.));
#105 = DEFINITIONAL_REPRESENTATION('',(#106),#110);
#106 = LINE('',#107,#108);
#107 = CARTESIAN_POINT('',(-2.5,2.103323324963));
#108 = VECTOR('',#109,1.);
#109 = DIRECTION('',(1.,0.));
#110 = ( GEOMETRIC_REPRESENTATION_CONTEXT(2) 
PARAMETRIC_REPRESENTATION_CONTEXT() REPRESENTATION_CONTEXT('2D SPACE',''
  ) );
#111 = ORIENTED_EDGE('',*,*,#112,.F.);
#112 = EDGE_CURVE('',#24,#85,#113,.T.);
#113 = SURFACE_CURVE('',#114,(#118,#125),.PCURVE_S1.);
#114 = LINE('',#115,#116);
#115 = CARTESIAN_POINT('',(0.,23.103323324963,0.));
#116 = VECTOR('',#117,1.);
#117 = DIRECTION('',(0.,0.,1.));
#118 = PCURVE('',#32,#119);
#119 = DEFINITIONAL_REPRESENTATION('',(#120),#124);
#120 = LINE('',#121,#122);
#121 = CARTESIAN_POINT('',(6.,0.));
#122 = VECTOR('',#123,1.);
#123 = DIRECTION('',(0.,1.));
#124 = ( GEOMETRIC_REPRESENTATION_CONTEXT(2) 
PARAMETRIC_REPRESENTATION_CONTEXT() REPRESENTATION_CONTEXT('2D SPACE',''
  ) );
#125 = PCURVE('',#126,#131);
#126 = PLANE('',#127);
#127 = AXIS2_PLACEMENT_3D('',#128,#129,#130);
#128 = CARTESIAN_POINT('',(0.,42.,0.));
#129 = DIRECTION('',(-1.,0.,0.));
#130 = DIRECTION('',(0.,-1.,0.));
#131 = DEFINITIONAL_REPRESENTATION('',(#132),#136);
#132 = LINE('',#133,#134);
#133 = CARTESIAN_POINT('',(18.896676675037,0.));
#134 = VECTOR('',#135,1.);
#135 = DIRECTION('',(0.,1.));
#136 = ( GEOMETRIC_REPRESENTATION_CONTEXT(2) 
PARAMETRIC_REPRESENTATION_CONTEXT() REPRESENTATION_CONTEXT('2D SPACE',''
  ) );
#137 = ADVANCED_FACE('',(#138,#437,#468,#499,#530),#44,.F.);
#138 = FACE_BOUND('',#139,.F.);
#139 = EDGE_LOOP('',(#140,#170,#198,#226,#254,#282,#310,#338,#366,#394,
    #415,#416));
#140 = ORIENTED_EDGE('',*,*,#141,.F.);
#141 = EDGE_CURVE('',#142,#144,#146,.T.);
#142 = VERTEX_POINT('',#143);
#143 = CARTESIAN_POINT('',(0.,10.103323324963,0.));
#144 = VERTEX_POINT('',#145);
#145 = CARTESIAN_POINT('',(6.,10.103323324963,0.));
#146 = SURFACE_CURVE('',#147,(#151,#158),.PCURVE_S1.);
#147 = LINE('',#148,#149);
#148 = CARTESIAN_POINT('',(5.5,10.103323324963,0.));
#149 = VECTOR('',#150,1.);
#150 = DIRECTION('',(1.,0.,0.));
#151 = PCURVE('',#44,#152);
#152 = DEFINITIONAL_REPRESENTATION('',(#153),#157);
#153 = LINE('',#154,#155);
#154 = CARTESIAN_POINT('',(-5.5,-10.89667667503));
#155 = VECTOR('',#156,1.);
#156 = DIRECTION('',(1.,0.));
#157 = ( GEOMETRIC_REPRESENTATION_CONTEXT(2) 
PARAMETRIC_REPRESENTATION_CONTEXT() REPRESENTATION_CONTEXT('2D SPACE',''
  ) );
#158 = PCURVE('',#159,#164);
#159 = PLANE('',#160);
#160 = AXIS2_PLACEMENT_3D('',#161,#162,#163);
#161 = CARTESIAN_POINT('',(0.,10.103323324963,0.));
#162 = DIRECTION('',(0.,-1.,0.));
#163 = DIRECTION('',(1.,0.,0.));
#164 = DEFINITIONAL_REPRESENTATION('',(#165),#169);
#165 = LINE('',#166,#167);
#166 = CARTESIAN_POINT('',(5.5,0.));
#167 = VECTOR('',#168,1.);
#168 = DIRECTION('',(1.,0.));
#169 = ( GEOMETRIC_REPRESENTATION_CONTEXT(2) 
PARAMETRIC_REPRESENTATION_CONTEXT() REPRESENTATION_CONTEXT('2D SPACE',''
  ) );
#170 = ORIENTED_EDGE('',*,*,#171,.T.);
#171 = EDGE_CURVE('',#142,#172,#174,.T.);
#172 = VERTEX_POINT('',#173);
#173 = CARTESIAN_POINT('',(0.,0.,0.));
#174 = SURFACE_CURVE('',#175,(#179,#186),.PCURVE_S1.);
#175 = LINE('',#176,#177);
#176 = CARTESIAN_POINT('',(0.,42.,0.));
#177 = VECTOR('',#178,1.);
#178 = DIRECTION('',(0.,-1.,0.));
#179 = PCURVE('',#44,#180);
#180 = DEFINITIONAL_REPRESENTATION('',(#181),#185);
#181 = LINE('',#182,#183);
#182 = CARTESIAN_POINT('',(-11.,21.));
#183 = VECTOR('',#184,1.);
#184 = DIRECTION('',(0.,-1.));
#185 = ( GEOMETRIC_REPRESENTATION_CONTEXT(2) 
PARAMETRIC_REPRESENTATION_CONTEXT() REPRESENTATION_CONTEXT('2D SPACE',''
  ) );
#186 = PCURVE('',#187,#192);
#187 = PLANE('',#188);
#188 = AXIS2_PLACEMENT_3D('',#189,#190,#191);
#189 = CARTESIAN_POINT('',(0.,42.,0.));
#190 = DIRECTION('',(-1.,0.,0.));
#191 = DIRECTION('',(0.,-1.,0.));
#192 = DEFINITIONAL_REPRESENTATION('',(#193),#197);
#193 = LINE('',#194,#195);
#194 = CARTESIAN_POINT('',(0.,0.));
#195 = VECTOR('',#196,1.);
#196 = DIRECTION('',(1.,0.));
#197 = ( GEOMETRIC_REPRESENTATION_CONTEXT(2) 
PARAMETRIC_REPRESENTATION_CONTEXT() REPRESENTATION_CONTEXT('2D SPACE',''
  ) );
#198 = ORIENTED_EDGE('',*,*,#199,.T.);
#199 = EDGE_CURVE('',#172,#200,#202,.T.);
#200 = VERTEX_POINT('',#201);
#201 = CARTESIAN_POINT('',(22.,-1.078520768857E-31,0.));
#202 = SURFACE_CURVE('',#203,(#207,#214),.PCURVE_S1.);
#203 = LINE('',#204,#205);
#204 = CARTESIAN_POINT('',(0.,0.,0.));
#205 = VECTOR('',#206,1.);
#206 = DIRECTION('',(1.,-4.902367131168E-33,0.));
#207 = PCURVE('',#44,#208);
#208 = DEFINITIONAL_REPRESENTATION('',(#209),#213);
#209 = LINE('',#210,#211);
#210 = CARTESIAN_POINT('',(-11.,-21.));
#211 = VECTOR('',#212,1.);
#212 = DIRECTION('',(1.,-4.902367131168E-33));
#213 = ( GEOMETRIC_REPRESENTATION_CONTEXT(2) 
PARAMETRIC_REPRESENTATION_CONTEXT() REPRESENTATION_CONTEXT('2D SPACE',''
  ) );
#214 = PCURVE('',#215,#220);
#215 = PLANE('',#216);
#216 = AXIS2_PLACEMENT_3D('',#217,#218,#219);
#217 = CARTESIAN_POINT('',(0.,0.,0.));
#218 = DIRECTION('',(-4.902367131168E-33,-1.,0.));
#219 = DIRECTION('',(1.,-4.902367131168E-33,0.));
#220 = DEFINITIONAL_REPRESENTATION('',(#221),#225);
#221 = LINE('',#222,#223);
#222 = CARTESIAN_POINT('',(0.,0.));
#223 = VECTOR('',#224,1.);
#224 = DIRECTION('',(1.,0.));
#225 = ( GEOMETRIC_REPRESENTATION_CONTEXT(2) 
PARAMETRIC_REPRESENTATION_CONTEXT() REPRESENTATION_CONTEXT('2D SPACE',''
  ) );
#226 = ORIENTED_EDGE('',*,*,#227,.T.);
#227 = EDGE_CURVE('',#200,#228,#230,.T.);
#228 = VERTEX_POINT('',#229);
#229 = CARTESIAN_POINT('',(22.,10.103323324963,0.));
#230 = SURFACE_CURVE('',#231,(#235,#242),.PCURVE_S1.);
#231 = LINE('',#232,#233);
#232 = CARTESIAN_POINT('',(22.,-1.078520768857E-31,0.));
#233 = VECTOR('',#234,1.);
#234 = DIRECTION('',(2.114710523096E-16,1.,0.));
#235 = PCURVE('',#44,#236);
#236 = DEFINITIONAL_REPRESENTATION('',(#237),#241);
#237 = LINE('',#238,#239);
#238 = CARTESIAN_POINT('',(11.,-21.));
#239 = VECTOR('',#240,1.);
#240 = DIRECTION('',(2.114710523096E-16,1.));
#241 = ( GEOMETRIC_REPRESENTATION_CONTEXT(2) 
PARAMETRIC_REPRESENTATION_CONTEXT() REPRESENTATION_CONTEXT('2D SPACE',''
  ) );
#242 = PCURVE('',#243,#248);
#243 = PLANE('',#244);
#244 = AXIS2_PLACEMENT_3D('',#245,#246,#247);
#245 = CARTESIAN_POINT('',(22.,-1.078520768857E-31,0.));
#246 = DIRECTION('',(1.,-2.114710523096E-16,0.));
#247 = DIRECTION('',(2.114710523096E-16,1.,0.));
#248 = DEFINITIONAL_REPRESENTATION('',(#249),#253);
#249 = LINE('',#250,#251);
#250 = CARTESIAN_POINT('',(0.,0.));
#251 = VECTOR('',#252,1.);
#252 = DIRECTION('',(1.,0.));
#253 = ( GEOMETRIC_REPRESENTATION_CONTEXT(2) 
PARAMETRIC_REPRESENTATION_CONTEXT() REPRESENTATION_CONTEXT('2D SPACE',''
  ) );
#254 = ORIENTED_EDGE('',*,*,#255,.F.);
#255 = EDGE_CURVE('',#256,#228,#258,.T.);
#256 = VERTEX_POINT('',#257);
#257 = CARTESIAN_POINT('',(16.,10.103323324963,0.));
#258 = SURFACE_CURVE('',#259,(#263,#270),.PCURVE_S1.);
#259 = LINE('',#260,#261);
#260 = CARTESIAN_POINT('',(13.5,10.103323324963,0.));
#261 = VECTOR('',#262,1.);
#262 = DIRECTION('',(1.,-3.700743415417E-16,0.));
#263 = PCURVE('',#44,#264);
#264 = DEFINITIONAL_REPRESENTATION('',(#265),#269);
#265 = LINE('',#266,#267);
#266 = CARTESIAN_POINT('',(2.5,-10.89667667503));
#267 = VECTOR('',#268,1.);
#268 = DIRECTION('',(1.,-3.700743415417E-16));
#269 = ( GEOMETRIC_REPRESENTATION_CONTEXT(2) 
PARAMETRIC_REPRESENTATION_CONTEXT() REPRESENTATION_CONTEXT('2D SPACE',''
  ) );
#270 = PCURVE('',#271,#276);
#271 = PLANE('',#272);
#272 = AXIS2_PLACEMENT_3D('',#273,#274,#275);
#273 = CARTESIAN_POINT('',(16.,10.103323324963,0.));
#274 = DIRECTION('',(-3.700743415417E-16,-1.,0.));
#275 = DIRECTION('',(1.,-3.700743415417E-16,0.));
#276 = DEFINITIONAL_REPRESENTATION('',(#277),#281);
#277 = LINE('',#278,#279);
#278 = CARTESIAN_POINT('',(-2.5,0.));
#279 = VECTOR('',#280,1.);
#280 = DIRECTION('',(1.,0.));
#281 = ( GEOMETRIC_REPRESENTATION_CONTEXT(2) 
PARAMETRIC_REPRESENTATION_CONTEXT() REPRESENTATION_CONTEXT('2D SPACE',''
  ) );
#282 = ORIENTED_EDGE('',*,*,#283,.F.);
#283 = EDGE_CURVE('',#284,#256,#286,.T.);
#284 = VERTEX_POINT('',#285);
#285 = CARTESIAN_POINT('',(16.,23.103323324963,0.));
#286 = SURFACE_CURVE('',#287,(#291,#298),.PCURVE_S1.);
#287 = LINE('',#288,#289);
#288 = CARTESIAN_POINT('',(16.,22.051661662482,0.));
#289 = VECTOR('',#290,1.);
#290 = DIRECTION('',(-5.124106267501E-16,-1.,0.));
#291 = PCURVE('',#44,#292);
#292 = DEFINITIONAL_REPRESENTATION('',(#293),#297);
#293 = LINE('',#294,#295);
#294 = CARTESIAN_POINT('',(5.,1.051661662482));
#295 = VECTOR('',#296,1.);
#296 = DIRECTION('',(-5.124106267501E-16,-1.));
#297 = ( GEOMETRIC_REPRESENTATION_CONTEXT(2) 
PARAMETRIC_REPRESENTATION_CONTEXT() REPRESENTATION_CONTEXT('2D SPACE',''
  ) );
#298 = PCURVE('',#299,#304);
#299 = PLANE('',#300);
#300 = AXIS2_PLACEMENT_3D('',#301,#302,#303);
#301 = CARTESIAN_POINT('',(16.,23.103323324963,0.));
#302 = DIRECTION('',(-1.,5.124106267501E-16,0.));
#303 = DIRECTION('',(-5.124106267501E-16,-1.,0.));
#304 = DEFINITIONAL_REPRESENTATION('',(#305),#309);
#305 = LINE('',#306,#307);
#306 = CARTESIAN_POINT('',(1.051661662481,0.));
#307 = VECTOR('',#308,1.);
#308 = DIRECTION('',(1.,0.));
#309 = ( GEOMETRIC_REPRESENTATION_CONTEXT(2) 
PARAMETRIC_REPRESENTATION_CONTEXT() REPRESENTATION_CONTEXT('2D SPACE',''
  ) );
#310 = ORIENTED_EDGE('',*,*,#311,.F.);
#311 = EDGE_CURVE('',#312,#284,#314,.T.);
#312 = VERTEX_POINT('',#313);
#313 = CARTESIAN_POINT('',(22.,23.103323324963,0.));
#314 = SURFACE_CURVE('',#315,(#319,#326),.PCURVE_S1.);
#315 = LINE('',#316,#317);
#316 = CARTESIAN_POINT('',(16.5,23.103323324963,0.));
#317 = VECTOR('',#318,1.);
#318 = DIRECTION('',(-1.,7.401486830834E-16,0.));
#319 = PCURVE('',#44,#320);
#320 = DEFINITIONAL_REPRESENTATION('',(#321),#325);
#321 = LINE('',#322,#323);
#322 = CARTESIAN_POINT('',(5.5,2.103323324963));
#323 = VECTOR('',#324,1.);
#324 = DIRECTION('',(-1.,7.401486830834E-16));
#325 = ( GEOMETRIC_REPRESENTATION_CONTEXT(2) 
PARAMETRIC_REPRESENTATION_CONTEXT() REPRESENTATION_CONTEXT('2D SPACE',''
  ) );
#326 = PCURVE('',#327,#332);
#327 = PLANE('',#328);
#328 = AXIS2_PLACEMENT_3D('',#329,#330,#331);
#329 = CARTESIAN_POINT('',(22.,23.103323324963,0.));
#330 = DIRECTION('',(7.401486830834E-16,1.,0.));
#331 = DIRECTION('',(-1.,7.401486830834E-16,0.));
#332 = DEFINITIONAL_REPRESENTATION('',(#333),#337);
#333 = LINE('',#334,#335);
#334 = CARTESIAN_POINT('',(5.5,0.));
#335 = VECTOR('',#336,1.);
#336 = DIRECTION('',(1.,0.));
#337 = ( GEOMETRIC_REPRESENTATION_CONTEXT(2) 
PARAMETRIC_REPRESENTATION_CONTEXT() REPRESENTATION_CONTEXT('2D SPACE',''
  ) );
#338 = ORIENTED_EDGE('',*,*,#339,.T.);
#339 = EDGE_CURVE('',#312,#340,#342,.T.);
#340 = VERTEX_POINT('',#341);
#341 = CARTESIAN_POINT('',(22.,42.,0.));
#342 = SURFACE_CURVE('',#343,(#347,#354),.PCURVE_S1.);
#343 = LINE('',#344,#345);
#344 = CARTESIAN_POINT('',(22.,-1.078520768857E-31,0.));
#345 = VECTOR('',#346,1.);
#346 = DIRECTION('',(2.114710523096E-16,1.,0.));
#347 = PCURVE('',#44,#348);
#348 = DEFINITIONAL_REPRESENTATION('',(#349),#353);
#349 = LINE('',#350,#351);
#350 = CARTESIAN_POINT('',(11.,-21.));
#351 = VECTOR('',#352,1.);
#352 = DIRECTION('',(2.114710523096E-16,1.));
#353 = ( GEOMETRIC_REPRESENTATION_CONTEXT(2) 
PARAMETRIC_REPRESENTATION_CONTEXT() REPRESENTATION_CONTEXT('2D SPACE',''
  ) );
#354 = PCURVE('',#355,#360);
#355 = PLANE('',#356);
#356 = AXIS2_PLACEMENT_3D('',#357,#358,#359);
#357 = CARTESIAN_POINT('',(22.,-1.078520768857E-31,0.));
#358 = DIRECTION('',(1.,-2.114710523096E-16,0.));
#359 = DIRECTION('',(2.114710523096E-16,1.,0.));
#360 = DEFINITIONAL_REPRESENTATION('',(#361),#365);
#361 = LINE('',#362,#363);
#362 = CARTESIAN_POINT('',(0.,0.));
#363 = VECTOR('',#364,1.);
#364 = DIRECTION('',(1.,0.));
#365 = ( GEOMETRIC_REPRESENTATION_CONTEXT(2) 
PARAMETRIC_REPRESENTATION_CONTEXT() REPRESENTATION_CONTEXT('2D SPACE',''
  ) );
#366 = ORIENTED_EDGE('',*,*,#367,.T.);
#367 = EDGE_CURVE('',#340,#368,#370,.T.);
#368 = VERTEX_POINT('',#369);
#369 = CARTESIAN_POINT('',(0.,42.,0.));
#370 = SURFACE_CURVE('',#371,(#375,#382),.PCURVE_S1.);
#371 = LINE('',#372,#373);
#372 = CARTESIAN_POINT('',(22.,42.,0.));
#373 = VECTOR('',#374,1.);
#374 = DIRECTION('',(-1.,4.037174635001E-16,0.));
#375 = PCURVE('',#44,#376);
#376 = DEFINITIONAL_REPRESENTATION('',(#377),#381);
#377 = LINE('',#378,#379);
#378 = CARTESIAN_POINT('',(11.,21.));
#379 = VECTOR('',#380,1.);
#380 = DIRECTION('',(-1.,4.037174635001E-16));
#381 = ( GEOMETRIC_REPRESENTATION_CONTEXT(2) 
PARAMETRIC_REPRESENTATION_CONTEXT() REPRESENTATION_CONTEXT('2D SPACE',''
  ) );
#382 = PCURVE('',#383,#388);
#383 = PLANE('',#384);
#384 = AXIS2_PLACEMENT_3D('',#385,#386,#387);
#385 = CARTESIAN_POINT('',(22.,42.,0.));
#386 = DIRECTION('',(4.037174635001E-16,1.,0.));
#387 = DIRECTION('',(-1.,4.037174635001E-16,0.));
#388 = DEFINITIONAL_REPRESENTATION('',(#389),#393);
#389 = LINE('',#390,#391);
#390 = CARTESIAN_POINT('',(0.,0.));
#391 = VECTOR('',#392,1.);
#392 = DIRECTION('',(1.,0.));
#393 = ( GEOMETRIC_REPRESENTATION_CONTEXT(2) 
PARAMETRIC_REPRESENTATION_CONTEXT() REPRESENTATION_CONTEXT('2D SPACE',''
  ) );
#394 = ORIENTED_EDGE('',*,*,#395,.T.);
#395 = EDGE_CURVE('',#368,#24,#396,.T.);
#396 = SURFACE_CURVE('',#397,(#401,#408),.PCURVE_S1.);
#397 = LINE('',#398,#399);
#398 = CARTESIAN_POINT('',(0.,42.,0.));
#399 = VECTOR('',#400,1.);
#400 = DIRECTION('',(0.,-1.,0.));
#401 = PCURVE('',#44,#402);
#402 = DEFINITIONAL_REPRESENTATION('',(#403),#407);
#403 = LINE('',#404,#405);
#404 = CARTESIAN_POINT('',(-11.,21.));
#405 = VECTOR('',#406,1.);
#406 = DIRECTION('',(0.,-1.));
#407 = ( GEOMETRIC_REPRESENTATION_CONTEXT(2) 
PARAMETRIC_REPRESENTATION_CONTEXT() REPRESENTATION_CONTEXT('2D SPACE',''
  ) );
#408 = PCURVE('',#126,#409);
#409 = DEFINITIONAL_REPRESENTATION('',(#410),#414);
#410 = LINE('',#411,#412);
#411 = CARTESIAN_POINT('',(0.,0.));
#412 = VECTOR('',#413,1.);
#413 = DIRECTION('',(1.,0.));
#414 = ( GEOMETRIC_REPRESENTATION_CONTEXT(2) 
PARAMETRIC_REPRESENTATION_CONTEXT() REPRESENTATION_CONTEXT('2D SPACE',''
  ) );
#415 = ORIENTED_EDGE('',*,*,#21,.F.);
#416 = ORIENTED_EDGE('',*,*,#417,.F.);
#417 = EDGE_CURVE('',#144,#22,#418,.T.);
#418 = SURFACE_CURVE('',#419,(#423,#430),.PCURVE_S1.);
#419 = LINE('',#420,#421);
#420 = CARTESIAN_POINT('',(6.,15.551661662482,0.));
#421 = VECTOR('',#422,1.);
#422 = DIRECTION('',(-2.56205313375E-16,1.,0.));
#423 = PCURVE('',#44,#424);
#424 = DEFINITIONAL_REPRESENTATION('',(#425),#429);
#425 = LINE('',#426,#427);
#426 = CARTESIAN_POINT('',(-5.,-5.448338337518));
#427 = VECTOR('',#428,1.);
#428 = DIRECTION('',(-2.56205313375E-16,1.));
#429 = ( GEOMETRIC_REPRESENTATION_CONTEXT(2) 
PARAMETRIC_REPRESENTATION_CONTEXT() REPRESENTATION_CONTEXT('2D SPACE',''
  ) );
#430 = PCURVE('',#72,#431);
#431 = DEFINITIONAL_REPRESENTATION('',(#432),#436);
#432 = LINE('',#433,#434);
#433 = CARTESIAN_POINT('',(5.448338337519,0.));
#434 = VECTOR('',#435,1.);
#435 = DIRECTION('',(1.,0.));
#436 = ( GEOMETRIC_REPRESENTATION_CONTEXT(2) 
PARAMETRIC_REPRESENTATION_CONTEXT() REPRESENTATION_CONTEXT('2D SPACE',''
  ) );
#437 = FACE_BOUND('',#438,.F.);
#438 = EDGE_LOOP('',(#439));
#439 = ORIENTED_EDGE('',*,*,#440,.F.);
#440 = EDGE_CURVE('',#441,#441,#443,.T.);
#441 = VERTEX_POINT('',#442);
#442 = CARTESIAN_POINT('',(5.6423594969,3.10332332496,0.));
#443 = SURFACE_CURVE('',#444,(#449,#456),.PCURVE_S1.);
#444 = CIRCLE('',#445,2.65);
#445 = AXIS2_PLACEMENT_3D('',#446,#447,#448);
#446 = CARTESIAN_POINT('',(2.9923594969,3.10332332496,0.));
#447 = DIRECTION('',(0.,0.,1.));
#448 = DIRECTION('',(1.,0.,-0.));
#449 = PCURVE('',#44,#450);
#450 = DEFINITIONAL_REPRESENTATION('',(#451),#455);
#451 = CIRCLE('',#452,2.65);
#452 = AXIS2_PLACEMENT_2D('',#453,#454);
#453 = CARTESIAN_POINT('',(-8.0076405031,-17.89667667504));
#454 = DIRECTION('',(1.,0.));
#455 = ( GEOMETRIC_REPRESENTATION_CONTEXT(2) 
PARAMETRIC_REPRESENTATION_CONTEXT() REPRESENTATION_CONTEXT('2D SPACE',''
  ) );
#456 = PCURVE('',#457,#462);
#457 = CYLINDRICAL_SURFACE('',#458,2.65);
#458 = AXIS2_PLACEMENT_3D('',#459,#460,#461);
#459 = CARTESIAN_POINT('',(2.9923594969,3.10332332496,-3.25));
#460 = DIRECTION('',(0.,0.,1.));
#461 = DIRECTION('',(1.,0.,-0.));
#462 = DEFINITIONAL_REPRESENTATION('',(#463),#467);
#463 = LINE('',#464,#465);
#464 = CARTESIAN_POINT('',(0.,3.25));
#465 = VECTOR('',#466,1.);
#466 = DIRECTION('',(1.,0.));
#467 = ( GEOMETRIC_REPRESENTATION_CONTEXT(2) 
PARAMETRIC_REPRESENTATION_CONTEXT() REPRESENTATION_CONTEXT('2D SPACE',''
  ) );
#468 = FACE_BOUND('',#469,.F.);
#469 = EDGE_LOOP('',(#470));
#470 = ORIENTED_EDGE('',*,*,#471,.F.);
#471 = EDGE_CURVE('',#472,#472,#474,.T.);
#472 = VERTEX_POINT('',#473);
#473 = CARTESIAN_POINT('',(21.6423594969,3.10332332496,0.));
#474 = SURFACE_CURVE('',#475,(#480,#487),.PCURVE_S1.);
#475 = CIRCLE('',#476,2.65);
#476 = AXIS2_PLACEMENT_3D('',#477,#478,#479);
#477 = CARTESIAN_POINT('',(18.9923594969,3.10332332496,0.));
#478 = DIRECTION('',(0.,0.,1.));
#479 = DIRECTION('',(1.,0.,-0.));
#480 = PCURVE('',#44,#481);
#481 = DEFINITIONAL_REPRESENTATION('',(#482),#486);
#482 = CIRCLE('',#483,2.65);
#483 = AXIS2_PLACEMENT_2D('',#484,#485);
#484 = CARTESIAN_POINT('',(7.9923594969,-17.89667667504));
#485 = DIRECTION('',(1.,0.));
#486 = ( GEOMETRIC_REPRESENTATION_CONTEXT(2) 
PARAMETRIC_REPRESENTATION_CONTEXT() REPRESENTATION_CONTEXT('2D SPACE',''
  ) );
#487 = PCURVE('',#488,#493);
#488 = CYLINDRICAL_SURFACE('',#489,2.65);
#489 = AXIS2_PLACEMENT_3D('',#490,#491,#492);
#490 = CARTESIAN_POINT('',(18.9923594969,3.10332332496,-3.25));
#491 = DIRECTION('',(0.,0.,1.));
#492 = DIRECTION('',(1.,0.,-0.));
#493 = DEFINITIONAL_REPRESENTATION('',(#494),#498);
#494 = LINE('',#495,#496);
#495 = CARTESIAN_POINT('',(0.,3.25));
#496 = VECTOR('',#497,1.);
#497 = DIRECTION('',(1.,0.));
#498 = ( GEOMETRIC_REPRESENTATION_CONTEXT(2) 
PARAMETRIC_REPRESENTATION_CONTEXT() REPRESENTATION_CONTEXT('2D SPACE',''
  ) );
#499 = FACE_BOUND('',#500,.F.);
#500 = EDGE_LOOP('',(#501));
#501 = ORIENTED_EDGE('',*,*,#502,.F.);
#502 = EDGE_CURVE('',#503,#503,#505,.T.);
#503 = VERTEX_POINT('',#504);
#504 = CARTESIAN_POINT('',(5.6423594969,33.10332332496,0.));
#505 = SURFACE_CURVE('',#506,(#511,#518),.PCURVE_S1.);
#506 = CIRCLE('',#507,2.65);
#507 = AXIS2_PLACEMENT_3D('',#508,#509,#510);
#508 = CARTESIAN_POINT('',(2.9923594969,33.10332332496,0.));
#509 = DIRECTION('',(0.,0.,1.));
#510 = DIRECTION('',(1.,0.,-0.));
#511 = PCURVE('',#44,#512);
#512 = DEFINITIONAL_REPRESENTATION('',(#513),#517);
#513 = CIRCLE('',#514,2.65);
#514 = AXIS2_PLACEMENT_2D('',#515,#516);
#515 = CARTESIAN_POINT('',(-8.0076405031,12.10332332496));
#516 = DIRECTION('',(1.,0.));
#517 = ( GEOMETRIC_REPRESENTATION_CONTEXT(2) 
PARAMETRIC_REPRESENTATION_CONTEXT() REPRESENTATION_CONTEXT('2D SPACE',''
  ) );
#518 = PCURVE('',#519,#524);
#519 = CYLINDRICAL_SURFACE('',#520,2.65);
#520 = AXIS2_PLACEMENT_3D('',#521,#522,#523);
#521 = CARTESIAN_POINT('',(2.9923594969,33.10332332496,-3.25));
#522 = DIRECTION('',(0.,0.,1.));
#523 = DIRECTION('',(1.,0.,-0.));
#524 = DEFINITIONAL_REPRESENTATION('',(#525),#529);
#525 = LINE('',#526,#527);
#526 = CARTESIAN_POINT('',(0.,3.25));
#527 = VECTOR('',#528,1.);
#528 = DIRECTION('',(1.,0.));
#529 = ( GEOMETRIC_REPRESENTATION_CONTEXT(2) 
PARAMETRIC_REPRESENTATION_CONTEXT() REPRESENTATION_CONTEXT('2D SPACE',''
  ) );
#530 = FACE_BOUND('',#531,.F.);
#531 = EDGE_LOOP('',(#532));
#532 = ORIENTED_EDGE('',*,*,#533,.F.);
#533 = EDGE_CURVE('',#534,#534,#536,.T.);
#534 = VERTEX_POINT('',#535);
#535 = CARTESIAN_POINT('',(21.6423594969,33.10332332496,0.));
#536 = SURFACE_CURVE('',#537,(#542,#549),.PCURVE_S1.);
#537 = CIRCLE('',#538,2.65);
#538 = AXIS2_PLACEMENT_3D('',#539,#540,#541);
#539 = CARTESIAN_POINT('',(18.9923594969,33.10332332496,0.));
#540 = DIRECTION('',(0.,0.,1.));
#541 = DIRECTION('',(1.,0.,-0.));
#542 = PCURVE('',#44,#543);
#543 = DEFINITIONAL_REPRESENTATION('',(#544),#548);
#544 = CIRCLE('',#545,2.65);
#545 = AXIS2_PLACEMENT_2D('',#546,#547);
#546 = CARTESIAN_POINT('',(7.9923594969,12.10332332496));
#547 = DIRECTION('',(1.,0.));
#548 = ( GEOMETRIC_REPRESENTATION_CONTEXT(2) 
PARAMETRIC_REPRESENTATION_CONTEXT() REPRESENTATION_CONTEXT('2D SPACE',''
  ) );
#549 = PCURVE('',#550,#555);
#550 = CYLINDRICAL_SURFACE('',#551,2.65);
#551 = AXIS2_PLACEMENT_3D('',#552,#553,#554);
#552 = CARTESIAN_POINT('',(18.9923594969,33.10332332496,-3.25));
#553 = DIRECTION('',(0.,0.,1.));
#554 = DIRECTION('',(1.,0.,-0.));
#555 = DEFINITIONAL_REPRESENTATION('',(#556),#560);
#556 = LINE('',#557,#558);
#557 = CARTESIAN_POINT('',(0.,3.25));
#558 = VECTOR('',#559,1.);
#559 = DIRECTION('',(1.,0.));
#560 = ( GEOMETRIC_REPRESENTATION_CONTEXT(2) 
PARAMETRIC_REPRESENTATION_CONTEXT() REPRESENTATION_CONTEXT('2D SPACE',''
  ) );
#561 = ADVANCED_FACE('',(#562),#72,.F.);
#562 = FACE_BOUND('',#563,.T.);
#563 = EDGE_LOOP('',(#564,#565,#588,#609));
#564 = ORIENTED_EDGE('',*,*,#417,.F.);
#565 = ORIENTED_EDGE('',*,*,#566,.T.);
#566 = EDGE_CURVE('',#144,#567,#569,.T.);
#567 = VERTEX_POINT('',#568);
#568 = CARTESIAN_POINT('',(6.,10.103323324963,3.));
#569 = SURFACE_CURVE('',#570,(#574,#581),.PCURVE_S1.);
#570 = LINE('',#571,#572);
#571 = CARTESIAN_POINT('',(6.,10.103323324963,0.));
#572 = VECTOR('',#573,1.);
#573 = DIRECTION('',(0.,0.,1.));
#574 = PCURVE('',#72,#575);
#575 = DEFINITIONAL_REPRESENTATION('',(#576),#580);
#576 = LINE('',#577,#578);
#577 = CARTESIAN_POINT('',(0.,0.));
#578 = VECTOR('',#579,1.);
#579 = DIRECTION('',(0.,1.));
#580 = ( GEOMETRIC_REPRESENTATION_CONTEXT(2) 
PARAMETRIC_REPRESENTATION_CONTEXT() REPRESENTATION_CONTEXT('2D SPACE',''
  ) );
#581 = PCURVE('',#159,#582);
#582 = DEFINITIONAL_REPRESENTATION('',(#583),#587);
#583 = LINE('',#584,#585);
#584 = CARTESIAN_POINT('',(6.,0.));
#585 = VECTOR('',#586,1.);
#586 = DIRECTION('',(0.,1.));
#587 = ( GEOMETRIC_REPRESENTATION_CONTEXT(2) 
PARAMETRIC_REPRESENTATION_CONTEXT() REPRESENTATION_CONTEXT('2D SPACE',''
  ) );
#588 = ORIENTED_EDGE('',*,*,#589,.F.);
#589 = EDGE_CURVE('',#57,#567,#590,.T.);
#590 = SURFACE_CURVE('',#591,(#595,#602),.PCURVE_S1.);
#591 = LINE('',#592,#593);
#592 = CARTESIAN_POINT('',(6.,15.551661662482,3.));
#593 = VECTOR('',#594,1.);
#594 = DIRECTION('',(2.56205313375E-16,-1.,0.));
#595 = PCURVE('',#72,#596);
#596 = DEFINITIONAL_REPRESENTATION('',(#597),#601);
#597 = LINE('',#598,#599);
#598 = CARTESIAN_POINT('',(5.448338337519,3.));
#599 = VECTOR('',#600,1.);
#600 = DIRECTION('',(-1.,0.));
#601 = ( GEOMETRIC_REPRESENTATION_CONTEXT(2) 
PARAMETRIC_REPRESENTATION_CONTEXT() REPRESENTATION_CONTEXT('2D SPACE',''
  ) );
#602 = PCURVE('',#100,#603);
#603 = DEFINITIONAL_REPRESENTATION('',(#604),#608);
#604 = LINE('',#605,#606);
#605 = CARTESIAN_POINT('',(-5.,-5.448338337518));
#606 = VECTOR('',#607,1.);
#607 = DIRECTION('',(2.56205313375E-16,-1.));
#608 = ( GEOMETRIC_REPRESENTATION_CONTEXT(2) 
PARAMETRIC_REPRESENTATION_CONTEXT() REPRESENTATION_CONTEXT('2D SPACE',''
  ) );
#609 = ORIENTED_EDGE('',*,*,#56,.F.);
#610 = ADVANCED_FACE('',(#611,#950,#981,#1012,#1126,#1157),#100,.T.);
#611 = FACE_BOUND('',#612,.T.);
#612 = EDGE_LOOP('',(#613,#636,#659,#682,#705,#728,#751,#774,#797,#820,
    #848,#876,#904,#927,#948,#949));
#613 = ORIENTED_EDGE('',*,*,#614,.T.);
#614 = EDGE_CURVE('',#567,#615,#617,.T.);
#615 = VERTEX_POINT('',#616);
#616 = CARTESIAN_POINT('',(0.,10.103323324963,3.));
#617 = SURFACE_CURVE('',#618,(#622,#629),.PCURVE_S1.);
#618 = LINE('',#619,#620);
#619 = CARTESIAN_POINT('',(5.5,10.103323324963,3.));
#620 = VECTOR('',#621,1.);
#621 = DIRECTION('',(-1.,0.,0.));
#622 = PCURVE('',#100,#623);
#623 = DEFINITIONAL_REPRESENTATION('',(#624),#628);
#624 = LINE('',#625,#626);
#625 = CARTESIAN_POINT('',(-5.5,-10.89667667503));
#626 = VECTOR('',#627,1.);
#627 = DIRECTION('',(-1.,0.));
#628 = ( GEOMETRIC_REPRESENTATION_CONTEXT(2) 
PARAMETRIC_REPRESENTATION_CONTEXT() REPRESENTATION_CONTEXT('2D SPACE',''
  ) );
#629 = PCURVE('',#159,#630);
#630 = DEFINITIONAL_REPRESENTATION('',(#631),#635);
#631 = LINE('',#632,#633);
#632 = CARTESIAN_POINT('',(5.5,3.));
#633 = VECTOR('',#634,1.);
#634 = DIRECTION('',(-1.,0.));
#635 = ( GEOMETRIC_REPRESENTATION_CONTEXT(2) 
PARAMETRIC_REPRESENTATION_CONTEXT() REPRESENTATION_CONTEXT('2D SPACE',''
  ) );
#636 = ORIENTED_EDGE('',*,*,#637,.T.);
#637 = EDGE_CURVE('',#615,#638,#640,.T.);
#638 = VERTEX_POINT('',#639);
#639 = CARTESIAN_POINT('',(0.,0.,3.));
#640 = SURFACE_CURVE('',#641,(#645,#652),.PCURVE_S1.);
#641 = LINE('',#642,#643);
#642 = CARTESIAN_POINT('',(0.,42.,3.));
#643 = VECTOR('',#644,1.);
#644 = DIRECTION('',(0.,-1.,0.));
#645 = PCURVE('',#100,#646);
#646 = DEFINITIONAL_REPRESENTATION('',(#647),#651);
#647 = LINE('',#648,#649);
#648 = CARTESIAN_POINT('',(-11.,21.));
#649 = VECTOR('',#650,1.);
#650 = DIRECTION('',(0.,-1.));
#651 = ( GEOMETRIC_REPRESENTATION_CONTEXT(2) 
PARAMETRIC_REPRESENTATION_CONTEXT() REPRESENTATION_CONTEXT('2D SPACE',''
  ) );
#652 = PCURVE('',#187,#653);
#653 = DEFINITIONAL_REPRESENTATION('',(#654),#658);
#654 = LINE('',#655,#656);
#655 = CARTESIAN_POINT('',(0.,3.));
#656 = VECTOR('',#657,1.);
#657 = DIRECTION('',(1.,0.));
#658 = ( GEOMETRIC_REPRESENTATION_CONTEXT(2) 
PARAMETRIC_REPRESENTATION_CONTEXT() REPRESENTATION_CONTEXT('2D SPACE',''
  ) );
#659 = ORIENTED_EDGE('',*,*,#660,.T.);
#660 = EDGE_CURVE('',#638,#661,#663,.T.);
#661 = VERTEX_POINT('',#662);
#662 = CARTESIAN_POINT('',(22.,0.,3.));
#663 = SURFACE_CURVE('',#664,(#668,#675),.PCURVE_S1.);
#664 = LINE('',#665,#666);
#665 = CARTESIAN_POINT('',(0.,0.,3.));
#666 = VECTOR('',#667,1.);
#667 = DIRECTION('',(1.,-4.902367131168E-33,0.));
#668 = PCURVE('',#100,#669);
#669 = DEFINITIONAL_REPRESENTATION('',(#670),#674);
#670 = LINE('',#671,#672);
#671 = CARTESIAN_POINT('',(-11.,-21.));
#672 = VECTOR('',#673,1.);
#673 = DIRECTION('',(1.,-4.902367131168E-33));
#674 = ( GEOMETRIC_REPRESENTATION_CONTEXT(2) 
PARAMETRIC_REPRESENTATION_CONTEXT() REPRESENTATION_CONTEXT('2D SPACE',''
  ) );
#675 = PCURVE('',#215,#676);
#676 = DEFINITIONAL_REPRESENTATION('',(#677),#681);
#677 = LINE('',#678,#679);
#678 = CARTESIAN_POINT('',(0.,3.));
#679 = VECTOR('',#680,1.);
#680 = DIRECTION('',(1.,0.));
#681 = ( GEOMETRIC_REPRESENTATION_CONTEXT(2) 
PARAMETRIC_REPRESENTATION_CONTEXT() REPRESENTATION_CONTEXT('2D SPACE',''
  ) );
#682 = ORIENTED_EDGE('',*,*,#683,.T.);
#683 = EDGE_CURVE('',#661,#684,#686,.T.);
#684 = VERTEX_POINT('',#685);
#685 = CARTESIAN_POINT('',(22.,10.103323324963,3.));
#686 = SURFACE_CURVE('',#687,(#691,#698),.PCURVE_S1.);
#687 = LINE('',#688,#689);
#688 = CARTESIAN_POINT('',(22.,-1.078520768857E-31,3.));
#689 = VECTOR('',#690,1.);
#690 = DIRECTION('',(2.114710523096E-16,1.,0.));
#691 = PCURVE('',#100,#692);
#692 = DEFINITIONAL_REPRESENTATION('',(#693),#697);
#693 = LINE('',#694,#695);
#694 = CARTESIAN_POINT('',(11.,-21.));
#695 = VECTOR('',#696,1.);
#696 = DIRECTION('',(2.114710523096E-16,1.));
#697 = ( GEOMETRIC_REPRESENTATION_CONTEXT(2) 
PARAMETRIC_REPRESENTATION_CONTEXT() REPRESENTATION_CONTEXT('2D SPACE',''
  ) );
#698 = PCURVE('',#243,#699);
#699 = DEFINITIONAL_REPRESENTATION('',(#700),#704);
#700 = LINE('',#701,#702);
#701 = CARTESIAN_POINT('',(0.,3.));
#702 = VECTOR('',#703,1.);
#703 = DIRECTION('',(1.,0.));
#704 = ( GEOMETRIC_REPRESENTATION_CONTEXT(2) 
PARAMETRIC_REPRESENTATION_CONTEXT() REPRESENTATION_CONTEXT('2D SPACE',''
  ) );
#705 = ORIENTED_EDGE('',*,*,#706,.T.);
#706 = EDGE_CURVE('',#684,#707,#709,.T.);
#707 = VERTEX_POINT('',#708);
#708 = CARTESIAN_POINT('',(16.,10.103323324963,3.));
#709 = SURFACE_CURVE('',#710,(#714,#721),.PCURVE_S1.);
#710 = LINE('',#711,#712);
#711 = CARTESIAN_POINT('',(13.5,10.103323324963,3.));
#712 = VECTOR('',#713,1.);
#713 = DIRECTION('',(-1.,3.700743415417E-16,0.));
#714 = PCURVE('',#100,#715);
#715 = DEFINITIONAL_REPRESENTATION('',(#716),#720);
#716 = LINE('',#717,#718);
#717 = CARTESIAN_POINT('',(2.5,-10.89667667503));
#718 = VECTOR('',#719,1.);
#719 = DIRECTION('',(-1.,3.700743415417E-16));
#720 = ( GEOMETRIC_REPRESENTATION_CONTEXT(2) 
PARAMETRIC_REPRESENTATION_CONTEXT() REPRESENTATION_CONTEXT('2D SPACE',''
  ) );
#721 = PCURVE('',#271,#722);
#722 = DEFINITIONAL_REPRESENTATION('',(#723),#727);
#723 = LINE('',#724,#725);
#724 = CARTESIAN_POINT('',(-2.5,3.));
#725 = VECTOR('',#726,1.);
#726 = DIRECTION('',(-1.,0.));
#727 = ( GEOMETRIC_REPRESENTATION_CONTEXT(2) 
PARAMETRIC_REPRESENTATION_CONTEXT() REPRESENTATION_CONTEXT('2D SPACE',''
  ) );
#728 = ORIENTED_EDGE('',*,*,#729,.T.);
#729 = EDGE_CURVE('',#707,#730,#732,.T.);
#730 = VERTEX_POINT('',#731);
#731 = CARTESIAN_POINT('',(16.,23.103323324963,3.));
#732 = SURFACE_CURVE('',#733,(#737,#744),.PCURVE_S1.);
#733 = LINE('',#734,#735);
#734 = CARTESIAN_POINT('',(16.,22.051661662482,3.));
#735 = VECTOR('',#736,1.);
#736 = DIRECTION('',(5.124106267501E-16,1.,0.));
#737 = PCURVE('',#100,#738);
#738 = DEFINITIONAL_REPRESENTATION('',(#739),#743);
#739 = LINE('',#740,#741);
#740 = CARTESIAN_POINT('',(5.,1.051661662482));
#741 = VECTOR('',#742,1.);
#742 = DIRECTION('',(5.124106267501E-16,1.));
#743 = ( GEOMETRIC_REPRESENTATION_CONTEXT(2) 
PARAMETRIC_REPRESENTATION_CONTEXT() REPRESENTATION_CONTEXT('2D SPACE',''
  ) );
#744 = PCURVE('',#299,#745);
#745 = DEFINITIONAL_REPRESENTATION('',(#746),#750);
#746 = LINE('',#747,#748);
#747 = CARTESIAN_POINT('',(1.051661662481,3.));
#748 = VECTOR('',#749,1.);
#749 = DIRECTION('',(-1.,0.));
#750 = ( GEOMETRIC_REPRESENTATION_CONTEXT(2) 
PARAMETRIC_REPRESENTATION_CONTEXT() REPRESENTATION_CONTEXT('2D SPACE',''
  ) );
#751 = ORIENTED_EDGE('',*,*,#752,.T.);
#752 = EDGE_CURVE('',#730,#753,#755,.T.);
#753 = VERTEX_POINT('',#754);
#754 = CARTESIAN_POINT('',(22.,23.103323324963,3.));
#755 = SURFACE_CURVE('',#756,(#760,#767),.PCURVE_S1.);
#756 = LINE('',#757,#758);
#757 = CARTESIAN_POINT('',(16.5,23.103323324963,3.));
#758 = VECTOR('',#759,1.);
#759 = DIRECTION('',(1.,-7.401486830834E-16,0.));
#760 = PCURVE('',#100,#761);
#761 = DEFINITIONAL_REPRESENTATION('',(#762),#766);
#762 = LINE('',#763,#764);
#763 = CARTESIAN_POINT('',(5.5,2.103323324963));
#764 = VECTOR('',#765,1.);
#765 = DIRECTION('',(1.,-7.401486830834E-16));
#766 = ( GEOMETRIC_REPRESENTATION_CONTEXT(2) 
PARAMETRIC_REPRESENTATION_CONTEXT() REPRESENTATION_CONTEXT('2D SPACE',''
  ) );
#767 = PCURVE('',#327,#768);
#768 = DEFINITIONAL_REPRESENTATION('',(#769),#773);
#769 = LINE('',#770,#771);
#770 = CARTESIAN_POINT('',(5.5,3.));
#771 = VECTOR('',#772,1.);
#772 = DIRECTION('',(-1.,0.));
#773 = ( GEOMETRIC_REPRESENTATION_CONTEXT(2) 
PARAMETRIC_REPRESENTATION_CONTEXT() REPRESENTATION_CONTEXT('2D SPACE',''
  ) );
#774 = ORIENTED_EDGE('',*,*,#775,.T.);
#775 = EDGE_CURVE('',#753,#776,#778,.T.);
#776 = VERTEX_POINT('',#777);
#777 = CARTESIAN_POINT('',(22.,42.,3.));
#778 = SURFACE_CURVE('',#779,(#783,#790),.PCURVE_S1.);
#779 = LINE('',#780,#781);
#780 = CARTESIAN_POINT('',(22.,-1.078520768857E-31,3.));
#781 = VECTOR('',#782,1.);
#782 = DIRECTION('',(2.114710523096E-16,1.,0.));
#783 = PCURVE('',#100,#784);
#784 = DEFINITIONAL_REPRESENTATION('',(#785),#789);
#785 = LINE('',#786,#787);
#786 = CARTESIAN_POINT('',(11.,-21.));
#787 = VECTOR('',#788,1.);
#788 = DIRECTION('',(2.114710523096E-16,1.));
#789 = ( GEOMETRIC_REPRESENTATION_CONTEXT(2) 
PARAMETRIC_REPRESENTATION_CONTEXT() REPRESENTATION_CONTEXT('2D SPACE',''
  ) );
#790 = PCURVE('',#355,#791);
#791 = DEFINITIONAL_REPRESENTATION('',(#792),#796);
#792 = LINE('',#793,#794);
#793 = CARTESIAN_POINT('',(0.,3.));
#794 = VECTOR('',#795,1.);
#795 = DIRECTION('',(1.,0.));
#796 = ( GEOMETRIC_REPRESENTATION_CONTEXT(2) 
PARAMETRIC_REPRESENTATION_CONTEXT() REPRESENTATION_CONTEXT('2D SPACE',''
  ) );
#797 = ORIENTED_EDGE('',*,*,#798,.T.);
#798 = EDGE_CURVE('',#776,#799,#801,.T.);
#799 = VERTEX_POINT('',#800);
#800 = CARTESIAN_POINT('',(20.,42.,3.));
#801 = SURFACE_CURVE('',#802,(#806,#813),.PCURVE_S1.);
#802 = LINE('',#803,#804);
#803 = CARTESIAN_POINT('',(22.,42.,3.));
#804 = VECTOR('',#805,1.);
#805 = DIRECTION('',(-1.,4.037174635001E-16,0.));
#806 = PCURVE('',#100,#807);
#807 = DEFINITIONAL_REPRESENTATION('',(#808),#812);
#808 = LINE('',#809,#810);
#809 = CARTESIAN_POINT('',(11.,21.));
#810 = VECTOR('',#811,1.);
#811 = DIRECTION('',(-1.,4.037174635001E-16));
#812 = ( GEOMETRIC_REPRESENTATION_CONTEXT(2) 
PARAMETRIC_REPRESENTATION_CONTEXT() REPRESENTATION_CONTEXT('2D SPACE',''
  ) );
#813 = PCURVE('',#383,#814);
#814 = DEFINITIONAL_REPRESENTATION('',(#815),#819);
#815 = LINE('',#816,#817);
#816 = CARTESIAN_POINT('',(0.,3.));
#817 = VECTOR('',#818,1.);
#818 = DIRECTION('',(1.,0.));
#819 = ( GEOMETRIC_REPRESENTATION_CONTEXT(2) 
PARAMETRIC_REPRESENTATION_CONTEXT() REPRESENTATION_CONTEXT('2D SPACE',''
  ) );
#820 = ORIENTED_EDGE('',*,*,#821,.T.);
#821 = EDGE_CURVE('',#799,#822,#824,.T.);
#822 = VERTEX_POINT('',#823);
#823 = CARTESIAN_POINT('',(20.,39.,3.));
#824 = SURFACE_CURVE('',#825,(#829,#836),.PCURVE_S1.);
#825 = LINE('',#826,#827);
#826 = CARTESIAN_POINT('',(20.,30.,3.));
#827 = VECTOR('',#828,1.);
#828 = DIRECTION('',(0.,-1.,0.));
#829 = PCURVE('',#100,#830);
#830 = DEFINITIONAL_REPRESENTATION('',(#831),#835);
#831 = LINE('',#832,#833);
#832 = CARTESIAN_POINT('',(9.,9.));
#833 = VECTOR('',#834,1.);
#834 = DIRECTION('',(0.,-1.));
#835 = ( GEOMETRIC_REPRESENTATION_CONTEXT(2) 
PARAMETRIC_REPRESENTATION_CONTEXT() REPRESENTATION_CONTEXT('2D SPACE',''
  ) );
#836 = PCURVE('',#837,#842);
#837 = PLANE('',#838);
#838 = AXIS2_PLACEMENT_3D('',#839,#840,#841);
#839 = CARTESIAN_POINT('',(20.,39.,3.));
#840 = DIRECTION('',(1.,0.,0.));
#841 = DIRECTION('',(-0.,1.,0.));
#842 = DEFINITIONAL_REPRESENTATION('',(#843),#847);
#843 = LINE('',#844,#845);
#844 = CARTESIAN_POINT('',(-9.,0.));
#845 = VECTOR('',#846,1.);
#846 = DIRECTION('',(-1.,0.));
#847 = ( GEOMETRIC_REPRESENTATION_CONTEXT(2) 
PARAMETRIC_REPRESENTATION_CONTEXT() REPRESENTATION_CONTEXT('2D SPACE',''
  ) );
#848 = ORIENTED_EDGE('',*,*,#849,.T.);
#849 = EDGE_CURVE('',#822,#850,#852,.T.);
#850 = VERTEX_POINT('',#851);
#851 = CARTESIAN_POINT('',(2.,39.,3.));
#852 = SURFACE_CURVE('',#853,(#857,#864),.PCURVE_S1.);
#853 = LINE('',#854,#855);
#854 = CARTESIAN_POINT('',(6.5,39.,3.));
#855 = VECTOR('',#856,1.);
#856 = DIRECTION('',(-1.,0.,0.));
#857 = PCURVE('',#100,#858);
#858 = DEFINITIONAL_REPRESENTATION('',(#859),#863);
#859 = LINE('',#860,#861);
#860 = CARTESIAN_POINT('',(-4.5,18.));
#861 = VECTOR('',#862,1.);
#862 = DIRECTION('',(-1.,0.));
#863 = ( GEOMETRIC_REPRESENTATION_CONTEXT(2) 
PARAMETRIC_REPRESENTATION_CONTEXT() REPRESENTATION_CONTEXT('2D SPACE',''
  ) );
#864 = PCURVE('',#865,#870);
#865 = PLANE('',#866);
#866 = AXIS2_PLACEMENT_3D('',#867,#868,#869);
#867 = CARTESIAN_POINT('',(2.,39.,3.));
#868 = DIRECTION('',(0.,-1.,0.));
#869 = DIRECTION('',(1.,0.,0.));
#870 = DEFINITIONAL_REPRESENTATION('',(#871),#875);
#871 = LINE('',#872,#873);
#872 = CARTESIAN_POINT('',(4.5,0.));
#873 = VECTOR('',#874,1.);
#874 = DIRECTION('',(-1.,0.));
#875 = ( GEOMETRIC_REPRESENTATION_CONTEXT(2) 
PARAMETRIC_REPRESENTATION_CONTEXT() REPRESENTATION_CONTEXT('2D SPACE',''
  ) );
#876 = ORIENTED_EDGE('',*,*,#877,.T.);
#877 = EDGE_CURVE('',#850,#878,#880,.T.);
#878 = VERTEX_POINT('',#879);
#879 = CARTESIAN_POINT('',(2.,42.,3.));
#880 = SURFACE_CURVE('',#881,(#885,#892),.PCURVE_S1.);
#881 = LINE('',#882,#883);
#882 = CARTESIAN_POINT('',(2.,31.5,3.));
#883 = VECTOR('',#884,1.);
#884 = DIRECTION('',(7.401486830834E-16,1.,0.));
#885 = PCURVE('',#100,#886);
#886 = DEFINITIONAL_REPRESENTATION('',(#887),#891);
#887 = LINE('',#888,#889);
#888 = CARTESIAN_POINT('',(-9.,10.5));
#889 = VECTOR('',#890,1.);
#890 = DIRECTION('',(7.401486830834E-16,1.));
#891 = ( GEOMETRIC_REPRESENTATION_CONTEXT(2) 
PARAMETRIC_REPRESENTATION_CONTEXT() REPRESENTATION_CONTEXT('2D SPACE',''
  ) );
#892 = PCURVE('',#893,#898);
#893 = PLANE('',#894);
#894 = AXIS2_PLACEMENT_3D('',#895,#896,#897);
#895 = CARTESIAN_POINT('',(2.,42.,3.));
#896 = DIRECTION('',(-1.,7.401486830834E-16,0.));
#897 = DIRECTION('',(-7.401486830834E-16,-1.,0.));
#898 = DEFINITIONAL_REPRESENTATION('',(#899),#903);
#899 = LINE('',#900,#901);
#900 = CARTESIAN_POINT('',(10.5,0.));
#901 = VECTOR('',#902,1.);
#902 = DIRECTION('',(-1.,0.));
#903 = ( GEOMETRIC_REPRESENTATION_CONTEXT(2) 
PARAMETRIC_REPRESENTATION_CONTEXT() REPRESENTATION_CONTEXT('2D SPACE',''
  ) );
#904 = ORIENTED_EDGE('',*,*,#905,.T.);
#905 = EDGE_CURVE('',#878,#906,#908,.T.);
#906 = VERTEX_POINT('',#907);
#907 = CARTESIAN_POINT('',(0.,42.,3.));
#908 = SURFACE_CURVE('',#909,(#913,#920),.PCURVE_S1.);
#909 = LINE('',#910,#911);
#910 = CARTESIAN_POINT('',(22.,42.,3.));
#911 = VECTOR('',#912,1.);
#912 = DIRECTION('',(-1.,4.037174635001E-16,0.));
#913 = PCURVE('',#100,#914);
#914 = DEFINITIONAL_REPRESENTATION('',(#915),#919);
#915 = LINE('',#916,#917);
#916 = CARTESIAN_POINT('',(11.,21.));
#917 = VECTOR('',#918,1.);
#918 = DIRECTION('',(-1.,4.037174635001E-16));
#919 = ( GEOMETRIC_REPRESENTATION_CONTEXT(2) 
PARAMETRIC_REPRESENTATION_CONTEXT() REPRESENTATION_CONTEXT('2D SPACE',''
  ) );
#920 = PCURVE('',#383,#921);
#921 = DEFINITIONAL_REPRESENTATION('',(#922),#926);
#922 = LINE('',#923,#924);
#923 = CARTESIAN_POINT('',(0.,3.));
#924 = VECTOR('',#925,1.);
#925 = DIRECTION('',(1.,0.));
#926 = ( GEOMETRIC_REPRESENTATION_CONTEXT(2) 
PARAMETRIC_REPRESENTATION_CONTEXT() REPRESENTATION_CONTEXT('2D SPACE',''
  ) );
#927 = ORIENTED_EDGE('',*,*,#928,.T.);
#928 = EDGE_CURVE('',#906,#85,#929,.T.);
#929 = SURFACE_CURVE('',#930,(#934,#941),.PCURVE_S1.);
#930 = LINE('',#931,#932);
#931 = CARTESIAN_POINT('',(0.,42.,3.));
#932 = VECTOR('',#933,1.);
#933 = DIRECTION('',(0.,-1.,0.));
#934 = PCURVE('',#100,#935);
#935 = DEFINITIONAL_REPRESENTATION('',(#936),#940);
#936 = LINE('',#937,#938);
#937 = CARTESIAN_POINT('',(-11.,21.));
#938 = VECTOR('',#939,1.);
#939 = DIRECTION('',(0.,-1.));
#940 = ( GEOMETRIC_REPRESENTATION_CONTEXT(2) 
PARAMETRIC_REPRESENTATION_CONTEXT() REPRESENTATION_CONTEXT('2D SPACE',''
  ) );
#941 = PCURVE('',#126,#942);
#942 = DEFINITIONAL_REPRESENTATION('',(#943),#947);
#943 = LINE('',#944,#945);
#944 = CARTESIAN_POINT('',(0.,3.));
#945 = VECTOR('',#946,1.);
#946 = DIRECTION('',(1.,0.));
#947 = ( GEOMETRIC_REPRESENTATION_CONTEXT(2) 
PARAMETRIC_REPRESENTATION_CONTEXT() REPRESENTATION_CONTEXT('2D SPACE',''
  ) );
#948 = ORIENTED_EDGE('',*,*,#84,.T.);
#949 = ORIENTED_EDGE('',*,*,#589,.T.);
#950 = FACE_BOUND('',#951,.T.);
#951 = EDGE_LOOP('',(#952));
#952 = ORIENTED_EDGE('',*,*,#953,.F.);
#953 = EDGE_CURVE('',#954,#954,#956,.T.);
#954 = VERTEX_POINT('',#955);
#955 = CARTESIAN_POINT('',(4.235949689515E-02,3.103323324963,3.));
#956 = SURFACE_CURVE('',#957,(#962,#969),.PCURVE_S1.);
#957 = CIRCLE('',#958,2.95);
#958 = AXIS2_PLACEMENT_3D('',#959,#960,#961);
#959 = CARTESIAN_POINT('',(2.992359496895,3.103323324963,3.));
#960 = DIRECTION('',(0.,0.,1.));
#961 = DIRECTION('',(1.,0.,-0.));
#962 = PCURVE('',#100,#963);
#963 = DEFINITIONAL_REPRESENTATION('',(#964),#968);
#964 = CIRCLE('',#965,2.95);
#965 = AXIS2_PLACEMENT_2D('',#966,#967);
#966 = CARTESIAN_POINT('',(-8.007640503105,-17.89667667503));
#967 = DIRECTION('',(1.,0.));
#968 = ( GEOMETRIC_REPRESENTATION_CONTEXT(2) 
PARAMETRIC_REPRESENTATION_CONTEXT() REPRESENTATION_CONTEXT('2D SPACE',''
  ) );
#969 = PCURVE('',#970,#975);
#970 = CONICAL_SURFACE('',#971,2.05,0.785398163397);
#971 = AXIS2_PLACEMENT_3D('',#972,#973,#974);
#972 = CARTESIAN_POINT('',(2.992359496895,3.103323324963,2.1));
#973 = DIRECTION('',(0.,0.,1.));
#974 = DIRECTION('',(1.,0.,-0.));
#975 = DEFINITIONAL_REPRESENTATION('',(#976),#980);
#976 = LINE('',#977,#978);
#977 = CARTESIAN_POINT('',(0.,0.9));
#978 = VECTOR('',#979,1.);
#979 = DIRECTION('',(1.,0.));
#980 = ( GEOMETRIC_REPRESENTATION_CONTEXT(2) 
PARAMETRIC_REPRESENTATION_CONTEXT() REPRESENTATION_CONTEXT('2D SPACE',''
  ) );
#981 = FACE_BOUND('',#982,.T.);
#982 = EDGE_LOOP('',(#983));
#983 = ORIENTED_EDGE('',*,*,#984,.F.);
#984 = EDGE_CURVE('',#985,#985,#987,.T.);
#985 = VERTEX_POINT('',#986);
#986 = CARTESIAN_POINT('',(16.042359496895,33.103323324963,3.));
#987 = SURFACE_CURVE('',#988,(#993,#1000),.PCURVE_S1.);
#988 = CIRCLE('',#989,2.95);
#989 = AXIS2_PLACEMENT_3D('',#990,#991,#992);
#990 = CARTESIAN_POINT('',(18.992359496895,33.103323324963,3.));
#991 = DIRECTION('',(0.,0.,1.));
#992 = DIRECTION('',(1.,0.,-0.));
#993 = PCURVE('',#100,#994);
#994 = DEFINITIONAL_REPRESENTATION('',(#995),#999);
#995 = CIRCLE('',#996,2.95);
#996 = AXIS2_PLACEMENT_2D('',#997,#998);
#997 = CARTESIAN_POINT('',(7.992359496895,12.103323324963));
#998 = DIRECTION('',(1.,0.));
#999 = ( GEOMETRIC_REPRESENTATION_CONTEXT(2) 
PARAMETRIC_REPRESENTATION_CONTEXT() REPRESENTATION_CONTEXT('2D SPACE',''
  ) );
#1000 = PCURVE('',#1001,#1006);
#1001 = CONICAL_SURFACE('',#1002,2.05,0.785398163397);
#1002 = AXIS2_PLACEMENT_3D('',#1003,#1004,#1005);
#1003 = CARTESIAN_POINT('',(18.992359496895,33.103323324963,2.1));
#1004 = DIRECTION('',(0.,0.,1.));
#1005 = DIRECTION('',(1.,0.,-0.));
#1006 = DEFINITIONAL_REPRESENTATION('',(#1007),#1011);
#1007 = LINE('',#1008,#1009);
#1008 = CARTESIAN_POINT('',(0.,0.9));
#1009 = VECTOR('',#1010,1.);
#1010 = DIRECTION('',(1.,0.));
#1011 = ( GEOMETRIC_REPRESENTATION_CONTEXT(2) 
PARAMETRIC_REPRESENTATION_CONTEXT() REPRESENTATION_CONTEXT('2D SPACE',''
  ) );
#1012 = FACE_BOUND('',#1013,.T.);
#1013 = EDGE_LOOP('',(#1014,#1044,#1072,#1100));
#1014 = ORIENTED_EDGE('',*,*,#1015,.T.);
#1015 = EDGE_CURVE('',#1016,#1018,#1020,.T.);
#1016 = VERTEX_POINT('',#1017);
#1017 = CARTESIAN_POINT('',(2.,9.5,3.));
#1018 = VERTEX_POINT('',#1019);
#1019 = CARTESIAN_POINT('',(20.,9.5,3.));
#1020 = SURFACE_CURVE('',#1021,(#1025,#1032),.PCURVE_S1.);
#1021 = LINE('',#1022,#1023);
#1022 = CARTESIAN_POINT('',(15.5,9.5,3.));
#1023 = VECTOR('',#1024,1.);
#1024 = DIRECTION('',(1.,4.317533984653E-16,0.));
#1025 = PCURVE('',#100,#1026);
#1026 = DEFINITIONAL_REPRESENTATION('',(#1027),#1031);
#1027 = LINE('',#1028,#1029);
#1028 = CARTESIAN_POINT('',(4.5,-11.5));
#1029 = VECTOR('',#1030,1.);
#1030 = DIRECTION('',(1.,4.317533984653E-16));
#1031 = ( GEOMETRIC_REPRESENTATION_CONTEXT(2) 
PARAMETRIC_REPRESENTATION_CONTEXT() REPRESENTATION_CONTEXT('2D SPACE',''
  ) );
#1032 = PCURVE('',#1033,#1038);
#1033 = PLANE('',#1034);
#1034 = AXIS2_PLACEMENT_3D('',#1035,#1036,#1037);
#1035 = CARTESIAN_POINT('',(20.,9.5,3.));
#1036 = DIRECTION('',(-4.317533984653E-16,1.,0.));
#1037 = DIRECTION('',(-1.,-4.317533984653E-16,0.));
#1038 = DEFINITIONAL_REPRESENTATION('',(#1039),#1043);
#1039 = LINE('',#1040,#1041);
#1040 = CARTESIAN_POINT('',(4.5,0.));
#1041 = VECTOR('',#1042,1.);
#1042 = DIRECTION('',(-1.,0.));
#1043 = ( GEOMETRIC_REPRESENTATION_CONTEXT(2) 
PARAMETRIC_REPRESENTATION_CONTEXT() REPRESENTATION_CONTEXT('2D SPACE',''
  ) );
#1044 = ORIENTED_EDGE('',*,*,#1045,.T.);
#1045 = EDGE_CURVE('',#1018,#1046,#1048,.T.);
#1046 = VERTEX_POINT('',#1047);
#1047 = CARTESIAN_POINT('',(20.,6.5,3.));
#1048 = SURFACE_CURVE('',#1049,(#1053,#1060),.PCURVE_S1.);
#1049 = LINE('',#1050,#1051);
#1050 = CARTESIAN_POINT('',(20.,13.75,3.));
#1051 = VECTOR('',#1052,1.);
#1052 = DIRECTION('',(0.,-1.,0.));
#1053 = PCURVE('',#100,#1054);
#1054 = DEFINITIONAL_REPRESENTATION('',(#1055),#1059);
#1055 = LINE('',#1056,#1057);
#1056 = CARTESIAN_POINT('',(9.,-7.25));
#1057 = VECTOR('',#1058,1.);
#1058 = DIRECTION('',(0.,-1.));
#1059 = ( GEOMETRIC_REPRESENTATION_CONTEXT(2) 
PARAMETRIC_REPRESENTATION_CONTEXT() REPRESENTATION_CONTEXT('2D SPACE',''
  ) );
#1060 = PCURVE('',#1061,#1066);
#1061 = PLANE('',#1062);
#1062 = AXIS2_PLACEMENT_3D('',#1063,#1064,#1065);
#1063 = CARTESIAN_POINT('',(20.,6.5,3.));
#1064 = DIRECTION('',(1.,0.,0.));
#1065 = DIRECTION('',(-0.,1.,0.));
#1066 = DEFINITIONAL_REPRESENTATION('',(#1067),#1071);
#1067 = LINE('',#1068,#1069);
#1068 = CARTESIAN_POINT('',(7.25,0.));
#1069 = VECTOR('',#1070,1.);
#1070 = DIRECTION('',(-1.,0.));
#1071 = ( GEOMETRIC_REPRESENTATION_CONTEXT(2) 
PARAMETRIC_REPRESENTATION_CONTEXT() REPRESENTATION_CONTEXT('2D SPACE',''
  ) );
#1072 = ORIENTED_EDGE('',*,*,#1073,.T.);
#1073 = EDGE_CURVE('',#1046,#1074,#1076,.T.);
#1074 = VERTEX_POINT('',#1075);
#1075 = CARTESIAN_POINT('',(2.,6.5,3.));
#1076 = SURFACE_CURVE('',#1077,(#1081,#1088),.PCURVE_S1.);
#1077 = LINE('',#1078,#1079);
#1078 = CARTESIAN_POINT('',(6.5,6.5,3.));
#1079 = VECTOR('',#1080,1.);
#1080 = DIRECTION('',(-1.,0.,0.));
#1081 = PCURVE('',#100,#1082);
#1082 = DEFINITIONAL_REPRESENTATION('',(#1083),#1087);
#1083 = LINE('',#1084,#1085);
#1084 = CARTESIAN_POINT('',(-4.5,-14.5));
#1085 = VECTOR('',#1086,1.);
#1086 = DIRECTION('',(-1.,0.));
#1087 = ( GEOMETRIC_REPRESENTATION_CONTEXT(2) 
PARAMETRIC_REPRESENTATION_CONTEXT() REPRESENTATION_CONTEXT('2D SPACE',''
  ) );
#1088 = PCURVE('',#1089,#1094);
#1089 = PLANE('',#1090);
#1090 = AXIS2_PLACEMENT_3D('',#1091,#1092,#1093);
#1091 = CARTESIAN_POINT('',(2.,6.5,3.));
#1092 = DIRECTION('',(0.,-1.,0.));
#1093 = DIRECTION('',(1.,0.,0.));
#1094 = DEFINITIONAL_REPRESENTATION('',(#1095),#1099);
#1095 = LINE('',#1096,#1097);
#1096 = CARTESIAN_POINT('',(4.5,0.));
#1097 = VECTOR('',#1098,1.);
#1098 = DIRECTION('',(-1.,0.));
#1099 = ( GEOMETRIC_REPRESENTATION_CONTEXT(2) 
PARAMETRIC_REPRESENTATION_CONTEXT() REPRESENTATION_CONTEXT('2D SPACE',''
  ) );
#1100 = ORIENTED_EDGE('',*,*,#1101,.T.);
#1101 = EDGE_CURVE('',#1074,#1016,#1102,.T.);
#1102 = SURFACE_CURVE('',#1103,(#1107,#1114),.PCURVE_S1.);
#1103 = LINE('',#1104,#1105);
#1104 = CARTESIAN_POINT('',(2.,15.25,3.));
#1105 = VECTOR('',#1106,1.);
#1106 = DIRECTION('',(0.,1.,0.));
#1107 = PCURVE('',#100,#1108);
#1108 = DEFINITIONAL_REPRESENTATION('',(#1109),#1113);
#1109 = LINE('',#1110,#1111);
#1110 = CARTESIAN_POINT('',(-9.,-5.75));
#1111 = VECTOR('',#1112,1.);
#1112 = DIRECTION('',(0.,1.));
#1113 = ( GEOMETRIC_REPRESENTATION_CONTEXT(2) 
PARAMETRIC_REPRESENTATION_CONTEXT() REPRESENTATION_CONTEXT('2D SPACE',''
  ) );
#1114 = PCURVE('',#1115,#1120);
#1115 = PLANE('',#1116);
#1116 = AXIS2_PLACEMENT_3D('',#1117,#1118,#1119);
#1117 = CARTESIAN_POINT('',(2.,9.5,3.));
#1118 = DIRECTION('',(-1.,0.,0.));
#1119 = DIRECTION('',(0.,-1.,0.));
#1120 = DEFINITIONAL_REPRESENTATION('',(#1121),#1125);
#1121 = LINE('',#1122,#1123);
#1122 = CARTESIAN_POINT('',(-5.75,0.));
#1123 = VECTOR('',#1124,1.);
#1124 = DIRECTION('',(-1.,0.));
#1125 = ( GEOMETRIC_REPRESENTATION_CONTEXT(2) 
PARAMETRIC_REPRESENTATION_CONTEXT() REPRESENTATION_CONTEXT('2D SPACE',''
  ) );
#1126 = FACE_BOUND('',#1127,.T.);
#1127 = EDGE_LOOP('',(#1128));
#1128 = ORIENTED_EDGE('',*,*,#1129,.F.);
#1129 = EDGE_CURVE('',#1130,#1130,#1132,.T.);
#1130 = VERTEX_POINT('',#1131);
#1131 = CARTESIAN_POINT('',(4.235949689515E-02,33.103323324963,3.));
#1132 = SURFACE_CURVE('',#1133,(#1138,#1145),.PCURVE_S1.);
#1133 = CIRCLE('',#1134,2.95);
#1134 = AXIS2_PLACEMENT_3D('',#1135,#1136,#1137);
#1135 = CARTESIAN_POINT('',(2.992359496895,33.103323324963,3.));
#1136 = DIRECTION('',(0.,0.,1.));
#1137 = DIRECTION('',(1.,0.,-0.));
#1138 = PCURVE('',#100,#1139);
#1139 = DEFINITIONAL_REPRESENTATION('',(#1140),#1144);
#1140 = CIRCLE('',#1141,2.95);
#1141 = AXIS2_PLACEMENT_2D('',#1142,#1143);
#1142 = CARTESIAN_POINT('',(-8.007640503105,12.103323324963));
#1143 = DIRECTION('',(1.,0.));
#1144 = ( GEOMETRIC_REPRESENTATION_CONTEXT(2) 
PARAMETRIC_REPRESENTATION_CONTEXT() REPRESENTATION_CONTEXT('2D SPACE',''
  ) );
#1145 = PCURVE('',#1146,#1151);
#1146 = CONICAL_SURFACE('',#1147,2.05,0.785398163397);
#1147 = AXIS2_PLACEMENT_3D('',#1148,#1149,#1150);
#1148 = CARTESIAN_POINT('',(2.992359496895,33.103323324963,2.1));
#1149 = DIRECTION('',(0.,0.,1.));
#1150 = DIRECTION('',(1.,0.,-0.));
#1151 = DEFINITIONAL_REPRESENTATION('',(#1152),#1156);
#1152 = LINE('',#1153,#1154);
#1153 = CARTESIAN_POINT('',(0.,0.9));
#1154 = VECTOR('',#1155,1.);
#1155 = DIRECTION('',(1.,0.));
#1156 = ( GEOMETRIC_REPRESENTATION_CONTEXT(2) 
PARAMETRIC_REPRESENTATION_CONTEXT() REPRESENTATION_CONTEXT('2D SPACE',''
  ) );
#1157 = FACE_BOUND('',#1158,.T.);
#1158 = EDGE_LOOP('',(#1159));
#1159 = ORIENTED_EDGE('',*,*,#1160,.F.);
#1160 = EDGE_CURVE('',#1161,#1161,#1163,.T.);
#1161 = VERTEX_POINT('',#1162);
#1162 = CARTESIAN_POINT('',(16.042359496895,3.103323324963,3.));
#1163 = SURFACE_CURVE('',#1164,(#1169,#1176),.PCURVE_S1.);
#1164 = CIRCLE('',#1165,2.95);
#1165 = AXIS2_PLACEMENT_3D('',#1166,#1167,#1168);
#1166 = CARTESIAN_POINT('',(18.992359496895,3.103323324963,3.));
#1167 = DIRECTION('',(0.,0.,1.));
#1168 = DIRECTION('',(1.,0.,-0.));
#1169 = PCURVE('',#100,#1170);
#1170 = DEFINITIONAL_REPRESENTATION('',(#1171),#1175);
#1171 = CIRCLE('',#1172,2.95);
#1172 = AXIS2_PLACEMENT_2D('',#1173,#1174);
#1173 = CARTESIAN_POINT('',(7.992359496895,-17.89667667503));
#1174 = DIRECTION('',(1.,0.));
#1175 = ( GEOMETRIC_REPRESENTATION_CONTEXT(2) 
PARAMETRIC_REPRESENTATION_CONTEXT() REPRESENTATION_CONTEXT('2D SPACE',''
  ) );
#1176 = PCURVE('',#1177,#1182);
#1177 = CONICAL_SURFACE('',#1178,2.05,0.785398163397);
#1178 = AXIS2_PLACEMENT_3D('',#1179,#1180,#1181);
#1179 = CARTESIAN_POINT('',(18.992359496895,3.103323324963,2.1));
#1180 = DIRECTION('',(0.,0.,1.));
#1181 = DIRECTION('',(1.,0.,-0.));
#1182 = DEFINITIONAL_REPRESENTATION('',(#1183),#1187);
#1183 = LINE('',#1184,#1185);
#1184 = CARTESIAN_POINT('',(0.,0.9));
#1185 = VECTOR('',#1186,1.);
#1186 = DIRECTION('',(1.,0.));
#1187 = ( GEOMETRIC_REPRESENTATION_CONTEXT(2) 
PARAMETRIC_REPRESENTATION_CONTEXT() REPRESENTATION_CONTEXT('2D SPACE',''
  ) );
#1188 = ADVANCED_FACE('',(#1189),#126,.T.);
#1189 = FACE_BOUND('',#1190,.T.);
#1190 = EDGE_LOOP('',(#1191,#1192,#1193,#1214));
#1191 = ORIENTED_EDGE('',*,*,#112,.T.);
#1192 = ORIENTED_EDGE('',*,*,#928,.F.);
#1193 = ORIENTED_EDGE('',*,*,#1194,.F.);
#1194 = EDGE_CURVE('',#368,#906,#1195,.T.);
#1195 = SURFACE_CURVE('',#1196,(#1200,#1207),.PCURVE_S1.);
#1196 = LINE('',#1197,#1198);
#1197 = CARTESIAN_POINT('',(0.,42.,0.));
#1198 = VECTOR('',#1199,1.);
#1199 = DIRECTION('',(0.,0.,1.));
#1200 = PCURVE('',#126,#1201);
#1201 = DEFINITIONAL_REPRESENTATION('',(#1202),#1206);
#1202 = LINE('',#1203,#1204);
#1203 = CARTESIAN_POINT('',(0.,0.));
#1204 = VECTOR('',#1205,1.);
#1205 = DIRECTION('',(0.,1.));
#1206 = ( GEOMETRIC_REPRESENTATION_CONTEXT(2) 
PARAMETRIC_REPRESENTATION_CONTEXT() REPRESENTATION_CONTEXT('2D SPACE',''
  ) );
#1207 = PCURVE('',#383,#1208);
#1208 = DEFINITIONAL_REPRESENTATION('',(#1209),#1213);
#1209 = LINE('',#1210,#1211);
#1210 = CARTESIAN_POINT('',(22.,0.));
#1211 = VECTOR('',#1212,1.);
#1212 = DIRECTION('',(0.,1.));
#1213 = ( GEOMETRIC_REPRESENTATION_CONTEXT(2) 
PARAMETRIC_REPRESENTATION_CONTEXT() REPRESENTATION_CONTEXT('2D SPACE',''
  ) );
#1214 = ORIENTED_EDGE('',*,*,#395,.T.);
#1215 = ADVANCED_FACE('',(#1216),#159,.F.);
#1216 = FACE_BOUND('',#1217,.T.);
#1217 = EDGE_LOOP('',(#1218,#1219,#1240,#1241));
#1218 = ORIENTED_EDGE('',*,*,#141,.F.);
#1219 = ORIENTED_EDGE('',*,*,#1220,.F.);
#1220 = EDGE_CURVE('',#615,#142,#1221,.T.);
#1221 = SURFACE_CURVE('',#1222,(#1226,#1233),.PCURVE_S1.);
#1222 = LINE('',#1223,#1224);
#1223 = CARTESIAN_POINT('',(0.,10.103323324963,0.));
#1224 = VECTOR('',#1225,1.);
#1225 = DIRECTION('',(0.,0.,-1.));
#1226 = PCURVE('',#159,#1227);
#1227 = DEFINITIONAL_REPRESENTATION('',(#1228),#1232);
#1228 = LINE('',#1229,#1230);
#1229 = CARTESIAN_POINT('',(0.,0.));
#1230 = VECTOR('',#1231,1.);
#1231 = DIRECTION('',(0.,-1.));
#1232 = ( GEOMETRIC_REPRESENTATION_CONTEXT(2) 
PARAMETRIC_REPRESENTATION_CONTEXT() REPRESENTATION_CONTEXT('2D SPACE',''
  ) );
#1233 = PCURVE('',#187,#1234);
#1234 = DEFINITIONAL_REPRESENTATION('',(#1235),#1239);
#1235 = LINE('',#1236,#1237);
#1236 = CARTESIAN_POINT('',(31.896676675037,0.));
#1237 = VECTOR('',#1238,1.);
#1238 = DIRECTION('',(0.,-1.));
#1239 = ( GEOMETRIC_REPRESENTATION_CONTEXT(2) 
PARAMETRIC_REPRESENTATION_CONTEXT() REPRESENTATION_CONTEXT('2D SPACE',''
  ) );
#1240 = ORIENTED_EDGE('',*,*,#614,.F.);
#1241 = ORIENTED_EDGE('',*,*,#566,.F.);
#1242 = ADVANCED_FACE('',(#1243),#187,.T.);
#1243 = FACE_BOUND('',#1244,.T.);
#1244 = EDGE_LOOP('',(#1245,#1246,#1247,#1268));
#1245 = ORIENTED_EDGE('',*,*,#1220,.T.);
#1246 = ORIENTED_EDGE('',*,*,#171,.T.);
#1247 = ORIENTED_EDGE('',*,*,#1248,.T.);
#1248 = EDGE_CURVE('',#172,#638,#1249,.T.);
#1249 = SURFACE_CURVE('',#1250,(#1254,#1261),.PCURVE_S1.);
#1250 = LINE('',#1251,#1252);
#1251 = CARTESIAN_POINT('',(0.,0.,0.));
#1252 = VECTOR('',#1253,1.);
#1253 = DIRECTION('',(0.,0.,1.));
#1254 = PCURVE('',#187,#1255);
#1255 = DEFINITIONAL_REPRESENTATION('',(#1256),#1260);
#1256 = LINE('',#1257,#1258);
#1257 = CARTESIAN_POINT('',(42.,0.));
#1258 = VECTOR('',#1259,1.);
#1259 = DIRECTION('',(0.,1.));
#1260 = ( GEOMETRIC_REPRESENTATION_CONTEXT(2) 
PARAMETRIC_REPRESENTATION_CONTEXT() REPRESENTATION_CONTEXT('2D SPACE',''
  ) );
#1261 = PCURVE('',#215,#1262);
#1262 = DEFINITIONAL_REPRESENTATION('',(#1263),#1267);
#1263 = LINE('',#1264,#1265);
#1264 = CARTESIAN_POINT('',(0.,0.));
#1265 = VECTOR('',#1266,1.);
#1266 = DIRECTION('',(0.,1.));
#1267 = ( GEOMETRIC_REPRESENTATION_CONTEXT(2) 
PARAMETRIC_REPRESENTATION_CONTEXT() REPRESENTATION_CONTEXT('2D SPACE',''
  ) );
#1268 = ORIENTED_EDGE('',*,*,#637,.F.);
#1269 = ADVANCED_FACE('',(#1270),#215,.T.);
#1270 = FACE_BOUND('',#1271,.T.);
#1271 = EDGE_LOOP('',(#1272,#1273,#1294,#1295));
#1272 = ORIENTED_EDGE('',*,*,#199,.T.);
#1273 = ORIENTED_EDGE('',*,*,#1274,.T.);
#1274 = EDGE_CURVE('',#200,#661,#1275,.T.);
#1275 = SURFACE_CURVE('',#1276,(#1280,#1287),.PCURVE_S1.);
#1276 = LINE('',#1277,#1278);
#1277 = CARTESIAN_POINT('',(22.,-1.078520768857E-31,0.));
#1278 = VECTOR('',#1279,1.);
#1279 = DIRECTION('',(0.,0.,1.));
#1280 = PCURVE('',#215,#1281);
#1281 = DEFINITIONAL_REPRESENTATION('',(#1282),#1286);
#1282 = LINE('',#1283,#1284);
#1283 = CARTESIAN_POINT('',(22.,0.));
#1284 = VECTOR('',#1285,1.);
#1285 = DIRECTION('',(0.,1.));
#1286 = ( GEOMETRIC_REPRESENTATION_CONTEXT(2) 
PARAMETRIC_REPRESENTATION_CONTEXT() REPRESENTATION_CONTEXT('2D SPACE',''
  ) );
#1287 = PCURVE('',#243,#1288);
#1288 = DEFINITIONAL_REPRESENTATION('',(#1289),#1293);
#1289 = LINE('',#1290,#1291);
#1290 = CARTESIAN_POINT('',(0.,0.));
#1291 = VECTOR('',#1292,1.);
#1292 = DIRECTION('',(0.,1.));
#1293 = ( GEOMETRIC_REPRESENTATION_CONTEXT(2) 
PARAMETRIC_REPRESENTATION_CONTEXT() REPRESENTATION_CONTEXT('2D SPACE',''
  ) );
#1294 = ORIENTED_EDGE('',*,*,#660,.F.);
#1295 = ORIENTED_EDGE('',*,*,#1248,.F.);
#1296 = ADVANCED_FACE('',(#1297),#243,.T.);
#1297 = FACE_BOUND('',#1298,.T.);
#1298 = EDGE_LOOP('',(#1299,#1320,#1321,#1322));
#1299 = ORIENTED_EDGE('',*,*,#1300,.T.);
#1300 = EDGE_CURVE('',#228,#684,#1301,.T.);
#1301 = SURFACE_CURVE('',#1302,(#1306,#1313),.PCURVE_S1.);
#1302 = LINE('',#1303,#1304);
#1303 = CARTESIAN_POINT('',(22.,10.103323324963,0.));
#1304 = VECTOR('',#1305,1.);
#1305 = DIRECTION('',(0.,0.,1.));
#1306 = PCURVE('',#243,#1307);
#1307 = DEFINITIONAL_REPRESENTATION('',(#1308),#1312);
#1308 = LINE('',#1309,#1310);
#1309 = CARTESIAN_POINT('',(10.103323324963,0.));
#1310 = VECTOR('',#1311,1.);
#1311 = DIRECTION('',(0.,1.));
#1312 = ( GEOMETRIC_REPRESENTATION_CONTEXT(2) 
PARAMETRIC_REPRESENTATION_CONTEXT() REPRESENTATION_CONTEXT('2D SPACE',''
  ) );
#1313 = PCURVE('',#271,#1314);
#1314 = DEFINITIONAL_REPRESENTATION('',(#1315),#1319);
#1315 = LINE('',#1316,#1317);
#1316 = CARTESIAN_POINT('',(6.,0.));
#1317 = VECTOR('',#1318,1.);
#1318 = DIRECTION('',(0.,1.));
#1319 = ( GEOMETRIC_REPRESENTATION_CONTEXT(2) 
PARAMETRIC_REPRESENTATION_CONTEXT() REPRESENTATION_CONTEXT('2D SPACE',''
  ) );
#1320 = ORIENTED_EDGE('',*,*,#683,.F.);
#1321 = ORIENTED_EDGE('',*,*,#1274,.F.);
#1322 = ORIENTED_EDGE('',*,*,#227,.T.);
#1323 = ADVANCED_FACE('',(#1324),#271,.F.);
#1324 = FACE_BOUND('',#1325,.T.);
#1325 = EDGE_LOOP('',(#1326,#1327,#1348,#1349));
#1326 = ORIENTED_EDGE('',*,*,#255,.F.);
#1327 = ORIENTED_EDGE('',*,*,#1328,.T.);
#1328 = EDGE_CURVE('',#256,#707,#1329,.T.);
#1329 = SURFACE_CURVE('',#1330,(#1334,#1341),.PCURVE_S1.);
#1330 = LINE('',#1331,#1332);
#1331 = CARTESIAN_POINT('',(16.,10.103323324963,0.));
#1332 = VECTOR('',#1333,1.);
#1333 = DIRECTION('',(0.,0.,1.));
#1334 = PCURVE('',#271,#1335);
#1335 = DEFINITIONAL_REPRESENTATION('',(#1336),#1340);
#1336 = LINE('',#1337,#1338);
#1337 = CARTESIAN_POINT('',(0.,0.));
#1338 = VECTOR('',#1339,1.);
#1339 = DIRECTION('',(0.,1.));
#1340 = ( GEOMETRIC_REPRESENTATION_CONTEXT(2) 
PARAMETRIC_REPRESENTATION_CONTEXT() REPRESENTATION_CONTEXT('2D SPACE',''
  ) );
#1341 = PCURVE('',#299,#1342);
#1342 = DEFINITIONAL_REPRESENTATION('',(#1343),#1347);
#1343 = LINE('',#1344,#1345);
#1344 = CARTESIAN_POINT('',(13.,0.));
#1345 = VECTOR('',#1346,1.);
#1346 = DIRECTION('',(0.,1.));
#1347 = ( GEOMETRIC_REPRESENTATION_CONTEXT(2) 
PARAMETRIC_REPRESENTATION_CONTEXT() REPRESENTATION_CONTEXT('2D SPACE',''
  ) );
#1348 = ORIENTED_EDGE('',*,*,#706,.F.);
#1349 = ORIENTED_EDGE('',*,*,#1300,.F.);
#1350 = ADVANCED_FACE('',(#1351,#1451,#1482,#1513,#1544),#383,.T.);
#1351 = FACE_BOUND('',#1352,.T.);
#1352 = EDGE_LOOP('',(#1353,#1384,#1405,#1406,#1427,#1428,#1429,#1430));
#1353 = ORIENTED_EDGE('',*,*,#1354,.T.);
#1354 = EDGE_CURVE('',#1355,#1357,#1359,.T.);
#1355 = VERTEX_POINT('',#1356);
#1356 = CARTESIAN_POINT('',(2.,42.,19.946926078129));
#1357 = VERTEX_POINT('',#1358);
#1358 = CARTESIAN_POINT('',(20.,42.,20.043147382046));
#1359 = SURFACE_CURVE('',#1360,(#1365,#1372),.PCURVE_S1.);
#1360 = CIRCLE('',#1361,9.061989099706);
#1361 = AXIS2_PLACEMENT_3D('',#1362,#1363,#1364);
#1362 = CARTESIAN_POINT('',(11.005650457451,42.,18.93801266192));
#1363 = DIRECTION('',(4.037174635001E-16,1.,-1.972152263053E-31));
#1364 = DIRECTION('',(-0.993782971748,4.012075406235E-16,0.111334653475)
  );
#1365 = PCURVE('',#383,#1366);
#1366 = DEFINITIONAL_REPRESENTATION('',(#1367),#1371);
#1367 = CIRCLE('',#1368,9.061989099706);
#1368 = AXIS2_PLACEMENT_2D('',#1369,#1370);
#1369 = CARTESIAN_POINT('',(10.994349542549,18.93801266192));
#1370 = DIRECTION('',(0.993782971748,0.111334653475));
#1371 = ( GEOMETRIC_REPRESENTATION_CONTEXT(2) 
PARAMETRIC_REPRESENTATION_CONTEXT() REPRESENTATION_CONTEXT('2D SPACE',''
  ) );
#1372 = PCURVE('',#1373,#1378);
#1373 = CYLINDRICAL_SURFACE('',#1374,9.061989099706);
#1374 = AXIS2_PLACEMENT_3D('',#1375,#1376,#1377);
#1375 = CARTESIAN_POINT('',(11.005650457451,42.,18.93801266192));
#1376 = DIRECTION('',(-3.885780586188E-16,-1.,0.));
#1377 = DIRECTION('',(-0.993782971748,3.861622578501E-16,0.111334653475)
  );
#1378 = DEFINITIONAL_REPRESENTATION('',(#1379),#1383);
#1379 = LINE('',#1380,#1381);
#1380 = CARTESIAN_POINT('',(6.28318530718,0.));
#1381 = VECTOR('',#1382,1.);
#1382 = DIRECTION('',(-1.,2.443600541941E-15));
#1383 = ( GEOMETRIC_REPRESENTATION_CONTEXT(2) 
PARAMETRIC_REPRESENTATION_CONTEXT() REPRESENTATION_CONTEXT('2D SPACE',''
  ) );
#1384 = ORIENTED_EDGE('',*,*,#1385,.F.);
#1385 = EDGE_CURVE('',#799,#1357,#1386,.T.);
#1386 = SURFACE_CURVE('',#1387,(#1391,#1398),.PCURVE_S1.);
#1387 = LINE('',#1388,#1389);
#1388 = CARTESIAN_POINT('',(20.,42.,3.));
#1389 = VECTOR('',#1390,1.);
#1390 = DIRECTION('',(0.,0.,1.));
#1391 = PCURVE('',#383,#1392);
#1392 = DEFINITIONAL_REPRESENTATION('',(#1393),#1397);
#1393 = LINE('',#1394,#1395);
#1394 = CARTESIAN_POINT('',(2.,3.));
#1395 = VECTOR('',#1396,1.);
#1396 = DIRECTION('',(0.,1.));
#1397 = ( GEOMETRIC_REPRESENTATION_CONTEXT(2) 
PARAMETRIC_REPRESENTATION_CONTEXT() REPRESENTATION_CONTEXT('2D SPACE',''
  ) );
#1398 = PCURVE('',#837,#1399);
#1399 = DEFINITIONAL_REPRESENTATION('',(#1400),#1404);
#1400 = LINE('',#1401,#1402);
#1401 = CARTESIAN_POINT('',(3.,0.));
#1402 = VECTOR('',#1403,1.);
#1403 = DIRECTION('',(0.,1.));
#1404 = ( GEOMETRIC_REPRESENTATION_CONTEXT(2) 
PARAMETRIC_REPRESENTATION_CONTEXT() REPRESENTATION_CONTEXT('2D SPACE',''
  ) );
#1405 = ORIENTED_EDGE('',*,*,#798,.F.);
#1406 = ORIENTED_EDGE('',*,*,#1407,.F.);
#1407 = EDGE_CURVE('',#340,#776,#1408,.T.);
#1408 = SURFACE_CURVE('',#1409,(#1413,#1420),.PCURVE_S1.);
#1409 = LINE('',#1410,#1411);
#1410 = CARTESIAN_POINT('',(22.,42.,0.));
#1411 = VECTOR('',#1412,1.);
#1412 = DIRECTION('',(0.,0.,1.));
#1413 = PCURVE('',#383,#1414);
#1414 = DEFINITIONAL_REPRESENTATION('',(#1415),#1419);
#1415 = LINE('',#1416,#1417);
#1416 = CARTESIAN_POINT('',(0.,0.));
#1417 = VECTOR('',#1418,1.);
#1418 = DIRECTION('',(0.,1.));
#1419 = ( GEOMETRIC_REPRESENTATION_CONTEXT(2) 
PARAMETRIC_REPRESENTATION_CONTEXT() REPRESENTATION_CONTEXT('2D SPACE',''
  ) );
#1420 = PCURVE('',#355,#1421);
#1421 = DEFINITIONAL_REPRESENTATION('',(#1422),#1426);
#1422 = LINE('',#1423,#1424);
#1423 = CARTESIAN_POINT('',(42.,0.));
#1424 = VECTOR('',#1425,1.);
#1425 = DIRECTION('',(0.,1.));
#1426 = ( GEOMETRIC_REPRESENTATION_CONTEXT(2) 
PARAMETRIC_REPRESENTATION_CONTEXT() REPRESENTATION_CONTEXT('2D SPACE',''
  ) );
#1427 = ORIENTED_EDGE('',*,*,#367,.T.);
#1428 = ORIENTED_EDGE('',*,*,#1194,.T.);
#1429 = ORIENTED_EDGE('',*,*,#905,.F.);
#1430 = ORIENTED_EDGE('',*,*,#1431,.T.);
#1431 = EDGE_CURVE('',#878,#1355,#1432,.T.);
#1432 = SURFACE_CURVE('',#1433,(#1437,#1444),.PCURVE_S1.);
#1433 = LINE('',#1434,#1435);
#1434 = CARTESIAN_POINT('',(2.,42.,3.));
#1435 = VECTOR('',#1436,1.);
#1436 = DIRECTION('',(0.,0.,1.));
#1437 = PCURVE('',#383,#1438);
#1438 = DEFINITIONAL_REPRESENTATION('',(#1439),#1443);
#1439 = LINE('',#1440,#1441);
#1440 = CARTESIAN_POINT('',(20.,3.));
#1441 = VECTOR('',#1442,1.);
#1442 = DIRECTION('',(0.,1.));
#1443 = ( GEOMETRIC_REPRESENTATION_CONTEXT(2) 
PARAMETRIC_REPRESENTATION_CONTEXT() REPRESENTATION_CONTEXT('2D SPACE',''
  ) );
#1444 = PCURVE('',#893,#1445);
#1445 = DEFINITIONAL_REPRESENTATION('',(#1446),#1450);
#1446 = LINE('',#1447,#1448);
#1447 = CARTESIAN_POINT('',(0.,0.));
#1448 = VECTOR('',#1449,1.);
#1449 = DIRECTION('',(0.,1.));
#1450 = ( GEOMETRIC_REPRESENTATION_CONTEXT(2) 
PARAMETRIC_REPRESENTATION_CONTEXT() REPRESENTATION_CONTEXT('2D SPACE',''
  ) );
#1451 = FACE_BOUND('',#1452,.T.);
#1452 = EDGE_LOOP('',(#1453));
#1453 = ORIENTED_EDGE('',*,*,#1454,.F.);
#1454 = EDGE_CURVE('',#1455,#1455,#1457,.T.);
#1455 = VERTEX_POINT('',#1456);
#1456 = CARTESIAN_POINT('',(7.8,42.,19.000198961632));
#1457 = SURFACE_CURVE('',#1458,(#1463,#1470),.PCURVE_S1.);
#1458 = CIRCLE('',#1459,2.8);
#1459 = AXIS2_PLACEMENT_3D('',#1460,#1461,#1462);
#1460 = CARTESIAN_POINT('',(5.,42.,19.000198961632));
#1461 = DIRECTION('',(4.037174635001E-16,1.,0.));
#1462 = DIRECTION('',(-1.,4.037174635001E-16,0.));
#1463 = PCURVE('',#383,#1464);
#1464 = DEFINITIONAL_REPRESENTATION('',(#1465),#1469);
#1465 = CIRCLE('',#1466,2.8);
#1466 = AXIS2_PLACEMENT_2D('',#1467,#1468);
#1467 = CARTESIAN_POINT('',(17.,19.000198961632));
#1468 = DIRECTION('',(1.,0.));
#1469 = ( GEOMETRIC_REPRESENTATION_CONTEXT(2) 
PARAMETRIC_REPRESENTATION_CONTEXT() REPRESENTATION_CONTEXT('2D SPACE',''
  ) );
#1470 = PCURVE('',#1471,#1476);
#1471 = CONICAL_SURFACE('',#1472,1.9,0.785398163397);
#1472 = AXIS2_PLACEMENT_3D('',#1473,#1474,#1475);
#1473 = CARTESIAN_POINT('',(5.,41.1,19.000198961632));
#1474 = DIRECTION('',(3.083952846181E-16,1.,0.));
#1475 = DIRECTION('',(-1.,3.083952846181E-16,0.));
#1476 = DEFINITIONAL_REPRESENTATION('',(#1477),#1481);
#1477 = LINE('',#1478,#1479);
#1478 = CARTESIAN_POINT('',(-6.28318530718,0.9));
#1479 = VECTOR('',#1480,1.);
#1480 = DIRECTION('',(1.,0.));
#1481 = ( GEOMETRIC_REPRESENTATION_CONTEXT(2) 
PARAMETRIC_REPRESENTATION_CONTEXT() REPRESENTATION_CONTEXT('2D SPACE',''
  ) );
#1482 = FACE_BOUND('',#1483,.T.);
#1483 = EDGE_LOOP('',(#1484));
#1484 = ORIENTED_EDGE('',*,*,#1485,.F.);
#1485 = EDGE_CURVE('',#1486,#1486,#1488,.T.);
#1486 = VERTEX_POINT('',#1487);
#1487 = CARTESIAN_POINT('',(19.799602076736,42.,19.000198961632));
#1488 = SURFACE_CURVE('',#1489,(#1494,#1501),.PCURVE_S1.);
#1489 = CIRCLE('',#1490,2.8);
#1490 = AXIS2_PLACEMENT_3D('',#1491,#1492,#1493);
#1491 = CARTESIAN_POINT('',(16.999602076736,42.,19.000198961632));
#1492 = DIRECTION('',(4.037174635001E-16,1.,0.));
#1493 = DIRECTION('',(-1.,4.037174635001E-16,0.));
#1494 = PCURVE('',#383,#1495);
#1495 = DEFINITIONAL_REPRESENTATION('',(#1496),#1500);
#1496 = CIRCLE('',#1497,2.8);
#1497 = AXIS2_PLACEMENT_2D('',#1498,#1499);
#1498 = CARTESIAN_POINT('',(5.000397923264,19.000198961632));
#1499 = DIRECTION('',(1.,0.));
#1500 = ( GEOMETRIC_REPRESENTATION_CONTEXT(2) 
PARAMETRIC_REPRESENTATION_CONTEXT() REPRESENTATION_CONTEXT('2D SPACE',''
  ) );
#1501 = PCURVE('',#1502,#1507);
#1502 = CONICAL_SURFACE('',#1503,1.9,0.785398163397);
#1503 = AXIS2_PLACEMENT_3D('',#1504,#1505,#1506);
#1504 = CARTESIAN_POINT('',(16.999602076736,41.1,19.000198961632));
#1505 = DIRECTION('',(0.,1.,0.));
#1506 = DIRECTION('',(-1.,0.,0.));
#1507 = DEFINITIONAL_REPRESENTATION('',(#1508),#1512);
#1508 = LINE('',#1509,#1510);
#1509 = CARTESIAN_POINT('',(-6.28318530718,0.9));
#1510 = VECTOR('',#1511,1.);
#1511 = DIRECTION('',(1.,0.));
#1512 = ( GEOMETRIC_REPRESENTATION_CONTEXT(2) 
PARAMETRIC_REPRESENTATION_CONTEXT() REPRESENTATION_CONTEXT('2D SPACE',''
  ) );
#1513 = FACE_BOUND('',#1514,.T.);
#1514 = EDGE_LOOP('',(#1515));
#1515 = ORIENTED_EDGE('',*,*,#1516,.F.);
#1516 = EDGE_CURVE('',#1517,#1517,#1519,.T.);
#1517 = VERTEX_POINT('',#1518);
#1518 = CARTESIAN_POINT('',(13.799801038368,42.,25.));
#1519 = SURFACE_CURVE('',#1520,(#1525,#1532),.PCURVE_S1.);
#1520 = CIRCLE('',#1521,2.8);
#1521 = AXIS2_PLACEMENT_3D('',#1522,#1523,#1524);
#1522 = CARTESIAN_POINT('',(10.999801038368,42.,25.));
#1523 = DIRECTION('',(4.037174635001E-16,1.,0.));
#1524 = DIRECTION('',(-1.,4.037174635001E-16,0.));
#1525 = PCURVE('',#383,#1526);
#1526 = DEFINITIONAL_REPRESENTATION('',(#1527),#1531);
#1527 = CIRCLE('',#1528,2.8);
#1528 = AXIS2_PLACEMENT_2D('',#1529,#1530);
#1529 = CARTESIAN_POINT('',(11.000198961632,25.));
#1530 = DIRECTION('',(1.,0.));
#1531 = ( GEOMETRIC_REPRESENTATION_CONTEXT(2) 
PARAMETRIC_REPRESENTATION_CONTEXT() REPRESENTATION_CONTEXT('2D SPACE',''
  ) );
#1532 = PCURVE('',#1533,#1538);
#1533 = CONICAL_SURFACE('',#1534,1.9,0.785398163397);
#1534 = AXIS2_PLACEMENT_3D('',#1535,#1536,#1537);
#1535 = CARTESIAN_POINT('',(10.999801038368,41.1,25.));
#1536 = DIRECTION('',(0.,1.,0.));
#1537 = DIRECTION('',(-1.,0.,0.));
#1538 = DEFINITIONAL_REPRESENTATION('',(#1539),#1543);
#1539 = LINE('',#1540,#1541);
#1540 = CARTESIAN_POINT('',(-6.28318530718,0.9));
#1541 = VECTOR('',#1542,1.);
#1542 = DIRECTION('',(1.,0.));
#1543 = ( GEOMETRIC_REPRESENTATION_CONTEXT(2) 
PARAMETRIC_REPRESENTATION_CONTEXT() REPRESENTATION_CONTEXT('2D SPACE',''
  ) );
#1544 = FACE_BOUND('',#1545,.T.);
#1545 = EDGE_LOOP('',(#1546));
#1546 = ORIENTED_EDGE('',*,*,#1547,.F.);
#1547 = EDGE_CURVE('',#1548,#1548,#1550,.T.);
#1548 = VERTEX_POINT('',#1549);
#1549 = CARTESIAN_POINT('',(13.799801038368,42.,13.000397923264));
#1550 = SURFACE_CURVE('',#1551,(#1556,#1563),.PCURVE_S1.);
#1551 = CIRCLE('',#1552,2.8);
#1552 = AXIS2_PLACEMENT_3D('',#1553,#1554,#1555);
#1553 = CARTESIAN_POINT('',(10.999801038368,42.,13.000397923264));
#1554 = DIRECTION('',(4.037174635001E-16,1.,0.));
#1555 = DIRECTION('',(-1.,4.037174635001E-16,0.));
#1556 = PCURVE('',#383,#1557);
#1557 = DEFINITIONAL_REPRESENTATION('',(#1558),#1562);
#1558 = CIRCLE('',#1559,2.8);
#1559 = AXIS2_PLACEMENT_2D('',#1560,#1561);
#1560 = CARTESIAN_POINT('',(11.000198961632,13.000397923264));
#1561 = DIRECTION('',(1.,0.));
#1562 = ( GEOMETRIC_REPRESENTATION_CONTEXT(2) 
PARAMETRIC_REPRESENTATION_CONTEXT() REPRESENTATION_CONTEXT('2D SPACE',''
  ) );
#1563 = PCURVE('',#1564,#1569);
#1564 = CONICAL_SURFACE('',#1565,1.9,0.785398163397);
#1565 = AXIS2_PLACEMENT_3D('',#1566,#1567,#1568);
#1566 = CARTESIAN_POINT('',(10.999801038368,41.1,13.000397923264));
#1567 = DIRECTION('',(0.,1.,0.));
#1568 = DIRECTION('',(-1.,0.,0.));
#1569 = DEFINITIONAL_REPRESENTATION('',(#1570),#1574);
#1570 = LINE('',#1571,#1572);
#1571 = CARTESIAN_POINT('',(-6.28318530718,0.9));
#1572 = VECTOR('',#1573,1.);
#1573 = DIRECTION('',(1.,0.));
#1574 = ( GEOMETRIC_REPRESENTATION_CONTEXT(2) 
PARAMETRIC_REPRESENTATION_CONTEXT() REPRESENTATION_CONTEXT('2D SPACE',''
  ) );
#1575 = ADVANCED_FACE('',(#1576),#299,.F.);
#1576 = FACE_BOUND('',#1577,.T.);
#1577 = EDGE_LOOP('',(#1578,#1579,#1600,#1601));
#1578 = ORIENTED_EDGE('',*,*,#283,.F.);
#1579 = ORIENTED_EDGE('',*,*,#1580,.T.);
#1580 = EDGE_CURVE('',#284,#730,#1581,.T.);
#1581 = SURFACE_CURVE('',#1582,(#1586,#1593),.PCURVE_S1.);
#1582 = LINE('',#1583,#1584);
#1583 = CARTESIAN_POINT('',(16.,23.103323324963,0.));
#1584 = VECTOR('',#1585,1.);
#1585 = DIRECTION('',(0.,0.,1.));
#1586 = PCURVE('',#299,#1587);
#1587 = DEFINITIONAL_REPRESENTATION('',(#1588),#1592);
#1588 = LINE('',#1589,#1590);
#1589 = CARTESIAN_POINT('',(0.,0.));
#1590 = VECTOR('',#1591,1.);
#1591 = DIRECTION('',(0.,1.));
#1592 = ( GEOMETRIC_REPRESENTATION_CONTEXT(2) 
PARAMETRIC_REPRESENTATION_CONTEXT() REPRESENTATION_CONTEXT('2D SPACE',''
  ) );
#1593 = PCURVE('',#327,#1594);
#1594 = DEFINITIONAL_REPRESENTATION('',(#1595),#1599);
#1595 = LINE('',#1596,#1597);
#1596 = CARTESIAN_POINT('',(6.,0.));
#1597 = VECTOR('',#1598,1.);
#1598 = DIRECTION('',(0.,1.));
#1599 = ( GEOMETRIC_REPRESENTATION_CONTEXT(2) 
PARAMETRIC_REPRESENTATION_CONTEXT() REPRESENTATION_CONTEXT('2D SPACE',''
  ) );
#1600 = ORIENTED_EDGE('',*,*,#729,.F.);
#1601 = ORIENTED_EDGE('',*,*,#1328,.F.);
#1602 = ADVANCED_FACE('',(#1603),#355,.T.);
#1603 = FACE_BOUND('',#1604,.T.);
#1604 = EDGE_LOOP('',(#1605,#1626,#1627,#1628));
#1605 = ORIENTED_EDGE('',*,*,#1606,.T.);
#1606 = EDGE_CURVE('',#753,#312,#1607,.T.);
#1607 = SURFACE_CURVE('',#1608,(#1612,#1619),.PCURVE_S1.);
#1608 = LINE('',#1609,#1610);
#1609 = CARTESIAN_POINT('',(22.,23.103323324963,0.));
#1610 = VECTOR('',#1611,1.);
#1611 = DIRECTION('',(0.,0.,-1.));
#1612 = PCURVE('',#355,#1613);
#1613 = DEFINITIONAL_REPRESENTATION('',(#1614),#1618);
#1614 = LINE('',#1615,#1616);
#1615 = CARTESIAN_POINT('',(23.103323324963,0.));
#1616 = VECTOR('',#1617,1.);
#1617 = DIRECTION('',(0.,-1.));
#1618 = ( GEOMETRIC_REPRESENTATION_CONTEXT(2) 
PARAMETRIC_REPRESENTATION_CONTEXT() REPRESENTATION_CONTEXT('2D SPACE',''
  ) );
#1619 = PCURVE('',#327,#1620);
#1620 = DEFINITIONAL_REPRESENTATION('',(#1621),#1625);
#1621 = LINE('',#1622,#1623);
#1622 = CARTESIAN_POINT('',(0.,0.));
#1623 = VECTOR('',#1624,1.);
#1624 = DIRECTION('',(0.,-1.));
#1625 = ( GEOMETRIC_REPRESENTATION_CONTEXT(2) 
PARAMETRIC_REPRESENTATION_CONTEXT() REPRESENTATION_CONTEXT('2D SPACE',''
  ) );
#1626 = ORIENTED_EDGE('',*,*,#339,.T.);
#1627 = ORIENTED_EDGE('',*,*,#1407,.T.);
#1628 = ORIENTED_EDGE('',*,*,#775,.F.);
#1629 = ADVANCED_FACE('',(#1630),#327,.F.);
#1630 = FACE_BOUND('',#1631,.T.);
#1631 = EDGE_LOOP('',(#1632,#1633,#1634,#1635));
#1632 = ORIENTED_EDGE('',*,*,#311,.F.);
#1633 = ORIENTED_EDGE('',*,*,#1606,.F.);
#1634 = ORIENTED_EDGE('',*,*,#752,.F.);
#1635 = ORIENTED_EDGE('',*,*,#1580,.F.);
#1636 = ADVANCED_FACE('',(#1637),#457,.T.);
#1637 = FACE_BOUND('',#1638,.T.);
#1638 = EDGE_LOOP('',(#1639,#1640,#1663,#1690));
#1639 = ORIENTED_EDGE('',*,*,#440,.F.);
#1640 = ORIENTED_EDGE('',*,*,#1641,.F.);
#1641 = EDGE_CURVE('',#1642,#441,#1644,.T.);
#1642 = VERTEX_POINT('',#1643);
#1643 = CARTESIAN_POINT('',(5.6423594969,3.10332332496,-3.25));
#1644 = SEAM_CURVE('',#1645,(#1649,#1656),.PCURVE_S1.);
#1645 = LINE('',#1646,#1647);
#1646 = CARTESIAN_POINT('',(5.6423594969,3.10332332496,-3.25));
#1647 = VECTOR('',#1648,1.);
#1648 = DIRECTION('',(0.,0.,1.));
#1649 = PCURVE('',#457,#1650);
#1650 = DEFINITIONAL_REPRESENTATION('',(#1651),#1655);
#1651 = LINE('',#1652,#1653);
#1652 = CARTESIAN_POINT('',(6.28318530718,-0.));
#1653 = VECTOR('',#1654,1.);
#1654 = DIRECTION('',(0.,1.));
#1655 = ( GEOMETRIC_REPRESENTATION_CONTEXT(2) 
PARAMETRIC_REPRESENTATION_CONTEXT() REPRESENTATION_CONTEXT('2D SPACE',''
  ) );
#1656 = PCURVE('',#457,#1657);
#1657 = DEFINITIONAL_REPRESENTATION('',(#1658),#1662);
#1658 = LINE('',#1659,#1660);
#1659 = CARTESIAN_POINT('',(0.,-0.));
#1660 = VECTOR('',#1661,1.);
#1661 = DIRECTION('',(0.,1.));
#1662 = ( GEOMETRIC_REPRESENTATION_CONTEXT(2) 
PARAMETRIC_REPRESENTATION_CONTEXT() REPRESENTATION_CONTEXT('2D SPACE',''
  ) );
#1663 = ORIENTED_EDGE('',*,*,#1664,.T.);
#1664 = EDGE_CURVE('',#1642,#1642,#1665,.T.);
#1665 = SURFACE_CURVE('',#1666,(#1671,#1678),.PCURVE_S1.);
#1666 = CIRCLE('',#1667,2.65);
#1667 = AXIS2_PLACEMENT_3D('',#1668,#1669,#1670);
#1668 = CARTESIAN_POINT('',(2.9923594969,3.10332332496,-3.25));
#1669 = DIRECTION('',(0.,0.,1.));
#1670 = DIRECTION('',(1.,0.,-0.));
#1671 = PCURVE('',#457,#1672);
#1672 = DEFINITIONAL_REPRESENTATION('',(#1673),#1677);
#1673 = LINE('',#1674,#1675);
#1674 = CARTESIAN_POINT('',(0.,0.));
#1675 = VECTOR('',#1676,1.);
#1676 = DIRECTION('',(1.,0.));
#1677 = ( GEOMETRIC_REPRESENTATION_CONTEXT(2) 
PARAMETRIC_REPRESENTATION_CONTEXT() REPRESENTATION_CONTEXT('2D SPACE',''
  ) );
#1678 = PCURVE('',#1679,#1684);
#1679 = PLANE('',#1680);
#1680 = AXIS2_PLACEMENT_3D('',#1681,#1682,#1683);
#1681 = CARTESIAN_POINT('',(2.9923594969,3.10332332496,-3.25));
#1682 = DIRECTION('',(0.,0.,1.));
#1683 = DIRECTION('',(1.,0.,-0.));
#1684 = DEFINITIONAL_REPRESENTATION('',(#1685),#1689);
#1685 = CIRCLE('',#1686,2.65);
#1686 = AXIS2_PLACEMENT_2D('',#1687,#1688);
#1687 = CARTESIAN_POINT('',(0.,0.));
#1688 = DIRECTION('',(1.,0.));
#1689 = ( GEOMETRIC_REPRESENTATION_CONTEXT(2) 
PARAMETRIC_REPRESENTATION_CONTEXT() REPRESENTATION_CONTEXT('2D SPACE',''
  ) );
#1690 = ORIENTED_EDGE('',*,*,#1641,.T.);
#1691 = ADVANCED_FACE('',(#1692),#488,.T.);
#1692 = FACE_BOUND('',#1693,.T.);
#1693 = EDGE_LOOP('',(#1694,#1695,#1718,#1745));
#1694 = ORIENTED_EDGE('',*,*,#471,.F.);
#1695 = ORIENTED_EDGE('',*,*,#1696,.F.);
#1696 = EDGE_CURVE('',#1697,#472,#1699,.T.);
#1697 = VERTEX_POINT('',#1698);
#1698 = CARTESIAN_POINT('',(21.6423594969,3.10332332496,-3.25));
#1699 = SEAM_CURVE('',#1700,(#1704,#1711),.PCURVE_S1.);
#1700 = LINE('',#1701,#1702);
#1701 = CARTESIAN_POINT('',(21.6423594969,3.10332332496,-3.25));
#1702 = VECTOR('',#1703,1.);
#1703 = DIRECTION('',(0.,0.,1.));
#1704 = PCURVE('',#488,#1705);
#1705 = DEFINITIONAL_REPRESENTATION('',(#1706),#1710);
#1706 = LINE('',#1707,#1708);
#1707 = CARTESIAN_POINT('',(6.28318530718,-0.));
#1708 = VECTOR('',#1709,1.);
#1709 = DIRECTION('',(0.,1.));
#1710 = ( GEOMETRIC_REPRESENTATION_CONTEXT(2) 
PARAMETRIC_REPRESENTATION_CONTEXT() REPRESENTATION_CONTEXT('2D SPACE',''
  ) );
#1711 = PCURVE('',#488,#1712);
#1712 = DEFINITIONAL_REPRESENTATION('',(#1713),#1717);
#1713 = LINE('',#1714,#1715);
#1714 = CARTESIAN_POINT('',(0.,-0.));
#1715 = VECTOR('',#1716,1.);
#1716 = DIRECTION('',(0.,1.));
#1717 = ( GEOMETRIC_REPRESENTATION_CONTEXT(2) 
PARAMETRIC_REPRESENTATION_CONTEXT() REPRESENTATION_CONTEXT('2D SPACE',''
  ) );
#1718 = ORIENTED_EDGE('',*,*,#1719,.T.);
#1719 = EDGE_CURVE('',#1697,#1697,#1720,.T.);
#1720 = SURFACE_CURVE('',#1721,(#1726,#1733),.PCURVE_S1.);
#1721 = CIRCLE('',#1722,2.65);
#1722 = AXIS2_PLACEMENT_3D('',#1723,#1724,#1725);
#1723 = CARTESIAN_POINT('',(18.9923594969,3.10332332496,-3.25));
#1724 = DIRECTION('',(0.,0.,1.));
#1725 = DIRECTION('',(1.,0.,-0.));
#1726 = PCURVE('',#488,#1727);
#1727 = DEFINITIONAL_REPRESENTATION('',(#1728),#1732);
#1728 = LINE('',#1729,#1730);
#1729 = CARTESIAN_POINT('',(0.,0.));
#1730 = VECTOR('',#1731,1.);
#1731 = DIRECTION('',(1.,0.));
#1732 = ( GEOMETRIC_REPRESENTATION_CONTEXT(2) 
PARAMETRIC_REPRESENTATION_CONTEXT() REPRESENTATION_CONTEXT('2D SPACE',''
  ) );
#1733 = PCURVE('',#1734,#1739);
#1734 = PLANE('',#1735);
#1735 = AXIS2_PLACEMENT_3D('',#1736,#1737,#1738);
#1736 = CARTESIAN_POINT('',(18.9923594969,3.10332332496,-3.25));
#1737 = DIRECTION('',(0.,0.,1.));
#1738 = DIRECTION('',(1.,0.,-0.));
#1739 = DEFINITIONAL_REPRESENTATION('',(#1740),#1744);
#1740 = CIRCLE('',#1741,2.65);
#1741 = AXIS2_PLACEMENT_2D('',#1742,#1743);
#1742 = CARTESIAN_POINT('',(0.,0.));
#1743 = DIRECTION('',(1.,0.));
#1744 = ( GEOMETRIC_REPRESENTATION_CONTEXT(2) 
PARAMETRIC_REPRESENTATION_CONTEXT() REPRESENTATION_CONTEXT('2D SPACE',''
  ) );
#1745 = ORIENTED_EDGE('',*,*,#1696,.T.);
#1746 = ADVANCED_FACE('',(#1747),#519,.T.);
#1747 = FACE_BOUND('',#1748,.T.);
#1748 = EDGE_LOOP('',(#1749,#1750,#1773,#1800));
#1749 = ORIENTED_EDGE('',*,*,#502,.F.);
#1750 = ORIENTED_EDGE('',*,*,#1751,.F.);
#1751 = EDGE_CURVE('',#1752,#503,#1754,.T.);
#1752 = VERTEX_POINT('',#1753);
#1753 = CARTESIAN_POINT('',(5.6423594969,33.10332332496,-3.25));
#1754 = SEAM_CURVE('',#1755,(#1759,#1766),.PCURVE_S1.);
#1755 = LINE('',#1756,#1757);
#1756 = CARTESIAN_POINT('',(5.6423594969,33.10332332496,-3.25));
#1757 = VECTOR('',#1758,1.);
#1758 = DIRECTION('',(0.,0.,1.));
#1759 = PCURVE('',#519,#1760);
#1760 = DEFINITIONAL_REPRESENTATION('',(#1761),#1765);
#1761 = LINE('',#1762,#1763);
#1762 = CARTESIAN_POINT('',(6.28318530718,-0.));
#1763 = VECTOR('',#1764,1.);
#1764 = DIRECTION('',(0.,1.));
#1765 = ( GEOMETRIC_REPRESENTATION_CONTEXT(2) 
PARAMETRIC_REPRESENTATION_CONTEXT() REPRESENTATION_CONTEXT('2D SPACE',''
  ) );
#1766 = PCURVE('',#519,#1767);
#1767 = DEFINITIONAL_REPRESENTATION('',(#1768),#1772);
#1768 = LINE('',#1769,#1770);
#1769 = CARTESIAN_POINT('',(0.,-0.));
#1770 = VECTOR('',#1771,1.);
#1771 = DIRECTION('',(0.,1.));
#1772 = ( GEOMETRIC_REPRESENTATION_CONTEXT(2) 
PARAMETRIC_REPRESENTATION_CONTEXT() REPRESENTATION_CONTEXT('2D SPACE',''
  ) );
#1773 = ORIENTED_EDGE('',*,*,#1774,.T.);
#1774 = EDGE_CURVE('',#1752,#1752,#1775,.T.);
#1775 = SURFACE_CURVE('',#1776,(#1781,#1788),.PCURVE_S1.);
#1776 = CIRCLE('',#1777,2.65);
#1777 = AXIS2_PLACEMENT_3D('',#1778,#1779,#1780);
#1778 = CARTESIAN_POINT('',(2.9923594969,33.10332332496,-3.25));
#1779 = DIRECTION('',(0.,0.,1.));
#1780 = DIRECTION('',(1.,0.,-0.));
#1781 = PCURVE('',#519,#1782);
#1782 = DEFINITIONAL_REPRESENTATION('',(#1783),#1787);
#1783 = LINE('',#1784,#1785);
#1784 = CARTESIAN_POINT('',(0.,0.));
#1785 = VECTOR('',#1786,1.);
#1786 = DIRECTION('',(1.,0.));
#1787 = ( GEOMETRIC_REPRESENTATION_CONTEXT(2) 
PARAMETRIC_REPRESENTATION_CONTEXT() REPRESENTATION_CONTEXT('2D SPACE',''
  ) );
#1788 = PCURVE('',#1789,#1794);
#1789 = PLANE('',#1790);
#1790 = AXIS2_PLACEMENT_3D('',#1791,#1792,#1793);
#1791 = CARTESIAN_POINT('',(2.9923594969,33.10332332496,-3.25));
#1792 = DIRECTION('',(0.,0.,1.));
#1793 = DIRECTION('',(1.,0.,-0.));
#1794 = DEFINITIONAL_REPRESENTATION('',(#1795),#1799);
#1795 = CIRCLE('',#1796,2.65);
#1796 = AXIS2_PLACEMENT_2D('',#1797,#1798);
#1797 = CARTESIAN_POINT('',(0.,0.));
#1798 = DIRECTION('',(1.,0.));
#1799 = ( GEOMETRIC_REPRESENTATION_CONTEXT(2) 
PARAMETRIC_REPRESENTATION_CONTEXT() REPRESENTATION_CONTEXT('2D SPACE',''
  ) );
#1800 = ORIENTED_EDGE('',*,*,#1751,.T.);
#1801 = ADVANCED_FACE('',(#1802),#550,.T.);
#1802 = FACE_BOUND('',#1803,.T.);
#1803 = EDGE_LOOP('',(#1804,#1805,#1828,#1855));
#1804 = ORIENTED_EDGE('',*,*,#533,.F.);
#1805 = ORIENTED_EDGE('',*,*,#1806,.F.);
#1806 = EDGE_CURVE('',#1807,#534,#1809,.T.);
#1807 = VERTEX_POINT('',#1808);
#1808 = CARTESIAN_POINT('',(21.6423594969,33.10332332496,-3.25));
#1809 = SEAM_CURVE('',#1810,(#1814,#1821),.PCURVE_S1.);
#1810 = LINE('',#1811,#1812);
#1811 = CARTESIAN_POINT('',(21.6423594969,33.10332332496,-3.25));
#1812 = VECTOR('',#1813,1.);
#1813 = DIRECTION('',(0.,0.,1.));
#1814 = PCURVE('',#550,#1815);
#1815 = DEFINITIONAL_REPRESENTATION('',(#1816),#1820);
#1816 = LINE('',#1817,#1818);
#1817 = CARTESIAN_POINT('',(6.28318530718,-0.));
#1818 = VECTOR('',#1819,1.);
#1819 = DIRECTION('',(0.,1.));
#1820 = ( GEOMETRIC_REPRESENTATION_CONTEXT(2) 
PARAMETRIC_REPRESENTATION_CONTEXT() REPRESENTATION_CONTEXT('2D SPACE',''
  ) );
#1821 = PCURVE('',#550,#1822);
#1822 = DEFINITIONAL_REPRESENTATION('',(#1823),#1827);
#1823 = LINE('',#1824,#1825);
#1824 = CARTESIAN_POINT('',(0.,-0.));
#1825 = VECTOR('',#1826,1.);
#1826 = DIRECTION('',(0.,1.));
#1827 = ( GEOMETRIC_REPRESENTATION_CONTEXT(2) 
PARAMETRIC_REPRESENTATION_CONTEXT() REPRESENTATION_CONTEXT('2D SPACE',''
  ) );
#1828 = ORIENTED_EDGE('',*,*,#1829,.T.);
#1829 = EDGE_CURVE('',#1807,#1807,#1830,.T.);
#1830 = SURFACE_CURVE('',#1831,(#1836,#1843),.PCURVE_S1.);
#1831 = CIRCLE('',#1832,2.65);
#1832 = AXIS2_PLACEMENT_3D('',#1833,#1834,#1835);
#1833 = CARTESIAN_POINT('',(18.9923594969,33.10332332496,-3.25));
#1834 = DIRECTION('',(0.,0.,1.));
#1835 = DIRECTION('',(1.,0.,-0.));
#1836 = PCURVE('',#550,#1837);
#1837 = DEFINITIONAL_REPRESENTATION('',(#1838),#1842);
#1838 = LINE('',#1839,#1840);
#1839 = CARTESIAN_POINT('',(0.,0.));
#1840 = VECTOR('',#1841,1.);
#1841 = DIRECTION('',(1.,0.));
#1842 = ( GEOMETRIC_REPRESENTATION_CONTEXT(2) 
PARAMETRIC_REPRESENTATION_CONTEXT() REPRESENTATION_CONTEXT('2D SPACE',''
  ) );
#1843 = PCURVE('',#1844,#1849);
#1844 = PLANE('',#1845);
#1845 = AXIS2_PLACEMENT_3D('',#1846,#1847,#1848);
#1846 = CARTESIAN_POINT('',(18.9923594969,33.10332332496,-3.25));
#1847 = DIRECTION('',(0.,0.,1.));
#1848 = DIRECTION('',(1.,0.,-0.));
#1849 = DEFINITIONAL_REPRESENTATION('',(#1850),#1854);
#1850 = CIRCLE('',#1851,2.65);
#1851 = AXIS2_PLACEMENT_2D('',#1852,#1853);
#1852 = CARTESIAN_POINT('',(0.,0.));
#1853 = DIRECTION('',(1.,0.));
#1854 = ( GEOMETRIC_REPRESENTATION_CONTEXT(2) 
PARAMETRIC_REPRESENTATION_CONTEXT() REPRESENTATION_CONTEXT('2D SPACE',''
  ) );
#1855 = ORIENTED_EDGE('',*,*,#1806,.T.);
#1856 = ADVANCED_FACE('',(#1857),#837,.T.);
#1857 = FACE_BOUND('',#1858,.T.);
#1858 = EDGE_LOOP('',(#1859,#1882,#1903,#1904));
#1859 = ORIENTED_EDGE('',*,*,#1860,.T.);
#1860 = EDGE_CURVE('',#1357,#1861,#1863,.T.);
#1861 = VERTEX_POINT('',#1862);
#1862 = CARTESIAN_POINT('',(20.,39.,20.043147382046));
#1863 = SURFACE_CURVE('',#1864,(#1868,#1875),.PCURVE_S1.);
#1864 = LINE('',#1865,#1866);
#1865 = CARTESIAN_POINT('',(20.,42.,20.043147382046));
#1866 = VECTOR('',#1867,1.);
#1867 = DIRECTION('',(-3.885780586188E-16,-1.,0.));
#1868 = PCURVE('',#837,#1869);
#1869 = DEFINITIONAL_REPRESENTATION('',(#1870),#1874);
#1870 = LINE('',#1871,#1872);
#1871 = CARTESIAN_POINT('',(3.,17.043147382046));
#1872 = VECTOR('',#1873,1.);
#1873 = DIRECTION('',(-1.,0.));
#1874 = ( GEOMETRIC_REPRESENTATION_CONTEXT(2) 
PARAMETRIC_REPRESENTATION_CONTEXT() REPRESENTATION_CONTEXT('2D SPACE',''
  ) );
#1875 = PCURVE('',#1373,#1876);
#1876 = DEFINITIONAL_REPRESENTATION('',(#1877),#1881);
#1877 = LINE('',#1878,#1879);
#1878 = CARTESIAN_POINT('',(3.375415712417,0.));
#1879 = VECTOR('',#1880,1.);
#1880 = DIRECTION('',(0.,1.));
#1881 = ( GEOMETRIC_REPRESENTATION_CONTEXT(2) 
PARAMETRIC_REPRESENTATION_CONTEXT() REPRESENTATION_CONTEXT('2D SPACE',''
  ) );
#1882 = ORIENTED_EDGE('',*,*,#1883,.F.);
#1883 = EDGE_CURVE('',#822,#1861,#1884,.T.);
#1884 = SURFACE_CURVE('',#1885,(#1889,#1896),.PCURVE_S1.);
#1885 = LINE('',#1886,#1887);
#1886 = CARTESIAN_POINT('',(20.,39.,3.));
#1887 = VECTOR('',#1888,1.);
#1888 = DIRECTION('',(0.,0.,1.));
#1889 = PCURVE('',#837,#1890);
#1890 = DEFINITIONAL_REPRESENTATION('',(#1891),#1895);
#1891 = LINE('',#1892,#1893);
#1892 = CARTESIAN_POINT('',(0.,0.));
#1893 = VECTOR('',#1894,1.);
#1894 = DIRECTION('',(0.,1.));
#1895 = ( GEOMETRIC_REPRESENTATION_CONTEXT(2) 
PARAMETRIC_REPRESENTATION_CONTEXT() REPRESENTATION_CONTEXT('2D SPACE',''
  ) );
#1896 = PCURVE('',#865,#1897);
#1897 = DEFINITIONAL_REPRESENTATION('',(#1898),#1902);
#1898 = LINE('',#1899,#1900);
#1899 = CARTESIAN_POINT('',(18.,0.));
#1900 = VECTOR('',#1901,1.);
#1901 = DIRECTION('',(0.,1.));
#1902 = ( GEOMETRIC_REPRESENTATION_CONTEXT(2) 
PARAMETRIC_REPRESENTATION_CONTEXT() REPRESENTATION_CONTEXT('2D SPACE',''
  ) );
#1903 = ORIENTED_EDGE('',*,*,#821,.F.);
#1904 = ORIENTED_EDGE('',*,*,#1385,.T.);
#1905 = ADVANCED_FACE('',(#1906,#1955,#1990,#2025,#2060),#865,.T.);
#1906 = FACE_BOUND('',#1907,.T.);
#1907 = EDGE_LOOP('',(#1908,#1932,#1953,#1954));
#1908 = ORIENTED_EDGE('',*,*,#1909,.T.);
#1909 = EDGE_CURVE('',#1861,#1910,#1912,.T.);
#1910 = VERTEX_POINT('',#1911);
#1911 = CARTESIAN_POINT('',(2.,39.,19.946926078129));
#1912 = SURFACE_CURVE('',#1913,(#1918,#1925),.PCURVE_S1.);
#1913 = CIRCLE('',#1914,9.061989099706);
#1914 = AXIS2_PLACEMENT_3D('',#1915,#1916,#1917);
#1915 = CARTESIAN_POINT('',(11.005650457451,39.,18.93801266192));
#1916 = DIRECTION('',(0.,-1.,0.));
#1917 = DIRECTION('',(-0.993782971748,0.,0.111334653475));
#1918 = PCURVE('',#865,#1919);
#1919 = DEFINITIONAL_REPRESENTATION('',(#1920),#1924);
#1920 = CIRCLE('',#1921,9.061989099706);
#1921 = AXIS2_PLACEMENT_2D('',#1922,#1923);
#1922 = CARTESIAN_POINT('',(9.005650457451,15.93801266192));
#1923 = DIRECTION('',(-0.993782971748,0.111334653475));
#1924 = ( GEOMETRIC_REPRESENTATION_CONTEXT(2) 
PARAMETRIC_REPRESENTATION_CONTEXT() REPRESENTATION_CONTEXT('2D SPACE',''
  ) );
#1925 = PCURVE('',#1373,#1926);
#1926 = DEFINITIONAL_REPRESENTATION('',(#1927),#1931);
#1927 = LINE('',#1928,#1929);
#1928 = CARTESIAN_POINT('',(-4.440892098501E-16,3.));
#1929 = VECTOR('',#1930,1.);
#1930 = DIRECTION('',(1.,2.443600541941E-15));
#1931 = ( GEOMETRIC_REPRESENTATION_CONTEXT(2) 
PARAMETRIC_REPRESENTATION_CONTEXT() REPRESENTATION_CONTEXT('2D SPACE',''
  ) );
#1932 = ORIENTED_EDGE('',*,*,#1933,.F.);
#1933 = EDGE_CURVE('',#850,#1910,#1934,.T.);
#1934 = SURFACE_CURVE('',#1935,(#1939,#1946),.PCURVE_S1.);
#1935 = LINE('',#1936,#1937);
#1936 = CARTESIAN_POINT('',(2.,39.,3.));
#1937 = VECTOR('',#1938,1.);
#1938 = DIRECTION('',(0.,0.,1.));
#1939 = PCURVE('',#865,#1940);
#1940 = DEFINITIONAL_REPRESENTATION('',(#1941),#1945);
#1941 = LINE('',#1942,#1943);
#1942 = CARTESIAN_POINT('',(0.,0.));
#1943 = VECTOR('',#1944,1.);
#1944 = DIRECTION('',(0.,1.));
#1945 = ( GEOMETRIC_REPRESENTATION_CONTEXT(2) 
PARAMETRIC_REPRESENTATION_CONTEXT() REPRESENTATION_CONTEXT('2D SPACE',''
  ) );
#1946 = PCURVE('',#893,#1947);
#1947 = DEFINITIONAL_REPRESENTATION('',(#1948),#1952);
#1948 = LINE('',#1949,#1950);
#1949 = CARTESIAN_POINT('',(3.,0.));
#1950 = VECTOR('',#1951,1.);
#1951 = DIRECTION('',(0.,1.));
#1952 = ( GEOMETRIC_REPRESENTATION_CONTEXT(2) 
PARAMETRIC_REPRESENTATION_CONTEXT() REPRESENTATION_CONTEXT('2D SPACE',''
  ) );
#1953 = ORIENTED_EDGE('',*,*,#849,.F.);
#1954 = ORIENTED_EDGE('',*,*,#1883,.T.);
#1955 = FACE_BOUND('',#1956,.T.);
#1956 = EDGE_LOOP('',(#1957));
#1957 = ORIENTED_EDGE('',*,*,#1958,.T.);
#1958 = EDGE_CURVE('',#1959,#1959,#1961,.T.);
#1959 = VERTEX_POINT('',#1960);
#1960 = CARTESIAN_POINT('',(11.999801038368,39.,13.000397923264));
#1961 = SURFACE_CURVE('',#1962,(#1967,#1978),.PCURVE_S1.);
#1962 = CIRCLE('',#1963,1.);
#1963 = AXIS2_PLACEMENT_3D('',#1964,#1965,#1966);
#1964 = CARTESIAN_POINT('',(10.999801038368,39.,13.000397923264));
#1965 = DIRECTION('',(0.,1.,0.));
#1966 = DIRECTION('',(-1.,0.,0.));
#1967 = PCURVE('',#865,#1968);
#1968 = DEFINITIONAL_REPRESENTATION('',(#1969),#1977);
#1969 = ( BOUNDED_CURVE() B_SPLINE_CURVE(2,(#1970,#1971,#1972,#1973,
#1974,#1975,#1976),.UNSPECIFIED.,.T.,.F.) B_SPLINE_CURVE_WITH_KNOTS((1,2
    ,2,2,2,1),(-2.094395102393,0.,2.094395102393,4.188790204786,
6.28318530718,8.377580409573),.UNSPECIFIED.) CURVE() 
GEOMETRIC_REPRESENTATION_ITEM() RATIONAL_B_SPLINE_CURVE((1.,0.5,1.,0.5,
1.,0.5,1.)) REPRESENTATION_ITEM('') );
#1970 = CARTESIAN_POINT('',(7.999801038368,10.000397923264));
#1971 = CARTESIAN_POINT('',(7.999801038368,11.732448730833));
#1972 = CARTESIAN_POINT('',(9.499801038368,10.866423327049));
#1973 = CARTESIAN_POINT('',(10.999801038368,10.000397923264));
#1974 = CARTESIAN_POINT('',(9.499801038368,9.13437251948));
#1975 = CARTESIAN_POINT('',(7.999801038368,8.268347115695));
#1976 = CARTESIAN_POINT('',(7.999801038368,10.000397923264));
#1977 = ( GEOMETRIC_REPRESENTATION_CONTEXT(2) 
PARAMETRIC_REPRESENTATION_CONTEXT() REPRESENTATION_CONTEXT('2D SPACE',''
  ) );
#1978 = PCURVE('',#1979,#1984);
#1979 = CYLINDRICAL_SURFACE('',#1980,1.);
#1980 = AXIS2_PLACEMENT_3D('',#1981,#1982,#1983);
#1981 = CARTESIAN_POINT('',(10.999801038368,42.,13.000397923264));
#1982 = DIRECTION('',(-3.885780586188E-16,-1.,0.));
#1983 = DIRECTION('',(-1.,3.885780586188E-16,0.));
#1984 = DEFINITIONAL_REPRESENTATION('',(#1985),#1989);
#1985 = LINE('',#1986,#1987);
#1986 = CARTESIAN_POINT('',(12.566370614359,3.));
#1987 = VECTOR('',#1988,1.);
#1988 = DIRECTION('',(-1.,0.));
#1989 = ( GEOMETRIC_REPRESENTATION_CONTEXT(2) 
PARAMETRIC_REPRESENTATION_CONTEXT() REPRESENTATION_CONTEXT('2D SPACE',''
  ) );
#1990 = FACE_BOUND('',#1991,.T.);
#1991 = EDGE_LOOP('',(#1992));
#1992 = ORIENTED_EDGE('',*,*,#1993,.T.);
#1993 = EDGE_CURVE('',#1994,#1994,#1996,.T.);
#1994 = VERTEX_POINT('',#1995);
#1995 = CARTESIAN_POINT('',(11.999801038368,39.,25.));
#1996 = SURFACE_CURVE('',#1997,(#2002,#2013),.PCURVE_S1.);
#1997 = CIRCLE('',#1998,1.);
#1998 = AXIS2_PLACEMENT_3D('',#1999,#2000,#2001);
#1999 = CARTESIAN_POINT('',(10.999801038368,39.,25.));
#2000 = DIRECTION('',(0.,1.,0.));
#2001 = DIRECTION('',(-1.,0.,0.));
#2002 = PCURVE('',#865,#2003);
#2003 = DEFINITIONAL_REPRESENTATION('',(#2004),#2012);
#2004 = ( BOUNDED_CURVE() B_SPLINE_CURVE(2,(#2005,#2006,#2007,#2008,
#2009,#2010,#2011),.UNSPECIFIED.,.T.,.F.) B_SPLINE_CURVE_WITH_KNOTS((1,2
    ,2,2,2,1),(-2.094395102393,0.,2.094395102393,4.188790204786,
6.28318530718,8.377580409573),.UNSPECIFIED.) CURVE() 
GEOMETRIC_REPRESENTATION_ITEM() RATIONAL_B_SPLINE_CURVE((1.,0.5,1.,0.5,
1.,0.5,1.)) REPRESENTATION_ITEM('') );
#2005 = CARTESIAN_POINT('',(7.999801038368,22.));
#2006 = CARTESIAN_POINT('',(7.999801038368,23.732050807569));
#2007 = CARTESIAN_POINT('',(9.499801038368,22.866025403784));
#2008 = CARTESIAN_POINT('',(10.999801038368,22.));
#2009 = CARTESIAN_POINT('',(9.499801038368,21.133974596216));
#2010 = CARTESIAN_POINT('',(7.999801038368,20.267949192431));
#2011 = CARTESIAN_POINT('',(7.999801038368,22.));
#2012 = ( GEOMETRIC_REPRESENTATION_CONTEXT(2) 
PARAMETRIC_REPRESENTATION_CONTEXT() REPRESENTATION_CONTEXT('2D SPACE',''
  ) );
#2013 = PCURVE('',#2014,#2019);
#2014 = CYLINDRICAL_SURFACE('',#2015,1.);
#2015 = AXIS2_PLACEMENT_3D('',#2016,#2017,#2018);
#2016 = CARTESIAN_POINT('',(10.999801038368,42.,25.));
#2017 = DIRECTION('',(-3.885780586188E-16,-1.,0.));
#2018 = DIRECTION('',(-1.,3.885780586188E-16,0.));
#2019 = DEFINITIONAL_REPRESENTATION('',(#2020),#2024);
#2020 = LINE('',#2021,#2022);
#2021 = CARTESIAN_POINT('',(12.566370614359,3.));
#2022 = VECTOR('',#2023,1.);
#2023 = DIRECTION('',(-1.,0.));
#2024 = ( GEOMETRIC_REPRESENTATION_CONTEXT(2) 
PARAMETRIC_REPRESENTATION_CONTEXT() REPRESENTATION_CONTEXT('2D SPACE',''
  ) );
#2025 = FACE_BOUND('',#2026,.T.);
#2026 = EDGE_LOOP('',(#2027));
#2027 = ORIENTED_EDGE('',*,*,#2028,.T.);
#2028 = EDGE_CURVE('',#2029,#2029,#2031,.T.);
#2029 = VERTEX_POINT('',#2030);
#2030 = CARTESIAN_POINT('',(6.,39.,19.000198961632));
#2031 = SURFACE_CURVE('',#2032,(#2037,#2048),.PCURVE_S1.);
#2032 = CIRCLE('',#2033,1.);
#2033 = AXIS2_PLACEMENT_3D('',#2034,#2035,#2036);
#2034 = CARTESIAN_POINT('',(5.,39.,19.000198961632));
#2035 = DIRECTION('',(0.,1.,0.));
#2036 = DIRECTION('',(-1.,0.,0.));
#2037 = PCURVE('',#865,#2038);
#2038 = DEFINITIONAL_REPRESENTATION('',(#2039),#2047);
#2039 = ( BOUNDED_CURVE() B_SPLINE_CURVE(2,(#2040,#2041,#2042,#2043,
#2044,#2045,#2046),.UNSPECIFIED.,.T.,.F.) B_SPLINE_CURVE_WITH_KNOTS((1,2
    ,2,2,2,1),(-2.094395102393,0.,2.094395102393,4.188790204786,
6.28318530718,8.377580409573),.UNSPECIFIED.) CURVE() 
GEOMETRIC_REPRESENTATION_ITEM() RATIONAL_B_SPLINE_CURVE((1.,0.5,1.,0.5,
1.,0.5,1.)) REPRESENTATION_ITEM('') );
#2040 = CARTESIAN_POINT('',(2.,16.000198961632));
#2041 = CARTESIAN_POINT('',(2.,17.732249769201));
#2042 = CARTESIAN_POINT('',(3.5,16.866224365417));
#2043 = CARTESIAN_POINT('',(5.,16.000198961632));
#2044 = CARTESIAN_POINT('',(3.5,15.134173557848));
#2045 = CARTESIAN_POINT('',(2.,14.268148154063));
#2046 = CARTESIAN_POINT('',(2.,16.000198961632));
#2047 = ( GEOMETRIC_REPRESENTATION_CONTEXT(2) 
PARAMETRIC_REPRESENTATION_CONTEXT() REPRESENTATION_CONTEXT('2D SPACE',''
  ) );
#2048 = PCURVE('',#2049,#2054);
#2049 = CYLINDRICAL_SURFACE('',#2050,1.);
#2050 = AXIS2_PLACEMENT_3D('',#2051,#2052,#2053);
#2051 = CARTESIAN_POINT('',(5.,42.,19.000198961632));
#2052 = DIRECTION('',(-4.163336342344E-16,-1.,0.));
#2053 = DIRECTION('',(-1.,4.163336342344E-16,0.));
#2054 = DEFINITIONAL_REPRESENTATION('',(#2055),#2059);
#2055 = LINE('',#2056,#2057);
#2056 = CARTESIAN_POINT('',(12.566370614359,3.));
#2057 = VECTOR('',#2058,1.);
#2058 = DIRECTION('',(-1.,0.));
#2059 = ( GEOMETRIC_REPRESENTATION_CONTEXT(2) 
PARAMETRIC_REPRESENTATION_CONTEXT() REPRESENTATION_CONTEXT('2D SPACE',''
  ) );
#2060 = FACE_BOUND('',#2061,.T.);
#2061 = EDGE_LOOP('',(#2062));
#2062 = ORIENTED_EDGE('',*,*,#2063,.T.);
#2063 = EDGE_CURVE('',#2064,#2064,#2066,.T.);
#2064 = VERTEX_POINT('',#2065);
#2065 = CARTESIAN_POINT('',(17.999602076736,39.,19.000198961632));
#2066 = SURFACE_CURVE('',#2067,(#2072,#2083),.PCURVE_S1.);
#2067 = CIRCLE('',#2068,1.);
#2068 = AXIS2_PLACEMENT_3D('',#2069,#2070,#2071);
#2069 = CARTESIAN_POINT('',(16.999602076736,39.,19.000198961632));
#2070 = DIRECTION('',(0.,1.,0.));
#2071 = DIRECTION('',(-1.,0.,0.));
#2072 = PCURVE('',#865,#2073);
#2073 = DEFINITIONAL_REPRESENTATION('',(#2074),#2082);
#2074 = ( BOUNDED_CURVE() B_SPLINE_CURVE(2,(#2075,#2076,#2077,#2078,
#2079,#2080,#2081),.UNSPECIFIED.,.T.,.F.) B_SPLINE_CURVE_WITH_KNOTS((1,2
    ,2,2,2,1),(-2.094395102393,0.,2.094395102393,4.188790204786,
6.28318530718,8.377580409573),.UNSPECIFIED.) CURVE() 
GEOMETRIC_REPRESENTATION_ITEM() RATIONAL_B_SPLINE_CURVE((1.,0.5,1.,0.5,
1.,0.5,1.)) REPRESENTATION_ITEM('') );
#2075 = CARTESIAN_POINT('',(13.999602076736,16.000198961632));
#2076 = CARTESIAN_POINT('',(13.999602076736,17.732249769201));
#2077 = CARTESIAN_POINT('',(15.499602076736,16.866224365417));
#2078 = CARTESIAN_POINT('',(16.999602076736,16.000198961632));
#2079 = CARTESIAN_POINT('',(15.499602076736,15.134173557848));
#2080 = CARTESIAN_POINT('',(13.999602076736,14.268148154063));
#2081 = CARTESIAN_POINT('',(13.999602076736,16.000198961632));
#2082 = ( GEOMETRIC_REPRESENTATION_CONTEXT(2) 
PARAMETRIC_REPRESENTATION_CONTEXT() REPRESENTATION_CONTEXT('2D SPACE',''
  ) );
#2083 = PCURVE('',#2084,#2089);
#2084 = CYLINDRICAL_SURFACE('',#2085,1.);
#2085 = AXIS2_PLACEMENT_3D('',#2086,#2087,#2088);
#2086 = CARTESIAN_POINT('',(16.999602076736,42.,19.000198961632));
#2087 = DIRECTION('',(-3.885780586188E-16,-1.,0.));
#2088 = DIRECTION('',(-1.,3.885780586188E-16,0.));
#2089 = DEFINITIONAL_REPRESENTATION('',(#2090),#2094);
#2090 = LINE('',#2091,#2092);
#2091 = CARTESIAN_POINT('',(12.566370614359,3.));
#2092 = VECTOR('',#2093,1.);
#2093 = DIRECTION('',(-1.,0.));
#2094 = ( GEOMETRIC_REPRESENTATION_CONTEXT(2) 
PARAMETRIC_REPRESENTATION_CONTEXT() REPRESENTATION_CONTEXT('2D SPACE',''
  ) );
#2095 = ADVANCED_FACE('',(#2096),#893,.T.);
#2096 = FACE_BOUND('',#2097,.T.);
#2097 = EDGE_LOOP('',(#2098,#2119,#2120,#2121));
#2098 = ORIENTED_EDGE('',*,*,#2099,.F.);
#2099 = EDGE_CURVE('',#1355,#1910,#2100,.T.);
#2100 = SURFACE_CURVE('',#2101,(#2105,#2112),.PCURVE_S1.);
#2101 = LINE('',#2102,#2103);
#2102 = CARTESIAN_POINT('',(2.,42.,19.946926078129));
#2103 = VECTOR('',#2104,1.);
#2104 = DIRECTION('',(-4.024558464266E-16,-1.,0.));
#2105 = PCURVE('',#893,#2106);
#2106 = DEFINITIONAL_REPRESENTATION('',(#2107),#2111);
#2107 = LINE('',#2108,#2109);
#2108 = CARTESIAN_POINT('',(3.979039320257E-13,16.946926078129));
#2109 = VECTOR('',#2110,1.);
#2110 = DIRECTION('',(1.,0.));
#2111 = ( GEOMETRIC_REPRESENTATION_CONTEXT(2) 
PARAMETRIC_REPRESENTATION_CONTEXT() REPRESENTATION_CONTEXT('2D SPACE',''
  ) );
#2112 = PCURVE('',#1373,#2113);
#2113 = DEFINITIONAL_REPRESENTATION('',(#2114),#2118);
#2114 = LINE('',#2115,#2116);
#2115 = CARTESIAN_POINT('',(6.28318530718,7.105427357601E-15));
#2116 = VECTOR('',#2117,1.);
#2117 = DIRECTION('',(0.,1.));
#2118 = ( GEOMETRIC_REPRESENTATION_CONTEXT(2) 
PARAMETRIC_REPRESENTATION_CONTEXT() REPRESENTATION_CONTEXT('2D SPACE',''
  ) );
#2119 = ORIENTED_EDGE('',*,*,#1431,.F.);
#2120 = ORIENTED_EDGE('',*,*,#877,.F.);
#2121 = ORIENTED_EDGE('',*,*,#1933,.T.);
#2122 = ADVANCED_FACE('',(#2123),#970,.F.);
#2123 = FACE_BOUND('',#2124,.F.);
#2124 = EDGE_LOOP('',(#2125,#2148,#2175,#2176));
#2125 = ORIENTED_EDGE('',*,*,#2126,.T.);
#2126 = EDGE_CURVE('',#954,#2127,#2129,.T.);
#2127 = VERTEX_POINT('',#2128);
#2128 = CARTESIAN_POINT('',(1.842359496895,3.103323324963,1.2));
#2129 = SEAM_CURVE('',#2130,(#2134,#2141),.PCURVE_S1.);
#2130 = LINE('',#2131,#2132);
#2131 = CARTESIAN_POINT('',(0.942359496895,3.103323324963,2.1));
#2132 = VECTOR('',#2133,1.);
#2133 = DIRECTION('',(0.707106781187,8.659560562355E-17,-0.707106781187)
  );
#2134 = PCURVE('',#970,#2135);
#2135 = DEFINITIONAL_REPRESENTATION('',(#2136),#2140);
#2136 = LINE('',#2137,#2138);
#2137 = CARTESIAN_POINT('',(3.14159265359,9.420554752103E-16));
#2138 = VECTOR('',#2139,1.);
#2139 = DIRECTION('',(0.,-1.));
#2140 = ( GEOMETRIC_REPRESENTATION_CONTEXT(2) 
PARAMETRIC_REPRESENTATION_CONTEXT() REPRESENTATION_CONTEXT('2D SPACE',''
  ) );
#2141 = PCURVE('',#970,#2142);
#2142 = DEFINITIONAL_REPRESENTATION('',(#2143),#2147);
#2143 = LINE('',#2144,#2145);
#2144 = CARTESIAN_POINT('',(9.424777960769,9.420554752103E-16));
#2145 = VECTOR('',#2146,1.);
#2146 = DIRECTION('',(0.,-1.));
#2147 = ( GEOMETRIC_REPRESENTATION_CONTEXT(2) 
PARAMETRIC_REPRESENTATION_CONTEXT() REPRESENTATION_CONTEXT('2D SPACE',''
  ) );
#2148 = ORIENTED_EDGE('',*,*,#2149,.F.);
#2149 = EDGE_CURVE('',#2127,#2127,#2150,.T.);
#2150 = SURFACE_CURVE('',#2151,(#2156,#2163),.PCURVE_S1.);
#2151 = CIRCLE('',#2152,1.15);
#2152 = AXIS2_PLACEMENT_3D('',#2153,#2154,#2155);
#2153 = CARTESIAN_POINT('',(2.992359496895,3.103323324963,1.2));
#2154 = DIRECTION('',(0.,0.,-1.));
#2155 = DIRECTION('',(1.,0.,0.));
#2156 = PCURVE('',#970,#2157);
#2157 = DEFINITIONAL_REPRESENTATION('',(#2158),#2162);
#2158 = LINE('',#2159,#2160);
#2159 = CARTESIAN_POINT('',(12.566370614359,-0.9));
#2160 = VECTOR('',#2161,1.);
#2161 = DIRECTION('',(-1.,0.));
#2162 = ( GEOMETRIC_REPRESENTATION_CONTEXT(2) 
PARAMETRIC_REPRESENTATION_CONTEXT() REPRESENTATION_CONTEXT('2D SPACE',''
  ) );
#2163 = PCURVE('',#2164,#2169);
#2164 = CYLINDRICAL_SURFACE('',#2165,1.15);
#2165 = AXIS2_PLACEMENT_3D('',#2166,#2167,#2168);
#2166 = CARTESIAN_POINT('',(2.992359496895,3.103323324963,0.));
#2167 = DIRECTION('',(0.,0.,1.));
#2168 = DIRECTION('',(1.,0.,-0.));
#2169 = DEFINITIONAL_REPRESENTATION('',(#2170),#2174);
#2170 = LINE('',#2171,#2172);
#2171 = CARTESIAN_POINT('',(12.566370614359,1.2));
#2172 = VECTOR('',#2173,1.);
#2173 = DIRECTION('',(-1.,0.));
#2174 = ( GEOMETRIC_REPRESENTATION_CONTEXT(2) 
PARAMETRIC_REPRESENTATION_CONTEXT() REPRESENTATION_CONTEXT('2D SPACE',''
  ) );
#2175 = ORIENTED_EDGE('',*,*,#2126,.F.);
#2176 = ORIENTED_EDGE('',*,*,#953,.F.);
#2177 = ADVANCED_FACE('',(#2178),#1001,.F.);
#2178 = FACE_BOUND('',#2179,.F.);
#2179 = EDGE_LOOP('',(#2180,#2203,#2230,#2231));
#2180 = ORIENTED_EDGE('',*,*,#2181,.T.);
#2181 = EDGE_CURVE('',#985,#2182,#2184,.T.);
#2182 = VERTEX_POINT('',#2183);
#2183 = CARTESIAN_POINT('',(17.842359496895,33.103323324963,1.2));
#2184 = SEAM_CURVE('',#2185,(#2189,#2196),.PCURVE_S1.);
#2185 = LINE('',#2186,#2187);
#2186 = CARTESIAN_POINT('',(16.942359496895,33.103323324963,2.1));
#2187 = VECTOR('',#2188,1.);
#2188 = DIRECTION('',(0.707106781187,8.659560562355E-17,-0.707106781187)
  );
#2189 = PCURVE('',#1001,#2190);
#2190 = DEFINITIONAL_REPRESENTATION('',(#2191),#2195);
#2191 = LINE('',#2192,#2193);
#2192 = CARTESIAN_POINT('',(3.14159265359,6.280369834735E-16));
#2193 = VECTOR('',#2194,1.);
#2194 = DIRECTION('',(0.,-1.));
#2195 = ( GEOMETRIC_REPRESENTATION_CONTEXT(2) 
PARAMETRIC_REPRESENTATION_CONTEXT() REPRESENTATION_CONTEXT('2D SPACE',''
  ) );
#2196 = PCURVE('',#1001,#2197);
#2197 = DEFINITIONAL_REPRESENTATION('',(#2198),#2202);
#2198 = LINE('',#2199,#2200);
#2199 = CARTESIAN_POINT('',(9.424777960769,6.280369834735E-16));
#2200 = VECTOR('',#2201,1.);
#2201 = DIRECTION('',(0.,-1.));
#2202 = ( GEOMETRIC_REPRESENTATION_CONTEXT(2) 
PARAMETRIC_REPRESENTATION_CONTEXT() REPRESENTATION_CONTEXT('2D SPACE',''
  ) );
#2203 = ORIENTED_EDGE('',*,*,#2204,.F.);
#2204 = EDGE_CURVE('',#2182,#2182,#2205,.T.);
#2205 = SURFACE_CURVE('',#2206,(#2211,#2218),.PCURVE_S1.);
#2206 = CIRCLE('',#2207,1.15);
#2207 = AXIS2_PLACEMENT_3D('',#2208,#2209,#2210);
#2208 = CARTESIAN_POINT('',(18.992359496895,33.103323324963,1.2));
#2209 = DIRECTION('',(0.,0.,-1.));
#2210 = DIRECTION('',(1.,0.,0.));
#2211 = PCURVE('',#1001,#2212);
#2212 = DEFINITIONAL_REPRESENTATION('',(#2213),#2217);
#2213 = LINE('',#2214,#2215);
#2214 = CARTESIAN_POINT('',(12.566370614359,-0.9));
#2215 = VECTOR('',#2216,1.);
#2216 = DIRECTION('',(-1.,0.));
#2217 = ( GEOMETRIC_REPRESENTATION_CONTEXT(2) 
PARAMETRIC_REPRESENTATION_CONTEXT() REPRESENTATION_CONTEXT('2D SPACE',''
  ) );
#2218 = PCURVE('',#2219,#2224);
#2219 = CYLINDRICAL_SURFACE('',#2220,1.15);
#2220 = AXIS2_PLACEMENT_3D('',#2221,#2222,#2223);
#2221 = CARTESIAN_POINT('',(18.992359496895,33.103323324963,0.));
#2222 = DIRECTION('',(0.,0.,1.));
#2223 = DIRECTION('',(1.,0.,-0.));
#2224 = DEFINITIONAL_REPRESENTATION('',(#2225),#2229);
#2225 = LINE('',#2226,#2227);
#2226 = CARTESIAN_POINT('',(12.566370614359,1.2));
#2227 = VECTOR('',#2228,1.);
#2228 = DIRECTION('',(-1.,0.));
#2229 = ( GEOMETRIC_REPRESENTATION_CONTEXT(2) 
PARAMETRIC_REPRESENTATION_CONTEXT() REPRESENTATION_CONTEXT('2D SPACE',''
  ) );
#2230 = ORIENTED_EDGE('',*,*,#2181,.F.);
#2231 = ORIENTED_EDGE('',*,*,#984,.F.);
#2232 = ADVANCED_FACE('',(#2233,#2309,#2344,#2379,#2414),#1033,.T.);
#2233 = FACE_BOUND('',#2234,.T.);
#2234 = EDGE_LOOP('',(#2235,#2266,#2287,#2288));
#2235 = ORIENTED_EDGE('',*,*,#2236,.T.);
#2236 = EDGE_CURVE('',#2237,#2239,#2241,.T.);
#2237 = VERTEX_POINT('',#2238);
#2238 = CARTESIAN_POINT('',(2.,9.5,19.946926078129));
#2239 = VERTEX_POINT('',#2240);
#2240 = CARTESIAN_POINT('',(20.,9.5,20.043147382046));
#2241 = SURFACE_CURVE('',#2242,(#2247,#2254),.PCURVE_S1.);
#2242 = CIRCLE('',#2243,9.061989099706);
#2243 = AXIS2_PLACEMENT_3D('',#2244,#2245,#2246);
#2244 = CARTESIAN_POINT('',(11.00565045745,9.5,18.93801266192));
#2245 = DIRECTION('',(-4.317533984653E-16,1.,0.));
#2246 = DIRECTION('',(-0.993782971748,-4.29069175389E-16,0.111334653475)
  );
#2247 = PCURVE('',#1033,#2248);
#2248 = DEFINITIONAL_REPRESENTATION('',(#2249),#2253);
#2249 = CIRCLE('',#2250,9.061989099706);
#2250 = AXIS2_PLACEMENT_2D('',#2251,#2252);
#2251 = CARTESIAN_POINT('',(8.99434954255,15.93801266192));
#2252 = DIRECTION('',(0.993782971748,0.111334653475));
#2253 = ( GEOMETRIC_REPRESENTATION_CONTEXT(2) 
PARAMETRIC_REPRESENTATION_CONTEXT() REPRESENTATION_CONTEXT('2D SPACE',''
  ) );
#2254 = PCURVE('',#2255,#2260);
#2255 = CYLINDRICAL_SURFACE('',#2256,9.061989099706);
#2256 = AXIS2_PLACEMENT_3D('',#2257,#2258,#2259);
#2257 = CARTESIAN_POINT('',(11.005650457451,42.,18.93801266192));
#2258 = DIRECTION('',(-3.885780586188E-16,-1.,0.));
#2259 = DIRECTION('',(-0.993782971748,3.861622578501E-16,0.111334653475)
  );
#2260 = DEFINITIONAL_REPRESENTATION('',(#2261),#2265);
#2261 = LINE('',#2262,#2263);
#2262 = CARTESIAN_POINT('',(6.28318530718,32.5));
#2263 = VECTOR('',#2264,1.);
#2264 = DIRECTION('',(-1.,-4.887201083882E-15));
#2265 = ( GEOMETRIC_REPRESENTATION_CONTEXT(2) 
PARAMETRIC_REPRESENTATION_CONTEXT() REPRESENTATION_CONTEXT('2D SPACE',''
  ) );
#2266 = ORIENTED_EDGE('',*,*,#2267,.F.);
#2267 = EDGE_CURVE('',#1018,#2239,#2268,.T.);
#2268 = SURFACE_CURVE('',#2269,(#2273,#2280),.PCURVE_S1.);
#2269 = LINE('',#2270,#2271);
#2270 = CARTESIAN_POINT('',(20.,9.5,3.));
#2271 = VECTOR('',#2272,1.);
#2272 = DIRECTION('',(0.,0.,1.));
#2273 = PCURVE('',#1033,#2274);
#2274 = DEFINITIONAL_REPRESENTATION('',(#2275),#2279);
#2275 = LINE('',#2276,#2277);
#2276 = CARTESIAN_POINT('',(0.,0.));
#2277 = VECTOR('',#2278,1.);
#2278 = DIRECTION('',(0.,1.));
#2279 = ( GEOMETRIC_REPRESENTATION_CONTEXT(2) 
PARAMETRIC_REPRESENTATION_CONTEXT() REPRESENTATION_CONTEXT('2D SPACE',''
  ) );
#2280 = PCURVE('',#1061,#2281);
#2281 = DEFINITIONAL_REPRESENTATION('',(#2282),#2286);
#2282 = LINE('',#2283,#2284);
#2283 = CARTESIAN_POINT('',(3.,0.));
#2284 = VECTOR('',#2285,1.);
#2285 = DIRECTION('',(0.,1.));
#2286 = ( GEOMETRIC_REPRESENTATION_CONTEXT(2) 
PARAMETRIC_REPRESENTATION_CONTEXT() REPRESENTATION_CONTEXT('2D SPACE',''
  ) );
#2287 = ORIENTED_EDGE('',*,*,#1015,.F.);
#2288 = ORIENTED_EDGE('',*,*,#2289,.T.);
#2289 = EDGE_CURVE('',#1016,#2237,#2290,.T.);
#2290 = SURFACE_CURVE('',#2291,(#2295,#2302),.PCURVE_S1.);
#2291 = LINE('',#2292,#2293);
#2292 = CARTESIAN_POINT('',(2.,9.5,3.));
#2293 = VECTOR('',#2294,1.);
#2294 = DIRECTION('',(0.,0.,1.));
#2295 = PCURVE('',#1033,#2296);
#2296 = DEFINITIONAL_REPRESENTATION('',(#2297),#2301);
#2297 = LINE('',#2298,#2299);
#2298 = CARTESIAN_POINT('',(18.,0.));
#2299 = VECTOR('',#2300,1.);
#2300 = DIRECTION('',(0.,1.));
#2301 = ( GEOMETRIC_REPRESENTATION_CONTEXT(2) 
PARAMETRIC_REPRESENTATION_CONTEXT() REPRESENTATION_CONTEXT('2D SPACE',''
  ) );
#2302 = PCURVE('',#1115,#2303);
#2303 = DEFINITIONAL_REPRESENTATION('',(#2304),#2308);
#2304 = LINE('',#2305,#2306);
#2305 = CARTESIAN_POINT('',(0.,0.));
#2306 = VECTOR('',#2307,1.);
#2307 = DIRECTION('',(0.,1.));
#2308 = ( GEOMETRIC_REPRESENTATION_CONTEXT(2) 
PARAMETRIC_REPRESENTATION_CONTEXT() REPRESENTATION_CONTEXT('2D SPACE',''
  ) );
#2309 = FACE_BOUND('',#2310,.T.);
#2310 = EDGE_LOOP('',(#2311));
#2311 = ORIENTED_EDGE('',*,*,#2312,.T.);
#2312 = EDGE_CURVE('',#2313,#2313,#2315,.T.);
#2313 = VERTEX_POINT('',#2314);
#2314 = CARTESIAN_POINT('',(11.999801038368,9.5,13.000397923264));
#2315 = SURFACE_CURVE('',#2316,(#2321,#2332),.PCURVE_S1.);
#2316 = CIRCLE('',#2317,1.);
#2317 = AXIS2_PLACEMENT_3D('',#2318,#2319,#2320);
#2318 = CARTESIAN_POINT('',(10.999801038368,9.5,13.000397923264));
#2319 = DIRECTION('',(4.317533984653E-16,-1.,0.));
#2320 = DIRECTION('',(-1.,-4.317533984653E-16,0.));
#2321 = PCURVE('',#1033,#2322);
#2322 = DEFINITIONAL_REPRESENTATION('',(#2323),#2331);
#2323 = ( BOUNDED_CURVE() B_SPLINE_CURVE(2,(#2324,#2325,#2326,#2327,
#2328,#2329,#2330),.UNSPECIFIED.,.T.,.F.) B_SPLINE_CURVE_WITH_KNOTS((1,2
    ,2,2,2,1),(-2.094395102393,0.,2.094395102393,4.188790204786,
6.28318530718,8.377580409573),.UNSPECIFIED.) CURVE() 
GEOMETRIC_REPRESENTATION_ITEM() RATIONAL_B_SPLINE_CURVE((1.,0.5,1.,0.5,
1.,0.5,1.)) REPRESENTATION_ITEM('') );
#2324 = CARTESIAN_POINT('',(10.000198961632,10.000397923264));
#2325 = CARTESIAN_POINT('',(10.000198961632,8.268347115695));
#2326 = CARTESIAN_POINT('',(8.500198961632,9.13437251948));
#2327 = CARTESIAN_POINT('',(7.000198961632,10.000397923264));
#2328 = CARTESIAN_POINT('',(8.500198961632,10.866423327049));
#2329 = CARTESIAN_POINT('',(10.000198961632,11.732448730833));
#2330 = CARTESIAN_POINT('',(10.000198961632,10.000397923264));
#2331 = ( GEOMETRIC_REPRESENTATION_CONTEXT(2) 
PARAMETRIC_REPRESENTATION_CONTEXT() REPRESENTATION_CONTEXT('2D SPACE',''
  ) );
#2332 = PCURVE('',#2333,#2338);
#2333 = CYLINDRICAL_SURFACE('',#2334,1.);
#2334 = AXIS2_PLACEMENT_3D('',#2335,#2336,#2337);
#2335 = CARTESIAN_POINT('',(10.999801038368,42.,13.000397923264));
#2336 = DIRECTION('',(-3.885780586188E-16,-1.,0.));
#2337 = DIRECTION('',(-1.,3.885780586188E-16,0.));
#2338 = DEFINITIONAL_REPRESENTATION('',(#2339),#2343);
#2339 = LINE('',#2340,#2341);
#2340 = CARTESIAN_POINT('',(0.,32.5));
#2341 = VECTOR('',#2342,1.);
#2342 = DIRECTION('',(1.,0.));
#2343 = ( GEOMETRIC_REPRESENTATION_CONTEXT(2) 
PARAMETRIC_REPRESENTATION_CONTEXT() REPRESENTATION_CONTEXT('2D SPACE',''
  ) );
#2344 = FACE_BOUND('',#2345,.T.);
#2345 = EDGE_LOOP('',(#2346));
#2346 = ORIENTED_EDGE('',*,*,#2347,.T.);
#2347 = EDGE_CURVE('',#2348,#2348,#2350,.T.);
#2348 = VERTEX_POINT('',#2349);
#2349 = CARTESIAN_POINT('',(11.999801038368,9.5,25.));
#2350 = SURFACE_CURVE('',#2351,(#2356,#2367),.PCURVE_S1.);
#2351 = CIRCLE('',#2352,1.);
#2352 = AXIS2_PLACEMENT_3D('',#2353,#2354,#2355);
#2353 = CARTESIAN_POINT('',(10.999801038368,9.5,25.));
#2354 = DIRECTION('',(4.317533984653E-16,-1.,0.));
#2355 = DIRECTION('',(-1.,-4.317533984653E-16,0.));
#2356 = PCURVE('',#1033,#2357);
#2357 = DEFINITIONAL_REPRESENTATION('',(#2358),#2366);
#2358 = ( BOUNDED_CURVE() B_SPLINE_CURVE(2,(#2359,#2360,#2361,#2362,
#2363,#2364,#2365),.UNSPECIFIED.,.T.,.F.) B_SPLINE_CURVE_WITH_KNOTS((1,2
    ,2,2,2,1),(-2.094395102393,0.,2.094395102393,4.188790204786,
6.28318530718,8.377580409573),.UNSPECIFIED.) CURVE() 
GEOMETRIC_REPRESENTATION_ITEM() RATIONAL_B_SPLINE_CURVE((1.,0.5,1.,0.5,
1.,0.5,1.)) REPRESENTATION_ITEM('') );
#2359 = CARTESIAN_POINT('',(10.000198961632,22.));
#2360 = CARTESIAN_POINT('',(10.000198961632,20.267949192431));
#2361 = CARTESIAN_POINT('',(8.500198961632,21.133974596216));
#2362 = CARTESIAN_POINT('',(7.000198961632,22.));
#2363 = CARTESIAN_POINT('',(8.500198961632,22.866025403784));
#2364 = CARTESIAN_POINT('',(10.000198961632,23.732050807569));
#2365 = CARTESIAN_POINT('',(10.000198961632,22.));
#2366 = ( GEOMETRIC_REPRESENTATION_CONTEXT(2) 
PARAMETRIC_REPRESENTATION_CONTEXT() REPRESENTATION_CONTEXT('2D SPACE',''
  ) );
#2367 = PCURVE('',#2368,#2373);
#2368 = CYLINDRICAL_SURFACE('',#2369,1.);
#2369 = AXIS2_PLACEMENT_3D('',#2370,#2371,#2372);
#2370 = CARTESIAN_POINT('',(10.999801038368,42.,25.));
#2371 = DIRECTION('',(-3.885780586188E-16,-1.,0.));
#2372 = DIRECTION('',(-1.,3.885780586188E-16,0.));
#2373 = DEFINITIONAL_REPRESENTATION('',(#2374),#2378);
#2374 = LINE('',#2375,#2376);
#2375 = CARTESIAN_POINT('',(0.,32.5));
#2376 = VECTOR('',#2377,1.);
#2377 = DIRECTION('',(1.,0.));
#2378 = ( GEOMETRIC_REPRESENTATION_CONTEXT(2) 
PARAMETRIC_REPRESENTATION_CONTEXT() REPRESENTATION_CONTEXT('2D SPACE',''
  ) );
#2379 = FACE_BOUND('',#2380,.T.);
#2380 = EDGE_LOOP('',(#2381));
#2381 = ORIENTED_EDGE('',*,*,#2382,.T.);
#2382 = EDGE_CURVE('',#2383,#2383,#2385,.T.);
#2383 = VERTEX_POINT('',#2384);
#2384 = CARTESIAN_POINT('',(6.,9.5,19.000198961632));
#2385 = SURFACE_CURVE('',#2386,(#2391,#2402),.PCURVE_S1.);
#2386 = CIRCLE('',#2387,1.);
#2387 = AXIS2_PLACEMENT_3D('',#2388,#2389,#2390);
#2388 = CARTESIAN_POINT('',(5.,9.5,19.000198961632));
#2389 = DIRECTION('',(4.317533984653E-16,-1.,0.));
#2390 = DIRECTION('',(-1.,-4.317533984653E-16,0.));
#2391 = PCURVE('',#1033,#2392);
#2392 = DEFINITIONAL_REPRESENTATION('',(#2393),#2401);
#2393 = ( BOUNDED_CURVE() B_SPLINE_CURVE(2,(#2394,#2395,#2396,#2397,
#2398,#2399,#2400),.UNSPECIFIED.,.T.,.F.) B_SPLINE_CURVE_WITH_KNOTS((1,2
    ,2,2,2,1),(-2.094395102393,0.,2.094395102393,4.188790204786,
6.28318530718,8.377580409573),.UNSPECIFIED.) CURVE() 
GEOMETRIC_REPRESENTATION_ITEM() RATIONAL_B_SPLINE_CURVE((1.,0.5,1.,0.5,
1.,0.5,1.)) REPRESENTATION_ITEM('') );
#2394 = CARTESIAN_POINT('',(16.,16.000198961632));
#2395 = CARTESIAN_POINT('',(16.,14.268148154063));
#2396 = CARTESIAN_POINT('',(14.5,15.134173557848));
#2397 = CARTESIAN_POINT('',(13.,16.000198961632));
#2398 = CARTESIAN_POINT('',(14.5,16.866224365417));
#2399 = CARTESIAN_POINT('',(16.,17.732249769201));
#2400 = CARTESIAN_POINT('',(16.,16.000198961632));
#2401 = ( GEOMETRIC_REPRESENTATION_CONTEXT(2) 
PARAMETRIC_REPRESENTATION_CONTEXT() REPRESENTATION_CONTEXT('2D SPACE',''
  ) );
#2402 = PCURVE('',#2403,#2408);
#2403 = CYLINDRICAL_SURFACE('',#2404,1.);
#2404 = AXIS2_PLACEMENT_3D('',#2405,#2406,#2407);
#2405 = CARTESIAN_POINT('',(5.,42.,19.000198961632));
#2406 = DIRECTION('',(-4.163336342344E-16,-1.,0.));
#2407 = DIRECTION('',(-1.,4.163336342344E-16,0.));
#2408 = DEFINITIONAL_REPRESENTATION('',(#2409),#2413);
#2409 = LINE('',#2410,#2411);
#2410 = CARTESIAN_POINT('',(0.,32.5));
#2411 = VECTOR('',#2412,1.);
#2412 = DIRECTION('',(1.,0.));
#2413 = ( GEOMETRIC_REPRESENTATION_CONTEXT(2) 
PARAMETRIC_REPRESENTATION_CONTEXT() REPRESENTATION_CONTEXT('2D SPACE',''
  ) );
#2414 = FACE_BOUND('',#2415,.T.);
#2415 = EDGE_LOOP('',(#2416));
#2416 = ORIENTED_EDGE('',*,*,#2417,.T.);
#2417 = EDGE_CURVE('',#2418,#2418,#2420,.T.);
#2418 = VERTEX_POINT('',#2419);
#2419 = CARTESIAN_POINT('',(17.999602076736,9.5,19.000198961632));
#2420 = SURFACE_CURVE('',#2421,(#2426,#2437),.PCURVE_S1.);
#2421 = CIRCLE('',#2422,1.);
#2422 = AXIS2_PLACEMENT_3D('',#2423,#2424,#2425);
#2423 = CARTESIAN_POINT('',(16.999602076736,9.5,19.000198961632));
#2424 = DIRECTION('',(4.317533984653E-16,-1.,0.));
#2425 = DIRECTION('',(-1.,-4.317533984653E-16,0.));
#2426 = PCURVE('',#1033,#2427);
#2427 = DEFINITIONAL_REPRESENTATION('',(#2428),#2436);
#2428 = ( BOUNDED_CURVE() B_SPLINE_CURVE(2,(#2429,#2430,#2431,#2432,
#2433,#2434,#2435),.UNSPECIFIED.,.T.,.F.) B_SPLINE_CURVE_WITH_KNOTS((1,2
    ,2,2,2,1),(-2.094395102393,0.,2.094395102393,4.188790204786,
6.28318530718,8.377580409573),.UNSPECIFIED.) CURVE() 
GEOMETRIC_REPRESENTATION_ITEM() RATIONAL_B_SPLINE_CURVE((1.,0.5,1.,0.5,
1.,0.5,1.)) REPRESENTATION_ITEM('') );
#2429 = CARTESIAN_POINT('',(4.000397923264,16.000198961632));
#2430 = CARTESIAN_POINT('',(4.000397923264,14.268148154063));
#2431 = CARTESIAN_POINT('',(2.500397923264,15.134173557848));
#2432 = CARTESIAN_POINT('',(1.000397923264,16.000198961632));
#2433 = CARTESIAN_POINT('',(2.500397923264,16.866224365417));
#2434 = CARTESIAN_POINT('',(4.000397923264,17.732249769201));
#2435 = CARTESIAN_POINT('',(4.000397923264,16.000198961632));
#2436 = ( GEOMETRIC_REPRESENTATION_CONTEXT(2) 
PARAMETRIC_REPRESENTATION_CONTEXT() REPRESENTATION_CONTEXT('2D SPACE',''
  ) );
#2437 = PCURVE('',#2438,#2443);
#2438 = CYLINDRICAL_SURFACE('',#2439,1.);
#2439 = AXIS2_PLACEMENT_3D('',#2440,#2441,#2442);
#2440 = CARTESIAN_POINT('',(16.999602076736,42.,19.000198961632));
#2441 = DIRECTION('',(-3.885780586188E-16,-1.,0.));
#2442 = DIRECTION('',(-1.,3.885780586188E-16,0.));
#2443 = DEFINITIONAL_REPRESENTATION('',(#2444),#2448);
#2444 = LINE('',#2445,#2446);
#2445 = CARTESIAN_POINT('',(0.,32.5));
#2446 = VECTOR('',#2447,1.);
#2447 = DIRECTION('',(1.,0.));
#2448 = ( GEOMETRIC_REPRESENTATION_CONTEXT(2) 
PARAMETRIC_REPRESENTATION_CONTEXT() REPRESENTATION_CONTEXT('2D SPACE',''
  ) );
#2449 = ADVANCED_FACE('',(#2450),#1061,.T.);
#2450 = FACE_BOUND('',#2451,.T.);
#2451 = EDGE_LOOP('',(#2452,#2475,#2496,#2497));
#2452 = ORIENTED_EDGE('',*,*,#2453,.T.);
#2453 = EDGE_CURVE('',#2239,#2454,#2456,.T.);
#2454 = VERTEX_POINT('',#2455);
#2455 = CARTESIAN_POINT('',(20.,6.5,20.043147382046));
#2456 = SURFACE_CURVE('',#2457,(#2461,#2468),.PCURVE_S1.);
#2457 = LINE('',#2458,#2459);
#2458 = CARTESIAN_POINT('',(20.,42.,20.043147382046));
#2459 = VECTOR('',#2460,1.);
#2460 = DIRECTION('',(-3.885780586188E-16,-1.,0.));
#2461 = PCURVE('',#1061,#2462);
#2462 = DEFINITIONAL_REPRESENTATION('',(#2463),#2467);
#2463 = LINE('',#2464,#2465);
#2464 = CARTESIAN_POINT('',(35.5,17.043147382046));
#2465 = VECTOR('',#2466,1.);
#2466 = DIRECTION('',(-1.,0.));
#2467 = ( GEOMETRIC_REPRESENTATION_CONTEXT(2) 
PARAMETRIC_REPRESENTATION_CONTEXT() REPRESENTATION_CONTEXT('2D SPACE',''
  ) );
#2468 = PCURVE('',#2255,#2469);
#2469 = DEFINITIONAL_REPRESENTATION('',(#2470),#2474);
#2470 = LINE('',#2471,#2472);
#2471 = CARTESIAN_POINT('',(3.375415712417,0.));
#2472 = VECTOR('',#2473,1.);
#2473 = DIRECTION('',(0.,1.));
#2474 = ( GEOMETRIC_REPRESENTATION_CONTEXT(2) 
PARAMETRIC_REPRESENTATION_CONTEXT() REPRESENTATION_CONTEXT('2D SPACE',''
  ) );
#2475 = ORIENTED_EDGE('',*,*,#2476,.F.);
#2476 = EDGE_CURVE('',#1046,#2454,#2477,.T.);
#2477 = SURFACE_CURVE('',#2478,(#2482,#2489),.PCURVE_S1.);
#2478 = LINE('',#2479,#2480);
#2479 = CARTESIAN_POINT('',(20.,6.5,3.));
#2480 = VECTOR('',#2481,1.);
#2481 = DIRECTION('',(0.,0.,1.));
#2482 = PCURVE('',#1061,#2483);
#2483 = DEFINITIONAL_REPRESENTATION('',(#2484),#2488);
#2484 = LINE('',#2485,#2486);
#2485 = CARTESIAN_POINT('',(0.,0.));
#2486 = VECTOR('',#2487,1.);
#2487 = DIRECTION('',(0.,1.));
#2488 = ( GEOMETRIC_REPRESENTATION_CONTEXT(2) 
PARAMETRIC_REPRESENTATION_CONTEXT() REPRESENTATION_CONTEXT('2D SPACE',''
  ) );
#2489 = PCURVE('',#1089,#2490);
#2490 = DEFINITIONAL_REPRESENTATION('',(#2491),#2495);
#2491 = LINE('',#2492,#2493);
#2492 = CARTESIAN_POINT('',(18.,0.));
#2493 = VECTOR('',#2494,1.);
#2494 = DIRECTION('',(0.,1.));
#2495 = ( GEOMETRIC_REPRESENTATION_CONTEXT(2) 
PARAMETRIC_REPRESENTATION_CONTEXT() REPRESENTATION_CONTEXT('2D SPACE',''
  ) );
#2496 = ORIENTED_EDGE('',*,*,#1045,.F.);
#2497 = ORIENTED_EDGE('',*,*,#2267,.T.);
#2498 = ADVANCED_FACE('',(#2499,#2548,#2579,#2610,#2641),#1089,.T.);
#2499 = FACE_BOUND('',#2500,.T.);
#2500 = EDGE_LOOP('',(#2501,#2525,#2546,#2547));
#2501 = ORIENTED_EDGE('',*,*,#2502,.T.);
#2502 = EDGE_CURVE('',#2454,#2503,#2505,.T.);
#2503 = VERTEX_POINT('',#2504);
#2504 = CARTESIAN_POINT('',(2.,6.5,19.946926078129));
#2505 = SURFACE_CURVE('',#2506,(#2511,#2518),.PCURVE_S1.);
#2506 = CIRCLE('',#2507,9.061989099706);
#2507 = AXIS2_PLACEMENT_3D('',#2508,#2509,#2510);
#2508 = CARTESIAN_POINT('',(11.00565045745,6.5,18.93801266192));
#2509 = DIRECTION('',(0.,-1.,0.));
#2510 = DIRECTION('',(-0.993782971748,0.,0.111334653475));
#2511 = PCURVE('',#1089,#2512);
#2512 = DEFINITIONAL_REPRESENTATION('',(#2513),#2517);
#2513 = CIRCLE('',#2514,9.061989099706);
#2514 = AXIS2_PLACEMENT_2D('',#2515,#2516);
#2515 = CARTESIAN_POINT('',(9.00565045745,15.93801266192));
#2516 = DIRECTION('',(-0.993782971748,0.111334653475));
#2517 = ( GEOMETRIC_REPRESENTATION_CONTEXT(2) 
PARAMETRIC_REPRESENTATION_CONTEXT() REPRESENTATION_CONTEXT('2D SPACE',''
  ) );
#2518 = PCURVE('',#2255,#2519);
#2519 = DEFINITIONAL_REPRESENTATION('',(#2520),#2524);
#2520 = LINE('',#2521,#2522);
#2521 = CARTESIAN_POINT('',(0.,35.5));
#2522 = VECTOR('',#2523,1.);
#2523 = DIRECTION('',(1.,2.443600541941E-15));
#2524 = ( GEOMETRIC_REPRESENTATION_CONTEXT(2) 
PARAMETRIC_REPRESENTATION_CONTEXT() REPRESENTATION_CONTEXT('2D SPACE',''
  ) );
#2525 = ORIENTED_EDGE('',*,*,#2526,.F.);
#2526 = EDGE_CURVE('',#1074,#2503,#2527,.T.);
#2527 = SURFACE_CURVE('',#2528,(#2532,#2539),.PCURVE_S1.);
#2528 = LINE('',#2529,#2530);
#2529 = CARTESIAN_POINT('',(2.,6.5,3.));
#2530 = VECTOR('',#2531,1.);
#2531 = DIRECTION('',(0.,0.,1.));
#2532 = PCURVE('',#1089,#2533);
#2533 = DEFINITIONAL_REPRESENTATION('',(#2534),#2538);
#2534 = LINE('',#2535,#2536);
#2535 = CARTESIAN_POINT('',(0.,0.));
#2536 = VECTOR('',#2537,1.);
#2537 = DIRECTION('',(0.,1.));
#2538 = ( GEOMETRIC_REPRESENTATION_CONTEXT(2) 
PARAMETRIC_REPRESENTATION_CONTEXT() REPRESENTATION_CONTEXT('2D SPACE',''
  ) );
#2539 = PCURVE('',#1115,#2540);
#2540 = DEFINITIONAL_REPRESENTATION('',(#2541),#2545);
#2541 = LINE('',#2542,#2543);
#2542 = CARTESIAN_POINT('',(3.,0.));
#2543 = VECTOR('',#2544,1.);
#2544 = DIRECTION('',(0.,1.));
#2545 = ( GEOMETRIC_REPRESENTATION_CONTEXT(2) 
PARAMETRIC_REPRESENTATION_CONTEXT() REPRESENTATION_CONTEXT('2D SPACE',''
  ) );
#2546 = ORIENTED_EDGE('',*,*,#1073,.F.);
#2547 = ORIENTED_EDGE('',*,*,#2476,.T.);
#2548 = FACE_BOUND('',#2549,.T.);
#2549 = EDGE_LOOP('',(#2550));
#2550 = ORIENTED_EDGE('',*,*,#2551,.F.);
#2551 = EDGE_CURVE('',#2552,#2552,#2554,.T.);
#2552 = VERTEX_POINT('',#2553);
#2553 = CARTESIAN_POINT('',(7.8,6.5,19.000198961632));
#2554 = SURFACE_CURVE('',#2555,(#2560,#2567),.PCURVE_S1.);
#2555 = CIRCLE('',#2556,2.8);
#2556 = AXIS2_PLACEMENT_3D('',#2557,#2558,#2559);
#2557 = CARTESIAN_POINT('',(5.,6.5,19.000198961632));
#2558 = DIRECTION('',(0.,-1.,0.));
#2559 = DIRECTION('',(-1.,0.,0.));
#2560 = PCURVE('',#1089,#2561);
#2561 = DEFINITIONAL_REPRESENTATION('',(#2562),#2566);
#2562 = CIRCLE('',#2563,2.8);
#2563 = AXIS2_PLACEMENT_2D('',#2564,#2565);
#2564 = CARTESIAN_POINT('',(3.,16.000198961632));
#2565 = DIRECTION('',(-1.,0.));
#2566 = ( GEOMETRIC_REPRESENTATION_CONTEXT(2) 
PARAMETRIC_REPRESENTATION_CONTEXT() REPRESENTATION_CONTEXT('2D SPACE',''
  ) );
#2567 = PCURVE('',#2568,#2573);
#2568 = CONICAL_SURFACE('',#2569,1.9,0.785398163397);
#2569 = AXIS2_PLACEMENT_3D('',#2570,#2571,#2572);
#2570 = CARTESIAN_POINT('',(5.,7.4,19.000198961632));
#2571 = DIRECTION('',(0.,-1.,0.));
#2572 = DIRECTION('',(-1.,0.,0.));
#2573 = DEFINITIONAL_REPRESENTATION('',(#2574),#2578);
#2574 = LINE('',#2575,#2576);
#2575 = CARTESIAN_POINT('',(0.,0.9));
#2576 = VECTOR('',#2577,1.);
#2577 = DIRECTION('',(1.,0.));
#2578 = ( GEOMETRIC_REPRESENTATION_CONTEXT(2) 
PARAMETRIC_REPRESENTATION_CONTEXT() REPRESENTATION_CONTEXT('2D SPACE',''
  ) );
#2579 = FACE_BOUND('',#2580,.T.);
#2580 = EDGE_LOOP('',(#2581));
#2581 = ORIENTED_EDGE('',*,*,#2582,.F.);
#2582 = EDGE_CURVE('',#2583,#2583,#2585,.T.);
#2583 = VERTEX_POINT('',#2584);
#2584 = CARTESIAN_POINT('',(19.799602076736,6.5,19.000198961632));
#2585 = SURFACE_CURVE('',#2586,(#2591,#2598),.PCURVE_S1.);
#2586 = CIRCLE('',#2587,2.8);
#2587 = AXIS2_PLACEMENT_3D('',#2588,#2589,#2590);
#2588 = CARTESIAN_POINT('',(16.999602076736,6.5,19.000198961632));
#2589 = DIRECTION('',(0.,-1.,0.));
#2590 = DIRECTION('',(-1.,0.,0.));
#2591 = PCURVE('',#1089,#2592);
#2592 = DEFINITIONAL_REPRESENTATION('',(#2593),#2597);
#2593 = CIRCLE('',#2594,2.8);
#2594 = AXIS2_PLACEMENT_2D('',#2595,#2596);
#2595 = CARTESIAN_POINT('',(14.999602076736,16.000198961632));
#2596 = DIRECTION('',(-1.,0.));
#2597 = ( GEOMETRIC_REPRESENTATION_CONTEXT(2) 
PARAMETRIC_REPRESENTATION_CONTEXT() REPRESENTATION_CONTEXT('2D SPACE',''
  ) );
#2598 = PCURVE('',#2599,#2604);
#2599 = CONICAL_SURFACE('',#2600,1.9,0.785398163397);
#2600 = AXIS2_PLACEMENT_3D('',#2601,#2602,#2603);
#2601 = CARTESIAN_POINT('',(16.999602076736,7.4,19.000198961632));
#2602 = DIRECTION('',(0.,-1.,0.));
#2603 = DIRECTION('',(-1.,0.,0.));
#2604 = DEFINITIONAL_REPRESENTATION('',(#2605),#2609);
#2605 = LINE('',#2606,#2607);
#2606 = CARTESIAN_POINT('',(0.,0.9));
#2607 = VECTOR('',#2608,1.);
#2608 = DIRECTION('',(1.,0.));
#2609 = ( GEOMETRIC_REPRESENTATION_CONTEXT(2) 
PARAMETRIC_REPRESENTATION_CONTEXT() REPRESENTATION_CONTEXT('2D SPACE',''
  ) );
#2610 = FACE_BOUND('',#2611,.T.);
#2611 = EDGE_LOOP('',(#2612));
#2612 = ORIENTED_EDGE('',*,*,#2613,.F.);
#2613 = EDGE_CURVE('',#2614,#2614,#2616,.T.);
#2614 = VERTEX_POINT('',#2615);
#2615 = CARTESIAN_POINT('',(13.799801038368,6.5,25.));
#2616 = SURFACE_CURVE('',#2617,(#2622,#2629),.PCURVE_S1.);
#2617 = CIRCLE('',#2618,2.8);
#2618 = AXIS2_PLACEMENT_3D('',#2619,#2620,#2621);
#2619 = CARTESIAN_POINT('',(10.999801038368,6.5,25.));
#2620 = DIRECTION('',(0.,-1.,0.));
#2621 = DIRECTION('',(-1.,0.,0.));
#2622 = PCURVE('',#1089,#2623);
#2623 = DEFINITIONAL_REPRESENTATION('',(#2624),#2628);
#2624 = CIRCLE('',#2625,2.8);
#2625 = AXIS2_PLACEMENT_2D('',#2626,#2627);
#2626 = CARTESIAN_POINT('',(8.999801038368,22.));
#2627 = DIRECTION('',(-1.,0.));
#2628 = ( GEOMETRIC_REPRESENTATION_CONTEXT(2) 
PARAMETRIC_REPRESENTATION_CONTEXT() REPRESENTATION_CONTEXT('2D SPACE',''
  ) );
#2629 = PCURVE('',#2630,#2635);
#2630 = CONICAL_SURFACE('',#2631,1.9,0.785398163397);
#2631 = AXIS2_PLACEMENT_3D('',#2632,#2633,#2634);
#2632 = CARTESIAN_POINT('',(10.999801038368,7.4,25.));
#2633 = DIRECTION('',(0.,-1.,0.));
#2634 = DIRECTION('',(-1.,0.,0.));
#2635 = DEFINITIONAL_REPRESENTATION('',(#2636),#2640);
#2636 = LINE('',#2637,#2638);
#2637 = CARTESIAN_POINT('',(0.,0.9));
#2638 = VECTOR('',#2639,1.);
#2639 = DIRECTION('',(1.,0.));
#2640 = ( GEOMETRIC_REPRESENTATION_CONTEXT(2) 
PARAMETRIC_REPRESENTATION_CONTEXT() REPRESENTATION_CONTEXT('2D SPACE',''
  ) );
#2641 = FACE_BOUND('',#2642,.T.);
#2642 = EDGE_LOOP('',(#2643));
#2643 = ORIENTED_EDGE('',*,*,#2644,.F.);
#2644 = EDGE_CURVE('',#2645,#2645,#2647,.T.);
#2645 = VERTEX_POINT('',#2646);
#2646 = CARTESIAN_POINT('',(13.799801038368,6.5,13.000397923264));
#2647 = SURFACE_CURVE('',#2648,(#2653,#2660),.PCURVE_S1.);
#2648 = CIRCLE('',#2649,2.8);
#2649 = AXIS2_PLACEMENT_3D('',#2650,#2651,#2652);
#2650 = CARTESIAN_POINT('',(10.999801038368,6.5,13.000397923264));
#2651 = DIRECTION('',(0.,-1.,0.));
#2652 = DIRECTION('',(-1.,0.,0.));
#2653 = PCURVE('',#1089,#2654);
#2654 = DEFINITIONAL_REPRESENTATION('',(#2655),#2659);
#2655 = CIRCLE('',#2656,2.8);
#2656 = AXIS2_PLACEMENT_2D('',#2657,#2658);
#2657 = CARTESIAN_POINT('',(8.999801038368,10.000397923264));
#2658 = DIRECTION('',(-1.,0.));
#2659 = ( GEOMETRIC_REPRESENTATION_CONTEXT(2) 
PARAMETRIC_REPRESENTATION_CONTEXT() REPRESENTATION_CONTEXT('2D SPACE',''
  ) );
#2660 = PCURVE('',#2661,#2666);
#2661 = CONICAL_SURFACE('',#2662,1.9,0.785398163397);
#2662 = AXIS2_PLACEMENT_3D('',#2663,#2664,#2665);
#2663 = CARTESIAN_POINT('',(10.999801038368,7.4,13.000397923264));
#2664 = DIRECTION('',(0.,-1.,0.));
#2665 = DIRECTION('',(-1.,0.,0.));
#2666 = DEFINITIONAL_REPRESENTATION('',(#2667),#2671);
#2667 = LINE('',#2668,#2669);
#2668 = CARTESIAN_POINT('',(0.,0.9));
#2669 = VECTOR('',#2670,1.);
#2670 = DIRECTION('',(1.,0.));
#2671 = ( GEOMETRIC_REPRESENTATION_CONTEXT(2) 
PARAMETRIC_REPRESENTATION_CONTEXT() REPRESENTATION_CONTEXT('2D SPACE',''
  ) );
#2672 = ADVANCED_FACE('',(#2673),#1115,.T.);
#2673 = FACE_BOUND('',#2674,.T.);
#2674 = EDGE_LOOP('',(#2675,#2696,#2697,#2698));
#2675 = ORIENTED_EDGE('',*,*,#2676,.F.);
#2676 = EDGE_CURVE('',#2237,#2503,#2677,.T.);
#2677 = SURFACE_CURVE('',#2678,(#2682,#2689),.PCURVE_S1.);
#2678 = LINE('',#2679,#2680);
#2679 = CARTESIAN_POINT('',(2.,42.,19.946926078129));
#2680 = VECTOR('',#2681,1.);
#2681 = DIRECTION('',(-4.024558464266E-16,-1.,0.));
#2682 = PCURVE('',#1115,#2683);
#2683 = DEFINITIONAL_REPRESENTATION('',(#2684),#2688);
#2684 = LINE('',#2685,#2686);
#2685 = CARTESIAN_POINT('',(-32.5,16.946926078129));
#2686 = VECTOR('',#2687,1.);
#2687 = DIRECTION('',(1.,0.));
#2688 = ( GEOMETRIC_REPRESENTATION_CONTEXT(2) 
PARAMETRIC_REPRESENTATION_CONTEXT() REPRESENTATION_CONTEXT('2D SPACE',''
  ) );
#2689 = PCURVE('',#2255,#2690);
#2690 = DEFINITIONAL_REPRESENTATION('',(#2691),#2695);
#2691 = LINE('',#2692,#2693);
#2692 = CARTESIAN_POINT('',(6.28318530718,7.105427357601E-15));
#2693 = VECTOR('',#2694,1.);
#2694 = DIRECTION('',(0.,1.));
#2695 = ( GEOMETRIC_REPRESENTATION_CONTEXT(2) 
PARAMETRIC_REPRESENTATION_CONTEXT() REPRESENTATION_CONTEXT('2D SPACE',''
  ) );
#2696 = ORIENTED_EDGE('',*,*,#2289,.F.);
#2697 = ORIENTED_EDGE('',*,*,#1101,.F.);
#2698 = ORIENTED_EDGE('',*,*,#2526,.T.);
#2699 = ADVANCED_FACE('',(#2700),#1146,.F.);
#2700 = FACE_BOUND('',#2701,.F.);
#2701 = EDGE_LOOP('',(#2702,#2725,#2752,#2753));
#2702 = ORIENTED_EDGE('',*,*,#2703,.T.);
#2703 = EDGE_CURVE('',#1130,#2704,#2706,.T.);
#2704 = VERTEX_POINT('',#2705);
#2705 = CARTESIAN_POINT('',(1.842359496895,33.103323324963,1.2));
#2706 = SEAM_CURVE('',#2707,(#2711,#2718),.PCURVE_S1.);
#2707 = LINE('',#2708,#2709);
#2708 = CARTESIAN_POINT('',(0.942359496895,33.103323324963,2.1));
#2709 = VECTOR('',#2710,1.);
#2710 = DIRECTION('',(0.707106781187,8.659560562355E-17,-0.707106781187)
  );
#2711 = PCURVE('',#1146,#2712);
#2712 = DEFINITIONAL_REPRESENTATION('',(#2713),#2717);
#2713 = LINE('',#2714,#2715);
#2714 = CARTESIAN_POINT('',(3.14159265359,9.420554752103E-16));
#2715 = VECTOR('',#2716,1.);
#2716 = DIRECTION('',(0.,-1.));
#2717 = ( GEOMETRIC_REPRESENTATION_CONTEXT(2) 
PARAMETRIC_REPRESENTATION_CONTEXT() REPRESENTATION_CONTEXT('2D SPACE',''
  ) );
#2718 = PCURVE('',#1146,#2719);
#2719 = DEFINITIONAL_REPRESENTATION('',(#2720),#2724);
#2720 = LINE('',#2721,#2722);
#2721 = CARTESIAN_POINT('',(9.424777960769,9.420554752103E-16));
#2722 = VECTOR('',#2723,1.);
#2723 = DIRECTION('',(0.,-1.));
#2724 = ( GEOMETRIC_REPRESENTATION_CONTEXT(2) 
PARAMETRIC_REPRESENTATION_CONTEXT() REPRESENTATION_CONTEXT('2D SPACE',''
  ) );
#2725 = ORIENTED_EDGE('',*,*,#2726,.F.);
#2726 = EDGE_CURVE('',#2704,#2704,#2727,.T.);
#2727 = SURFACE_CURVE('',#2728,(#2733,#2740),.PCURVE_S1.);
#2728 = CIRCLE('',#2729,1.15);
#2729 = AXIS2_PLACEMENT_3D('',#2730,#2731,#2732);
#2730 = CARTESIAN_POINT('',(2.992359496895,33.103323324963,1.2));
#2731 = DIRECTION('',(0.,0.,-1.));
#2732 = DIRECTION('',(1.,0.,0.));
#2733 = PCURVE('',#1146,#2734);
#2734 = DEFINITIONAL_REPRESENTATION('',(#2735),#2739);
#2735 = LINE('',#2736,#2737);
#2736 = CARTESIAN_POINT('',(12.566370614359,-0.9));
#2737 = VECTOR('',#2738,1.);
#2738 = DIRECTION('',(-1.,0.));
#2739 = ( GEOMETRIC_REPRESENTATION_CONTEXT(2) 
PARAMETRIC_REPRESENTATION_CONTEXT() REPRESENTATION_CONTEXT('2D SPACE',''
  ) );
#2740 = PCURVE('',#2741,#2746);
#2741 = CYLINDRICAL_SURFACE('',#2742,1.15);
#2742 = AXIS2_PLACEMENT_3D('',#2743,#2744,#2745);
#2743 = CARTESIAN_POINT('',(2.992359496895,33.103323324963,0.));
#2744 = DIRECTION('',(0.,0.,1.));
#2745 = DIRECTION('',(1.,0.,-0.));
#2746 = DEFINITIONAL_REPRESENTATION('',(#2747),#2751);
#2747 = LINE('',#2748,#2749);
#2748 = CARTESIAN_POINT('',(12.566370614359,1.2));
#2749 = VECTOR('',#2750,1.);
#2750 = DIRECTION('',(-1.,0.));
#2751 = ( GEOMETRIC_REPRESENTATION_CONTEXT(2) 
PARAMETRIC_REPRESENTATION_CONTEXT() REPRESENTATION_CONTEXT('2D SPACE',''
  ) );
#2752 = ORIENTED_EDGE('',*,*,#2703,.F.);
#2753 = ORIENTED_EDGE('',*,*,#1129,.F.);
#2754 = ADVANCED_FACE('',(#2755),#1177,.F.);
#2755 = FACE_BOUND('',#2756,.F.);
#2756 = EDGE_LOOP('',(#2757,#2780,#2807,#2808));
#2757 = ORIENTED_EDGE('',*,*,#2758,.T.);
#2758 = EDGE_CURVE('',#1161,#2759,#2761,.T.);
#2759 = VERTEX_POINT('',#2760);
#2760 = CARTESIAN_POINT('',(17.842359496895,3.103323324963,1.2));
#2761 = SEAM_CURVE('',#2762,(#2766,#2773),.PCURVE_S1.);
#2762 = LINE('',#2763,#2764);
#2763 = CARTESIAN_POINT('',(16.942359496895,3.103323324963,2.1));
#2764 = VECTOR('',#2765,1.);
#2765 = DIRECTION('',(0.707106781187,8.659560562355E-17,-0.707106781187)
  );
#2766 = PCURVE('',#1177,#2767);
#2767 = DEFINITIONAL_REPRESENTATION('',(#2768),#2772);
#2768 = LINE('',#2769,#2770);
#2769 = CARTESIAN_POINT('',(3.14159265359,6.280369834735E-16));
#2770 = VECTOR('',#2771,1.);
#2771 = DIRECTION('',(0.,-1.));
#2772 = ( GEOMETRIC_REPRESENTATION_CONTEXT(2) 
PARAMETRIC_REPRESENTATION_CONTEXT() REPRESENTATION_CONTEXT('2D SPACE',''
  ) );
#2773 = PCURVE('',#1177,#2774);
#2774 = DEFINITIONAL_REPRESENTATION('',(#2775),#2779);
#2775 = LINE('',#2776,#2777);
#2776 = CARTESIAN_POINT('',(9.424777960769,6.280369834735E-16));
#2777 = VECTOR('',#2778,1.);
#2778 = DIRECTION('',(0.,-1.));
#2779 = ( GEOMETRIC_REPRESENTATION_CONTEXT(2) 
PARAMETRIC_REPRESENTATION_CONTEXT() REPRESENTATION_CONTEXT('2D SPACE',''
  ) );
#2780 = ORIENTED_EDGE('',*,*,#2781,.F.);
#2781 = EDGE_CURVE('',#2759,#2759,#2782,.T.);
#2782 = SURFACE_CURVE('',#2783,(#2788,#2795),.PCURVE_S1.);
#2783 = CIRCLE('',#2784,1.15);
#2784 = AXIS2_PLACEMENT_3D('',#2785,#2786,#2787);
#2785 = CARTESIAN_POINT('',(18.992359496895,3.103323324963,1.2));
#2786 = DIRECTION('',(0.,0.,-1.));
#2787 = DIRECTION('',(1.,0.,0.));
#2788 = PCURVE('',#1177,#2789);
#2789 = DEFINITIONAL_REPRESENTATION('',(#2790),#2794);
#2790 = LINE('',#2791,#2792);
#2791 = CARTESIAN_POINT('',(12.566370614359,-0.9));
#2792 = VECTOR('',#2793,1.);
#2793 = DIRECTION('',(-1.,0.));
#2794 = ( GEOMETRIC_REPRESENTATION_CONTEXT(2) 
PARAMETRIC_REPRESENTATION_CONTEXT() REPRESENTATION_CONTEXT('2D SPACE',''
  ) );
#2795 = PCURVE('',#2796,#2801);
#2796 = CYLINDRICAL_SURFACE('',#2797,1.15);
#2797 = AXIS2_PLACEMENT_3D('',#2798,#2799,#2800);
#2798 = CARTESIAN_POINT('',(18.992359496895,3.103323324963,0.));
#2799 = DIRECTION('',(0.,0.,1.));
#2800 = DIRECTION('',(1.,0.,-0.));
#2801 = DEFINITIONAL_REPRESENTATION('',(#2802),#2806);
#2802 = LINE('',#2803,#2804);
#2803 = CARTESIAN_POINT('',(12.566370614359,1.2));
#2804 = VECTOR('',#2805,1.);
#2805 = DIRECTION('',(-1.,0.));
#2806 = ( GEOMETRIC_REPRESENTATION_CONTEXT(2) 
PARAMETRIC_REPRESENTATION_CONTEXT() REPRESENTATION_CONTEXT('2D SPACE',''
  ) );
#2807 = ORIENTED_EDGE('',*,*,#2758,.F.);
#2808 = ORIENTED_EDGE('',*,*,#1160,.F.);
#2809 = ADVANCED_FACE('',(#2810),#1373,.T.);
#2810 = FACE_BOUND('',#2811,.T.);
#2811 = EDGE_LOOP('',(#2812,#2813,#2814,#2815));
#2812 = ORIENTED_EDGE('',*,*,#1909,.F.);
#2813 = ORIENTED_EDGE('',*,*,#1860,.F.);
#2814 = ORIENTED_EDGE('',*,*,#1354,.F.);
#2815 = ORIENTED_EDGE('',*,*,#2099,.T.);
#2816 = ADVANCED_FACE('',(#2817),#1471,.F.);
#2817 = FACE_BOUND('',#2818,.F.);
#2818 = EDGE_LOOP('',(#2819,#2842,#2843,#2844));
#2819 = ORIENTED_EDGE('',*,*,#2820,.T.);
#2820 = EDGE_CURVE('',#2821,#1455,#2823,.T.);
#2821 = VERTEX_POINT('',#2822);
#2822 = CARTESIAN_POINT('',(6.,40.2,19.000198961632));
#2823 = SEAM_CURVE('',#2824,(#2828,#2835),.PCURVE_S1.);
#2824 = LINE('',#2825,#2826);
#2825 = CARTESIAN_POINT('',(6.9,41.1,19.000198961632));
#2826 = VECTOR('',#2827,1.);
#2827 = DIRECTION('',(0.707106781187,0.707106781187,8.659560562355E-17)
  );
#2828 = PCURVE('',#1471,#2829);
#2829 = DEFINITIONAL_REPRESENTATION('',(#2830),#2834);
#2830 = LINE('',#2831,#2832);
#2831 = CARTESIAN_POINT('',(3.14159265359,1.099064721079E-15));
#2832 = VECTOR('',#2833,1.);
#2833 = DIRECTION('',(0.,1.));
#2834 = ( GEOMETRIC_REPRESENTATION_CONTEXT(2) 
PARAMETRIC_REPRESENTATION_CONTEXT() REPRESENTATION_CONTEXT('2D SPACE',''
  ) );
#2835 = PCURVE('',#1471,#2836);
#2836 = DEFINITIONAL_REPRESENTATION('',(#2837),#2841);
#2837 = LINE('',#2838,#2839);
#2838 = CARTESIAN_POINT('',(-3.14159265359,1.099064721079E-15));
#2839 = VECTOR('',#2840,1.);
#2840 = DIRECTION('',(0.,1.));
#2841 = ( GEOMETRIC_REPRESENTATION_CONTEXT(2) 
PARAMETRIC_REPRESENTATION_CONTEXT() REPRESENTATION_CONTEXT('2D SPACE',''
  ) );
#2842 = ORIENTED_EDGE('',*,*,#1454,.F.);
#2843 = ORIENTED_EDGE('',*,*,#2820,.F.);
#2844 = ORIENTED_EDGE('',*,*,#2845,.F.);
#2845 = EDGE_CURVE('',#2821,#2821,#2846,.T.);
#2846 = SURFACE_CURVE('',#2847,(#2852,#2859),.PCURVE_S1.);
#2847 = CIRCLE('',#2848,1.);
#2848 = AXIS2_PLACEMENT_3D('',#2849,#2850,#2851);
#2849 = CARTESIAN_POINT('',(5.,40.2,19.000198961632));
#2850 = DIRECTION('',(-4.037174635001E-16,-1.,0.));
#2851 = DIRECTION('',(-1.,4.037174635001E-16,0.));
#2852 = PCURVE('',#1471,#2853);
#2853 = DEFINITIONAL_REPRESENTATION('',(#2854),#2858);
#2854 = LINE('',#2855,#2856);
#2855 = CARTESIAN_POINT('',(6.28318530718,-0.9));
#2856 = VECTOR('',#2857,1.);
#2857 = DIRECTION('',(-1.,0.));
#2858 = ( GEOMETRIC_REPRESENTATION_CONTEXT(2) 
PARAMETRIC_REPRESENTATION_CONTEXT() REPRESENTATION_CONTEXT('2D SPACE',''
  ) );
#2859 = PCURVE('',#2049,#2860);
#2860 = DEFINITIONAL_REPRESENTATION('',(#2861),#2865);
#2861 = LINE('',#2862,#2863);
#2862 = CARTESIAN_POINT('',(0.,1.8));
#2863 = VECTOR('',#2864,1.);
#2864 = DIRECTION('',(1.,0.));
#2865 = ( GEOMETRIC_REPRESENTATION_CONTEXT(2) 
PARAMETRIC_REPRESENTATION_CONTEXT() REPRESENTATION_CONTEXT('2D SPACE',''
  ) );
#2866 = ADVANCED_FACE('',(#2867),#1502,.F.);
#2867 = FACE_BOUND('',#2868,.F.);
#2868 = EDGE_LOOP('',(#2869,#2892,#2893,#2894));
#2869 = ORIENTED_EDGE('',*,*,#2870,.T.);
#2870 = EDGE_CURVE('',#2871,#1486,#2873,.T.);
#2871 = VERTEX_POINT('',#2872);
#2872 = CARTESIAN_POINT('',(17.999602076736,40.2,19.000198961632));
#2873 = SEAM_CURVE('',#2874,(#2878,#2885),.PCURVE_S1.);
#2874 = LINE('',#2875,#2876);
#2875 = CARTESIAN_POINT('',(18.899602076736,41.1,19.000198961632));
#2876 = VECTOR('',#2877,1.);
#2877 = DIRECTION('',(0.707106781187,0.707106781187,8.659560562355E-17)
  );
#2878 = PCURVE('',#1502,#2879);
#2879 = DEFINITIONAL_REPRESENTATION('',(#2880),#2884);
#2880 = LINE('',#2881,#2882);
#2881 = CARTESIAN_POINT('',(3.14159265359,-6.280369834735E-16));
#2882 = VECTOR('',#2883,1.);
#2883 = DIRECTION('',(0.,1.));
#2884 = ( GEOMETRIC_REPRESENTATION_CONTEXT(2) 
PARAMETRIC_REPRESENTATION_CONTEXT() REPRESENTATION_CONTEXT('2D SPACE',''
  ) );
#2885 = PCURVE('',#1502,#2886);
#2886 = DEFINITIONAL_REPRESENTATION('',(#2887),#2891);
#2887 = LINE('',#2888,#2889);
#2888 = CARTESIAN_POINT('',(-3.14159265359,-6.280369834735E-16));
#2889 = VECTOR('',#2890,1.);
#2890 = DIRECTION('',(0.,1.));
#2891 = ( GEOMETRIC_REPRESENTATION_CONTEXT(2) 
PARAMETRIC_REPRESENTATION_CONTEXT() REPRESENTATION_CONTEXT('2D SPACE',''
  ) );
#2892 = ORIENTED_EDGE('',*,*,#1485,.F.);
#2893 = ORIENTED_EDGE('',*,*,#2870,.F.);
#2894 = ORIENTED_EDGE('',*,*,#2895,.F.);
#2895 = EDGE_CURVE('',#2871,#2871,#2896,.T.);
#2896 = SURFACE_CURVE('',#2897,(#2902,#2909),.PCURVE_S1.);
#2897 = CIRCLE('',#2898,1.);
#2898 = AXIS2_PLACEMENT_3D('',#2899,#2900,#2901);
#2899 = CARTESIAN_POINT('',(16.999602076736,40.2,19.000198961632));
#2900 = DIRECTION('',(-4.037174635001E-16,-1.,0.));
#2901 = DIRECTION('',(-1.,4.037174635001E-16,0.));
#2902 = PCURVE('',#1502,#2903);
#2903 = DEFINITIONAL_REPRESENTATION('',(#2904),#2908);
#2904 = LINE('',#2905,#2906);
#2905 = CARTESIAN_POINT('',(6.28318530718,-0.9));
#2906 = VECTOR('',#2907,1.);
#2907 = DIRECTION('',(-1.,0.));
#2908 = ( GEOMETRIC_REPRESENTATION_CONTEXT(2) 
PARAMETRIC_REPRESENTATION_CONTEXT() REPRESENTATION_CONTEXT('2D SPACE',''
  ) );
#2909 = PCURVE('',#2084,#2910);
#2910 = DEFINITIONAL_REPRESENTATION('',(#2911),#2915);
#2911 = LINE('',#2912,#2913);
#2912 = CARTESIAN_POINT('',(0.,1.8));
#2913 = VECTOR('',#2914,1.);
#2914 = DIRECTION('',(1.,0.));
#2915 = ( GEOMETRIC_REPRESENTATION_CONTEXT(2) 
PARAMETRIC_REPRESENTATION_CONTEXT() REPRESENTATION_CONTEXT('2D SPACE',''
  ) );
#2916 = ADVANCED_FACE('',(#2917),#1533,.F.);
#2917 = FACE_BOUND('',#2918,.F.);
#2918 = EDGE_LOOP('',(#2919,#2942,#2943,#2944));
#2919 = ORIENTED_EDGE('',*,*,#2920,.T.);
#2920 = EDGE_CURVE('',#2921,#1517,#2923,.T.);
#2921 = VERTEX_POINT('',#2922);
#2922 = CARTESIAN_POINT('',(11.999801038368,40.2,25.));
#2923 = SEAM_CURVE('',#2924,(#2928,#2935),.PCURVE_S1.);
#2924 = LINE('',#2925,#2926);
#2925 = CARTESIAN_POINT('',(12.899801038368,41.1,25.));
#2926 = VECTOR('',#2927,1.);
#2927 = DIRECTION('',(0.707106781187,0.707106781187,8.659560562355E-17)
  );
#2928 = PCURVE('',#1533,#2929);
#2929 = DEFINITIONAL_REPRESENTATION('',(#2930),#2934);
#2930 = LINE('',#2931,#2932);
#2931 = CARTESIAN_POINT('',(3.14159265359,-6.280369834735E-16));
#2932 = VECTOR('',#2933,1.);
#2933 = DIRECTION('',(0.,1.));
#2934 = ( GEOMETRIC_REPRESENTATION_CONTEXT(2) 
PARAMETRIC_REPRESENTATION_CONTEXT() REPRESENTATION_CONTEXT('2D SPACE',''
  ) );
#2935 = PCURVE('',#1533,#2936);
#2936 = DEFINITIONAL_REPRESENTATION('',(#2937),#2941);
#2937 = LINE('',#2938,#2939);
#2938 = CARTESIAN_POINT('',(-3.14159265359,-6.280369834735E-16));
#2939 = VECTOR('',#2940,1.);
#2940 = DIRECTION('',(0.,1.));
#2941 = ( GEOMETRIC_REPRESENTATION_CONTEXT(2) 
PARAMETRIC_REPRESENTATION_CONTEXT() REPRESENTATION_CONTEXT('2D SPACE',''
  ) );
#2942 = ORIENTED_EDGE('',*,*,#1516,.F.);
#2943 = ORIENTED_EDGE('',*,*,#2920,.F.);
#2944 = ORIENTED_EDGE('',*,*,#2945,.F.);
#2945 = EDGE_CURVE('',#2921,#2921,#2946,.T.);
#2946 = SURFACE_CURVE('',#2947,(#2952,#2959),.PCURVE_S1.);
#2947 = CIRCLE('',#2948,1.);
#2948 = AXIS2_PLACEMENT_3D('',#2949,#2950,#2951);
#2949 = CARTESIAN_POINT('',(10.999801038368,40.2,25.));
#2950 = DIRECTION('',(-4.037174635001E-16,-1.,0.));
#2951 = DIRECTION('',(-1.,4.037174635001E-16,0.));
#2952 = PCURVE('',#1533,#2953);
#2953 = DEFINITIONAL_REPRESENTATION('',(#2954),#2958);
#2954 = LINE('',#2955,#2956);
#2955 = CARTESIAN_POINT('',(6.28318530718,-0.9));
#2956 = VECTOR('',#2957,1.);
#2957 = DIRECTION('',(-1.,0.));
#2958 = ( GEOMETRIC_REPRESENTATION_CONTEXT(2) 
PARAMETRIC_REPRESENTATION_CONTEXT() REPRESENTATION_CONTEXT('2D SPACE',''
  ) );
#2959 = PCURVE('',#2014,#2960);
#2960 = DEFINITIONAL_REPRESENTATION('',(#2961),#2965);
#2961 = LINE('',#2962,#2963);
#2962 = CARTESIAN_POINT('',(0.,1.8));
#2963 = VECTOR('',#2964,1.);
#2964 = DIRECTION('',(1.,0.));
#2965 = ( GEOMETRIC_REPRESENTATION_CONTEXT(2) 
PARAMETRIC_REPRESENTATION_CONTEXT() REPRESENTATION_CONTEXT('2D SPACE',''
  ) );
#2966 = ADVANCED_FACE('',(#2967),#1564,.F.);
#2967 = FACE_BOUND('',#2968,.F.);
#2968 = EDGE_LOOP('',(#2969,#2992,#2993,#2994));
#2969 = ORIENTED_EDGE('',*,*,#2970,.T.);
#2970 = EDGE_CURVE('',#2971,#1548,#2973,.T.);
#2971 = VERTEX_POINT('',#2972);
#2972 = CARTESIAN_POINT('',(11.999801038368,40.2,13.000397923264));
#2973 = SEAM_CURVE('',#2974,(#2978,#2985),.PCURVE_S1.);
#2974 = LINE('',#2975,#2976);
#2975 = CARTESIAN_POINT('',(12.899801038368,41.1,13.000397923264));
#2976 = VECTOR('',#2977,1.);
#2977 = DIRECTION('',(0.707106781187,0.707106781187,8.659560562355E-17)
  );
#2978 = PCURVE('',#1564,#2979);
#2979 = DEFINITIONAL_REPRESENTATION('',(#2980),#2984);
#2980 = LINE('',#2981,#2982);
#2981 = CARTESIAN_POINT('',(3.14159265359,-6.280369834735E-16));
#2982 = VECTOR('',#2983,1.);
#2983 = DIRECTION('',(0.,1.));
#2984 = ( GEOMETRIC_REPRESENTATION_CONTEXT(2) 
PARAMETRIC_REPRESENTATION_CONTEXT() REPRESENTATION_CONTEXT('2D SPACE',''
  ) );
#2985 = PCURVE('',#1564,#2986);
#2986 = DEFINITIONAL_REPRESENTATION('',(#2987),#2991);
#2987 = LINE('',#2988,#2989);
#2988 = CARTESIAN_POINT('',(-3.14159265359,-6.280369834735E-16));
#2989 = VECTOR('',#2990,1.);
#2990 = DIRECTION('',(0.,1.));
#2991 = ( GEOMETRIC_REPRESENTATION_CONTEXT(2) 
PARAMETRIC_REPRESENTATION_CONTEXT() REPRESENTATION_CONTEXT('2D SPACE',''
  ) );
#2992 = ORIENTED_EDGE('',*,*,#1547,.F.);
#2993 = ORIENTED_EDGE('',*,*,#2970,.F.);
#2994 = ORIENTED_EDGE('',*,*,#2995,.F.);
#2995 = EDGE_CURVE('',#2971,#2971,#2996,.T.);
#2996 = SURFACE_CURVE('',#2997,(#3002,#3009),.PCURVE_S1.);
#2997 = CIRCLE('',#2998,1.);
#2998 = AXIS2_PLACEMENT_3D('',#2999,#3000,#3001);
#2999 = CARTESIAN_POINT('',(10.999801038368,40.2,13.000397923264));
#3000 = DIRECTION('',(-4.037174635001E-16,-1.,0.));
#3001 = DIRECTION('',(-1.,4.037174635001E-16,0.));
#3002 = PCURVE('',#1564,#3003);
#3003 = DEFINITIONAL_REPRESENTATION('',(#3004),#3008);
#3004 = LINE('',#3005,#3006);
#3005 = CARTESIAN_POINT('',(6.28318530718,-0.9));
#3006 = VECTOR('',#3007,1.);
#3007 = DIRECTION('',(-1.,0.));
#3008 = ( GEOMETRIC_REPRESENTATION_CONTEXT(2) 
PARAMETRIC_REPRESENTATION_CONTEXT() REPRESENTATION_CONTEXT('2D SPACE',''
  ) );
#3009 = PCURVE('',#1979,#3010);
#3010 = DEFINITIONAL_REPRESENTATION('',(#3011),#3015);
#3011 = LINE('',#3012,#3013);
#3012 = CARTESIAN_POINT('',(0.,1.8));
#3013 = VECTOR('',#3014,1.);
#3014 = DIRECTION('',(1.,0.));
#3015 = ( GEOMETRIC_REPRESENTATION_CONTEXT(2) 
PARAMETRIC_REPRESENTATION_CONTEXT() REPRESENTATION_CONTEXT('2D SPACE',''
  ) );
#3016 = ADVANCED_FACE('',(#3017,#3020),#1679,.F.);
#3017 = FACE_BOUND('',#3018,.F.);
#3018 = EDGE_LOOP('',(#3019));
#3019 = ORIENTED_EDGE('',*,*,#1664,.T.);
#3020 = FACE_BOUND('',#3021,.F.);
#3021 = EDGE_LOOP('',(#3022));
#3022 = ORIENTED_EDGE('',*,*,#3023,.F.);
#3023 = EDGE_CURVE('',#3024,#3024,#3026,.T.);
#3024 = VERTEX_POINT('',#3025);
#3025 = CARTESIAN_POINT('',(4.1423594969,3.10332332496,-3.25));
#3026 = SURFACE_CURVE('',#3027,(#3032,#3039),.PCURVE_S1.);
#3027 = CIRCLE('',#3028,1.15);
#3028 = AXIS2_PLACEMENT_3D('',#3029,#3030,#3031);
#3029 = CARTESIAN_POINT('',(2.9923594969,3.10332332496,-3.25));
#3030 = DIRECTION('',(0.,0.,1.));
#3031 = DIRECTION('',(1.,0.,-0.));
#3032 = PCURVE('',#1679,#3033);
#3033 = DEFINITIONAL_REPRESENTATION('',(#3034),#3038);
#3034 = CIRCLE('',#3035,1.15);
#3035 = AXIS2_PLACEMENT_2D('',#3036,#3037);
#3036 = CARTESIAN_POINT('',(0.,0.));
#3037 = DIRECTION('',(1.,0.));
#3038 = ( GEOMETRIC_REPRESENTATION_CONTEXT(2) 
PARAMETRIC_REPRESENTATION_CONTEXT() REPRESENTATION_CONTEXT('2D SPACE',''
  ) );
#3039 = PCURVE('',#3040,#3045);
#3040 = CYLINDRICAL_SURFACE('',#3041,1.15);
#3041 = AXIS2_PLACEMENT_3D('',#3042,#3043,#3044);
#3042 = CARTESIAN_POINT('',(2.9923594969,3.10332332496,-3.35));
#3043 = DIRECTION('',(0.,0.,1.));
#3044 = DIRECTION('',(1.,0.,-0.));
#3045 = DEFINITIONAL_REPRESENTATION('',(#3046),#3050);
#3046 = LINE('',#3047,#3048);
#3047 = CARTESIAN_POINT('',(0.,0.1));
#3048 = VECTOR('',#3049,1.);
#3049 = DIRECTION('',(1.,0.));
#3050 = ( GEOMETRIC_REPRESENTATION_CONTEXT(2) 
PARAMETRIC_REPRESENTATION_CONTEXT() REPRESENTATION_CONTEXT('2D SPACE',''
  ) );
#3051 = ADVANCED_FACE('',(#3052,#3055),#1734,.F.);
#3052 = FACE_BOUND('',#3053,.F.);
#3053 = EDGE_LOOP('',(#3054));
#3054 = ORIENTED_EDGE('',*,*,#1719,.T.);
#3055 = FACE_BOUND('',#3056,.F.);
#3056 = EDGE_LOOP('',(#3057));
#3057 = ORIENTED_EDGE('',*,*,#3058,.F.);
#3058 = EDGE_CURVE('',#3059,#3059,#3061,.T.);
#3059 = VERTEX_POINT('',#3060);
#3060 = CARTESIAN_POINT('',(20.1423594969,3.10332332496,-3.25));
#3061 = SURFACE_CURVE('',#3062,(#3067,#3074),.PCURVE_S1.);
#3062 = CIRCLE('',#3063,1.15);
#3063 = AXIS2_PLACEMENT_3D('',#3064,#3065,#3066);
#3064 = CARTESIAN_POINT('',(18.9923594969,3.10332332496,-3.25));
#3065 = DIRECTION('',(0.,0.,1.));
#3066 = DIRECTION('',(1.,0.,-0.));
#3067 = PCURVE('',#1734,#3068);
#3068 = DEFINITIONAL_REPRESENTATION('',(#3069),#3073);
#3069 = CIRCLE('',#3070,1.15);
#3070 = AXIS2_PLACEMENT_2D('',#3071,#3072);
#3071 = CARTESIAN_POINT('',(0.,0.));
#3072 = DIRECTION('',(1.,0.));
#3073 = ( GEOMETRIC_REPRESENTATION_CONTEXT(2) 
PARAMETRIC_REPRESENTATION_CONTEXT() REPRESENTATION_CONTEXT('2D SPACE',''
  ) );
#3074 = PCURVE('',#3075,#3080);
#3075 = CYLINDRICAL_SURFACE('',#3076,1.15);
#3076 = AXIS2_PLACEMENT_3D('',#3077,#3078,#3079);
#3077 = CARTESIAN_POINT('',(18.9923594969,3.10332332496,-3.35));
#3078 = DIRECTION('',(0.,0.,1.));
#3079 = DIRECTION('',(1.,0.,-0.));
#3080 = DEFINITIONAL_REPRESENTATION('',(#3081),#3085);
#3081 = LINE('',#3082,#3083);
#3082 = CARTESIAN_POINT('',(0.,0.1));
#3083 = VECTOR('',#3084,1.);
#3084 = DIRECTION('',(1.,0.));
#3085 = ( GEOMETRIC_REPRESENTATION_CONTEXT(2) 
PARAMETRIC_REPRESENTATION_CONTEXT() REPRESENTATION_CONTEXT('2D SPACE',''
  ) );
#3086 = ADVANCED_FACE('',(#3087,#3090),#1789,.F.);
#3087 = FACE_BOUND('',#3088,.F.);
#3088 = EDGE_LOOP('',(#3089));
#3089 = ORIENTED_EDGE('',*,*,#1774,.T.);
#3090 = FACE_BOUND('',#3091,.F.);
#3091 = EDGE_LOOP('',(#3092));
#3092 = ORIENTED_EDGE('',*,*,#3093,.F.);
#3093 = EDGE_CURVE('',#3094,#3094,#3096,.T.);
#3094 = VERTEX_POINT('',#3095);
#3095 = CARTESIAN_POINT('',(4.1423594969,33.10332332496,-3.25));
#3096 = SURFACE_CURVE('',#3097,(#3102,#3109),.PCURVE_S1.);
#3097 = CIRCLE('',#3098,1.15);
#3098 = AXIS2_PLACEMENT_3D('',#3099,#3100,#3101);
#3099 = CARTESIAN_POINT('',(2.9923594969,33.10332332496,-3.25));
#3100 = DIRECTION('',(0.,0.,1.));
#3101 = DIRECTION('',(1.,0.,-0.));
#3102 = PCURVE('',#1789,#3103);
#3103 = DEFINITIONAL_REPRESENTATION('',(#3104),#3108);
#3104 = CIRCLE('',#3105,1.15);
#3105 = AXIS2_PLACEMENT_2D('',#3106,#3107);
#3106 = CARTESIAN_POINT('',(0.,0.));
#3107 = DIRECTION('',(1.,0.));
#3108 = ( GEOMETRIC_REPRESENTATION_CONTEXT(2) 
PARAMETRIC_REPRESENTATION_CONTEXT() REPRESENTATION_CONTEXT('2D SPACE',''
  ) );
#3109 = PCURVE('',#3110,#3115);
#3110 = CYLINDRICAL_SURFACE('',#3111,1.15);
#3111 = AXIS2_PLACEMENT_3D('',#3112,#3113,#3114);
#3112 = CARTESIAN_POINT('',(2.9923594969,33.10332332496,-3.35));
#3113 = DIRECTION('',(0.,0.,1.));
#3114 = DIRECTION('',(1.,0.,-0.));
#3115 = DEFINITIONAL_REPRESENTATION('',(#3116),#3120);
#3116 = LINE('',#3117,#3118);
#3117 = CARTESIAN_POINT('',(0.,0.1));
#3118 = VECTOR('',#3119,1.);
#3119 = DIRECTION('',(1.,0.));
#3120 = ( GEOMETRIC_REPRESENTATION_CONTEXT(2) 
PARAMETRIC_REPRESENTATION_CONTEXT() REPRESENTATION_CONTEXT('2D SPACE',''
  ) );
#3121 = ADVANCED_FACE('',(#3122,#3125),#1844,.F.);
#3122 = FACE_BOUND('',#3123,.F.);
#3123 = EDGE_LOOP('',(#3124));
#3124 = ORIENTED_EDGE('',*,*,#1829,.T.);
#3125 = FACE_BOUND('',#3126,.F.);
#3126 = EDGE_LOOP('',(#3127));
#3127 = ORIENTED_EDGE('',*,*,#3128,.F.);
#3128 = EDGE_CURVE('',#3129,#3129,#3131,.T.);
#3129 = VERTEX_POINT('',#3130);
#3130 = CARTESIAN_POINT('',(20.1423594969,33.10332332496,-3.25));
#3131 = SURFACE_CURVE('',#3132,(#3137,#3144),.PCURVE_S1.);
#3132 = CIRCLE('',#3133,1.15);
#3133 = AXIS2_PLACEMENT_3D('',#3134,#3135,#3136);
#3134 = CARTESIAN_POINT('',(18.9923594969,33.10332332496,-3.25));
#3135 = DIRECTION('',(0.,0.,1.));
#3136 = DIRECTION('',(1.,0.,-0.));
#3137 = PCURVE('',#1844,#3138);
#3138 = DEFINITIONAL_REPRESENTATION('',(#3139),#3143);
#3139 = CIRCLE('',#3140,1.15);
#3140 = AXIS2_PLACEMENT_2D('',#3141,#3142);
#3141 = CARTESIAN_POINT('',(0.,0.));
#3142 = DIRECTION('',(1.,0.));
#3143 = ( GEOMETRIC_REPRESENTATION_CONTEXT(2) 
PARAMETRIC_REPRESENTATION_CONTEXT() REPRESENTATION_CONTEXT('2D SPACE',''
  ) );
#3144 = PCURVE('',#3145,#3150);
#3145 = CYLINDRICAL_SURFACE('',#3146,1.15);
#3146 = AXIS2_PLACEMENT_3D('',#3147,#3148,#3149);
#3147 = CARTESIAN_POINT('',(18.9923594969,33.10332332496,-3.35));
#3148 = DIRECTION('',(0.,0.,1.));
#3149 = DIRECTION('',(1.,0.,-0.));
#3150 = DEFINITIONAL_REPRESENTATION('',(#3151),#3155);
#3151 = LINE('',#3152,#3153);
#3152 = CARTESIAN_POINT('',(0.,0.1));
#3153 = VECTOR('',#3154,1.);
#3154 = DIRECTION('',(1.,0.));
#3155 = ( GEOMETRIC_REPRESENTATION_CONTEXT(2) 
PARAMETRIC_REPRESENTATION_CONTEXT() REPRESENTATION_CONTEXT('2D SPACE',''
  ) );
#3156 = ADVANCED_FACE('',(#3157),#1979,.F.);
#3157 = FACE_BOUND('',#3158,.F.);
#3158 = EDGE_LOOP('',(#3159,#3180,#3181,#3182));
#3159 = ORIENTED_EDGE('',*,*,#3160,.T.);
#3160 = EDGE_CURVE('',#2971,#1959,#3161,.T.);
#3161 = SEAM_CURVE('',#3162,(#3166,#3173),.PCURVE_S1.);
#3162 = LINE('',#3163,#3164);
#3163 = CARTESIAN_POINT('',(11.999801038368,42.,13.000397923264));
#3164 = VECTOR('',#3165,1.);
#3165 = DIRECTION('',(-3.885780586188E-16,-1.,0.));
#3166 = PCURVE('',#1979,#3167);
#3167 = DEFINITIONAL_REPRESENTATION('',(#3168),#3172);
#3168 = LINE('',#3169,#3170);
#3169 = CARTESIAN_POINT('',(9.424777960769,0.));
#3170 = VECTOR('',#3171,1.);
#3171 = DIRECTION('',(0.,1.));
#3172 = ( GEOMETRIC_REPRESENTATION_CONTEXT(2) 
PARAMETRIC_REPRESENTATION_CONTEXT() REPRESENTATION_CONTEXT('2D SPACE',''
  ) );
#3173 = PCURVE('',#1979,#3174);
#3174 = DEFINITIONAL_REPRESENTATION('',(#3175),#3179);
#3175 = LINE('',#3176,#3177);
#3176 = CARTESIAN_POINT('',(3.14159265359,0.));
#3177 = VECTOR('',#3178,1.);
#3178 = DIRECTION('',(0.,1.));
#3179 = ( GEOMETRIC_REPRESENTATION_CONTEXT(2) 
PARAMETRIC_REPRESENTATION_CONTEXT() REPRESENTATION_CONTEXT('2D SPACE',''
  ) );
#3180 = ORIENTED_EDGE('',*,*,#1958,.T.);
#3181 = ORIENTED_EDGE('',*,*,#3160,.F.);
#3182 = ORIENTED_EDGE('',*,*,#2995,.T.);
#3183 = ADVANCED_FACE('',(#3184),#2014,.F.);
#3184 = FACE_BOUND('',#3185,.F.);
#3185 = EDGE_LOOP('',(#3186,#3207,#3208,#3209));
#3186 = ORIENTED_EDGE('',*,*,#3187,.T.);
#3187 = EDGE_CURVE('',#2921,#1994,#3188,.T.);
#3188 = SEAM_CURVE('',#3189,(#3193,#3200),.PCURVE_S1.);
#3189 = LINE('',#3190,#3191);
#3190 = CARTESIAN_POINT('',(11.999801038368,42.,25.));
#3191 = VECTOR('',#3192,1.);
#3192 = DIRECTION('',(-3.885780586188E-16,-1.,0.));
#3193 = PCURVE('',#2014,#3194);
#3194 = DEFINITIONAL_REPRESENTATION('',(#3195),#3199);
#3195 = LINE('',#3196,#3197);
#3196 = CARTESIAN_POINT('',(9.424777960769,0.));
#3197 = VECTOR('',#3198,1.);
#3198 = DIRECTION('',(0.,1.));
#3199 = ( GEOMETRIC_REPRESENTATION_CONTEXT(2) 
PARAMETRIC_REPRESENTATION_CONTEXT() REPRESENTATION_CONTEXT('2D SPACE',''
  ) );
#3200 = PCURVE('',#2014,#3201);
#3201 = DEFINITIONAL_REPRESENTATION('',(#3202),#3206);
#3202 = LINE('',#3203,#3204);
#3203 = CARTESIAN_POINT('',(3.14159265359,0.));
#3204 = VECTOR('',#3205,1.);
#3205 = DIRECTION('',(0.,1.));
#3206 = ( GEOMETRIC_REPRESENTATION_CONTEXT(2) 
PARAMETRIC_REPRESENTATION_CONTEXT() REPRESENTATION_CONTEXT('2D SPACE',''
  ) );
#3207 = ORIENTED_EDGE('',*,*,#1993,.T.);
#3208 = ORIENTED_EDGE('',*,*,#3187,.F.);
#3209 = ORIENTED_EDGE('',*,*,#2945,.T.);
#3210 = ADVANCED_FACE('',(#3211),#2049,.F.);
#3211 = FACE_BOUND('',#3212,.F.);
#3212 = EDGE_LOOP('',(#3213,#3234,#3235,#3236));
#3213 = ORIENTED_EDGE('',*,*,#3214,.T.);
#3214 = EDGE_CURVE('',#2821,#2029,#3215,.T.);
#3215 = SEAM_CURVE('',#3216,(#3220,#3227),.PCURVE_S1.);
#3216 = LINE('',#3217,#3218);
#3217 = CARTESIAN_POINT('',(6.,42.,19.000198961632));
#3218 = VECTOR('',#3219,1.);
#3219 = DIRECTION('',(-4.163336342344E-16,-1.,0.));
#3220 = PCURVE('',#2049,#3221);
#3221 = DEFINITIONAL_REPRESENTATION('',(#3222),#3226);
#3222 = LINE('',#3223,#3224);
#3223 = CARTESIAN_POINT('',(9.424777960769,0.));
#3224 = VECTOR('',#3225,1.);
#3225 = DIRECTION('',(0.,1.));
#3226 = ( GEOMETRIC_REPRESENTATION_CONTEXT(2) 
PARAMETRIC_REPRESENTATION_CONTEXT() REPRESENTATION_CONTEXT('2D SPACE',''
  ) );
#3227 = PCURVE('',#2049,#3228);
#3228 = DEFINITIONAL_REPRESENTATION('',(#3229),#3233);
#3229 = LINE('',#3230,#3231);
#3230 = CARTESIAN_POINT('',(3.14159265359,0.));
#3231 = VECTOR('',#3232,1.);
#3232 = DIRECTION('',(0.,1.));
#3233 = ( GEOMETRIC_REPRESENTATION_CONTEXT(2) 
PARAMETRIC_REPRESENTATION_CONTEXT() REPRESENTATION_CONTEXT('2D SPACE',''
  ) );
#3234 = ORIENTED_EDGE('',*,*,#2028,.T.);
#3235 = ORIENTED_EDGE('',*,*,#3214,.F.);
#3236 = ORIENTED_EDGE('',*,*,#2845,.T.);
#3237 = ADVANCED_FACE('',(#3238),#2084,.F.);
#3238 = FACE_BOUND('',#3239,.F.);
#3239 = EDGE_LOOP('',(#3240,#3261,#3262,#3263));
#3240 = ORIENTED_EDGE('',*,*,#3241,.T.);
#3241 = EDGE_CURVE('',#2871,#2064,#3242,.T.);
#3242 = SEAM_CURVE('',#3243,(#3247,#3254),.PCURVE_S1.);
#3243 = LINE('',#3244,#3245);
#3244 = CARTESIAN_POINT('',(17.999602076736,42.,19.000198961632));
#3245 = VECTOR('',#3246,1.);
#3246 = DIRECTION('',(-3.885780586188E-16,-1.,0.));
#3247 = PCURVE('',#2084,#3248);
#3248 = DEFINITIONAL_REPRESENTATION('',(#3249),#3253);
#3249 = LINE('',#3250,#3251);
#3250 = CARTESIAN_POINT('',(9.424777960769,0.));
#3251 = VECTOR('',#3252,1.);
#3252 = DIRECTION('',(0.,1.));
#3253 = ( GEOMETRIC_REPRESENTATION_CONTEXT(2) 
PARAMETRIC_REPRESENTATION_CONTEXT() REPRESENTATION_CONTEXT('2D SPACE',''
  ) );
#3254 = PCURVE('',#2084,#3255);
#3255 = DEFINITIONAL_REPRESENTATION('',(#3256),#3260);
#3256 = LINE('',#3257,#3258);
#3257 = CARTESIAN_POINT('',(3.14159265359,0.));
#3258 = VECTOR('',#3259,1.);
#3259 = DIRECTION('',(0.,1.));
#3260 = ( GEOMETRIC_REPRESENTATION_CONTEXT(2) 
PARAMETRIC_REPRESENTATION_CONTEXT() REPRESENTATION_CONTEXT('2D SPACE',''
  ) );
#3261 = ORIENTED_EDGE('',*,*,#2063,.T.);
#3262 = ORIENTED_EDGE('',*,*,#3241,.F.);
#3263 = ORIENTED_EDGE('',*,*,#2895,.T.);
#3264 = ADVANCED_FACE('',(#3265),#2164,.F.);
#3265 = FACE_BOUND('',#3266,.F.);
#3266 = EDGE_LOOP('',(#3267,#3298,#3319,#3320,#3321));
#3267 = ORIENTED_EDGE('',*,*,#3268,.T.);
#3268 = EDGE_CURVE('',#3269,#3271,#3273,.T.);
#3269 = VERTEX_POINT('',#3270);
#3270 = CARTESIAN_POINT('',(4.1423594969,3.10332332496,0.1));
#3271 = VERTEX_POINT('',#3272);
#3272 = CARTESIAN_POINT('',(1.842359496898,3.103323324963,0.1));
#3273 = SURFACE_CURVE('',#3274,(#3279,#3286),.PCURVE_S1.);
#3274 = CIRCLE('',#3275,1.15);
#3275 = AXIS2_PLACEMENT_3D('',#3276,#3277,#3278);
#3276 = CARTESIAN_POINT('',(2.9923594969,3.10332332496,0.1));
#3277 = DIRECTION('',(0.,0.,1.));
#3278 = DIRECTION('',(1.,0.,-0.));
#3279 = PCURVE('',#2164,#3280);
#3280 = DEFINITIONAL_REPRESENTATION('',(#3281),#3285);
#3281 = LINE('',#3282,#3283);
#3282 = CARTESIAN_POINT('',(6.28318530718,0.1));
#3283 = VECTOR('',#3284,1.);
#3284 = DIRECTION('',(1.,0.));
#3285 = ( GEOMETRIC_REPRESENTATION_CONTEXT(2) 
PARAMETRIC_REPRESENTATION_CONTEXT() REPRESENTATION_CONTEXT('2D SPACE',''
  ) );
#3286 = PCURVE('',#3287,#3292);
#3287 = CYLINDRICAL_SURFACE('',#3288,1.15);
#3288 = AXIS2_PLACEMENT_3D('',#3289,#3290,#3291);
#3289 = CARTESIAN_POINT('',(2.992359496895,3.103323324963,0.));
#3290 = DIRECTION('',(0.,0.,1.));
#3291 = DIRECTION('',(1.,0.,-0.));
#3292 = DEFINITIONAL_REPRESENTATION('',(#3293),#3297);
#3293 = LINE('',#3294,#3295);
#3294 = CARTESIAN_POINT('',(6.28318530718,0.1));
#3295 = VECTOR('',#3296,1.);
#3296 = DIRECTION('',(1.,0.));
#3297 = ( GEOMETRIC_REPRESENTATION_CONTEXT(2) 
PARAMETRIC_REPRESENTATION_CONTEXT() REPRESENTATION_CONTEXT('2D SPACE',''
  ) );
#3298 = ORIENTED_EDGE('',*,*,#3299,.T.);
#3299 = EDGE_CURVE('',#3271,#2127,#3300,.T.);
#3300 = SEAM_CURVE('',#3301,(#3305,#3312),.PCURVE_S1.);
#3301 = LINE('',#3302,#3303);
#3302 = CARTESIAN_POINT('',(1.842359496895,3.103323324963,0.));
#3303 = VECTOR('',#3304,1.);
#3304 = DIRECTION('',(0.,0.,1.));
#3305 = PCURVE('',#2164,#3306);
#3306 = DEFINITIONAL_REPRESENTATION('',(#3307),#3311);
#3307 = LINE('',#3308,#3309);
#3308 = CARTESIAN_POINT('',(3.14159265359,0.));
#3309 = VECTOR('',#3310,1.);
#3310 = DIRECTION('',(0.,1.));
#3311 = ( GEOMETRIC_REPRESENTATION_CONTEXT(2) 
PARAMETRIC_REPRESENTATION_CONTEXT() REPRESENTATION_CONTEXT('2D SPACE',''
  ) );
#3312 = PCURVE('',#2164,#3313);
#3313 = DEFINITIONAL_REPRESENTATION('',(#3314),#3318);
#3314 = LINE('',#3315,#3316);
#3315 = CARTESIAN_POINT('',(9.424777960769,0.));
#3316 = VECTOR('',#3317,1.);
#3317 = DIRECTION('',(0.,1.));
#3318 = ( GEOMETRIC_REPRESENTATION_CONTEXT(2) 
PARAMETRIC_REPRESENTATION_CONTEXT() REPRESENTATION_CONTEXT('2D SPACE',''
  ) );
#3319 = ORIENTED_EDGE('',*,*,#2149,.T.);
#3320 = ORIENTED_EDGE('',*,*,#3299,.F.);
#3321 = ORIENTED_EDGE('',*,*,#3322,.T.);
#3322 = EDGE_CURVE('',#3271,#3269,#3323,.T.);
#3323 = SURFACE_CURVE('',#3324,(#3329,#3336),.PCURVE_S1.);
#3324 = CIRCLE('',#3325,1.15);
#3325 = AXIS2_PLACEMENT_3D('',#3326,#3327,#3328);
#3326 = CARTESIAN_POINT('',(2.9923594969,3.10332332496,0.1));
#3327 = DIRECTION('',(0.,0.,1.));
#3328 = DIRECTION('',(1.,0.,-0.));
#3329 = PCURVE('',#2164,#3330);
#3330 = DEFINITIONAL_REPRESENTATION('',(#3331),#3335);
#3331 = LINE('',#3332,#3333);
#3332 = CARTESIAN_POINT('',(0.,0.1));
#3333 = VECTOR('',#3334,1.);
#3334 = DIRECTION('',(1.,0.));
#3335 = ( GEOMETRIC_REPRESENTATION_CONTEXT(2) 
PARAMETRIC_REPRESENTATION_CONTEXT() REPRESENTATION_CONTEXT('2D SPACE',''
  ) );
#3336 = PCURVE('',#3337,#3342);
#3337 = CYLINDRICAL_SURFACE('',#3338,1.15);
#3338 = AXIS2_PLACEMENT_3D('',#3339,#3340,#3341);
#3339 = CARTESIAN_POINT('',(2.992359496895,3.103323324963,0.));
#3340 = DIRECTION('',(0.,0.,1.));
#3341 = DIRECTION('',(1.,0.,-0.));
#3342 = DEFINITIONAL_REPRESENTATION('',(#3343),#3347);
#3343 = LINE('',#3344,#3345);
#3344 = CARTESIAN_POINT('',(0.,0.1));
#3345 = VECTOR('',#3346,1.);
#3346 = DIRECTION('',(1.,0.));
#3347 = ( GEOMETRIC_REPRESENTATION_CONTEXT(2) 
PARAMETRIC_REPRESENTATION_CONTEXT() REPRESENTATION_CONTEXT('2D SPACE',''
  ) );
#3348 = ADVANCED_FACE('',(#3349),#2219,.F.);
#3349 = FACE_BOUND('',#3350,.F.);
#3350 = EDGE_LOOP('',(#3351,#3382,#3403,#3404,#3405));
#3351 = ORIENTED_EDGE('',*,*,#3352,.T.);
#3352 = EDGE_CURVE('',#3353,#3355,#3357,.T.);
#3353 = VERTEX_POINT('',#3354);
#3354 = CARTESIAN_POINT('',(20.1423594969,33.10332332496,0.1));
#3355 = VERTEX_POINT('',#3356);
#3356 = CARTESIAN_POINT('',(17.842359496898,33.103323324963,0.1));
#3357 = SURFACE_CURVE('',#3358,(#3363,#3370),.PCURVE_S1.);
#3358 = CIRCLE('',#3359,1.15);
#3359 = AXIS2_PLACEMENT_3D('',#3360,#3361,#3362);
#3360 = CARTESIAN_POINT('',(18.9923594969,33.10332332496,0.1));
#3361 = DIRECTION('',(0.,0.,1.));
#3362 = DIRECTION('',(1.,0.,-0.));
#3363 = PCURVE('',#2219,#3364);
#3364 = DEFINITIONAL_REPRESENTATION('',(#3365),#3369);
#3365 = LINE('',#3366,#3367);
#3366 = CARTESIAN_POINT('',(6.28318530718,0.1));
#3367 = VECTOR('',#3368,1.);
#3368 = DIRECTION('',(1.,0.));
#3369 = ( GEOMETRIC_REPRESENTATION_CONTEXT(2) 
PARAMETRIC_REPRESENTATION_CONTEXT() REPRESENTATION_CONTEXT('2D SPACE',''
  ) );
#3370 = PCURVE('',#3371,#3376);
#3371 = CYLINDRICAL_SURFACE('',#3372,1.15);
#3372 = AXIS2_PLACEMENT_3D('',#3373,#3374,#3375);
#3373 = CARTESIAN_POINT('',(18.992359496895,33.103323324963,0.));
#3374 = DIRECTION('',(0.,0.,1.));
#3375 = DIRECTION('',(1.,0.,-0.));
#3376 = DEFINITIONAL_REPRESENTATION('',(#3377),#3381);
#3377 = LINE('',#3378,#3379);
#3378 = CARTESIAN_POINT('',(6.28318530718,0.1));
#3379 = VECTOR('',#3380,1.);
#3380 = DIRECTION('',(1.,0.));
#3381 = ( GEOMETRIC_REPRESENTATION_CONTEXT(2) 
PARAMETRIC_REPRESENTATION_CONTEXT() REPRESENTATION_CONTEXT('2D SPACE',''
  ) );
#3382 = ORIENTED_EDGE('',*,*,#3383,.T.);
#3383 = EDGE_CURVE('',#3355,#2182,#3384,.T.);
#3384 = SEAM_CURVE('',#3385,(#3389,#3396),.PCURVE_S1.);
#3385 = LINE('',#3386,#3387);
#3386 = CARTESIAN_POINT('',(17.842359496895,33.103323324963,0.));
#3387 = VECTOR('',#3388,1.);
#3388 = DIRECTION('',(0.,0.,1.));
#3389 = PCURVE('',#2219,#3390);
#3390 = DEFINITIONAL_REPRESENTATION('',(#3391),#3395);
#3391 = LINE('',#3392,#3393);
#3392 = CARTESIAN_POINT('',(3.14159265359,0.));
#3393 = VECTOR('',#3394,1.);
#3394 = DIRECTION('',(0.,1.));
#3395 = ( GEOMETRIC_REPRESENTATION_CONTEXT(2) 
PARAMETRIC_REPRESENTATION_CONTEXT() REPRESENTATION_CONTEXT('2D SPACE',''
  ) );
#3396 = PCURVE('',#2219,#3397);
#3397 = DEFINITIONAL_REPRESENTATION('',(#3398),#3402);
#3398 = LINE('',#3399,#3400);
#3399 = CARTESIAN_POINT('',(9.424777960769,0.));
#3400 = VECTOR('',#3401,1.);
#3401 = DIRECTION('',(0.,1.));
#3402 = ( GEOMETRIC_REPRESENTATION_CONTEXT(2) 
PARAMETRIC_REPRESENTATION_CONTEXT() REPRESENTATION_CONTEXT('2D SPACE',''
  ) );
#3403 = ORIENTED_EDGE('',*,*,#2204,.T.);
#3404 = ORIENTED_EDGE('',*,*,#3383,.F.);
#3405 = ORIENTED_EDGE('',*,*,#3406,.T.);
#3406 = EDGE_CURVE('',#3355,#3353,#3407,.T.);
#3407 = SURFACE_CURVE('',#3408,(#3413,#3420),.PCURVE_S1.);
#3408 = CIRCLE('',#3409,1.15);
#3409 = AXIS2_PLACEMENT_3D('',#3410,#3411,#3412);
#3410 = CARTESIAN_POINT('',(18.9923594969,33.10332332496,0.1));
#3411 = DIRECTION('',(0.,0.,1.));
#3412 = DIRECTION('',(1.,0.,-0.));
#3413 = PCURVE('',#2219,#3414);
#3414 = DEFINITIONAL_REPRESENTATION('',(#3415),#3419);
#3415 = LINE('',#3416,#3417);
#3416 = CARTESIAN_POINT('',(0.,0.1));
#3417 = VECTOR('',#3418,1.);
#3418 = DIRECTION('',(1.,0.));
#3419 = ( GEOMETRIC_REPRESENTATION_CONTEXT(2) 
PARAMETRIC_REPRESENTATION_CONTEXT() REPRESENTATION_CONTEXT('2D SPACE',''
  ) );
#3420 = PCURVE('',#3421,#3426);
#3421 = CYLINDRICAL_SURFACE('',#3422,1.15);
#3422 = AXIS2_PLACEMENT_3D('',#3423,#3424,#3425);
#3423 = CARTESIAN_POINT('',(18.992359496895,33.103323324963,0.));
#3424 = DIRECTION('',(0.,0.,1.));
#3425 = DIRECTION('',(1.,0.,-0.));
#3426 = DEFINITIONAL_REPRESENTATION('',(#3427),#3431);
#3427 = LINE('',#3428,#3429);
#3428 = CARTESIAN_POINT('',(0.,0.1));
#3429 = VECTOR('',#3430,1.);
#3430 = DIRECTION('',(1.,0.));
#3431 = ( GEOMETRIC_REPRESENTATION_CONTEXT(2) 
PARAMETRIC_REPRESENTATION_CONTEXT() REPRESENTATION_CONTEXT('2D SPACE',''
  ) );
#3432 = ADVANCED_FACE('',(#3433),#2255,.T.);
#3433 = FACE_BOUND('',#3434,.T.);
#3434 = EDGE_LOOP('',(#3435,#3436,#3437,#3438));
#3435 = ORIENTED_EDGE('',*,*,#2236,.F.);
#3436 = ORIENTED_EDGE('',*,*,#2676,.T.);
#3437 = ORIENTED_EDGE('',*,*,#2502,.F.);
#3438 = ORIENTED_EDGE('',*,*,#2453,.F.);
#3439 = ADVANCED_FACE('',(#3440),#2333,.F.);
#3440 = FACE_BOUND('',#3441,.F.);
#3441 = EDGE_LOOP('',(#3442,#3465,#3487,#3488));
#3442 = ORIENTED_EDGE('',*,*,#3443,.T.);
#3443 = EDGE_CURVE('',#2313,#3444,#3446,.T.);
#3444 = VERTEX_POINT('',#3445);
#3445 = CARTESIAN_POINT('',(11.999801038368,8.3,13.000397923264));
#3446 = SEAM_CURVE('',#3447,(#3451,#3458),.PCURVE_S1.);
#3447 = LINE('',#3448,#3449);
#3448 = CARTESIAN_POINT('',(11.999801038368,42.,13.000397923264));
#3449 = VECTOR('',#3450,1.);
#3450 = DIRECTION('',(-3.885780586188E-16,-1.,0.));
#3451 = PCURVE('',#2333,#3452);
#3452 = DEFINITIONAL_REPRESENTATION('',(#3453),#3457);
#3453 = LINE('',#3454,#3455);
#3454 = CARTESIAN_POINT('',(9.424777960769,0.));
#3455 = VECTOR('',#3456,1.);
#3456 = DIRECTION('',(0.,1.));
#3457 = ( GEOMETRIC_REPRESENTATION_CONTEXT(2) 
PARAMETRIC_REPRESENTATION_CONTEXT() REPRESENTATION_CONTEXT('2D SPACE',''
  ) );
#3458 = PCURVE('',#2333,#3459);
#3459 = DEFINITIONAL_REPRESENTATION('',(#3460),#3464);
#3460 = LINE('',#3461,#3462);
#3461 = CARTESIAN_POINT('',(3.14159265359,0.));
#3462 = VECTOR('',#3463,1.);
#3463 = DIRECTION('',(0.,1.));
#3464 = ( GEOMETRIC_REPRESENTATION_CONTEXT(2) 
PARAMETRIC_REPRESENTATION_CONTEXT() REPRESENTATION_CONTEXT('2D SPACE',''
  ) );
#3465 = ORIENTED_EDGE('',*,*,#3466,.T.);
#3466 = EDGE_CURVE('',#3444,#3444,#3467,.T.);
#3467 = SURFACE_CURVE('',#3468,(#3473,#3480),.PCURVE_S1.);
#3468 = CIRCLE('',#3469,1.);
#3469 = AXIS2_PLACEMENT_3D('',#3470,#3471,#3472);
#3470 = CARTESIAN_POINT('',(10.999801038368,8.3,13.000397923264));
#3471 = DIRECTION('',(0.,1.,0.));
#3472 = DIRECTION('',(-1.,0.,0.));
#3473 = PCURVE('',#2333,#3474);
#3474 = DEFINITIONAL_REPRESENTATION('',(#3475),#3479);
#3475 = LINE('',#3476,#3477);
#3476 = CARTESIAN_POINT('',(12.566370614359,33.7));
#3477 = VECTOR('',#3478,1.);
#3478 = DIRECTION('',(-1.,0.));
#3479 = ( GEOMETRIC_REPRESENTATION_CONTEXT(2) 
PARAMETRIC_REPRESENTATION_CONTEXT() REPRESENTATION_CONTEXT('2D SPACE',''
  ) );
#3480 = PCURVE('',#2661,#3481);
#3481 = DEFINITIONAL_REPRESENTATION('',(#3482),#3486);
#3482 = LINE('',#3483,#3484);
#3483 = CARTESIAN_POINT('',(12.566370614359,-0.9));
#3484 = VECTOR('',#3485,1.);
#3485 = DIRECTION('',(-1.,0.));
#3486 = ( GEOMETRIC_REPRESENTATION_CONTEXT(2) 
PARAMETRIC_REPRESENTATION_CONTEXT() REPRESENTATION_CONTEXT('2D SPACE',''
  ) );
#3487 = ORIENTED_EDGE('',*,*,#3443,.F.);
#3488 = ORIENTED_EDGE('',*,*,#2312,.T.);
#3489 = ADVANCED_FACE('',(#3490),#2368,.F.);
#3490 = FACE_BOUND('',#3491,.F.);
#3491 = EDGE_LOOP('',(#3492,#3515,#3537,#3538));
#3492 = ORIENTED_EDGE('',*,*,#3493,.T.);
#3493 = EDGE_CURVE('',#2348,#3494,#3496,.T.);
#3494 = VERTEX_POINT('',#3495);
#3495 = CARTESIAN_POINT('',(11.999801038368,8.3,25.));
#3496 = SEAM_CURVE('',#3497,(#3501,#3508),.PCURVE_S1.);
#3497 = LINE('',#3498,#3499);
#3498 = CARTESIAN_POINT('',(11.999801038368,42.,25.));
#3499 = VECTOR('',#3500,1.);
#3500 = DIRECTION('',(-3.885780586188E-16,-1.,0.));
#3501 = PCURVE('',#2368,#3502);
#3502 = DEFINITIONAL_REPRESENTATION('',(#3503),#3507);
#3503 = LINE('',#3504,#3505);
#3504 = CARTESIAN_POINT('',(9.424777960769,0.));
#3505 = VECTOR('',#3506,1.);
#3506 = DIRECTION('',(0.,1.));
#3507 = ( GEOMETRIC_REPRESENTATION_CONTEXT(2) 
PARAMETRIC_REPRESENTATION_CONTEXT() REPRESENTATION_CONTEXT('2D SPACE',''
  ) );
#3508 = PCURVE('',#2368,#3509);
#3509 = DEFINITIONAL_REPRESENTATION('',(#3510),#3514);
#3510 = LINE('',#3511,#3512);
#3511 = CARTESIAN_POINT('',(3.14159265359,0.));
#3512 = VECTOR('',#3513,1.);
#3513 = DIRECTION('',(0.,1.));
#3514 = ( GEOMETRIC_REPRESENTATION_CONTEXT(2) 
PARAMETRIC_REPRESENTATION_CONTEXT() REPRESENTATION_CONTEXT('2D SPACE',''
  ) );
#3515 = ORIENTED_EDGE('',*,*,#3516,.T.);
#3516 = EDGE_CURVE('',#3494,#3494,#3517,.T.);
#3517 = SURFACE_CURVE('',#3518,(#3523,#3530),.PCURVE_S1.);
#3518 = CIRCLE('',#3519,1.);
#3519 = AXIS2_PLACEMENT_3D('',#3520,#3521,#3522);
#3520 = CARTESIAN_POINT('',(10.999801038368,8.3,25.));
#3521 = DIRECTION('',(0.,1.,0.));
#3522 = DIRECTION('',(-1.,0.,0.));
#3523 = PCURVE('',#2368,#3524);
#3524 = DEFINITIONAL_REPRESENTATION('',(#3525),#3529);
#3525 = LINE('',#3526,#3527);
#3526 = CARTESIAN_POINT('',(12.566370614359,33.7));
#3527 = VECTOR('',#3528,1.);
#3528 = DIRECTION('',(-1.,0.));
#3529 = ( GEOMETRIC_REPRESENTATION_CONTEXT(2) 
PARAMETRIC_REPRESENTATION_CONTEXT() REPRESENTATION_CONTEXT('2D SPACE',''
  ) );
#3530 = PCURVE('',#2630,#3531);
#3531 = DEFINITIONAL_REPRESENTATION('',(#3532),#3536);
#3532 = LINE('',#3533,#3534);
#3533 = CARTESIAN_POINT('',(12.566370614359,-0.9));
#3534 = VECTOR('',#3535,1.);
#3535 = DIRECTION('',(-1.,0.));
#3536 = ( GEOMETRIC_REPRESENTATION_CONTEXT(2) 
PARAMETRIC_REPRESENTATION_CONTEXT() REPRESENTATION_CONTEXT('2D SPACE',''
  ) );
#3537 = ORIENTED_EDGE('',*,*,#3493,.F.);
#3538 = ORIENTED_EDGE('',*,*,#2347,.T.);
#3539 = ADVANCED_FACE('',(#3540),#2403,.F.);
#3540 = FACE_BOUND('',#3541,.F.);
#3541 = EDGE_LOOP('',(#3542,#3565,#3587,#3588));
#3542 = ORIENTED_EDGE('',*,*,#3543,.T.);
#3543 = EDGE_CURVE('',#2383,#3544,#3546,.T.);
#3544 = VERTEX_POINT('',#3545);
#3545 = CARTESIAN_POINT('',(6.,8.3,19.000198961632));
#3546 = SEAM_CURVE('',#3547,(#3551,#3558),.PCURVE_S1.);
#3547 = LINE('',#3548,#3549);
#3548 = CARTESIAN_POINT('',(6.,42.,19.000198961632));
#3549 = VECTOR('',#3550,1.);
#3550 = DIRECTION('',(-4.163336342344E-16,-1.,0.));
#3551 = PCURVE('',#2403,#3552);
#3552 = DEFINITIONAL_REPRESENTATION('',(#3553),#3557);
#3553 = LINE('',#3554,#3555);
#3554 = CARTESIAN_POINT('',(9.424777960769,0.));
#3555 = VECTOR('',#3556,1.);
#3556 = DIRECTION('',(0.,1.));
#3557 = ( GEOMETRIC_REPRESENTATION_CONTEXT(2) 
PARAMETRIC_REPRESENTATION_CONTEXT() REPRESENTATION_CONTEXT('2D SPACE',''
  ) );
#3558 = PCURVE('',#2403,#3559);
#3559 = DEFINITIONAL_REPRESENTATION('',(#3560),#3564);
#3560 = LINE('',#3561,#3562);
#3561 = CARTESIAN_POINT('',(3.14159265359,0.));
#3562 = VECTOR('',#3563,1.);
#3563 = DIRECTION('',(0.,1.));
#3564 = ( GEOMETRIC_REPRESENTATION_CONTEXT(2) 
PARAMETRIC_REPRESENTATION_CONTEXT() REPRESENTATION_CONTEXT('2D SPACE',''
  ) );
#3565 = ORIENTED_EDGE('',*,*,#3566,.T.);
#3566 = EDGE_CURVE('',#3544,#3544,#3567,.T.);
#3567 = SURFACE_CURVE('',#3568,(#3573,#3580),.PCURVE_S1.);
#3568 = CIRCLE('',#3569,1.);
#3569 = AXIS2_PLACEMENT_3D('',#3570,#3571,#3572);
#3570 = CARTESIAN_POINT('',(5.,8.3,19.000198961632));
#3571 = DIRECTION('',(0.,1.,0.));
#3572 = DIRECTION('',(-1.,0.,0.));
#3573 = PCURVE('',#2403,#3574);
#3574 = DEFINITIONAL_REPRESENTATION('',(#3575),#3579);
#3575 = LINE('',#3576,#3577);
#3576 = CARTESIAN_POINT('',(12.566370614359,33.7));
#3577 = VECTOR('',#3578,1.);
#3578 = DIRECTION('',(-1.,0.));
#3579 = ( GEOMETRIC_REPRESENTATION_CONTEXT(2) 
PARAMETRIC_REPRESENTATION_CONTEXT() REPRESENTATION_CONTEXT('2D SPACE',''
  ) );
#3580 = PCURVE('',#2568,#3581);
#3581 = DEFINITIONAL_REPRESENTATION('',(#3582),#3586);
#3582 = LINE('',#3583,#3584);
#3583 = CARTESIAN_POINT('',(12.566370614359,-0.9));
#3584 = VECTOR('',#3585,1.);
#3585 = DIRECTION('',(-1.,0.));
#3586 = ( GEOMETRIC_REPRESENTATION_CONTEXT(2) 
PARAMETRIC_REPRESENTATION_CONTEXT() REPRESENTATION_CONTEXT('2D SPACE',''
  ) );
#3587 = ORIENTED_EDGE('',*,*,#3543,.F.);
#3588 = ORIENTED_EDGE('',*,*,#2382,.T.);
#3589 = ADVANCED_FACE('',(#3590),#2438,.F.);
#3590 = FACE_BOUND('',#3591,.F.);
#3591 = EDGE_LOOP('',(#3592,#3615,#3637,#3638));
#3592 = ORIENTED_EDGE('',*,*,#3593,.T.);
#3593 = EDGE_CURVE('',#2418,#3594,#3596,.T.);
#3594 = VERTEX_POINT('',#3595);
#3595 = CARTESIAN_POINT('',(17.999602076736,8.3,19.000198961632));
#3596 = SEAM_CURVE('',#3597,(#3601,#3608),.PCURVE_S1.);
#3597 = LINE('',#3598,#3599);
#3598 = CARTESIAN_POINT('',(17.999602076736,42.,19.000198961632));
#3599 = VECTOR('',#3600,1.);
#3600 = DIRECTION('',(-3.885780586188E-16,-1.,0.));
#3601 = PCURVE('',#2438,#3602);
#3602 = DEFINITIONAL_REPRESENTATION('',(#3603),#3607);
#3603 = LINE('',#3604,#3605);
#3604 = CARTESIAN_POINT('',(9.424777960769,0.));
#3605 = VECTOR('',#3606,1.);
#3606 = DIRECTION('',(0.,1.));
#3607 = ( GEOMETRIC_REPRESENTATION_CONTEXT(2) 
PARAMETRIC_REPRESENTATION_CONTEXT() REPRESENTATION_CONTEXT('2D SPACE',''
  ) );
#3608 = PCURVE('',#2438,#3609);
#3609 = DEFINITIONAL_REPRESENTATION('',(#3610),#3614);
#3610 = LINE('',#3611,#3612);
#3611 = CARTESIAN_POINT('',(3.14159265359,0.));
#3612 = VECTOR('',#3613,1.);
#3613 = DIRECTION('',(0.,1.));
#3614 = ( GEOMETRIC_REPRESENTATION_CONTEXT(2) 
PARAMETRIC_REPRESENTATION_CONTEXT() REPRESENTATION_CONTEXT('2D SPACE',''
  ) );
#3615 = ORIENTED_EDGE('',*,*,#3616,.T.);
#3616 = EDGE_CURVE('',#3594,#3594,#3617,.T.);
#3617 = SURFACE_CURVE('',#3618,(#3623,#3630),.PCURVE_S1.);
#3618 = CIRCLE('',#3619,1.);
#3619 = AXIS2_PLACEMENT_3D('',#3620,#3621,#3622);
#3620 = CARTESIAN_POINT('',(16.999602076736,8.3,19.000198961632));
#3621 = DIRECTION('',(0.,1.,0.));
#3622 = DIRECTION('',(-1.,0.,0.));
#3623 = PCURVE('',#2438,#3624);
#3624 = DEFINITIONAL_REPRESENTATION('',(#3625),#3629);
#3625 = LINE('',#3626,#3627);
#3626 = CARTESIAN_POINT('',(12.566370614359,33.7));
#3627 = VECTOR('',#3628,1.);
#3628 = DIRECTION('',(-1.,0.));
#3629 = ( GEOMETRIC_REPRESENTATION_CONTEXT(2) 
PARAMETRIC_REPRESENTATION_CONTEXT() REPRESENTATION_CONTEXT('2D SPACE',''
  ) );
#3630 = PCURVE('',#2599,#3631);
#3631 = DEFINITIONAL_REPRESENTATION('',(#3632),#3636);
#3632 = LINE('',#3633,#3634);
#3633 = CARTESIAN_POINT('',(12.566370614359,-0.9));
#3634 = VECTOR('',#3635,1.);
#3635 = DIRECTION('',(-1.,0.));
#3636 = ( GEOMETRIC_REPRESENTATION_CONTEXT(2) 
PARAMETRIC_REPRESENTATION_CONTEXT() REPRESENTATION_CONTEXT('2D SPACE',''
  ) );
#3637 = ORIENTED_EDGE('',*,*,#3593,.F.);
#3638 = ORIENTED_EDGE('',*,*,#2417,.T.);
#3639 = ADVANCED_FACE('',(#3640),#2568,.F.);
#3640 = FACE_BOUND('',#3641,.F.);
#3641 = EDGE_LOOP('',(#3642,#3663,#3664,#3665));
#3642 = ORIENTED_EDGE('',*,*,#3643,.T.);
#3643 = EDGE_CURVE('',#2552,#3544,#3644,.T.);
#3644 = SEAM_CURVE('',#3645,(#3649,#3656),.PCURVE_S1.);
#3645 = LINE('',#3646,#3647);
#3646 = CARTESIAN_POINT('',(6.9,7.4,19.000198961632));
#3647 = VECTOR('',#3648,1.);
#3648 = DIRECTION('',(-0.707106781187,0.707106781187,-8.659560562355E-17
    ));
#3649 = PCURVE('',#2568,#3650);
#3650 = DEFINITIONAL_REPRESENTATION('',(#3651),#3655);
#3651 = LINE('',#3652,#3653);
#3652 = CARTESIAN_POINT('',(3.14159265359,-3.140184917368E-16));
#3653 = VECTOR('',#3654,1.);
#3654 = DIRECTION('',(0.,-1.));
#3655 = ( GEOMETRIC_REPRESENTATION_CONTEXT(2) 
PARAMETRIC_REPRESENTATION_CONTEXT() REPRESENTATION_CONTEXT('2D SPACE',''
  ) );
#3656 = PCURVE('',#2568,#3657);
#3657 = DEFINITIONAL_REPRESENTATION('',(#3658),#3662);
#3658 = LINE('',#3659,#3660);
#3659 = CARTESIAN_POINT('',(9.424777960769,-3.140184917368E-16));
#3660 = VECTOR('',#3661,1.);
#3661 = DIRECTION('',(0.,-1.));
#3662 = ( GEOMETRIC_REPRESENTATION_CONTEXT(2) 
PARAMETRIC_REPRESENTATION_CONTEXT() REPRESENTATION_CONTEXT('2D SPACE',''
  ) );
#3663 = ORIENTED_EDGE('',*,*,#3566,.F.);
#3664 = ORIENTED_EDGE('',*,*,#3643,.F.);
#3665 = ORIENTED_EDGE('',*,*,#2551,.F.);
#3666 = ADVANCED_FACE('',(#3667),#2599,.F.);
#3667 = FACE_BOUND('',#3668,.F.);
#3668 = EDGE_LOOP('',(#3669,#3690,#3691,#3692));
#3669 = ORIENTED_EDGE('',*,*,#3670,.T.);
#3670 = EDGE_CURVE('',#2583,#3594,#3671,.T.);
#3671 = SEAM_CURVE('',#3672,(#3676,#3683),.PCURVE_S1.);
#3672 = LINE('',#3673,#3674);
#3673 = CARTESIAN_POINT('',(18.899602076736,7.4,19.000198961632));
#3674 = VECTOR('',#3675,1.);
#3675 = DIRECTION('',(-0.707106781187,0.707106781187,-8.659560562355E-17
    ));
#3676 = PCURVE('',#2599,#3677);
#3677 = DEFINITIONAL_REPRESENTATION('',(#3678),#3682);
#3678 = LINE('',#3679,#3680);
#3679 = CARTESIAN_POINT('',(3.14159265359,-1.413083212815E-15));
#3680 = VECTOR('',#3681,1.);
#3681 = DIRECTION('',(0.,-1.));
#3682 = ( GEOMETRIC_REPRESENTATION_CONTEXT(2) 
PARAMETRIC_REPRESENTATION_CONTEXT() REPRESENTATION_CONTEXT('2D SPACE',''
  ) );
#3683 = PCURVE('',#2599,#3684);
#3684 = DEFINITIONAL_REPRESENTATION('',(#3685),#3689);
#3685 = LINE('',#3686,#3687);
#3686 = CARTESIAN_POINT('',(9.424777960769,-1.413083212815E-15));
#3687 = VECTOR('',#3688,1.);
#3688 = DIRECTION('',(0.,-1.));
#3689 = ( GEOMETRIC_REPRESENTATION_CONTEXT(2) 
PARAMETRIC_REPRESENTATION_CONTEXT() REPRESENTATION_CONTEXT('2D SPACE',''
  ) );
#3690 = ORIENTED_EDGE('',*,*,#3616,.F.);
#3691 = ORIENTED_EDGE('',*,*,#3670,.F.);
#3692 = ORIENTED_EDGE('',*,*,#2582,.F.);
#3693 = ADVANCED_FACE('',(#3694),#2630,.F.);
#3694 = FACE_BOUND('',#3695,.F.);
#3695 = EDGE_LOOP('',(#3696,#3717,#3718,#3719));
#3696 = ORIENTED_EDGE('',*,*,#3697,.T.);
#3697 = EDGE_CURVE('',#2614,#3494,#3698,.T.);
#3698 = SEAM_CURVE('',#3699,(#3703,#3710),.PCURVE_S1.);
#3699 = LINE('',#3700,#3701);
#3700 = CARTESIAN_POINT('',(12.899801038368,7.4,25.));
#3701 = VECTOR('',#3702,1.);
#3702 = DIRECTION('',(-0.707106781187,0.707106781187,-8.659560562355E-17
    ));
#3703 = PCURVE('',#2630,#3704);
#3704 = DEFINITIONAL_REPRESENTATION('',(#3705),#3709);
#3705 = LINE('',#3706,#3707);
#3706 = CARTESIAN_POINT('',(3.14159265359,-1.570092458684E-16));
#3707 = VECTOR('',#3708,1.);
#3708 = DIRECTION('',(0.,-1.));
#3709 = ( GEOMETRIC_REPRESENTATION_CONTEXT(2) 
PARAMETRIC_REPRESENTATION_CONTEXT() REPRESENTATION_CONTEXT('2D SPACE',''
  ) );
#3710 = PCURVE('',#2630,#3711);
#3711 = DEFINITIONAL_REPRESENTATION('',(#3712),#3716);
#3712 = LINE('',#3713,#3714);
#3713 = CARTESIAN_POINT('',(9.424777960769,-1.570092458684E-16));
#3714 = VECTOR('',#3715,1.);
#3715 = DIRECTION('',(0.,-1.));
#3716 = ( GEOMETRIC_REPRESENTATION_CONTEXT(2) 
PARAMETRIC_REPRESENTATION_CONTEXT() REPRESENTATION_CONTEXT('2D SPACE',''
  ) );
#3717 = ORIENTED_EDGE('',*,*,#3516,.F.);
#3718 = ORIENTED_EDGE('',*,*,#3697,.F.);
#3719 = ORIENTED_EDGE('',*,*,#2613,.F.);
#3720 = ADVANCED_FACE('',(#3721),#2661,.F.);
#3721 = FACE_BOUND('',#3722,.F.);
#3722 = EDGE_LOOP('',(#3723,#3744,#3745,#3746));
#3723 = ORIENTED_EDGE('',*,*,#3724,.T.);
#3724 = EDGE_CURVE('',#2645,#3444,#3725,.T.);
#3725 = SEAM_CURVE('',#3726,(#3730,#3737),.PCURVE_S1.);
#3726 = LINE('',#3727,#3728);
#3727 = CARTESIAN_POINT('',(12.899801038368,7.4,13.000397923264));
#3728 = VECTOR('',#3729,1.);
#3729 = DIRECTION('',(-0.707106781187,0.707106781187,-8.659560562355E-17
    ));
#3730 = PCURVE('',#2661,#3731);
#3731 = DEFINITIONAL_REPRESENTATION('',(#3732),#3736);
#3732 = LINE('',#3733,#3734);
#3733 = CARTESIAN_POINT('',(3.14159265359,-1.570092458684E-16));
#3734 = VECTOR('',#3735,1.);
#3735 = DIRECTION('',(0.,-1.));
#3736 = ( GEOMETRIC_REPRESENTATION_CONTEXT(2) 
PARAMETRIC_REPRESENTATION_CONTEXT() REPRESENTATION_CONTEXT('2D SPACE',''
  ) );
#3737 = PCURVE('',#2661,#3738);
#3738 = DEFINITIONAL_REPRESENTATION('',(#3739),#3743);
#3739 = LINE('',#3740,#3741);
#3740 = CARTESIAN_POINT('',(9.424777960769,-1.570092458684E-16));
#3741 = VECTOR('',#3742,1.);
#3742 = DIRECTION('',(0.,-1.));
#3743 = ( GEOMETRIC_REPRESENTATION_CONTEXT(2) 
PARAMETRIC_REPRESENTATION_CONTEXT() REPRESENTATION_CONTEXT('2D SPACE',''
  ) );
#3744 = ORIENTED_EDGE('',*,*,#3466,.F.);
#3745 = ORIENTED_EDGE('',*,*,#3724,.F.);
#3746 = ORIENTED_EDGE('',*,*,#2644,.F.);
#3747 = ADVANCED_FACE('',(#3748),#2741,.F.);
#3748 = FACE_BOUND('',#3749,.F.);
#3749 = EDGE_LOOP('',(#3750,#3781,#3802,#3803,#3804));
#3750 = ORIENTED_EDGE('',*,*,#3751,.T.);
#3751 = EDGE_CURVE('',#3752,#3754,#3756,.T.);
#3752 = VERTEX_POINT('',#3753);
#3753 = CARTESIAN_POINT('',(4.1423594969,33.10332332496,0.1));
#3754 = VERTEX_POINT('',#3755);
#3755 = CARTESIAN_POINT('',(1.842359496898,33.103323324963,0.1));
#3756 = SURFACE_CURVE('',#3757,(#3762,#3769),.PCURVE_S1.);
#3757 = CIRCLE('',#3758,1.15);
#3758 = AXIS2_PLACEMENT_3D('',#3759,#3760,#3761);
#3759 = CARTESIAN_POINT('',(2.9923594969,33.10332332496,0.1));
#3760 = DIRECTION('',(0.,0.,1.));
#3761 = DIRECTION('',(1.,0.,-0.));
#3762 = PCURVE('',#2741,#3763);
#3763 = DEFINITIONAL_REPRESENTATION('',(#3764),#3768);
#3764 = LINE('',#3765,#3766);
#3765 = CARTESIAN_POINT('',(6.28318530718,0.1));
#3766 = VECTOR('',#3767,1.);
#3767 = DIRECTION('',(1.,0.));
#3768 = ( GEOMETRIC_REPRESENTATION_CONTEXT(2) 
PARAMETRIC_REPRESENTATION_CONTEXT() REPRESENTATION_CONTEXT('2D SPACE',''
  ) );
#3769 = PCURVE('',#3770,#3775);
#3770 = CYLINDRICAL_SURFACE('',#3771,1.15);
#3771 = AXIS2_PLACEMENT_3D('',#3772,#3773,#3774);
#3772 = CARTESIAN_POINT('',(2.992359496895,33.103323324963,0.));
#3773 = DIRECTION('',(0.,0.,1.));
#3774 = DIRECTION('',(1.,0.,-0.));
#3775 = DEFINITIONAL_REPRESENTATION('',(#3776),#3780);
#3776 = LINE('',#3777,#3778);
#3777 = CARTESIAN_POINT('',(6.28318530718,0.1));
#3778 = VECTOR('',#3779,1.);
#3779 = DIRECTION('',(1.,0.));
#3780 = ( GEOMETRIC_REPRESENTATION_CONTEXT(2) 
PARAMETRIC_REPRESENTATION_CONTEXT() REPRESENTATION_CONTEXT('2D SPACE',''
  ) );
#3781 = ORIENTED_EDGE('',*,*,#3782,.T.);
#3782 = EDGE_CURVE('',#3754,#2704,#3783,.T.);
#3783 = SEAM_CURVE('',#3784,(#3788,#3795),.PCURVE_S1.);
#3784 = LINE('',#3785,#3786);
#3785 = CARTESIAN_POINT('',(1.842359496895,33.103323324963,0.));
#3786 = VECTOR('',#3787,1.);
#3787 = DIRECTION('',(0.,0.,1.));
#3788 = PCURVE('',#2741,#3789);
#3789 = DEFINITIONAL_REPRESENTATION('',(#3790),#3794);
#3790 = LINE('',#3791,#3792);
#3791 = CARTESIAN_POINT('',(3.14159265359,0.));
#3792 = VECTOR('',#3793,1.);
#3793 = DIRECTION('',(0.,1.));
#3794 = ( GEOMETRIC_REPRESENTATION_CONTEXT(2) 
PARAMETRIC_REPRESENTATION_CONTEXT() REPRESENTATION_CONTEXT('2D SPACE',''
  ) );
#3795 = PCURVE('',#2741,#3796);
#3796 = DEFINITIONAL_REPRESENTATION('',(#3797),#3801);
#3797 = LINE('',#3798,#3799);
#3798 = CARTESIAN_POINT('',(9.424777960769,0.));
#3799 = VECTOR('',#3800,1.);
#3800 = DIRECTION('',(0.,1.));
#3801 = ( GEOMETRIC_REPRESENTATION_CONTEXT(2) 
PARAMETRIC_REPRESENTATION_CONTEXT() REPRESENTATION_CONTEXT('2D SPACE',''
  ) );
#3802 = ORIENTED_EDGE('',*,*,#2726,.T.);
#3803 = ORIENTED_EDGE('',*,*,#3782,.F.);
#3804 = ORIENTED_EDGE('',*,*,#3805,.T.);
#3805 = EDGE_CURVE('',#3754,#3752,#3806,.T.);
#3806 = SURFACE_CURVE('',#3807,(#3812,#3819),.PCURVE_S1.);
#3807 = CIRCLE('',#3808,1.15);
#3808 = AXIS2_PLACEMENT_3D('',#3809,#3810,#3811);
#3809 = CARTESIAN_POINT('',(2.9923594969,33.10332332496,0.1));
#3810 = DIRECTION('',(0.,0.,1.));
#3811 = DIRECTION('',(1.,0.,-0.));
#3812 = PCURVE('',#2741,#3813);
#3813 = DEFINITIONAL_REPRESENTATION('',(#3814),#3818);
#3814 = LINE('',#3815,#3816);
#3815 = CARTESIAN_POINT('',(0.,0.1));
#3816 = VECTOR('',#3817,1.);
#3817 = DIRECTION('',(1.,0.));
#3818 = ( GEOMETRIC_REPRESENTATION_CONTEXT(2) 
PARAMETRIC_REPRESENTATION_CONTEXT() REPRESENTATION_CONTEXT('2D SPACE',''
  ) );
#3819 = PCURVE('',#3820,#3825);
#3820 = CYLINDRICAL_SURFACE('',#3821,1.15);
#3821 = AXIS2_PLACEMENT_3D('',#3822,#3823,#3824);
#3822 = CARTESIAN_POINT('',(2.992359496895,33.103323324963,0.));
#3823 = DIRECTION('',(0.,0.,1.));
#3824 = DIRECTION('',(1.,0.,-0.));
#3825 = DEFINITIONAL_REPRESENTATION('',(#3826),#3830);
#3826 = LINE('',#3827,#3828);
#3827 = CARTESIAN_POINT('',(0.,0.1));
#3828 = VECTOR('',#3829,1.);
#3829 = DIRECTION('',(1.,0.));
#3830 = ( GEOMETRIC_REPRESENTATION_CONTEXT(2) 
PARAMETRIC_REPRESENTATION_CONTEXT() REPRESENTATION_CONTEXT('2D SPACE',''
  ) );
#3831 = ADVANCED_FACE('',(#3832),#2796,.F.);
#3832 = FACE_BOUND('',#3833,.F.);
#3833 = EDGE_LOOP('',(#3834,#3865,#3886,#3887,#3888));
#3834 = ORIENTED_EDGE('',*,*,#3835,.T.);
#3835 = EDGE_CURVE('',#3836,#3838,#3840,.T.);
#3836 = VERTEX_POINT('',#3837);
#3837 = CARTESIAN_POINT('',(20.1423594969,3.10332332496,0.1));
#3838 = VERTEX_POINT('',#3839);
#3839 = CARTESIAN_POINT('',(17.842359496898,3.103323324963,0.1));
#3840 = SURFACE_CURVE('',#3841,(#3846,#3853),.PCURVE_S1.);
#3841 = CIRCLE('',#3842,1.15);
#3842 = AXIS2_PLACEMENT_3D('',#3843,#3844,#3845);
#3843 = CARTESIAN_POINT('',(18.9923594969,3.10332332496,0.1));
#3844 = DIRECTION('',(0.,0.,1.));
#3845 = DIRECTION('',(1.,0.,-0.));
#3846 = PCURVE('',#2796,#3847);
#3847 = DEFINITIONAL_REPRESENTATION('',(#3848),#3852);
#3848 = LINE('',#3849,#3850);
#3849 = CARTESIAN_POINT('',(6.28318530718,0.1));
#3850 = VECTOR('',#3851,1.);
#3851 = DIRECTION('',(1.,0.));
#3852 = ( GEOMETRIC_REPRESENTATION_CONTEXT(2) 
PARAMETRIC_REPRESENTATION_CONTEXT() REPRESENTATION_CONTEXT('2D SPACE',''
  ) );
#3853 = PCURVE('',#3854,#3859);
#3854 = CYLINDRICAL_SURFACE('',#3855,1.15);
#3855 = AXIS2_PLACEMENT_3D('',#3856,#3857,#3858);
#3856 = CARTESIAN_POINT('',(18.992359496895,3.103323324963,0.));
#3857 = DIRECTION('',(0.,0.,1.));
#3858 = DIRECTION('',(1.,0.,-0.));
#3859 = DEFINITIONAL_REPRESENTATION('',(#3860),#3864);
#3860 = LINE('',#3861,#3862);
#3861 = CARTESIAN_POINT('',(6.28318530718,0.1));
#3862 = VECTOR('',#3863,1.);
#3863 = DIRECTION('',(1.,0.));
#3864 = ( GEOMETRIC_REPRESENTATION_CONTEXT(2) 
PARAMETRIC_REPRESENTATION_CONTEXT() REPRESENTATION_CONTEXT('2D SPACE',''
  ) );
#3865 = ORIENTED_EDGE('',*,*,#3866,.T.);
#3866 = EDGE_CURVE('',#3838,#2759,#3867,.T.);
#3867 = SEAM_CURVE('',#3868,(#3872,#3879),.PCURVE_S1.);
#3868 = LINE('',#3869,#3870);
#3869 = CARTESIAN_POINT('',(17.842359496895,3.103323324963,0.));
#3870 = VECTOR('',#3871,1.);
#3871 = DIRECTION('',(0.,0.,1.));
#3872 = PCURVE('',#2796,#3873);
#3873 = DEFINITIONAL_REPRESENTATION('',(#3874),#3878);
#3874 = LINE('',#3875,#3876);
#3875 = CARTESIAN_POINT('',(3.14159265359,0.));
#3876 = VECTOR('',#3877,1.);
#3877 = DIRECTION('',(0.,1.));
#3878 = ( GEOMETRIC_REPRESENTATION_CONTEXT(2) 
PARAMETRIC_REPRESENTATION_CONTEXT() REPRESENTATION_CONTEXT('2D SPACE',''
  ) );
#3879 = PCURVE('',#2796,#3880);
#3880 = DEFINITIONAL_REPRESENTATION('',(#3881),#3885);
#3881 = LINE('',#3882,#3883);
#3882 = CARTESIAN_POINT('',(9.424777960769,0.));
#3883 = VECTOR('',#3884,1.);
#3884 = DIRECTION('',(0.,1.));
#3885 = ( GEOMETRIC_REPRESENTATION_CONTEXT(2) 
PARAMETRIC_REPRESENTATION_CONTEXT() REPRESENTATION_CONTEXT('2D SPACE',''
  ) );
#3886 = ORIENTED_EDGE('',*,*,#2781,.T.);
#3887 = ORIENTED_EDGE('',*,*,#3866,.F.);
#3888 = ORIENTED_EDGE('',*,*,#3889,.T.);
#3889 = EDGE_CURVE('',#3838,#3836,#3890,.T.);
#3890 = SURFACE_CURVE('',#3891,(#3896,#3903),.PCURVE_S1.);
#3891 = CIRCLE('',#3892,1.15);
#3892 = AXIS2_PLACEMENT_3D('',#3893,#3894,#3895);
#3893 = CARTESIAN_POINT('',(18.9923594969,3.10332332496,0.1));
#3894 = DIRECTION('',(0.,0.,1.));
#3895 = DIRECTION('',(1.,0.,-0.));
#3896 = PCURVE('',#2796,#3897);
#3897 = DEFINITIONAL_REPRESENTATION('',(#3898),#3902);
#3898 = LINE('',#3899,#3900);
#3899 = CARTESIAN_POINT('',(0.,0.1));
#3900 = VECTOR('',#3901,1.);
#3901 = DIRECTION('',(1.,0.));
#3902 = ( GEOMETRIC_REPRESENTATION_CONTEXT(2) 
PARAMETRIC_REPRESENTATION_CONTEXT() REPRESENTATION_CONTEXT('2D SPACE',''
  ) );
#3903 = PCURVE('',#3904,#3909);
#3904 = CYLINDRICAL_SURFACE('',#3905,1.15);
#3905 = AXIS2_PLACEMENT_3D('',#3906,#3907,#3908);
#3906 = CARTESIAN_POINT('',(18.992359496895,3.103323324963,0.));
#3907 = DIRECTION('',(0.,0.,1.));
#3908 = DIRECTION('',(1.,0.,-0.));
#3909 = DEFINITIONAL_REPRESENTATION('',(#3910),#3914);
#3910 = LINE('',#3911,#3912);
#3911 = CARTESIAN_POINT('',(0.,0.1));
#3912 = VECTOR('',#3913,1.);
#3913 = DIRECTION('',(1.,0.));
#3914 = ( GEOMETRIC_REPRESENTATION_CONTEXT(2) 
PARAMETRIC_REPRESENTATION_CONTEXT() REPRESENTATION_CONTEXT('2D SPACE',''
  ) );
#3915 = ADVANCED_FACE('',(#3916),#3040,.F.);
#3916 = FACE_BOUND('',#3917,.F.);
#3917 = EDGE_LOOP('',(#3918,#3944,#3965,#3966,#3967));
#3918 = ORIENTED_EDGE('',*,*,#3919,.F.);
#3919 = EDGE_CURVE('',#3920,#3922,#3924,.T.);
#3920 = VERTEX_POINT('',#3921);
#3921 = CARTESIAN_POINT('',(4.142359496898,3.10332332496,0.));
#3922 = VERTEX_POINT('',#3923);
#3923 = CARTESIAN_POINT('',(1.842359496895,3.103323324963,0.));
#3924 = SURFACE_CURVE('',#3925,(#3930,#3937),.PCURVE_S1.);
#3925 = CIRCLE('',#3926,1.15);
#3926 = AXIS2_PLACEMENT_3D('',#3927,#3928,#3929);
#3927 = CARTESIAN_POINT('',(2.992359496895,3.103323324963,0.));
#3928 = DIRECTION('',(0.,0.,1.));
#3929 = DIRECTION('',(1.,0.,-0.));
#3930 = PCURVE('',#3040,#3931);
#3931 = DEFINITIONAL_REPRESENTATION('',(#3932),#3936);
#3932 = LINE('',#3933,#3934);
#3933 = CARTESIAN_POINT('',(-6.28318530718,3.35));
#3934 = VECTOR('',#3935,1.);
#3935 = DIRECTION('',(1.,0.));
#3936 = ( GEOMETRIC_REPRESENTATION_CONTEXT(2) 
PARAMETRIC_REPRESENTATION_CONTEXT() REPRESENTATION_CONTEXT('2D SPACE',''
  ) );
#3937 = PCURVE('',#3287,#3938);
#3938 = DEFINITIONAL_REPRESENTATION('',(#3939),#3943);
#3939 = LINE('',#3940,#3941);
#3940 = CARTESIAN_POINT('',(0.,0.));
#3941 = VECTOR('',#3942,1.);
#3942 = DIRECTION('',(1.,0.));
#3943 = ( GEOMETRIC_REPRESENTATION_CONTEXT(2) 
PARAMETRIC_REPRESENTATION_CONTEXT() REPRESENTATION_CONTEXT('2D SPACE',''
  ) );
#3944 = ORIENTED_EDGE('',*,*,#3945,.F.);
#3945 = EDGE_CURVE('',#3024,#3920,#3946,.T.);
#3946 = SEAM_CURVE('',#3947,(#3951,#3958),.PCURVE_S1.);
#3947 = LINE('',#3948,#3949);
#3948 = CARTESIAN_POINT('',(4.1423594969,3.10332332496,-3.35));
#3949 = VECTOR('',#3950,1.);
#3950 = DIRECTION('',(0.,0.,1.));
#3951 = PCURVE('',#3040,#3952);
#3952 = DEFINITIONAL_REPRESENTATION('',(#3953),#3957);
#3953 = LINE('',#3954,#3955);
#3954 = CARTESIAN_POINT('',(6.28318530718,-0.));
#3955 = VECTOR('',#3956,1.);
#3956 = DIRECTION('',(0.,1.));
#3957 = ( GEOMETRIC_REPRESENTATION_CONTEXT(2) 
PARAMETRIC_REPRESENTATION_CONTEXT() REPRESENTATION_CONTEXT('2D SPACE',''
  ) );
#3958 = PCURVE('',#3040,#3959);
#3959 = DEFINITIONAL_REPRESENTATION('',(#3960),#3964);
#3960 = LINE('',#3961,#3962);
#3961 = CARTESIAN_POINT('',(0.,-0.));
#3962 = VECTOR('',#3963,1.);
#3963 = DIRECTION('',(0.,1.));
#3964 = ( GEOMETRIC_REPRESENTATION_CONTEXT(2) 
PARAMETRIC_REPRESENTATION_CONTEXT() REPRESENTATION_CONTEXT('2D SPACE',''
  ) );
#3965 = ORIENTED_EDGE('',*,*,#3023,.T.);
#3966 = ORIENTED_EDGE('',*,*,#3945,.T.);
#3967 = ORIENTED_EDGE('',*,*,#3968,.F.);
#3968 = EDGE_CURVE('',#3922,#3920,#3969,.T.);
#3969 = SURFACE_CURVE('',#3970,(#3975,#3982),.PCURVE_S1.);
#3970 = CIRCLE('',#3971,1.15);
#3971 = AXIS2_PLACEMENT_3D('',#3972,#3973,#3974);
#3972 = CARTESIAN_POINT('',(2.992359496895,3.103323324963,0.));
#3973 = DIRECTION('',(0.,0.,1.));
#3974 = DIRECTION('',(1.,0.,-0.));
#3975 = PCURVE('',#3040,#3976);
#3976 = DEFINITIONAL_REPRESENTATION('',(#3977),#3981);
#3977 = LINE('',#3978,#3979);
#3978 = CARTESIAN_POINT('',(0.,3.35));
#3979 = VECTOR('',#3980,1.);
#3980 = DIRECTION('',(1.,0.));
#3981 = ( GEOMETRIC_REPRESENTATION_CONTEXT(2) 
PARAMETRIC_REPRESENTATION_CONTEXT() REPRESENTATION_CONTEXT('2D SPACE',''
  ) );
#3982 = PCURVE('',#3337,#3983);
#3983 = DEFINITIONAL_REPRESENTATION('',(#3984),#3988);
#3984 = LINE('',#3985,#3986);
#3985 = CARTESIAN_POINT('',(0.,0.));
#3986 = VECTOR('',#3987,1.);
#3987 = DIRECTION('',(1.,0.));
#3988 = ( GEOMETRIC_REPRESENTATION_CONTEXT(2) 
PARAMETRIC_REPRESENTATION_CONTEXT() REPRESENTATION_CONTEXT('2D SPACE',''
  ) );
#3989 = ADVANCED_FACE('',(#3990),#3075,.F.);
#3990 = FACE_BOUND('',#3991,.F.);
#3991 = EDGE_LOOP('',(#3992,#4018,#4039,#4040,#4041));
#3992 = ORIENTED_EDGE('',*,*,#3993,.F.);
#3993 = EDGE_CURVE('',#3994,#3996,#3998,.T.);
#3994 = VERTEX_POINT('',#3995);
#3995 = CARTESIAN_POINT('',(20.142359496898,3.10332332496,0.));
#3996 = VERTEX_POINT('',#3997);
#3997 = CARTESIAN_POINT('',(17.842359496895,3.103323324963,0.));
#3998 = SURFACE_CURVE('',#3999,(#4004,#4011),.PCURVE_S1.);
#3999 = CIRCLE('',#4000,1.15);
#4000 = AXIS2_PLACEMENT_3D('',#4001,#4002,#4003);
#4001 = CARTESIAN_POINT('',(18.992359496895,3.103323324963,0.));
#4002 = DIRECTION('',(0.,0.,1.));
#4003 = DIRECTION('',(1.,0.,-0.));
#4004 = PCURVE('',#3075,#4005);
#4005 = DEFINITIONAL_REPRESENTATION('',(#4006),#4010);
#4006 = LINE('',#4007,#4008);
#4007 = CARTESIAN_POINT('',(-6.28318530718,3.35));
#4008 = VECTOR('',#4009,1.);
#4009 = DIRECTION('',(1.,0.));
#4010 = ( GEOMETRIC_REPRESENTATION_CONTEXT(2) 
PARAMETRIC_REPRESENTATION_CONTEXT() REPRESENTATION_CONTEXT('2D SPACE',''
  ) );
#4011 = PCURVE('',#3854,#4012);
#4012 = DEFINITIONAL_REPRESENTATION('',(#4013),#4017);
#4013 = LINE('',#4014,#4015);
#4014 = CARTESIAN_POINT('',(0.,0.));
#4015 = VECTOR('',#4016,1.);
#4016 = DIRECTION('',(1.,0.));
#4017 = ( GEOMETRIC_REPRESENTATION_CONTEXT(2) 
PARAMETRIC_REPRESENTATION_CONTEXT() REPRESENTATION_CONTEXT('2D SPACE',''
  ) );
#4018 = ORIENTED_EDGE('',*,*,#4019,.F.);
#4019 = EDGE_CURVE('',#3059,#3994,#4020,.T.);
#4020 = SEAM_CURVE('',#4021,(#4025,#4032),.PCURVE_S1.);
#4021 = LINE('',#4022,#4023);
#4022 = CARTESIAN_POINT('',(20.1423594969,3.10332332496,-3.35));
#4023 = VECTOR('',#4024,1.);
#4024 = DIRECTION('',(0.,0.,1.));
#4025 = PCURVE('',#3075,#4026);
#4026 = DEFINITIONAL_REPRESENTATION('',(#4027),#4031);
#4027 = LINE('',#4028,#4029);
#4028 = CARTESIAN_POINT('',(6.28318530718,-0.));
#4029 = VECTOR('',#4030,1.);
#4030 = DIRECTION('',(0.,1.));
#4031 = ( GEOMETRIC_REPRESENTATION_CONTEXT(2) 
PARAMETRIC_REPRESENTATION_CONTEXT() REPRESENTATION_CONTEXT('2D SPACE',''
  ) );
#4032 = PCURVE('',#3075,#4033);
#4033 = DEFINITIONAL_REPRESENTATION('',(#4034),#4038);
#4034 = LINE('',#4035,#4036);
#4035 = CARTESIAN_POINT('',(0.,-0.));
#4036 = VECTOR('',#4037,1.);
#4037 = DIRECTION('',(0.,1.));
#4038 = ( GEOMETRIC_REPRESENTATION_CONTEXT(2) 
PARAMETRIC_REPRESENTATION_CONTEXT() REPRESENTATION_CONTEXT('2D SPACE',''
  ) );
#4039 = ORIENTED_EDGE('',*,*,#3058,.T.);
#4040 = ORIENTED_EDGE('',*,*,#4019,.T.);
#4041 = ORIENTED_EDGE('',*,*,#4042,.F.);
#4042 = EDGE_CURVE('',#3996,#3994,#4043,.T.);
#4043 = SURFACE_CURVE('',#4044,(#4049,#4056),.PCURVE_S1.);
#4044 = CIRCLE('',#4045,1.15);
#4045 = AXIS2_PLACEMENT_3D('',#4046,#4047,#4048);
#4046 = CARTESIAN_POINT('',(18.992359496895,3.103323324963,0.));
#4047 = DIRECTION('',(0.,0.,1.));
#4048 = DIRECTION('',(1.,0.,-0.));
#4049 = PCURVE('',#3075,#4050);
#4050 = DEFINITIONAL_REPRESENTATION('',(#4051),#4055);
#4051 = LINE('',#4052,#4053);
#4052 = CARTESIAN_POINT('',(0.,3.35));
#4053 = VECTOR('',#4054,1.);
#4054 = DIRECTION('',(1.,0.));
#4055 = ( GEOMETRIC_REPRESENTATION_CONTEXT(2) 
PARAMETRIC_REPRESENTATION_CONTEXT() REPRESENTATION_CONTEXT('2D SPACE',''
  ) );
#4056 = PCURVE('',#3904,#4057);
#4057 = DEFINITIONAL_REPRESENTATION('',(#4058),#4062);
#4058 = LINE('',#4059,#4060);
#4059 = CARTESIAN_POINT('',(0.,0.));
#4060 = VECTOR('',#4061,1.);
#4061 = DIRECTION('',(1.,0.));
#4062 = ( GEOMETRIC_REPRESENTATION_CONTEXT(2) 
PARAMETRIC_REPRESENTATION_CONTEXT() REPRESENTATION_CONTEXT('2D SPACE',''
  ) );
#4063 = ADVANCED_FACE('',(#4064),#3110,.F.);
#4064 = FACE_BOUND('',#4065,.F.);
#4065 = EDGE_LOOP('',(#4066,#4092,#4113,#4114,#4115));
#4066 = ORIENTED_EDGE('',*,*,#4067,.F.);
#4067 = EDGE_CURVE('',#4068,#4070,#4072,.T.);
#4068 = VERTEX_POINT('',#4069);
#4069 = CARTESIAN_POINT('',(4.142359496898,33.10332332496,0.));
#4070 = VERTEX_POINT('',#4071);
#4071 = CARTESIAN_POINT('',(1.842359496895,33.103323324963,0.));
#4072 = SURFACE_CURVE('',#4073,(#4078,#4085),.PCURVE_S1.);
#4073 = CIRCLE('',#4074,1.15);
#4074 = AXIS2_PLACEMENT_3D('',#4075,#4076,#4077);
#4075 = CARTESIAN_POINT('',(2.992359496895,33.103323324963,0.));
#4076 = DIRECTION('',(0.,0.,1.));
#4077 = DIRECTION('',(1.,0.,-0.));
#4078 = PCURVE('',#3110,#4079);
#4079 = DEFINITIONAL_REPRESENTATION('',(#4080),#4084);
#4080 = LINE('',#4081,#4082);
#4081 = CARTESIAN_POINT('',(-6.28318530718,3.35));
#4082 = VECTOR('',#4083,1.);
#4083 = DIRECTION('',(1.,0.));
#4084 = ( GEOMETRIC_REPRESENTATION_CONTEXT(2) 
PARAMETRIC_REPRESENTATION_CONTEXT() REPRESENTATION_CONTEXT('2D SPACE',''
  ) );
#4085 = PCURVE('',#3770,#4086);
#4086 = DEFINITIONAL_REPRESENTATION('',(#4087),#4091);
#4087 = LINE('',#4088,#4089);
#4088 = CARTESIAN_POINT('',(0.,0.));
#4089 = VECTOR('',#4090,1.);
#4090 = DIRECTION('',(1.,0.));
#4091 = ( GEOMETRIC_REPRESENTATION_CONTEXT(2) 
PARAMETRIC_REPRESENTATION_CONTEXT() REPRESENTATION_CONTEXT('2D SPACE',''
  ) );
#4092 = ORIENTED_EDGE('',*,*,#4093,.F.);
#4093 = EDGE_CURVE('',#3094,#4068,#4094,.T.);
#4094 = SEAM_CURVE('',#4095,(#4099,#4106),.PCURVE_S1.);
#4095 = LINE('',#4096,#4097);
#4096 = CARTESIAN_POINT('',(4.1423594969,33.10332332496,-3.35));
#4097 = VECTOR('',#4098,1.);
#4098 = DIRECTION('',(0.,0.,1.));
#4099 = PCURVE('',#3110,#4100);
#4100 = DEFINITIONAL_REPRESENTATION('',(#4101),#4105);
#4101 = LINE('',#4102,#4103);
#4102 = CARTESIAN_POINT('',(6.28318530718,-0.));
#4103 = VECTOR('',#4104,1.);
#4104 = DIRECTION('',(0.,1.));
#4105 = ( GEOMETRIC_REPRESENTATION_CONTEXT(2) 
PARAMETRIC_REPRESENTATION_CONTEXT() REPRESENTATION_CONTEXT('2D SPACE',''
  ) );
#4106 = PCURVE('',#3110,#4107);
#4107 = DEFINITIONAL_REPRESENTATION('',(#4108),#4112);
#4108 = LINE('',#4109,#4110);
#4109 = CARTESIAN_POINT('',(0.,-0.));
#4110 = VECTOR('',#4111,1.);
#4111 = DIRECTION('',(0.,1.));
#4112 = ( GEOMETRIC_REPRESENTATION_CONTEXT(2) 
PARAMETRIC_REPRESENTATION_CONTEXT() REPRESENTATION_CONTEXT('2D SPACE',''
  ) );
#4113 = ORIENTED_EDGE('',*,*,#3093,.T.);
#4114 = ORIENTED_EDGE('',*,*,#4093,.T.);
#4115 = ORIENTED_EDGE('',*,*,#4116,.F.);
#4116 = EDGE_CURVE('',#4070,#4068,#4117,.T.);
#4117 = SURFACE_CURVE('',#4118,(#4123,#4130),.PCURVE_S1.);
#4118 = CIRCLE('',#4119,1.15);
#4119 = AXIS2_PLACEMENT_3D('',#4120,#4121,#4122);
#4120 = CARTESIAN_POINT('',(2.992359496895,33.103323324963,0.));
#4121 = DIRECTION('',(0.,0.,1.));
#4122 = DIRECTION('',(1.,0.,-0.));
#4123 = PCURVE('',#3110,#4124);
#4124 = DEFINITIONAL_REPRESENTATION('',(#4125),#4129);
#4125 = LINE('',#4126,#4127);
#4126 = CARTESIAN_POINT('',(0.,3.35));
#4127 = VECTOR('',#4128,1.);
#4128 = DIRECTION('',(1.,0.));
#4129 = ( GEOMETRIC_REPRESENTATION_CONTEXT(2) 
PARAMETRIC_REPRESENTATION_CONTEXT() REPRESENTATION_CONTEXT('2D SPACE',''
  ) );
#4130 = PCURVE('',#3820,#4131);
#4131 = DEFINITIONAL_REPRESENTATION('',(#4132),#4136);
#4132 = LINE('',#4133,#4134);
#4133 = CARTESIAN_POINT('',(0.,0.));
#4134 = VECTOR('',#4135,1.);
#4135 = DIRECTION('',(1.,0.));
#4136 = ( GEOMETRIC_REPRESENTATION_CONTEXT(2) 
PARAMETRIC_REPRESENTATION_CONTEXT() REPRESENTATION_CONTEXT('2D SPACE',''
  ) );
#4137 = ADVANCED_FACE('',(#4138),#3145,.F.);
#4138 = FACE_BOUND('',#4139,.F.);
#4139 = EDGE_LOOP('',(#4140,#4166,#4187,#4188,#4189));
#4140 = ORIENTED_EDGE('',*,*,#4141,.F.);
#4141 = EDGE_CURVE('',#4142,#4144,#4146,.T.);
#4142 = VERTEX_POINT('',#4143);
#4143 = CARTESIAN_POINT('',(20.142359496898,33.10332332496,0.));
#4144 = VERTEX_POINT('',#4145);
#4145 = CARTESIAN_POINT('',(17.842359496895,33.103323324963,0.));
#4146 = SURFACE_CURVE('',#4147,(#4152,#4159),.PCURVE_S1.);
#4147 = CIRCLE('',#4148,1.15);
#4148 = AXIS2_PLACEMENT_3D('',#4149,#4150,#4151);
#4149 = CARTESIAN_POINT('',(18.992359496895,33.103323324963,0.));
#4150 = DIRECTION('',(0.,0.,1.));
#4151 = DIRECTION('',(1.,0.,-0.));
#4152 = PCURVE('',#3145,#4153);
#4153 = DEFINITIONAL_REPRESENTATION('',(#4154),#4158);
#4154 = LINE('',#4155,#4156);
#4155 = CARTESIAN_POINT('',(-6.28318530718,3.35));
#4156 = VECTOR('',#4157,1.);
#4157 = DIRECTION('',(1.,0.));
#4158 = ( GEOMETRIC_REPRESENTATION_CONTEXT(2) 
PARAMETRIC_REPRESENTATION_CONTEXT() REPRESENTATION_CONTEXT('2D SPACE',''
  ) );
#4159 = PCURVE('',#3371,#4160);
#4160 = DEFINITIONAL_REPRESENTATION('',(#4161),#4165);
#4161 = LINE('',#4162,#4163);
#4162 = CARTESIAN_POINT('',(0.,0.));
#4163 = VECTOR('',#4164,1.);
#4164 = DIRECTION('',(1.,0.));
#4165 = ( GEOMETRIC_REPRESENTATION_CONTEXT(2) 
PARAMETRIC_REPRESENTATION_CONTEXT() REPRESENTATION_CONTEXT('2D SPACE',''
  ) );
#4166 = ORIENTED_EDGE('',*,*,#4167,.F.);
#4167 = EDGE_CURVE('',#3129,#4142,#4168,.T.);
#4168 = SEAM_CURVE('',#4169,(#4173,#4180),.PCURVE_S1.);
#4169 = LINE('',#4170,#4171);
#4170 = CARTESIAN_POINT('',(20.1423594969,33.10332332496,-3.35));
#4171 = VECTOR('',#4172,1.);
#4172 = DIRECTION('',(0.,0.,1.));
#4173 = PCURVE('',#3145,#4174);
#4174 = DEFINITIONAL_REPRESENTATION('',(#4175),#4179);
#4175 = LINE('',#4176,#4177);
#4176 = CARTESIAN_POINT('',(6.28318530718,-0.));
#4177 = VECTOR('',#4178,1.);
#4178 = DIRECTION('',(0.,1.));
#4179 = ( GEOMETRIC_REPRESENTATION_CONTEXT(2) 
PARAMETRIC_REPRESENTATION_CONTEXT() REPRESENTATION_CONTEXT('2D SPACE',''
  ) );
#4180 = PCURVE('',#3145,#4181);
#4181 = DEFINITIONAL_REPRESENTATION('',(#4182),#4186);
#4182 = LINE('',#4183,#4184);
#4183 = CARTESIAN_POINT('',(0.,-0.));
#4184 = VECTOR('',#4185,1.);
#4185 = DIRECTION('',(0.,1.));
#4186 = ( GEOMETRIC_REPRESENTATION_CONTEXT(2) 
PARAMETRIC_REPRESENTATION_CONTEXT() REPRESENTATION_CONTEXT('2D SPACE',''
  ) );
#4187 = ORIENTED_EDGE('',*,*,#3128,.T.);
#4188 = ORIENTED_EDGE('',*,*,#4167,.T.);
#4189 = ORIENTED_EDGE('',*,*,#4190,.F.);
#4190 = EDGE_CURVE('',#4144,#4142,#4191,.T.);
#4191 = SURFACE_CURVE('',#4192,(#4197,#4204),.PCURVE_S1.);
#4192 = CIRCLE('',#4193,1.15);
#4193 = AXIS2_PLACEMENT_3D('',#4194,#4195,#4196);
#4194 = CARTESIAN_POINT('',(18.992359496895,33.103323324963,0.));
#4195 = DIRECTION('',(0.,0.,1.));
#4196 = DIRECTION('',(1.,0.,-0.));
#4197 = PCURVE('',#3145,#4198);
#4198 = DEFINITIONAL_REPRESENTATION('',(#4199),#4203);
#4199 = LINE('',#4200,#4201);
#4200 = CARTESIAN_POINT('',(0.,3.35));
#4201 = VECTOR('',#4202,1.);
#4202 = DIRECTION('',(1.,0.));
#4203 = ( GEOMETRIC_REPRESENTATION_CONTEXT(2) 
PARAMETRIC_REPRESENTATION_CONTEXT() REPRESENTATION_CONTEXT('2D SPACE',''
  ) );
#4204 = PCURVE('',#3421,#4205);
#4205 = DEFINITIONAL_REPRESENTATION('',(#4206),#4210);
#4206 = LINE('',#4207,#4208);
#4207 = CARTESIAN_POINT('',(0.,0.));
#4208 = VECTOR('',#4209,1.);
#4209 = DIRECTION('',(1.,0.));
#4210 = ( GEOMETRIC_REPRESENTATION_CONTEXT(2) 
PARAMETRIC_REPRESENTATION_CONTEXT() REPRESENTATION_CONTEXT('2D SPACE',''
  ) );
#4211 = ADVANCED_FACE('',(#4212),#3287,.F.);
#4212 = FACE_BOUND('',#4213,.F.);
#4213 = EDGE_LOOP('',(#4214,#4215,#4236,#4237));
#4214 = ORIENTED_EDGE('',*,*,#3919,.T.);
#4215 = ORIENTED_EDGE('',*,*,#4216,.T.);
#4216 = EDGE_CURVE('',#3922,#3271,#4217,.T.);
#4217 = SURFACE_CURVE('',#4218,(#4222,#4229),.PCURVE_S1.);
#4218 = LINE('',#4219,#4220);
#4219 = CARTESIAN_POINT('',(1.842359496895,3.103323324963,0.));
#4220 = VECTOR('',#4221,1.);
#4221 = DIRECTION('',(0.,0.,1.));
#4222 = PCURVE('',#3287,#4223);
#4223 = DEFINITIONAL_REPRESENTATION('',(#4224),#4228);
#4224 = LINE('',#4225,#4226);
#4225 = CARTESIAN_POINT('',(9.424777960769,0.));
#4226 = VECTOR('',#4227,1.);
#4227 = DIRECTION('',(0.,1.));
#4228 = ( GEOMETRIC_REPRESENTATION_CONTEXT(2) 
PARAMETRIC_REPRESENTATION_CONTEXT() REPRESENTATION_CONTEXT('2D SPACE',''
  ) );
#4229 = PCURVE('',#3337,#4230);
#4230 = DEFINITIONAL_REPRESENTATION('',(#4231),#4235);
#4231 = LINE('',#4232,#4233);
#4232 = CARTESIAN_POINT('',(3.14159265359,0.));
#4233 = VECTOR('',#4234,1.);
#4234 = DIRECTION('',(0.,1.));
#4235 = ( GEOMETRIC_REPRESENTATION_CONTEXT(2) 
PARAMETRIC_REPRESENTATION_CONTEXT() REPRESENTATION_CONTEXT('2D SPACE',''
  ) );
#4236 = ORIENTED_EDGE('',*,*,#3268,.F.);
#4237 = ORIENTED_EDGE('',*,*,#4238,.F.);
#4238 = EDGE_CURVE('',#3920,#3269,#4239,.T.);
#4239 = SURFACE_CURVE('',#4240,(#4244,#4251),.PCURVE_S1.);
#4240 = LINE('',#4241,#4242);
#4241 = CARTESIAN_POINT('',(4.1423594969,3.10332332496,-3.35));
#4242 = VECTOR('',#4243,1.);
#4243 = DIRECTION('',(0.,0.,1.));
#4244 = PCURVE('',#3287,#4245);
#4245 = DEFINITIONAL_REPRESENTATION('',(#4246),#4250);
#4246 = LINE('',#4247,#4248);
#4247 = CARTESIAN_POINT('',(6.283185307177,-3.35));
#4248 = VECTOR('',#4249,1.);
#4249 = DIRECTION('',(0.,1.));
#4250 = ( GEOMETRIC_REPRESENTATION_CONTEXT(2) 
PARAMETRIC_REPRESENTATION_CONTEXT() REPRESENTATION_CONTEXT('2D SPACE',''
  ) );
#4251 = PCURVE('',#3337,#4252);
#4252 = DEFINITIONAL_REPRESENTATION('',(#4253),#4257);
#4253 = LINE('',#4254,#4255);
#4254 = CARTESIAN_POINT('',(6.283185307177,-3.35));
#4255 = VECTOR('',#4256,1.);
#4256 = DIRECTION('',(0.,1.));
#4257 = ( GEOMETRIC_REPRESENTATION_CONTEXT(2) 
PARAMETRIC_REPRESENTATION_CONTEXT() REPRESENTATION_CONTEXT('2D SPACE',''
  ) );
#4258 = ADVANCED_FACE('',(#4259),#3337,.F.);
#4259 = FACE_BOUND('',#4260,.F.);
#4260 = EDGE_LOOP('',(#4261,#4262,#4263,#4264));
#4261 = ORIENTED_EDGE('',*,*,#4216,.F.);
#4262 = ORIENTED_EDGE('',*,*,#3968,.T.);
#4263 = ORIENTED_EDGE('',*,*,#4238,.T.);
#4264 = ORIENTED_EDGE('',*,*,#3322,.F.);
#4265 = ADVANCED_FACE('',(#4266),#3371,.F.);
#4266 = FACE_BOUND('',#4267,.F.);
#4267 = EDGE_LOOP('',(#4268,#4269,#4290,#4291));
#4268 = ORIENTED_EDGE('',*,*,#4141,.T.);
#4269 = ORIENTED_EDGE('',*,*,#4270,.T.);
#4270 = EDGE_CURVE('',#4144,#3355,#4271,.T.);
#4271 = SURFACE_CURVE('',#4272,(#4276,#4283),.PCURVE_S1.);
#4272 = LINE('',#4273,#4274);
#4273 = CARTESIAN_POINT('',(17.842359496895,33.103323324963,0.));
#4274 = VECTOR('',#4275,1.);
#4275 = DIRECTION('',(0.,0.,1.));
#4276 = PCURVE('',#3371,#4277);
#4277 = DEFINITIONAL_REPRESENTATION('',(#4278),#4282);
#4278 = LINE('',#4279,#4280);
#4279 = CARTESIAN_POINT('',(9.424777960769,0.));
#4280 = VECTOR('',#4281,1.);
#4281 = DIRECTION('',(0.,1.));
#4282 = ( GEOMETRIC_REPRESENTATION_CONTEXT(2) 
PARAMETRIC_REPRESENTATION_CONTEXT() REPRESENTATION_CONTEXT('2D SPACE',''
  ) );
#4283 = PCURVE('',#3421,#4284);
#4284 = DEFINITIONAL_REPRESENTATION('',(#4285),#4289);
#4285 = LINE('',#4286,#4287);
#4286 = CARTESIAN_POINT('',(3.14159265359,0.));
#4287 = VECTOR('',#4288,1.);
#4288 = DIRECTION('',(0.,1.));
#4289 = ( GEOMETRIC_REPRESENTATION_CONTEXT(2) 
PARAMETRIC_REPRESENTATION_CONTEXT() REPRESENTATION_CONTEXT('2D SPACE',''
  ) );
#4290 = ORIENTED_EDGE('',*,*,#3352,.F.);
#4291 = ORIENTED_EDGE('',*,*,#4292,.F.);
#4292 = EDGE_CURVE('',#4142,#3353,#4293,.T.);
#4293 = SURFACE_CURVE('',#4294,(#4298,#4305),.PCURVE_S1.);
#4294 = LINE('',#4295,#4296);
#4295 = CARTESIAN_POINT('',(20.1423594969,33.10332332496,-3.35));
#4296 = VECTOR('',#4297,1.);
#4297 = DIRECTION('',(0.,0.,1.));
#4298 = PCURVE('',#3371,#4299);
#4299 = DEFINITIONAL_REPRESENTATION('',(#4300),#4304);
#4300 = LINE('',#4301,#4302);
#4301 = CARTESIAN_POINT('',(6.283185307177,-3.35));
#4302 = VECTOR('',#4303,1.);
#4303 = DIRECTION('',(0.,1.));
#4304 = ( GEOMETRIC_REPRESENTATION_CONTEXT(2) 
PARAMETRIC_REPRESENTATION_CONTEXT() REPRESENTATION_CONTEXT('2D SPACE',''
  ) );
#4305 = PCURVE('',#3421,#4306);
#4306 = DEFINITIONAL_REPRESENTATION('',(#4307),#4311);
#4307 = LINE('',#4308,#4309);
#4308 = CARTESIAN_POINT('',(6.283185307177,-3.35));
#4309 = VECTOR('',#4310,1.);
#4310 = DIRECTION('',(0.,1.));
#4311 = ( GEOMETRIC_REPRESENTATION_CONTEXT(2) 
PARAMETRIC_REPRESENTATION_CONTEXT() REPRESENTATION_CONTEXT('2D SPACE',''
  ) );
#4312 = ADVANCED_FACE('',(#4313),#3421,.F.);
#4313 = FACE_BOUND('',#4314,.F.);
#4314 = EDGE_LOOP('',(#4315,#4316,#4317,#4318));
#4315 = ORIENTED_EDGE('',*,*,#4270,.F.);
#4316 = ORIENTED_EDGE('',*,*,#4190,.T.);
#4317 = ORIENTED_EDGE('',*,*,#4292,.T.);
#4318 = ORIENTED_EDGE('',*,*,#3406,.F.);
#4319 = ADVANCED_FACE('',(#4320),#3770,.F.);
#4320 = FACE_BOUND('',#4321,.F.);
#4321 = EDGE_LOOP('',(#4322,#4323,#4344,#4345));
#4322 = ORIENTED_EDGE('',*,*,#4067,.T.);
#4323 = ORIENTED_EDGE('',*,*,#4324,.T.);
#4324 = EDGE_CURVE('',#4070,#3754,#4325,.T.);
#4325 = SURFACE_CURVE('',#4326,(#4330,#4337),.PCURVE_S1.);
#4326 = LINE('',#4327,#4328);
#4327 = CARTESIAN_POINT('',(1.842359496895,33.103323324963,0.));
#4328 = VECTOR('',#4329,1.);
#4329 = DIRECTION('',(0.,0.,1.));
#4330 = PCURVE('',#3770,#4331);
#4331 = DEFINITIONAL_REPRESENTATION('',(#4332),#4336);
#4332 = LINE('',#4333,#4334);
#4333 = CARTESIAN_POINT('',(9.424777960769,0.));
#4334 = VECTOR('',#4335,1.);
#4335 = DIRECTION('',(0.,1.));
#4336 = ( GEOMETRIC_REPRESENTATION_CONTEXT(2) 
PARAMETRIC_REPRESENTATION_CONTEXT() REPRESENTATION_CONTEXT('2D SPACE',''
  ) );
#4337 = PCURVE('',#3820,#4338);
#4338 = DEFINITIONAL_REPRESENTATION('',(#4339),#4343);
#4339 = LINE('',#4340,#4341);
#4340 = CARTESIAN_POINT('',(3.14159265359,0.));
#4341 = VECTOR('',#4342,1.);
#4342 = DIRECTION('',(0.,1.));
#4343 = ( GEOMETRIC_REPRESENTATION_CONTEXT(2) 
PARAMETRIC_REPRESENTATION_CONTEXT() REPRESENTATION_CONTEXT('2D SPACE',''
  ) );
#4344 = ORIENTED_EDGE('',*,*,#3751,.F.);
#4345 = ORIENTED_EDGE('',*,*,#4346,.F.);
#4346 = EDGE_CURVE('',#4068,#3752,#4347,.T.);
#4347 = SURFACE_CURVE('',#4348,(#4352,#4359),.PCURVE_S1.);
#4348 = LINE('',#4349,#4350);
#4349 = CARTESIAN_POINT('',(4.1423594969,33.10332332496,-3.35));
#4350 = VECTOR('',#4351,1.);
#4351 = DIRECTION('',(0.,0.,1.));
#4352 = PCURVE('',#3770,#4353);
#4353 = DEFINITIONAL_REPRESENTATION('',(#4354),#4358);
#4354 = LINE('',#4355,#4356);
#4355 = CARTESIAN_POINT('',(6.283185307177,-3.35));
#4356 = VECTOR('',#4357,1.);
#4357 = DIRECTION('',(0.,1.));
#4358 = ( GEOMETRIC_REPRESENTATION_CONTEXT(2) 
PARAMETRIC_REPRESENTATION_CONTEXT() REPRESENTATION_CONTEXT('2D SPACE',''
  ) );
#4359 = PCURVE('',#3820,#4360);
#4360 = DEFINITIONAL_REPRESENTATION('',(#4361),#4365);
#4361 = LINE('',#4362,#4363);
#4362 = CARTESIAN_POINT('',(6.283185307177,-3.35));
#4363 = VECTOR('',#4364,1.);
#4364 = DIRECTION('',(0.,1.));
#4365 = ( GEOMETRIC_REPRESENTATION_CONTEXT(2) 
PARAMETRIC_REPRESENTATION_CONTEXT() REPRESENTATION_CONTEXT('2D SPACE',''
  ) );
#4366 = ADVANCED_FACE('',(#4367),#3820,.F.);
#4367 = FACE_BOUND('',#4368,.F.);
#4368 = EDGE_LOOP('',(#4369,#4370,#4371,#4372));
#4369 = ORIENTED_EDGE('',*,*,#4324,.F.);
#4370 = ORIENTED_EDGE('',*,*,#4116,.T.);
#4371 = ORIENTED_EDGE('',*,*,#4346,.T.);
#4372 = ORIENTED_EDGE('',*,*,#3805,.F.);
#4373 = ADVANCED_FACE('',(#4374),#3854,.F.);
#4374 = FACE_BOUND('',#4375,.F.);
#4375 = EDGE_LOOP('',(#4376,#4377,#4398,#4399));
#4376 = ORIENTED_EDGE('',*,*,#3993,.T.);
#4377 = ORIENTED_EDGE('',*,*,#4378,.T.);
#4378 = EDGE_CURVE('',#3996,#3838,#4379,.T.);
#4379 = SURFACE_CURVE('',#4380,(#4384,#4391),.PCURVE_S1.);
#4380 = LINE('',#4381,#4382);
#4381 = CARTESIAN_POINT('',(17.842359496895,3.103323324963,0.));
#4382 = VECTOR('',#4383,1.);
#4383 = DIRECTION('',(0.,0.,1.));
#4384 = PCURVE('',#3854,#4385);
#4385 = DEFINITIONAL_REPRESENTATION('',(#4386),#4390);
#4386 = LINE('',#4387,#4388);
#4387 = CARTESIAN_POINT('',(9.424777960769,0.));
#4388 = VECTOR('',#4389,1.);
#4389 = DIRECTION('',(0.,1.));
#4390 = ( GEOMETRIC_REPRESENTATION_CONTEXT(2) 
PARAMETRIC_REPRESENTATION_CONTEXT() REPRESENTATION_CONTEXT('2D SPACE',''
  ) );
#4391 = PCURVE('',#3904,#4392);
#4392 = DEFINITIONAL_REPRESENTATION('',(#4393),#4397);
#4393 = LINE('',#4394,#4395);
#4394 = CARTESIAN_POINT('',(3.14159265359,0.));
#4395 = VECTOR('',#4396,1.);
#4396 = DIRECTION('',(0.,1.));
#4397 = ( GEOMETRIC_REPRESENTATION_CONTEXT(2) 
PARAMETRIC_REPRESENTATION_CONTEXT() REPRESENTATION_CONTEXT('2D SPACE',''
  ) );
#4398 = ORIENTED_EDGE('',*,*,#3835,.F.);
#4399 = ORIENTED_EDGE('',*,*,#4400,.F.);
#4400 = EDGE_CURVE('',#3994,#3836,#4401,.T.);
#4401 = SURFACE_CURVE('',#4402,(#4406,#4413),.PCURVE_S1.);
#4402 = LINE('',#4403,#4404);
#4403 = CARTESIAN_POINT('',(20.1423594969,3.10332332496,-3.35));
#4404 = VECTOR('',#4405,1.);
#4405 = DIRECTION('',(0.,0.,1.));
#4406 = PCURVE('',#3854,#4407);
#4407 = DEFINITIONAL_REPRESENTATION('',(#4408),#4412);
#4408 = LINE('',#4409,#4410);
#4409 = CARTESIAN_POINT('',(6.283185307177,-3.35));
#4410 = VECTOR('',#4411,1.);
#4411 = DIRECTION('',(0.,1.));
#4412 = ( GEOMETRIC_REPRESENTATION_CONTEXT(2) 
PARAMETRIC_REPRESENTATION_CONTEXT() REPRESENTATION_CONTEXT('2D SPACE',''
  ) );
#4413 = PCURVE('',#3904,#4414);
#4414 = DEFINITIONAL_REPRESENTATION('',(#4415),#4419);
#4415 = LINE('',#4416,#4417);
#4416 = CARTESIAN_POINT('',(6.283185307177,-3.35));
#4417 = VECTOR('',#4418,1.);
#4418 = DIRECTION('',(0.,1.));
#4419 = ( GEOMETRIC_REPRESENTATION_CONTEXT(2) 
PARAMETRIC_REPRESENTATION_CONTEXT() REPRESENTATION_CONTEXT('2D SPACE',''
  ) );
#4420 = ADVANCED_FACE('',(#4421),#3904,.F.);
#4421 = FACE_BOUND('',#4422,.F.);
#4422 = EDGE_LOOP('',(#4423,#4424,#4425,#4426));
#4423 = ORIENTED_EDGE('',*,*,#4378,.F.);
#4424 = ORIENTED_EDGE('',*,*,#4042,.T.);
#4425 = ORIENTED_EDGE('',*,*,#4400,.T.);
#4426 = ORIENTED_EDGE('',*,*,#3889,.F.);
#4427 = ( GEOMETRIC_REPRESENTATION_CONTEXT(3) 
GLOBAL_UNCERTAINTY_ASSIGNED_CONTEXT((#4431)) 
GLOBAL_UNIT_ASSIGNED_CONTEXT((#4428,#4429,#4430)) REPRESENTATION_CONTEXT
('Context #1','3D Context with UNIT and UNCERTAINTY') );
#4428 = ( LENGTH_UNIT() NAMED_UNIT(*) SI_UNIT(.MILLI.,.METRE.) );
#4429 = ( NAMED_UNIT(*) PLANE_ANGLE_UNIT() SI_UNIT($,.RADIAN.) );
#4430 = ( NAMED_UNIT(*) SI_UNIT($,.STERADIAN.) SOLID_ANGLE_UNIT() );
#4431 = UNCERTAINTY_MEASURE_WITH_UNIT(LENGTH_MEASURE(1.E-07),#4428,
  'distance_accuracy_value','confusion accuracy');
#4432 = PRODUCT_RELATED_PRODUCT_CATEGORY('part',$,(#7));
ENDSEC;
END-ISO-10303-21;
