ISO-10303-21;
HEADER;
FILE_DESCRIPTION(('Open CASCADE Model'),'2;1');
FILE_NAME('Open CASCADE Shape Model','2026-09-22T14:54:26',('Author'),(
    'Open CASCADE'),'Open CASCADE STEP processor 7.8','Open CASCADE 7.8'
  ,'Unknown');
FILE_SCHEMA(('AUTOMOTIVE_DESIGN { 1 0 10303 214 1 1 1 1 }'));
ENDSEC;
DATA;
#1 = APPLICATION_PROTOCOL_DEFINITION('international standard',
  'automotive_design',2000,#2);
#2 = APPLICATION_CONTEXT(
  'core data for automotive mechanical design processes');
#3 = SHAPE_DEFINITION_REPRESENTATION(#4,#10);
#4 = PRODUCT_DEFINITION_SHAPE('','',#5);
#5 = PRODUCT_DEFINITION('design','',#6,#9);
#6 = PRODUCT_DEFINITION_FORMATION('','',#7);
#7 = PRODUCT('Open CASCADE STEP translator 7.8 7',
  'Open CASCADE STEP translator 7.8 7','',(#8));
#8 = PRODUCT_CONTEXT('',#2,'mechanical');
#9 = PRODUCT_DEFINITION_CONTEXT('part definition',#2,'design');
#10 = ADVANCED_BREP_SHAPE_REPRESENTATION('',(#11,#15),#5137);
#11 = AXIS2_PLACEMENT_3D('',#12,#13,#14);
#12 = CARTESIAN_POINT('',(0.,0.,0.));
#13 = DIRECTION('',(0.,0.,1.));
#14 = DIRECTION('',(1.,0.,-0.));
#15 = MANIFOLD_SOLID_BREP('',#16);
#16 = CLOSED_SHELL('',(#17,#249,#465,#1167,#1216,#1323,#1433,#1509,#1833
    ,#2149,#2468,#2598,#2653,#2659,#2730,#2849,#2876,#2973,#3049,#3099,
    #3126,#3176,#3203,#3253,#3280,#3330,#3357,#3509,#3735,#4056,#4103,
    #4150,#4242,#4289,#4316,#4343,#4436,#4490,#4537,#4548,#4575,#4622,
    #4776,#4781,#4786,#4791,#4797,#4851,#4903,#4930,#4957,#5055,#5084,
    #5111,#5118,#5125,#5130));
#17 = ADVANCED_FACE('',(#18),#32,.F.);
#18 = FACE_BOUND('',#19,.T.);
#19 = EDGE_LOOP('',(#20,#55,#83,#111,#139,#167,#195,#223));
#20 = ORIENTED_EDGE('',*,*,#21,.F.);
#21 = EDGE_CURVE('',#22,#24,#26,.T.);
#22 = VERTEX_POINT('',#23);
#23 = CARTESIAN_POINT('',(18.250000249594,-19.9999997914,29.5));
#24 = VERTEX_POINT('',#25);
#25 = CARTESIAN_POINT('',(18.250000249594,-11.9999997914,29.5));
#26 = SURFACE_CURVE('',#27,(#31,#43),.PCURVE_S1.);
#27 = LINE('',#28,#29);
#28 = CARTESIAN_POINT('',(18.250000249594,-7.999999791407,29.5));
#29 = VECTOR('',#30,1.);
#30 = DIRECTION('',(9.020789358473E-65,1.,0.));
#31 = PCURVE('',#32,#37);
#32 = PLANE('',#33);
#33 = AXIS2_PLACEMENT_3D('',#34,#35,#36);
#34 = CARTESIAN_POINT('',(18.250000249594,-11.9999997914,
    2.965699762879E-47));
#35 = DIRECTION('',(-1.,9.020789358473E-65,0.));
#36 = DIRECTION('',(-9.020789358473E-65,-1.,-2.931830410467E-112));
#37 = DEFINITIONAL_REPRESENTATION('',(#38),#42);
#38 = LINE('',#39,#40);
#39 = CARTESIAN_POINT('',(-4.,29.5));
#40 = VECTOR('',#41,1.);
#41 = DIRECTION('',(-1.,-2.931830410467E-112));
#42 = ( GEOMETRIC_REPRESENTATION_CONTEXT(2) 
PARAMETRIC_REPRESENTATION_CONTEXT() REPRESENTATION_CONTEXT('2D SPACE',''
  ) );
#43 = PCURVE('',#44,#49);
#44 = PLANE('',#45);
#45 = AXIS2_PLACEMENT_3D('',#46,#47,#48);
#46 = CARTESIAN_POINT('',(0.750000268221,-3.999999791407,29.5));
#47 = DIRECTION('',(0.,0.,1.));
#48 = DIRECTION('',(1.,0.,-0.));
#49 = DEFINITIONAL_REPRESENTATION('',(#50),#54);
#50 = LINE('',#51,#52);
#51 = CARTESIAN_POINT('',(17.499999981373,-4.));
#52 = VECTOR('',#53,1.);
#53 = DIRECTION('',(9.020789358473E-65,1.));
#54 = ( GEOMETRIC_REPRESENTATION_CONTEXT(2) 
PARAMETRIC_REPRESENTATION_CONTEXT() REPRESENTATION_CONTEXT('2D SPACE',''
  ) );
#55 = ORIENTED_EDGE('',*,*,#56,.F.);
#56 = EDGE_CURVE('',#57,#22,#59,.T.);
#57 = VERTEX_POINT('',#58);
#58 = CARTESIAN_POINT('',(18.250000249594,-19.9999997914,
    2.965699762879E-47));
#59 = SURFACE_CURVE('',#60,(#64,#71),.PCURVE_S1.);
#60 = LINE('',#61,#62);
#61 = CARTESIAN_POINT('',(18.250000249594,-19.9999997914,
    1.482849881439E-47));
#62 = VECTOR('',#63,1.);
#63 = DIRECTION('',(0.,0.,1.));
#64 = PCURVE('',#32,#65);
#65 = DEFINITIONAL_REPRESENTATION('',(#66),#70);
#66 = LINE('',#67,#68);
#67 = CARTESIAN_POINT('',(8.,-1.482849881439E-47));
#68 = VECTOR('',#69,1.);
#69 = DIRECTION('',(-2.931830410467E-112,1.));
#70 = ( GEOMETRIC_REPRESENTATION_CONTEXT(2) 
PARAMETRIC_REPRESENTATION_CONTEXT() REPRESENTATION_CONTEXT('2D SPACE',''
  ) );
#71 = PCURVE('',#72,#77);
#72 = PLANE('',#73);
#73 = AXIS2_PLACEMENT_3D('',#74,#75,#76);
#74 = CARTESIAN_POINT('',(-19.49999973177,-19.9999997914,0.));
#75 = DIRECTION('',(2.193033135062E-16,-1.,0.));
#76 = DIRECTION('',(1.,2.193033135062E-16,0.));
#77 = DEFINITIONAL_REPRESENTATION('',(#78),#82);
#78 = LINE('',#79,#80);
#79 = CARTESIAN_POINT('',(37.749999981374,1.482849881439E-47));
#80 = VECTOR('',#81,1.);
#81 = DIRECTION('',(0.,1.));
#82 = ( GEOMETRIC_REPRESENTATION_CONTEXT(2) 
PARAMETRIC_REPRESENTATION_CONTEXT() REPRESENTATION_CONTEXT('2D SPACE',''
  ) );
#83 = ORIENTED_EDGE('',*,*,#84,.F.);
#84 = EDGE_CURVE('',#85,#57,#87,.T.);
#85 = VERTEX_POINT('',#86);
#86 = CARTESIAN_POINT('',(18.250000249594,-11.9999997914,
    2.965699762879E-47));
#87 = SURFACE_CURVE('',#88,(#92,#99),.PCURVE_S1.);
#88 = LINE('',#89,#90);
#89 = CARTESIAN_POINT('',(18.250000249594,-7.999999791407,0.));
#90 = VECTOR('',#91,1.);
#91 = DIRECTION('',(-9.020789358473E-65,-1.,0.));
#92 = PCURVE('',#32,#93);
#93 = DEFINITIONAL_REPRESENTATION('',(#94),#98);
#94 = LINE('',#95,#96);
#95 = CARTESIAN_POINT('',(-4.,-2.965699762879E-47));
#96 = VECTOR('',#97,1.);
#97 = DIRECTION('',(1.,2.931830410467E-112));
#98 = ( GEOMETRIC_REPRESENTATION_CONTEXT(2) 
PARAMETRIC_REPRESENTATION_CONTEXT() REPRESENTATION_CONTEXT('2D SPACE',''
  ) );
#99 = PCURVE('',#100,#105);
#100 = PLANE('',#101);
#101 = AXIS2_PLACEMENT_3D('',#102,#103,#104);
#102 = CARTESIAN_POINT('',(0.750000268221,-3.999999791407,0.));
#103 = DIRECTION('',(0.,0.,1.));
#104 = DIRECTION('',(1.,0.,-0.));
#105 = DEFINITIONAL_REPRESENTATION('',(#106),#110);
#106 = LINE('',#107,#108);
#107 = CARTESIAN_POINT('',(17.499999981374,-4.));
#108 = VECTOR('',#109,1.);
#109 = DIRECTION('',(-9.020789358473E-65,-1.));
#110 = ( GEOMETRIC_REPRESENTATION_CONTEXT(2) 
PARAMETRIC_REPRESENTATION_CONTEXT() REPRESENTATION_CONTEXT('2D SPACE',''
  ) );
#111 = ORIENTED_EDGE('',*,*,#112,.F.);
#112 = EDGE_CURVE('',#113,#85,#115,.T.);
#113 = VERTEX_POINT('',#114);
#114 = CARTESIAN_POINT('',(18.250000249594,-11.9999997914,3.));
#115 = SURFACE_CURVE('',#116,(#120,#127),.PCURVE_S1.);
#116 = LINE('',#117,#118);
#117 = CARTESIAN_POINT('',(18.250000249594,-11.9999997914,
    1.482849881439E-47));
#118 = VECTOR('',#119,1.);
#119 = DIRECTION('',(0.,0.,-1.));
#120 = PCURVE('',#32,#121);
#121 = DEFINITIONAL_REPRESENTATION('',(#122),#126);
#122 = LINE('',#123,#124);
#123 = CARTESIAN_POINT('',(4.347464376562E-159,-1.482849881439E-47));
#124 = VECTOR('',#125,1.);
#125 = DIRECTION('',(2.931830410467E-112,-1.));
#126 = ( GEOMETRIC_REPRESENTATION_CONTEXT(2) 
PARAMETRIC_REPRESENTATION_CONTEXT() REPRESENTATION_CONTEXT('2D SPACE',''
  ) );
#127 = PCURVE('',#128,#133);
#128 = PLANE('',#129);
#129 = AXIS2_PLACEMENT_3D('',#130,#131,#132);
#130 = CARTESIAN_POINT('',(21.000000268221,-11.9999997914,0.));
#131 = DIRECTION('',(0.,1.,0.));
#132 = DIRECTION('',(-1.,0.,0.));
#133 = DEFINITIONAL_REPRESENTATION('',(#134),#138);
#134 = LINE('',#135,#136);
#135 = CARTESIAN_POINT('',(2.750000018626,1.482849881439E-47));
#136 = VECTOR('',#137,1.);
#137 = DIRECTION('',(0.,-1.));
#138 = ( GEOMETRIC_REPRESENTATION_CONTEXT(2) 
PARAMETRIC_REPRESENTATION_CONTEXT() REPRESENTATION_CONTEXT('2D SPACE',''
  ) );
#139 = ORIENTED_EDGE('',*,*,#140,.F.);
#140 = EDGE_CURVE('',#141,#113,#143,.T.);
#141 = VERTEX_POINT('',#142);
#142 = CARTESIAN_POINT('',(18.250000249594,-16.9999997914,3.));
#143 = SURFACE_CURVE('',#144,(#148,#155),.PCURVE_S1.);
#144 = LINE('',#145,#146);
#145 = CARTESIAN_POINT('',(18.250000249594,-11.9999997914,3.));
#146 = VECTOR('',#147,1.);
#147 = DIRECTION('',(9.020789358473E-65,1.,0.));
#148 = PCURVE('',#32,#149);
#149 = DEFINITIONAL_REPRESENTATION('',(#150),#154);
#150 = LINE('',#151,#152);
#151 = CARTESIAN_POINT('',(-8.795491231402E-112,3.));
#152 = VECTOR('',#153,1.);
#153 = DIRECTION('',(-1.,-2.931830410467E-112));
#154 = ( GEOMETRIC_REPRESENTATION_CONTEXT(2) 
PARAMETRIC_REPRESENTATION_CONTEXT() REPRESENTATION_CONTEXT('2D SPACE',''
  ) );
#155 = PCURVE('',#156,#161);
#156 = PLANE('',#157);
#157 = AXIS2_PLACEMENT_3D('',#158,#159,#160);
#158 = CARTESIAN_POINT('',(18.000000268221,-11.9999997914,3.));
#159 = DIRECTION('',(0.,0.,-1.));
#160 = DIRECTION('',(9.020789358473E-65,-1.,0.));
#161 = DEFINITIONAL_REPRESENTATION('',(#162),#166);
#162 = LINE('',#163,#164);
#163 = CARTESIAN_POINT('',(2.255197171592E-65,-0.249999981373));
#164 = VECTOR('',#165,1.);
#165 = DIRECTION('',(-1.,-1.804157871695E-64));
#166 = ( GEOMETRIC_REPRESENTATION_CONTEXT(2) 
PARAMETRIC_REPRESENTATION_CONTEXT() REPRESENTATION_CONTEXT('2D SPACE',''
  ) );
#167 = ORIENTED_EDGE('',*,*,#168,.F.);
#168 = EDGE_CURVE('',#169,#141,#171,.T.);
#169 = VERTEX_POINT('',#170);
#170 = CARTESIAN_POINT('',(18.250000249594,-16.9999997914,26.5));
#171 = SURFACE_CURVE('',#172,(#176,#183),.PCURVE_S1.);
#172 = LINE('',#173,#174);
#173 = CARTESIAN_POINT('',(18.250000249594,-16.9999997914,
    1.482849881439E-47));
#174 = VECTOR('',#175,1.);
#175 = DIRECTION('',(0.,0.,-1.));
#176 = PCURVE('',#32,#177);
#177 = DEFINITIONAL_REPRESENTATION('',(#178),#182);
#178 = LINE('',#179,#180);
#179 = CARTESIAN_POINT('',(5.,-1.482849881439E-47));
#180 = VECTOR('',#181,1.);
#181 = DIRECTION('',(2.931830410467E-112,-1.));
#182 = ( GEOMETRIC_REPRESENTATION_CONTEXT(2) 
PARAMETRIC_REPRESENTATION_CONTEXT() REPRESENTATION_CONTEXT('2D SPACE',''
  ) );
#183 = PCURVE('',#184,#189);
#184 = PLANE('',#185);
#185 = AXIS2_PLACEMENT_3D('',#186,#187,#188);
#186 = CARTESIAN_POINT('',(18.000000268221,-16.9999997914,0.));
#187 = DIRECTION('',(-1.287215101015E-16,1.,0.));
#188 = DIRECTION('',(-1.,-1.287215101015E-16,0.));
#189 = DEFINITIONAL_REPRESENTATION('',(#190),#194);
#190 = LINE('',#191,#192);
#191 = CARTESIAN_POINT('',(-0.249999981374,1.482849881439E-47));
#192 = VECTOR('',#193,1.);
#193 = DIRECTION('',(-0.,-1.));
#194 = ( GEOMETRIC_REPRESENTATION_CONTEXT(2) 
PARAMETRIC_REPRESENTATION_CONTEXT() REPRESENTATION_CONTEXT('2D SPACE',''
  ) );
#195 = ORIENTED_EDGE('',*,*,#196,.F.);
#196 = EDGE_CURVE('',#197,#169,#199,.T.);
#197 = VERTEX_POINT('',#198);
#198 = CARTESIAN_POINT('',(18.250000249594,-11.9999997914,26.5));
#199 = SURFACE_CURVE('',#200,(#204,#211),.PCURVE_S1.);
#200 = LINE('',#201,#202);
#201 = CARTESIAN_POINT('',(18.250000249594,-11.9999997914,26.5));
#202 = VECTOR('',#203,1.);
#203 = DIRECTION('',(-9.020789358473E-65,-1.,0.));
#204 = PCURVE('',#32,#205);
#205 = DEFINITIONAL_REPRESENTATION('',(#206),#210);
#206 = LINE('',#207,#208);
#207 = CARTESIAN_POINT('',(-7.769350587739E-111,26.5));
#208 = VECTOR('',#209,1.);
#209 = DIRECTION('',(1.,2.931830410467E-112));
#210 = ( GEOMETRIC_REPRESENTATION_CONTEXT(2) 
PARAMETRIC_REPRESENTATION_CONTEXT() REPRESENTATION_CONTEXT('2D SPACE',''
  ) );
#211 = PCURVE('',#212,#217);
#212 = PLANE('',#213);
#213 = AXIS2_PLACEMENT_3D('',#214,#215,#216);
#214 = CARTESIAN_POINT('',(18.000000268221,-11.9999997914,26.5));
#215 = DIRECTION('',(0.,0.,-1.));
#216 = DIRECTION('',(9.020789358473E-65,-1.,0.));
#217 = DEFINITIONAL_REPRESENTATION('',(#218),#222);
#218 = LINE('',#219,#220);
#219 = CARTESIAN_POINT('',(2.255197171592E-65,-0.249999981373));
#220 = VECTOR('',#221,1.);
#221 = DIRECTION('',(1.,1.804157871695E-64));
#222 = ( GEOMETRIC_REPRESENTATION_CONTEXT(2) 
PARAMETRIC_REPRESENTATION_CONTEXT() REPRESENTATION_CONTEXT('2D SPACE',''
  ) );
#223 = ORIENTED_EDGE('',*,*,#224,.F.);
#224 = EDGE_CURVE('',#24,#197,#225,.T.);
#225 = SURFACE_CURVE('',#226,(#230,#237),.PCURVE_S1.);
#226 = LINE('',#227,#228);
#227 = CARTESIAN_POINT('',(18.250000249594,-11.9999997914,
    1.482849881439E-47));
#228 = VECTOR('',#229,1.);
#229 = DIRECTION('',(0.,0.,-1.));
#230 = PCURVE('',#32,#231);
#231 = DEFINITIONAL_REPRESENTATION('',(#232),#236);
#232 = LINE('',#233,#234);
#233 = CARTESIAN_POINT('',(4.347464376562E-159,-1.482849881439E-47));
#234 = VECTOR('',#235,1.);
#235 = DIRECTION('',(2.931830410467E-112,-1.));
#236 = ( GEOMETRIC_REPRESENTATION_CONTEXT(2) 
PARAMETRIC_REPRESENTATION_CONTEXT() REPRESENTATION_CONTEXT('2D SPACE',''
  ) );
#237 = PCURVE('',#238,#243);
#238 = PLANE('',#239);
#239 = AXIS2_PLACEMENT_3D('',#240,#241,#242);
#240 = CARTESIAN_POINT('',(21.000000268221,-11.9999997914,0.));
#241 = DIRECTION('',(0.,1.,0.));
#242 = DIRECTION('',(-1.,0.,0.));
#243 = DEFINITIONAL_REPRESENTATION('',(#244),#248);
#244 = LINE('',#245,#246);
#245 = CARTESIAN_POINT('',(2.750000018626,1.482849881439E-47));
#246 = VECTOR('',#247,1.);
#247 = DIRECTION('',(0.,-1.));
#248 = ( GEOMETRIC_REPRESENTATION_CONTEXT(2) 
PARAMETRIC_REPRESENTATION_CONTEXT() REPRESENTATION_CONTEXT('2D SPACE',''
  ) );
#249 = ADVANCED_FACE('',(#250,#325,#360,#395,#430),#72,.T.);
#250 = FACE_BOUND('',#251,.T.);
#251 = EDGE_LOOP('',(#252,#253,#276,#304));
#252 = ORIENTED_EDGE('',*,*,#56,.T.);
#253 = ORIENTED_EDGE('',*,*,#254,.F.);
#254 = EDGE_CURVE('',#255,#22,#257,.T.);
#255 = VERTEX_POINT('',#256);
#256 = CARTESIAN_POINT('',(-19.49999973177,-19.9999997914,29.5));
#257 = SURFACE_CURVE('',#258,(#262,#269),.PCURVE_S1.);
#258 = LINE('',#259,#260);
#259 = CARTESIAN_POINT('',(21.000000268221,-19.9999997914,29.5));
#260 = VECTOR('',#261,1.);
#261 = DIRECTION('',(1.,2.193033135062E-16,0.));
#262 = PCURVE('',#72,#263);
#263 = DEFINITIONAL_REPRESENTATION('',(#264),#268);
#264 = LINE('',#265,#266);
#265 = CARTESIAN_POINT('',(40.5,29.5));
#266 = VECTOR('',#267,1.);
#267 = DIRECTION('',(1.,0.));
#268 = ( GEOMETRIC_REPRESENTATION_CONTEXT(2) 
PARAMETRIC_REPRESENTATION_CONTEXT() REPRESENTATION_CONTEXT('2D SPACE',''
  ) );
#269 = PCURVE('',#44,#270);
#270 = DEFINITIONAL_REPRESENTATION('',(#271),#275);
#271 = LINE('',#272,#273);
#272 = CARTESIAN_POINT('',(20.25,-16.));
#273 = VECTOR('',#274,1.);
#274 = DIRECTION('',(1.,2.193033135062E-16));
#275 = ( GEOMETRIC_REPRESENTATION_CONTEXT(2) 
PARAMETRIC_REPRESENTATION_CONTEXT() REPRESENTATION_CONTEXT('2D SPACE',''
  ) );
#276 = ORIENTED_EDGE('',*,*,#277,.F.);
#277 = EDGE_CURVE('',#278,#255,#280,.T.);
#278 = VERTEX_POINT('',#279);
#279 = CARTESIAN_POINT('',(-19.49999973177,-19.9999997914,0.));
#280 = SURFACE_CURVE('',#281,(#285,#292),.PCURVE_S1.);
#281 = LINE('',#282,#283);
#282 = CARTESIAN_POINT('',(-19.49999973177,-19.9999997914,0.));
#283 = VECTOR('',#284,1.);
#284 = DIRECTION('',(0.,0.,1.));
#285 = PCURVE('',#72,#286);
#286 = DEFINITIONAL_REPRESENTATION('',(#287),#291);
#287 = LINE('',#288,#289);
#288 = CARTESIAN_POINT('',(0.,0.));
#289 = VECTOR('',#290,1.);
#290 = DIRECTION('',(0.,1.));
#291 = ( GEOMETRIC_REPRESENTATION_CONTEXT(2) 
PARAMETRIC_REPRESENTATION_CONTEXT() REPRESENTATION_CONTEXT('2D SPACE',''
  ) );
#292 = PCURVE('',#293,#298);
#293 = PLANE('',#294);
#294 = AXIS2_PLACEMENT_3D('',#295,#296,#297);
#295 = CARTESIAN_POINT('',(-19.49999973177,12.000000208593,0.));
#296 = DIRECTION('',(-1.,-1.387778780781E-16,0.));
#297 = DIRECTION('',(1.387778780781E-16,-1.,0.));
#298 = DEFINITIONAL_REPRESENTATION('',(#299),#303);
#299 = LINE('',#300,#301);
#300 = CARTESIAN_POINT('',(32.,0.));
#301 = VECTOR('',#302,1.);
#302 = DIRECTION('',(0.,1.));
#303 = ( GEOMETRIC_REPRESENTATION_CONTEXT(2) 
PARAMETRIC_REPRESENTATION_CONTEXT() REPRESENTATION_CONTEXT('2D SPACE',''
  ) );
#304 = ORIENTED_EDGE('',*,*,#305,.F.);
#305 = EDGE_CURVE('',#57,#278,#306,.T.);
#306 = SURFACE_CURVE('',#307,(#311,#318),.PCURVE_S1.);
#307 = LINE('',#308,#309);
#308 = CARTESIAN_POINT('',(21.000000268221,-19.9999997914,0.));
#309 = VECTOR('',#310,1.);
#310 = DIRECTION('',(-1.,-2.193033135062E-16,0.));
#311 = PCURVE('',#72,#312);
#312 = DEFINITIONAL_REPRESENTATION('',(#313),#317);
#313 = LINE('',#314,#315);
#314 = CARTESIAN_POINT('',(40.5,0.));
#315 = VECTOR('',#316,1.);
#316 = DIRECTION('',(-1.,0.));
#317 = ( GEOMETRIC_REPRESENTATION_CONTEXT(2) 
PARAMETRIC_REPRESENTATION_CONTEXT() REPRESENTATION_CONTEXT('2D SPACE',''
  ) );
#318 = PCURVE('',#100,#319);
#319 = DEFINITIONAL_REPRESENTATION('',(#320),#324);
#320 = LINE('',#321,#322);
#321 = CARTESIAN_POINT('',(20.25,-16.));
#322 = VECTOR('',#323,1.);
#323 = DIRECTION('',(-1.,-2.193033135062E-16));
#324 = ( GEOMETRIC_REPRESENTATION_CONTEXT(2) 
PARAMETRIC_REPRESENTATION_CONTEXT() REPRESENTATION_CONTEXT('2D SPACE',''
  ) );
#325 = FACE_BOUND('',#326,.T.);
#326 = EDGE_LOOP('',(#327));
#327 = ORIENTED_EDGE('',*,*,#328,.T.);
#328 = EDGE_CURVE('',#329,#329,#331,.T.);
#329 = VERTEX_POINT('',#330);
#330 = CARTESIAN_POINT('',(-6.399999731779,-19.9999997914,14.75));
#331 = SURFACE_CURVE('',#332,(#337,#348),.PCURVE_S1.);
#332 = CIRCLE('',#333,1.15);
#333 = AXIS2_PLACEMENT_3D('',#334,#335,#336);
#334 = CARTESIAN_POINT('',(-5.249999731779,-19.9999997914,14.75));
#335 = DIRECTION('',(-2.193033135062E-16,1.,0.));
#336 = DIRECTION('',(1.,2.193033135062E-16,0.));
#337 = PCURVE('',#72,#338);
#338 = DEFINITIONAL_REPRESENTATION('',(#339),#347);
#339 = ( BOUNDED_CURVE() B_SPLINE_CURVE(2,(#340,#341,#342,#343,#344,#345
,#346),.UNSPECIFIED.,.T.,.F.) B_SPLINE_CURVE_WITH_KNOTS((1,2,2,2,2,1),(
    -2.094395102393,0.,2.094395102393,4.188790204786,6.28318530718,
8.377580409573),.UNSPECIFIED.) CURVE() GEOMETRIC_REPRESENTATION_ITEM() 
RATIONAL_B_SPLINE_CURVE((1.,0.5,1.,0.5,1.,0.5,1.)) REPRESENTATION_ITEM(
  '') );
#340 = CARTESIAN_POINT('',(15.4,14.75));
#341 = CARTESIAN_POINT('',(15.4,12.758141571296));
#342 = CARTESIAN_POINT('',(13.675,13.754070785648));
#343 = CARTESIAN_POINT('',(11.95,14.75));
#344 = CARTESIAN_POINT('',(13.675,15.745929214352));
#345 = CARTESIAN_POINT('',(15.4,16.741858428704));
#346 = CARTESIAN_POINT('',(15.4,14.75));
#347 = ( GEOMETRIC_REPRESENTATION_CONTEXT(2) 
PARAMETRIC_REPRESENTATION_CONTEXT() REPRESENTATION_CONTEXT('2D SPACE',''
  ) );
#348 = PCURVE('',#349,#354);
#349 = CYLINDRICAL_SURFACE('',#350,1.15);
#350 = AXIS2_PLACEMENT_3D('',#351,#352,#353);
#351 = CARTESIAN_POINT('',(-5.249999731779,-19.9999997914,14.75));
#352 = DIRECTION('',(-3.700743415417E-16,1.,0.));
#353 = DIRECTION('',(1.,3.700743415417E-16,0.));
#354 = DEFINITIONAL_REPRESENTATION('',(#355),#359);
#355 = LINE('',#356,#357);
#356 = CARTESIAN_POINT('',(0.,0.));
#357 = VECTOR('',#358,1.);
#358 = DIRECTION('',(1.,0.));
#359 = ( GEOMETRIC_REPRESENTATION_CONTEXT(2) 
PARAMETRIC_REPRESENTATION_CONTEXT() REPRESENTATION_CONTEXT('2D SPACE',''
  ) );
#360 = FACE_BOUND('',#361,.T.);
#361 = EDGE_LOOP('',(#362));
#362 = ORIENTED_EDGE('',*,*,#363,.T.);
#363 = EDGE_CURVE('',#364,#364,#366,.T.);
#364 = VERTEX_POINT('',#365);
#365 = CARTESIAN_POINT('',(-0.399999731779,-19.9999997914,8.75));
#366 = SURFACE_CURVE('',#367,(#372,#383),.PCURVE_S1.);
#367 = CIRCLE('',#368,1.15);
#368 = AXIS2_PLACEMENT_3D('',#369,#370,#371);
#369 = CARTESIAN_POINT('',(0.750000268221,-19.9999997914,8.75));
#370 = DIRECTION('',(-2.193033135062E-16,1.,0.));
#371 = DIRECTION('',(1.,2.193033135062E-16,0.));
#372 = PCURVE('',#72,#373);
#373 = DEFINITIONAL_REPRESENTATION('',(#374),#382);
#374 = ( BOUNDED_CURVE() B_SPLINE_CURVE(2,(#375,#376,#377,#378,#379,#380
,#381),.UNSPECIFIED.,.T.,.F.) B_SPLINE_CURVE_WITH_KNOTS((1,2,2,2,2,1),(
    -2.094395102393,0.,2.094395102393,4.188790204786,6.28318530718,
8.377580409573),.UNSPECIFIED.) CURVE() GEOMETRIC_REPRESENTATION_ITEM() 
RATIONAL_B_SPLINE_CURVE((1.,0.5,1.,0.5,1.,0.5,1.)) REPRESENTATION_ITEM(
  '') );
#375 = CARTESIAN_POINT('',(21.4,8.75));
#376 = CARTESIAN_POINT('',(21.4,6.758141571296));
#377 = CARTESIAN_POINT('',(19.675,7.754070785648));
#378 = CARTESIAN_POINT('',(17.95,8.75));
#379 = CARTESIAN_POINT('',(19.675,9.745929214352));
#380 = CARTESIAN_POINT('',(21.4,10.741858428704));
#381 = CARTESIAN_POINT('',(21.4,8.75));
#382 = ( GEOMETRIC_REPRESENTATION_CONTEXT(2) 
PARAMETRIC_REPRESENTATION_CONTEXT() REPRESENTATION_CONTEXT('2D SPACE',''
  ) );
#383 = PCURVE('',#384,#389);
#384 = CYLINDRICAL_SURFACE('',#385,1.15);
#385 = AXIS2_PLACEMENT_3D('',#386,#387,#388);
#386 = CARTESIAN_POINT('',(0.750000268221,-19.9999997914,8.75));
#387 = DIRECTION('',(-2.081668171172E-16,1.,0.));
#388 = DIRECTION('',(1.,2.081668171172E-16,0.));
#389 = DEFINITIONAL_REPRESENTATION('',(#390),#394);
#390 = LINE('',#391,#392);
#391 = CARTESIAN_POINT('',(0.,0.));
#392 = VECTOR('',#393,1.);
#393 = DIRECTION('',(1.,0.));
#394 = ( GEOMETRIC_REPRESENTATION_CONTEXT(2) 
PARAMETRIC_REPRESENTATION_CONTEXT() REPRESENTATION_CONTEXT('2D SPACE',''
  ) );
#395 = FACE_BOUND('',#396,.T.);
#396 = EDGE_LOOP('',(#397));
#397 = ORIENTED_EDGE('',*,*,#398,.T.);
#398 = EDGE_CURVE('',#399,#399,#401,.T.);
#399 = VERTEX_POINT('',#400);
#400 = CARTESIAN_POINT('',(-0.399999731779,-19.9999997914,20.75));
#401 = SURFACE_CURVE('',#402,(#407,#418),.PCURVE_S1.);
#402 = CIRCLE('',#403,1.15);
#403 = AXIS2_PLACEMENT_3D('',#404,#405,#406);
#404 = CARTESIAN_POINT('',(0.750000268221,-19.9999997914,20.75));
#405 = DIRECTION('',(-2.193033135062E-16,1.,0.));
#406 = DIRECTION('',(1.,2.193033135062E-16,0.));
#407 = PCURVE('',#72,#408);
#408 = DEFINITIONAL_REPRESENTATION('',(#409),#417);
#409 = ( BOUNDED_CURVE() B_SPLINE_CURVE(2,(#410,#411,#412,#413,#414,#415
,#416),.UNSPECIFIED.,.T.,.F.) B_SPLINE_CURVE_WITH_KNOTS((1,2,2,2,2,1),(
    -2.094395102393,0.,2.094395102393,4.188790204786,6.28318530718,
8.377580409573),.UNSPECIFIED.) CURVE() GEOMETRIC_REPRESENTATION_ITEM() 
RATIONAL_B_SPLINE_CURVE((1.,0.5,1.,0.5,1.,0.5,1.)) REPRESENTATION_ITEM(
  '') );
#410 = CARTESIAN_POINT('',(21.4,20.75));
#411 = CARTESIAN_POINT('',(21.4,18.758141571296));
#412 = CARTESIAN_POINT('',(19.675,19.754070785648));
#413 = CARTESIAN_POINT('',(17.95,20.75));
#414 = CARTESIAN_POINT('',(19.675,21.745929214352));
#415 = CARTESIAN_POINT('',(21.4,22.741858428704));
#416 = CARTESIAN_POINT('',(21.4,20.75));
#417 = ( GEOMETRIC_REPRESENTATION_CONTEXT(2) 
PARAMETRIC_REPRESENTATION_CONTEXT() REPRESENTATION_CONTEXT('2D SPACE',''
  ) );
#418 = PCURVE('',#419,#424);
#419 = CYLINDRICAL_SURFACE('',#420,1.15);
#420 = AXIS2_PLACEMENT_3D('',#421,#422,#423);
#421 = CARTESIAN_POINT('',(0.750000268221,-19.9999997914,20.75));
#422 = DIRECTION('',(-2.081668171172E-16,1.,0.));
#423 = DIRECTION('',(1.,2.081668171172E-16,0.));
#424 = DEFINITIONAL_REPRESENTATION('',(#425),#429);
#425 = LINE('',#426,#427);
#426 = CARTESIAN_POINT('',(0.,0.));
#427 = VECTOR('',#428,1.);
#428 = DIRECTION('',(1.,0.));
#429 = ( GEOMETRIC_REPRESENTATION_CONTEXT(2) 
PARAMETRIC_REPRESENTATION_CONTEXT() REPRESENTATION_CONTEXT('2D SPACE',''
  ) );
#430 = FACE_BOUND('',#431,.T.);
#431 = EDGE_LOOP('',(#432));
#432 = ORIENTED_EDGE('',*,*,#433,.T.);
#433 = EDGE_CURVE('',#434,#434,#436,.T.);
#434 = VERTEX_POINT('',#435);
#435 = CARTESIAN_POINT('',(5.600000268221,-19.9999997914,14.75));
#436 = SURFACE_CURVE('',#437,(#442,#453),.PCURVE_S1.);
#437 = CIRCLE('',#438,1.15);
#438 = AXIS2_PLACEMENT_3D('',#439,#440,#441);
#439 = CARTESIAN_POINT('',(6.750000268221,-19.9999997914,14.75));
#440 = DIRECTION('',(-2.193033135062E-16,1.,0.));
#441 = DIRECTION('',(1.,2.193033135062E-16,0.));
#442 = PCURVE('',#72,#443);
#443 = DEFINITIONAL_REPRESENTATION('',(#444),#452);
#444 = ( BOUNDED_CURVE() B_SPLINE_CURVE(2,(#445,#446,#447,#448,#449,#450
,#451),.UNSPECIFIED.,.T.,.F.) B_SPLINE_CURVE_WITH_KNOTS((1,2,2,2,2,1),(
    -2.094395102393,0.,2.094395102393,4.188790204786,6.28318530718,
8.377580409573),.UNSPECIFIED.) CURVE() GEOMETRIC_REPRESENTATION_ITEM() 
RATIONAL_B_SPLINE_CURVE((1.,0.5,1.,0.5,1.,0.5,1.)) REPRESENTATION_ITEM(
  '') );
#445 = CARTESIAN_POINT('',(27.4,14.75));
#446 = CARTESIAN_POINT('',(27.4,12.758141571296));
#447 = CARTESIAN_POINT('',(25.675,13.754070785648));
#448 = CARTESIAN_POINT('',(23.95,14.75));
#449 = CARTESIAN_POINT('',(25.675,15.745929214352));
#450 = CARTESIAN_POINT('',(27.4,16.741858428704));
#451 = CARTESIAN_POINT('',(27.4,14.75));
#452 = ( GEOMETRIC_REPRESENTATION_CONTEXT(2) 
PARAMETRIC_REPRESENTATION_CONTEXT() REPRESENTATION_CONTEXT('2D SPACE',''
  ) );
#453 = PCURVE('',#454,#459);
#454 = CYLINDRICAL_SURFACE('',#455,1.15);
#455 = AXIS2_PLACEMENT_3D('',#456,#457,#458);
#456 = CARTESIAN_POINT('',(6.750000268221,-19.9999997914,14.75));
#457 = DIRECTION('',(-3.700743415417E-16,1.,0.));
#458 = DIRECTION('',(1.,3.700743415417E-16,0.));
#459 = DEFINITIONAL_REPRESENTATION('',(#460),#464);
#460 = LINE('',#461,#462);
#461 = CARTESIAN_POINT('',(0.,0.));
#462 = VECTOR('',#463,1.);
#463 = DIRECTION('',(1.,0.));
#464 = ( GEOMETRIC_REPRESENTATION_CONTEXT(2) 
PARAMETRIC_REPRESENTATION_CONTEXT() REPRESENTATION_CONTEXT('2D SPACE',''
  ) );
#465 = ADVANCED_FACE('',(#466,#949,#1084),#44,.T.);
#466 = FACE_BOUND('',#467,.T.);
#467 = EDGE_LOOP('',(#468,#469,#492,#520,#549,#577,#601,#629,#653,#676,
    #704,#727,#755,#821,#877,#927,#948));
#468 = ORIENTED_EDGE('',*,*,#21,.T.);
#469 = ORIENTED_EDGE('',*,*,#470,.T.);
#470 = EDGE_CURVE('',#24,#471,#473,.T.);
#471 = VERTEX_POINT('',#472);
#472 = CARTESIAN_POINT('',(15.500000230968,-11.9999997914,29.5));
#473 = SURFACE_CURVE('',#474,(#478,#485),.PCURVE_S1.);
#474 = LINE('',#475,#476);
#475 = CARTESIAN_POINT('',(18.000000268221,-11.9999997914,29.5));
#476 = VECTOR('',#477,1.);
#477 = DIRECTION('',(-1.,0.,0.));
#478 = PCURVE('',#44,#479);
#479 = DEFINITIONAL_REPRESENTATION('',(#480),#484);
#480 = LINE('',#481,#482);
#481 = CARTESIAN_POINT('',(17.25,-8.));
#482 = VECTOR('',#483,1.);
#483 = DIRECTION('',(-1.,0.));
#484 = ( GEOMETRIC_REPRESENTATION_CONTEXT(2) 
PARAMETRIC_REPRESENTATION_CONTEXT() REPRESENTATION_CONTEXT('2D SPACE',''
  ) );
#485 = PCURVE('',#238,#486);
#486 = DEFINITIONAL_REPRESENTATION('',(#487),#491);
#487 = LINE('',#488,#489);
#488 = CARTESIAN_POINT('',(3.,29.5));
#489 = VECTOR('',#490,1.);
#490 = DIRECTION('',(1.,0.));
#491 = ( GEOMETRIC_REPRESENTATION_CONTEXT(2) 
PARAMETRIC_REPRESENTATION_CONTEXT() REPRESENTATION_CONTEXT('2D SPACE',''
  ) );
#492 = ORIENTED_EDGE('',*,*,#493,.T.);
#493 = EDGE_CURVE('',#471,#494,#496,.T.);
#494 = VERTEX_POINT('',#495);
#495 = CARTESIAN_POINT('',(15.067578559646,-12.43242146917,29.5));
#496 = SURFACE_CURVE('',#497,(#501,#508),.PCURVE_S1.);
#497 = LINE('',#498,#499);
#498 = CARTESIAN_POINT('',(13.812500295229,-13.68749975229,29.5));
#499 = VECTOR('',#500,1.);
#500 = DIRECTION('',(-0.707106775918,-0.707106786455,0.));
#501 = PCURVE('',#44,#502);
#502 = DEFINITIONAL_REPRESENTATION('',(#503),#507);
#503 = LINE('',#504,#505);
#504 = CARTESIAN_POINT('',(13.062500027008,-9.687499960884));
#505 = VECTOR('',#506,1.);
#506 = DIRECTION('',(-0.707106775918,-0.707106786455));
#507 = ( GEOMETRIC_REPRESENTATION_CONTEXT(2) 
PARAMETRIC_REPRESENTATION_CONTEXT() REPRESENTATION_CONTEXT('2D SPACE',''
  ) );
#508 = PCURVE('',#509,#514);
#509 = PLANE('',#510);
#510 = AXIS2_PLACEMENT_3D('',#511,#512,#513);
#511 = CARTESIAN_POINT('',(15.500000230968,-11.9999997914,29.5));
#512 = DIRECTION('',(0.707106786455,-0.707106775918,0.));
#513 = DIRECTION('',(-0.707106775918,-0.707106786455,0.));
#514 = DEFINITIONAL_REPRESENTATION('',(#515),#519);
#515 = LINE('',#516,#517);
#516 = CARTESIAN_POINT('',(2.386485313406,0.));
#517 = VECTOR('',#518,1.);
#518 = DIRECTION('',(1.,0.));
#519 = ( GEOMETRIC_REPRESENTATION_CONTEXT(2) 
PARAMETRIC_REPRESENTATION_CONTEXT() REPRESENTATION_CONTEXT('2D SPACE',''
  ) );
#520 = ORIENTED_EDGE('',*,*,#521,.F.);
#521 = EDGE_CURVE('',#522,#494,#524,.T.);
#522 = VERTEX_POINT('',#523);
#523 = CARTESIAN_POINT('',(18.000000268221,-13.48708869025,29.5));
#524 = SURFACE_CURVE('',#525,(#530,#537),.PCURVE_S1.);
#525 = CIRCLE('',#526,2.67);
#526 = AXIS2_PLACEMENT_3D('',#527,#528,#529);
#527 = CARTESIAN_POINT('',(15.800000268221,-14.9999997914,29.5));
#528 = DIRECTION('',(0.,0.,1.));
#529 = DIRECTION('',(-1.,0.,0.));
#530 = PCURVE('',#44,#531);
#531 = DEFINITIONAL_REPRESENTATION('',(#532),#536);
#532 = CIRCLE('',#533,2.67);
#533 = AXIS2_PLACEMENT_2D('',#534,#535);
#534 = CARTESIAN_POINT('',(15.05,-11.));
#535 = DIRECTION('',(-1.,0.));
#536 = ( GEOMETRIC_REPRESENTATION_CONTEXT(2) 
PARAMETRIC_REPRESENTATION_CONTEXT() REPRESENTATION_CONTEXT('2D SPACE',''
  ) );
#537 = PCURVE('',#538,#543);
#538 = CONICAL_SURFACE('',#539,1.92,0.785398163397);
#539 = AXIS2_PLACEMENT_3D('',#540,#541,#542);
#540 = CARTESIAN_POINT('',(15.800000268221,-14.9999997914,28.75));
#541 = DIRECTION('',(0.,0.,1.));
#542 = DIRECTION('',(-1.,0.,0.));
#543 = DEFINITIONAL_REPRESENTATION('',(#544),#548);
#544 = LINE('',#545,#546);
#545 = CARTESIAN_POINT('',(-6.28318530718,0.75));
#546 = VECTOR('',#547,1.);
#547 = DIRECTION('',(1.,0.));
#548 = ( GEOMETRIC_REPRESENTATION_CONTEXT(2) 
PARAMETRIC_REPRESENTATION_CONTEXT() REPRESENTATION_CONTEXT('2D SPACE',''
  ) );
#549 = ORIENTED_EDGE('',*,*,#550,.T.);
#550 = EDGE_CURVE('',#522,#551,#553,.T.);
#551 = VERTEX_POINT('',#552);
#552 = CARTESIAN_POINT('',(18.000000268221,-16.51291089256,29.5));
#553 = SURFACE_CURVE('',#554,(#558,#565),.PCURVE_S1.);
#554 = LINE('',#555,#556);
#555 = CARTESIAN_POINT('',(18.000000268221,-11.9999997914,29.5));
#556 = VECTOR('',#557,1.);
#557 = DIRECTION('',(0.,-1.,0.));
#558 = PCURVE('',#44,#559);
#559 = DEFINITIONAL_REPRESENTATION('',(#560),#564);
#560 = LINE('',#561,#562);
#561 = CARTESIAN_POINT('',(17.25,-8.));
#562 = VECTOR('',#563,1.);
#563 = DIRECTION('',(0.,-1.));
#564 = ( GEOMETRIC_REPRESENTATION_CONTEXT(2) 
PARAMETRIC_REPRESENTATION_CONTEXT() REPRESENTATION_CONTEXT('2D SPACE',''
  ) );
#565 = PCURVE('',#566,#571);
#566 = PLANE('',#567);
#567 = AXIS2_PLACEMENT_3D('',#568,#569,#570);
#568 = CARTESIAN_POINT('',(18.000000268221,-11.9999997914,29.5));
#569 = DIRECTION('',(1.,0.,0.));
#570 = DIRECTION('',(0.,-1.,0.));
#571 = DEFINITIONAL_REPRESENTATION('',(#572),#576);
#572 = LINE('',#573,#574);
#573 = CARTESIAN_POINT('',(0.,0.));
#574 = VECTOR('',#575,1.);
#575 = DIRECTION('',(1.,0.));
#576 = ( GEOMETRIC_REPRESENTATION_CONTEXT(2) 
PARAMETRIC_REPRESENTATION_CONTEXT() REPRESENTATION_CONTEXT('2D SPACE',''
  ) );
#577 = ORIENTED_EDGE('',*,*,#578,.F.);
#578 = EDGE_CURVE('',#579,#551,#581,.T.);
#579 = VERTEX_POINT('',#580);
#580 = CARTESIAN_POINT('',(17.568869963818,-16.9999997914,29.5));
#581 = SURFACE_CURVE('',#582,(#587,#594),.PCURVE_S1.);
#582 = CIRCLE('',#583,2.67);
#583 = AXIS2_PLACEMENT_3D('',#584,#585,#586);
#584 = CARTESIAN_POINT('',(15.800000268221,-14.9999997914,29.5));
#585 = DIRECTION('',(0.,0.,1.));
#586 = DIRECTION('',(-1.,0.,0.));
#587 = PCURVE('',#44,#588);
#588 = DEFINITIONAL_REPRESENTATION('',(#589),#593);
#589 = CIRCLE('',#590,2.67);
#590 = AXIS2_PLACEMENT_2D('',#591,#592);
#591 = CARTESIAN_POINT('',(15.05,-11.));
#592 = DIRECTION('',(-1.,0.));
#593 = ( GEOMETRIC_REPRESENTATION_CONTEXT(2) 
PARAMETRIC_REPRESENTATION_CONTEXT() REPRESENTATION_CONTEXT('2D SPACE',''
  ) );
#594 = PCURVE('',#538,#595);
#595 = DEFINITIONAL_REPRESENTATION('',(#596),#600);
#596 = LINE('',#597,#598);
#597 = CARTESIAN_POINT('',(8.881784197001E-16,0.75));
#598 = VECTOR('',#599,1.);
#599 = DIRECTION('',(1.,-1.28573120205E-15));
#600 = ( GEOMETRIC_REPRESENTATION_CONTEXT(2) 
PARAMETRIC_REPRESENTATION_CONTEXT() REPRESENTATION_CONTEXT('2D SPACE',''
  ) );
#601 = ORIENTED_EDGE('',*,*,#602,.T.);
#602 = EDGE_CURVE('',#579,#603,#605,.T.);
#603 = VERTEX_POINT('',#604);
#604 = CARTESIAN_POINT('',(14.031130572624,-16.9999997914,29.5));
#605 = SURFACE_CURVE('',#606,(#610,#617),.PCURVE_S1.);
#606 = LINE('',#607,#608);
#607 = CARTESIAN_POINT('',(18.000000268221,-16.9999997914,29.5));
#608 = VECTOR('',#609,1.);
#609 = DIRECTION('',(-1.,-1.287215101015E-16,0.));
#610 = PCURVE('',#44,#611);
#611 = DEFINITIONAL_REPRESENTATION('',(#612),#616);
#612 = LINE('',#613,#614);
#613 = CARTESIAN_POINT('',(17.25,-13.));
#614 = VECTOR('',#615,1.);
#615 = DIRECTION('',(-1.,-1.287215101015E-16));
#616 = ( GEOMETRIC_REPRESENTATION_CONTEXT(2) 
PARAMETRIC_REPRESENTATION_CONTEXT() REPRESENTATION_CONTEXT('2D SPACE',''
  ) );
#617 = PCURVE('',#618,#623);
#618 = PLANE('',#619);
#619 = AXIS2_PLACEMENT_3D('',#620,#621,#622);
#620 = CARTESIAN_POINT('',(18.000000268221,-16.9999997914,29.5));
#621 = DIRECTION('',(1.287215101015E-16,-1.,0.));
#622 = DIRECTION('',(-1.,-1.287215101015E-16,0.));
#623 = DEFINITIONAL_REPRESENTATION('',(#624),#628);
#624 = LINE('',#625,#626);
#625 = CARTESIAN_POINT('',(0.,0.));
#626 = VECTOR('',#627,1.);
#627 = DIRECTION('',(1.,0.));
#628 = ( GEOMETRIC_REPRESENTATION_CONTEXT(2) 
PARAMETRIC_REPRESENTATION_CONTEXT() REPRESENTATION_CONTEXT('2D SPACE',''
  ) );
#629 = ORIENTED_EDGE('',*,*,#630,.F.);
#630 = EDGE_CURVE('',#631,#603,#633,.T.);
#631 = VERTEX_POINT('',#632);
#632 = CARTESIAN_POINT('',(13.232421935072,-14.26757812109,29.5));
#633 = SURFACE_CURVE('',#634,(#639,#646),.PCURVE_S1.);
#634 = CIRCLE('',#635,2.67);
#635 = AXIS2_PLACEMENT_3D('',#636,#637,#638);
#636 = CARTESIAN_POINT('',(15.800000268221,-14.9999997914,29.5));
#637 = DIRECTION('',(0.,0.,1.));
#638 = DIRECTION('',(-1.,0.,0.));
#639 = PCURVE('',#44,#640);
#640 = DEFINITIONAL_REPRESENTATION('',(#641),#645);
#641 = CIRCLE('',#642,2.67);
#642 = AXIS2_PLACEMENT_2D('',#643,#644);
#643 = CARTESIAN_POINT('',(15.05,-11.));
#644 = DIRECTION('',(-1.,0.));
#645 = ( GEOMETRIC_REPRESENTATION_CONTEXT(2) 
PARAMETRIC_REPRESENTATION_CONTEXT() REPRESENTATION_CONTEXT('2D SPACE',''
  ) );
#646 = PCURVE('',#538,#647);
#647 = DEFINITIONAL_REPRESENTATION('',(#648),#652);
#648 = LINE('',#649,#650);
#649 = CARTESIAN_POINT('',(-6.28318530718,0.75));
#650 = VECTOR('',#651,1.);
#651 = DIRECTION('',(1.,5.584908231309E-16));
#652 = ( GEOMETRIC_REPRESENTATION_CONTEXT(2) 
PARAMETRIC_REPRESENTATION_CONTEXT() REPRESENTATION_CONTEXT('2D SPACE',''
  ) );
#653 = ORIENTED_EDGE('',*,*,#654,.T.);
#654 = EDGE_CURVE('',#631,#655,#657,.T.);
#655 = VERTEX_POINT('',#656);
#656 = CARTESIAN_POINT('',(13.000000268221,-14.4999997914,29.5));
#657 = SURFACE_CURVE('',#658,(#662,#669),.PCURVE_S1.);
#658 = LINE('',#659,#660);
#659 = CARTESIAN_POINT('',(13.812500295229,-13.68749975229,29.5));
#660 = VECTOR('',#661,1.);
#661 = DIRECTION('',(-0.707106775918,-0.707106786455,0.));
#662 = PCURVE('',#44,#663);
#663 = DEFINITIONAL_REPRESENTATION('',(#664),#668);
#664 = LINE('',#665,#666);
#665 = CARTESIAN_POINT('',(13.062500027008,-9.687499960884));
#666 = VECTOR('',#667,1.);
#667 = DIRECTION('',(-0.707106775918,-0.707106786455));
#668 = ( GEOMETRIC_REPRESENTATION_CONTEXT(2) 
PARAMETRIC_REPRESENTATION_CONTEXT() REPRESENTATION_CONTEXT('2D SPACE',''
  ) );
#669 = PCURVE('',#509,#670);
#670 = DEFINITIONAL_REPRESENTATION('',(#671),#675);
#671 = LINE('',#672,#673);
#672 = CARTESIAN_POINT('',(2.386485313406,0.));
#673 = VECTOR('',#674,1.);
#674 = DIRECTION('',(1.,0.));
#675 = ( GEOMETRIC_REPRESENTATION_CONTEXT(2) 
PARAMETRIC_REPRESENTATION_CONTEXT() REPRESENTATION_CONTEXT('2D SPACE',''
  ) );
#676 = ORIENTED_EDGE('',*,*,#677,.F.);
#677 = EDGE_CURVE('',#678,#655,#680,.T.);
#678 = VERTEX_POINT('',#679);
#679 = CARTESIAN_POINT('',(13.000000268221,-16.9999997914,29.5));
#680 = SURFACE_CURVE('',#681,(#685,#692),.PCURVE_S1.);
#681 = LINE('',#682,#683);
#682 = CARTESIAN_POINT('',(13.000000268221,-16.9999997914,29.5));
#683 = VECTOR('',#684,1.);
#684 = DIRECTION('',(-9.020789358473E-65,1.,0.));
#685 = PCURVE('',#44,#686);
#686 = DEFINITIONAL_REPRESENTATION('',(#687),#691);
#687 = LINE('',#688,#689);
#688 = CARTESIAN_POINT('',(12.25,-13.));
#689 = VECTOR('',#690,1.);
#690 = DIRECTION('',(-9.020789358473E-65,1.));
#691 = ( GEOMETRIC_REPRESENTATION_CONTEXT(2) 
PARAMETRIC_REPRESENTATION_CONTEXT() REPRESENTATION_CONTEXT('2D SPACE',''
  ) );
#692 = PCURVE('',#693,#698);
#693 = PLANE('',#694);
#694 = AXIS2_PLACEMENT_3D('',#695,#696,#697);
#695 = CARTESIAN_POINT('',(13.000000268221,-14.4999997914,
    28.000000022352));
#696 = DIRECTION('',(-1.,0.,0.));
#697 = DIRECTION('',(0.,0.,1.));
#698 = DEFINITIONAL_REPRESENTATION('',(#699),#703);
#699 = LINE('',#700,#701);
#700 = CARTESIAN_POINT('',(1.499999977648,-2.5));
#701 = VECTOR('',#702,1.);
#702 = DIRECTION('',(0.,1.));
#703 = ( GEOMETRIC_REPRESENTATION_CONTEXT(2) 
PARAMETRIC_REPRESENTATION_CONTEXT() REPRESENTATION_CONTEXT('2D SPACE',''
  ) );
#704 = ORIENTED_EDGE('',*,*,#705,.T.);
#705 = EDGE_CURVE('',#678,#706,#708,.T.);
#706 = VERTEX_POINT('',#707);
#707 = CARTESIAN_POINT('',(-8.499999731779,-16.9999997914,29.5));
#708 = SURFACE_CURVE('',#709,(#713,#720),.PCURVE_S1.);
#709 = LINE('',#710,#711);
#710 = CARTESIAN_POINT('',(18.000000268221,-16.9999997914,29.5));
#711 = VECTOR('',#712,1.);
#712 = DIRECTION('',(-1.,-1.287215101015E-16,0.));
#713 = PCURVE('',#44,#714);
#714 = DEFINITIONAL_REPRESENTATION('',(#715),#719);
#715 = LINE('',#716,#717);
#716 = CARTESIAN_POINT('',(17.25,-13.));
#717 = VECTOR('',#718,1.);
#718 = DIRECTION('',(-1.,-1.287215101015E-16));
#719 = ( GEOMETRIC_REPRESENTATION_CONTEXT(2) 
PARAMETRIC_REPRESENTATION_CONTEXT() REPRESENTATION_CONTEXT('2D SPACE',''
  ) );
#720 = PCURVE('',#184,#721);
#721 = DEFINITIONAL_REPRESENTATION('',(#722),#726);
#722 = LINE('',#723,#724);
#723 = CARTESIAN_POINT('',(0.,29.5));
#724 = VECTOR('',#725,1.);
#725 = DIRECTION('',(1.,0.));
#726 = ( GEOMETRIC_REPRESENTATION_CONTEXT(2) 
PARAMETRIC_REPRESENTATION_CONTEXT() REPRESENTATION_CONTEXT('2D SPACE',''
  ) );
#727 = ORIENTED_EDGE('',*,*,#728,.F.);
#728 = EDGE_CURVE('',#729,#706,#731,.T.);
#729 = VERTEX_POINT('',#730);
#730 = CARTESIAN_POINT('',(-8.499999731779,12.000000208593,29.5));
#731 = SURFACE_CURVE('',#732,(#736,#743),.PCURVE_S1.);
#732 = LINE('',#733,#734);
#733 = CARTESIAN_POINT('',(-8.499999731779,-16.9999997914,29.5));
#734 = VECTOR('',#735,1.);
#735 = DIRECTION('',(-2.896233939755E-16,-1.,0.));
#736 = PCURVE('',#44,#737);
#737 = DEFINITIONAL_REPRESENTATION('',(#738),#742);
#738 = LINE('',#739,#740);
#739 = CARTESIAN_POINT('',(-9.25,-13.));
#740 = VECTOR('',#741,1.);
#741 = DIRECTION('',(-2.896233939755E-16,-1.));
#742 = ( GEOMETRIC_REPRESENTATION_CONTEXT(2) 
PARAMETRIC_REPRESENTATION_CONTEXT() REPRESENTATION_CONTEXT('2D SPACE',''
  ) );
#743 = PCURVE('',#744,#749);
#744 = PLANE('',#745);
#745 = AXIS2_PLACEMENT_3D('',#746,#747,#748);
#746 = CARTESIAN_POINT('',(-8.499999731779,-2.499999791407,28.));
#747 = DIRECTION('',(1.,-2.775557561563E-16,0.));
#748 = DIRECTION('',(0.,0.,-1.));
#749 = DEFINITIONAL_REPRESENTATION('',(#750),#754);
#750 = LINE('',#751,#752);
#751 = CARTESIAN_POINT('',(-1.5,-14.5));
#752 = VECTOR('',#753,1.);
#753 = DIRECTION('',(-0.,-1.));
#754 = ( GEOMETRIC_REPRESENTATION_CONTEXT(2) 
PARAMETRIC_REPRESENTATION_CONTEXT() REPRESENTATION_CONTEXT('2D SPACE',''
  ) );
#755 = ORIENTED_EDGE('',*,*,#756,.T.);
#756 = EDGE_CURVE('',#729,#757,#759,.T.);
#757 = VERTEX_POINT('',#758);
#758 = CARTESIAN_POINT('',(-11.72177775288,19.857118115513,29.5));
#759 = SURFACE_CURVE('',#760,(#770,#783),.PCURVE_S1.);
#760 = B_SPLINE_CURVE_WITH_KNOTS('',5,(#761,#762,#763,#764,#765,#766,
    #767,#768,#769),.UNSPECIFIED.,.F.,.F.,(6,1,1,1,6),(0.,0.1,0.2,0.3,
    0.301729878773),.UNSPECIFIED.);
#761 = CARTESIAN_POINT('',(-8.499999731779,12.000000208593,29.5));
#762 = CARTESIAN_POINT('',(-8.499999731779,12.691732771603,29.5));
#763 = CARTESIAN_POINT('',(-8.60317621799,13.972272437877,29.5));
#764 = CARTESIAN_POINT('',(-9.067278911924,15.585295196014,29.5));
#765 = CARTESIAN_POINT('',(-9.91264730911,16.876240018143,29.5));
#766 = CARTESIAN_POINT('',(-10.85832244408,18.239744152554,29.5));
#767 = CARTESIAN_POINT('',(-11.44404003362,19.280679232198,29.5));
#768 = CARTESIAN_POINT('',(-11.71714027548,19.847467936919,29.5));
#769 = CARTESIAN_POINT('',(-11.72177775288,19.857118115513,29.5));
#770 = PCURVE('',#44,#771);
#771 = DEFINITIONAL_REPRESENTATION('',(#772),#782);
#772 = B_SPLINE_CURVE_WITH_KNOTS('',5,(#773,#774,#775,#776,#777,#778,
    #779,#780,#781),.UNSPECIFIED.,.F.,.F.,(6,1,1,1,6),(0.,0.1,0.2,0.3,
    0.301729878773),.UNSPECIFIED.);
#773 = CARTESIAN_POINT('',(-9.25,16.));
#774 = CARTESIAN_POINT('',(-9.25,16.69173256301));
#775 = CARTESIAN_POINT('',(-9.353176486211,17.972272229284));
#776 = CARTESIAN_POINT('',(-9.817279180145,19.585294987421));
#777 = CARTESIAN_POINT('',(-10.66264757733,20.87623980955));
#778 = CARTESIAN_POINT('',(-11.6083227123,22.239743943961));
#779 = CARTESIAN_POINT('',(-12.19404030184,23.280679023605));
#780 = CARTESIAN_POINT('',(-12.4671405437,23.847467728326));
#781 = CARTESIAN_POINT('',(-12.4717780211,23.85711790692));
#782 = ( GEOMETRIC_REPRESENTATION_CONTEXT(2) 
PARAMETRIC_REPRESENTATION_CONTEXT() REPRESENTATION_CONTEXT('2D SPACE',''
  ) );
#783 = PCURVE('',#784,#815);
#784 = B_SPLINE_SURFACE_WITH_KNOTS('',5,1,(
    (#785,#786)
    ,(#787,#788)
    ,(#789,#790)
    ,(#791,#792)
    ,(#793,#794)
    ,(#795,#796)
    ,(#797,#798)
    ,(#799,#800)
    ,(#801,#802)
    ,(#803,#804)
    ,(#805,#806)
    ,(#807,#808)
    ,(#809,#810)
    ,(#811,#812)
    ,(#813,#814
    )),.UNSPECIFIED.,.F.,.F.,.F.,(6,1,1,1,1,1,1,1,1,1,6),(2,2),(0.,0.1,
    0.2,0.3,0.4,0.5,0.6,0.7,0.8,0.9,1.),(0.,2.95),.UNSPECIFIED.);
#785 = CARTESIAN_POINT('',(-8.499999731779,12.000000208593,
    8.910786998367E-48));
#786 = CARTESIAN_POINT('',(-8.499999731779,12.000000208593,29.5));
#787 = CARTESIAN_POINT('',(-8.499999731779,12.691732771603,
    8.910786998367E-48));
#788 = CARTESIAN_POINT('',(-8.499999731779,12.691732771603,29.5));
#789 = CARTESIAN_POINT('',(-8.60317621799,13.972272437877,
    8.743120983843E-48));
#790 = CARTESIAN_POINT('',(-8.60317621799,13.972272437877,29.5));
#791 = CARTESIAN_POINT('',(-9.067278911924,15.585295196014,
    7.988935104103E-48));
#792 = CARTESIAN_POINT('',(-9.067278911924,15.585295196014,29.5));
#793 = CARTESIAN_POINT('',(-10.18797454952,17.296686626493,
    6.167758807537E-48));
#794 = CARTESIAN_POINT('',(-10.18797454952,17.296686626493,29.5));
#795 = CARTESIAN_POINT('',(-11.80919937867,19.59532525389,
    3.533202081172E-48));
#796 = CARTESIAN_POINT('',(-11.80919937867,19.59532525389,29.5));
#797 = CARTESIAN_POINT('',(-12.98293555309,22.761524614387,
    1.625832740583E-48));
#798 = CARTESIAN_POINT('',(-12.98293555309,22.761524614387,29.5));
#799 = CARTESIAN_POINT('',(-13.18518990942,27.116184439439,
    1.297161130497E-48));
#800 = CARTESIAN_POINT('',(-13.18518990942,27.116184439439,29.5));
#801 = CARTESIAN_POINT('',(-12.40921074203,31.332304836604,
    2.558159048993E-48));
#802 = CARTESIAN_POINT('',(-12.40921074203,31.332304836604,29.5));
#803 = CARTESIAN_POINT('',(-11.00497134922,34.795786846079,
    4.84010555712E-48));
#804 = CARTESIAN_POINT('',(-11.00497134922,34.795786846079,29.5));
#805 = CARTESIAN_POINT('',(-9.4402783867,37.6905939926,
    7.382795685599E-48));
#806 = CARTESIAN_POINT('',(-9.4402783867,37.6905939926,29.5));
#807 = CARTESIAN_POINT('',(-8.464707508571,39.921989186356,
    8.968138306075E-48));
#808 = CARTESIAN_POINT('',(-8.464707508571,39.921989186356,29.5));
#809 = CARTESIAN_POINT('',(-8.07092327205,41.788876308292,
    9.60805381342E-48));
#810 = CARTESIAN_POINT('',(-8.07092327205,41.788876308292,29.5));
#811 = CARTESIAN_POINT('',(-7.983422711012,43.155706349498,
    9.750245807707E-48));
#812 = CARTESIAN_POINT('',(-7.983422711012,43.155706349498,29.5));
#813 = CARTESIAN_POINT('',(-7.983422711012,43.86973369924,
    9.750245807707E-48));
#814 = CARTESIAN_POINT('',(-7.983422711012,43.86973369924,29.5));
#815 = DEFINITIONAL_REPRESENTATION('',(#816),#820);
#816 = LINE('',#817,#818);
#817 = CARTESIAN_POINT('',(-9.376630584063E-17,2.95));
#818 = VECTOR('',#819,1.);
#819 = DIRECTION('',(1.,0.));
#820 = ( GEOMETRIC_REPRESENTATION_CONTEXT(2) 
PARAMETRIC_REPRESENTATION_CONTEXT() REPRESENTATION_CONTEXT('2D SPACE',''
  ) );
#821 = ORIENTED_EDGE('',*,*,#822,.T.);
#822 = EDGE_CURVE('',#757,#823,#825,.T.);
#823 = VERTEX_POINT('',#824);
#824 = CARTESIAN_POINT('',(-19.42194997287,19.857118115513,29.5));
#825 = SURFACE_CURVE('',#826,(#831,#839),.PCURVE_S1.);
#826 = B_SPLINE_CURVE_WITH_KNOTS('',3,(#827,#828,#829,#830),
  .UNSPECIFIED.,.F.,.F.,(4,4),(3.222177802111,3.99219502411),
  .PIECEWISE_BEZIER_KNOTS.);
#827 = CARTESIAN_POINT('',(-11.72177775288,19.857118115513,29.5));
#828 = CARTESIAN_POINT('',(-14.28850182621,19.857118115513,29.5));
#829 = CARTESIAN_POINT('',(-16.85522589954,19.857118115513,29.5));
#830 = CARTESIAN_POINT('',(-19.42194997287,19.857118115513,29.5));
#831 = PCURVE('',#44,#832);
#832 = DEFINITIONAL_REPRESENTATION('',(#833),#838);
#833 = B_SPLINE_CURVE_WITH_KNOTS('',3,(#834,#835,#836,#837),
  .UNSPECIFIED.,.F.,.F.,(4,4),(3.222177802111,3.99219502411),
  .PIECEWISE_BEZIER_KNOTS.);
#834 = CARTESIAN_POINT('',(-12.4717780211,23.85711790692));
#835 = CARTESIAN_POINT('',(-15.03850209443,23.85711790692));
#836 = CARTESIAN_POINT('',(-17.60522616776,23.85711790692));
#837 = CARTESIAN_POINT('',(-20.17195024109,23.85711790692));
#838 = ( GEOMETRIC_REPRESENTATION_CONTEXT(2) 
PARAMETRIC_REPRESENTATION_CONTEXT() REPRESENTATION_CONTEXT('2D SPACE',''
  ) );
#839 = PCURVE('',#840,#871);
#840 = B_SPLINE_SURFACE_WITH_KNOTS('',5,1,(
    (#841,#842)
    ,(#843,#844)
    ,(#845,#846)
    ,(#847,#848)
    ,(#849,#850)
    ,(#851,#852)
    ,(#853,#854)
    ,(#855,#856)
    ,(#857,#858)
    ,(#859,#860)
    ,(#861,#862)
    ,(#863,#864)
    ,(#865,#866)
    ,(#867,#868)
    ,(#869,#870
    )),.UNSPECIFIED.,.F.,.F.,.F.,(6,1,1,1,1,1,1,1,1,1,6),(2,2),(0.,0.1,
    0.2,0.3,0.4,0.5,0.6,0.7,0.8,0.9,0.996377797781),(0.,4.),
  .UNSPECIFIED.);
#841 = CARTESIAN_POINT('',(-19.49999973177,12.000000178814,
    32.500000484288));
#842 = CARTESIAN_POINT('',(20.500000268221,12.000000178814,
    32.500000484288));
#843 = CARTESIAN_POINT('',(-19.49999973177,12.748536010793,
    32.500000484288));
#844 = CARTESIAN_POINT('',(20.500000268221,12.748536010793,
    32.500000484288));
#845 = CARTESIAN_POINT('',(-19.49999973177,14.211825268763,
    32.365904483753));
#846 = CARTESIAN_POINT('',(20.500000268221,14.211825268763,
    32.365904483753));
#847 = CARTESIAN_POINT('',(-19.49999973177,16.305421678964,
    31.762501712499));
#848 = CARTESIAN_POINT('',(20.500000268221,16.305421678964,
    31.762501712499));
#849 = CARTESIAN_POINT('',(-19.49999973177,18.954424765572,
    30.251664266874));
#850 = CARTESIAN_POINT('',(20.500000268221,18.954424765572,
    30.251664266874));
#851 = CARTESIAN_POINT('',(-19.49999973177,22.335097200011,
    27.704962615034));
#852 = CARTESIAN_POINT('',(20.500000268221,22.335097200011,
    27.704962615034));
#853 = CARTESIAN_POINT('',(-19.49999973177,26.115809050115,
    25.10440696521));
#854 = CARTESIAN_POINT('',(20.500000268221,26.115809050115,
    25.10440696521));
#855 = CARTESIAN_POINT('',(-19.49999973177,30.514769593955,
    22.959440368088));
#856 = CARTESIAN_POINT('',(20.500000268221,30.514769593955,
    22.959440368088));
#857 = CARTESIAN_POINT('',(-19.49999973177,35.500269664855,
    21.510844623047));
#858 = CARTESIAN_POINT('',(20.500000268221,35.500269664855,
    21.510844623047));
#859 = CARTESIAN_POINT('',(-19.49999973177,40.610105020815,
    20.511849235475));
#860 = CARTESIAN_POINT('',(20.500000268221,40.610105020815,
    20.511849235475));
#861 = CARTESIAN_POINT('',(-19.49999973177,45.097606115989,
    19.425076002902));
#862 = CARTESIAN_POINT('',(20.500000268221,45.097606115989,
    19.425076002902));
#863 = CARTESIAN_POINT('',(-19.49999973177,47.61102931603,
    17.976923655881));
#864 = CARTESIAN_POINT('',(20.500000268221,47.61102931603,
    17.976923655881));
#865 = CARTESIAN_POINT('',(-19.49999973177,48.612864426324,
    16.32890734379));
#866 = CARTESIAN_POINT('',(20.500000268221,48.612864426324,
    16.32890734379));
#867 = CARTESIAN_POINT('',(-19.49999973177,48.852890614214,
    14.955052288796));
#868 = CARTESIAN_POINT('',(20.500000268221,48.852890614214,
    14.955052288796));
#869 = CARTESIAN_POINT('',(-19.49999973177,48.868287099212,
    14.212609801358));
#870 = CARTESIAN_POINT('',(20.500000268221,48.868287099212,
    14.212609801358));
#871 = DEFINITIONAL_REPRESENTATION('',(#872),#876);
#872 = LINE('',#873,#874);
#873 = CARTESIAN_POINT('',(0.226143044815,4.));
#874 = VECTOR('',#875,1.);
#875 = DIRECTION('',(-3.604539589852E-17,-1.));
#876 = ( GEOMETRIC_REPRESENTATION_CONTEXT(2) 
PARAMETRIC_REPRESENTATION_CONTEXT() REPRESENTATION_CONTEXT('2D SPACE',''
  ) );
#877 = ORIENTED_EDGE('',*,*,#878,.T.);
#878 = EDGE_CURVE('',#823,#879,#881,.T.);
#879 = VERTEX_POINT('',#880);
#880 = CARTESIAN_POINT('',(-19.49999973177,12.000000208593,29.5));
#881 = SURFACE_CURVE('',#882,(#889,#899),.PCURVE_S1.);
#882 = B_SPLINE_CURVE_WITH_KNOTS('',5,(#883,#884,#885,#886,#887,#888),
  .UNSPECIFIED.,.F.,.F.,(6,6),(-9.000373623625E-02,0.),
  .PIECEWISE_BEZIER_KNOTS.);
#883 = CARTESIAN_POINT('',(-19.42194997287,19.857118115513,29.5));
#884 = CARTESIAN_POINT('',(-19.4530640502,18.41395525946,29.5));
#885 = CARTESIAN_POINT('',(-19.4764988709,16.907787596533,29.5));
#886 = CARTESIAN_POINT('',(-19.49216521678,15.337187285526,29.5));
#887 = CARTESIAN_POINT('',(-19.49999973177,13.701266841377,29.5));
#888 = CARTESIAN_POINT('',(-19.49999973177,12.000000208593,29.5));
#889 = PCURVE('',#44,#890);
#890 = DEFINITIONAL_REPRESENTATION('',(#891),#898);
#891 = B_SPLINE_CURVE_WITH_KNOTS('',5,(#892,#893,#894,#895,#896,#897),
  .UNSPECIFIED.,.F.,.F.,(6,6),(-9.000373623625E-02,0.),
  .PIECEWISE_BEZIER_KNOTS.);
#892 = CARTESIAN_POINT('',(-20.17195024109,23.85711790692));
#893 = CARTESIAN_POINT('',(-20.20306431842,22.413955050867));
#894 = CARTESIAN_POINT('',(-20.22649913912,20.90778738794));
#895 = CARTESIAN_POINT('',(-20.242165485,19.337187076933));
#896 = CARTESIAN_POINT('',(-20.25,17.701266632784));
#897 = CARTESIAN_POINT('',(-20.25,16.));
#898 = ( GEOMETRIC_REPRESENTATION_CONTEXT(2) 
PARAMETRIC_REPRESENTATION_CONTEXT() REPRESENTATION_CONTEXT('2D SPACE',''
  ) );
#899 = PCURVE('',#900,#921);
#900 = B_SPLINE_SURFACE_WITH_KNOTS('',5,1,(
    (#901,#902)
    ,(#903,#904)
    ,(#905,#906)
    ,(#907,#908)
    ,(#909,#910)
    ,(#911,#912)
    ,(#913,#914)
    ,(#915,#916)
    ,(#917,#918)
    ,(#919,#920
    )),.UNSPECIFIED.,.F.,.F.,.F.,(6,1,1,1,1,6),(2,2),(-1.,-0.8,-0.6,-0.4
    ,-0.2,0.),(0.,2.95),.UNSPECIFIED.);
#901 = CARTESIAN_POINT('',(-9.983422711012,48.869733773745,
    6.500163920235E-48));
#902 = CARTESIAN_POINT('',(-9.983422711012,48.869733773745,29.5));
#903 = CARTESIAN_POINT('',(-10.81500442637,48.869733773745,
    5.148809584703E-48));
#904 = CARTESIAN_POINT('',(-10.81500442637,48.869733773745,29.5));
#905 = CARTESIAN_POINT('',(-12.36493038782,48.648551343102,
    2.63011643759E-48));
#906 = CARTESIAN_POINT('',(-12.36493038782,48.648551343102,29.5));
#907 = CARTESIAN_POINT('',(-14.35039504452,47.653628196021,
    -5.963449218901E-49));
#908 = CARTESIAN_POINT('',(-14.35039504452,47.653628196021,29.5));
#909 = CARTESIAN_POINT('',(-16.39735098177,45.011380110332,
    -3.92273212995E-48));
#910 = CARTESIAN_POINT('',(-16.39735098177,45.011380110332,29.5));
#911 = CARTESIAN_POINT('',(-18.18297500071,39.029276367623,
    -6.824444270833E-48));
#912 = CARTESIAN_POINT('',(-18.18297500071,39.029276367623,29.5));
#913 = CARTESIAN_POINT('',(-19.074633182,31.134954242451,
    -8.273425323258E-48));
#914 = CARTESIAN_POINT('',(-19.074633182,31.134954242451,29.5));
#915 = CARTESIAN_POINT('',(-19.42262822996,22.69596606694,
    -8.838931524404E-48));
#916 = CARTESIAN_POINT('',(-19.42262822996,22.69596606694,29.5));
#917 = CARTESIAN_POINT('',(-19.49999973177,15.780435785887,
    -8.964663382731E-48));
#918 = CARTESIAN_POINT('',(-19.49999973177,15.780435785887,29.5));
#919 = CARTESIAN_POINT('',(-19.49999973177,12.000000208593,
    -8.964663382731E-48));
#920 = CARTESIAN_POINT('',(-19.49999973177,12.000000208593,29.5));
#921 = DEFINITIONAL_REPRESENTATION('',(#922),#926);
#922 = LINE('',#923,#924);
#923 = CARTESIAN_POINT('',(-1.665334536938E-16,2.95));
#924 = VECTOR('',#925,1.);
#925 = DIRECTION('',(1.,0.));
#926 = ( GEOMETRIC_REPRESENTATION_CONTEXT(2) 
PARAMETRIC_REPRESENTATION_CONTEXT() REPRESENTATION_CONTEXT('2D SPACE',''
  ) );
#927 = ORIENTED_EDGE('',*,*,#928,.T.);
#928 = EDGE_CURVE('',#879,#255,#929,.T.);
#929 = SURFACE_CURVE('',#930,(#934,#941),.PCURVE_S1.);
#930 = LINE('',#931,#932);
#931 = CARTESIAN_POINT('',(-19.49999973177,-19.9999997914,29.5));
#932 = VECTOR('',#933,1.);
#933 = DIRECTION('',(1.387778780781E-16,-1.,0.));
#934 = PCURVE('',#44,#935);
#935 = DEFINITIONAL_REPRESENTATION('',(#936),#940);
#936 = LINE('',#937,#938);
#937 = CARTESIAN_POINT('',(-20.25,-16.));
#938 = VECTOR('',#939,1.);
#939 = DIRECTION('',(1.387778780781E-16,-1.));
#940 = ( GEOMETRIC_REPRESENTATION_CONTEXT(2) 
PARAMETRIC_REPRESENTATION_CONTEXT() REPRESENTATION_CONTEXT('2D SPACE',''
  ) );
#941 = PCURVE('',#293,#942);
#942 = DEFINITIONAL_REPRESENTATION('',(#943),#947);
#943 = LINE('',#944,#945);
#944 = CARTESIAN_POINT('',(32.,29.5));
#945 = VECTOR('',#946,1.);
#946 = DIRECTION('',(1.,0.));
#947 = ( GEOMETRIC_REPRESENTATION_CONTEXT(2) 
PARAMETRIC_REPRESENTATION_CONTEXT() REPRESENTATION_CONTEXT('2D SPACE',''
  ) );
#948 = ORIENTED_EDGE('',*,*,#254,.T.);
#949 = FACE_BOUND('',#950,.T.);
#950 = EDGE_LOOP('',(#951,#982,#1010,#1034,#1062));
#951 = ORIENTED_EDGE('',*,*,#952,.F.);
#952 = EDGE_CURVE('',#953,#955,#957,.T.);
#953 = VERTEX_POINT('',#954);
#954 = CARTESIAN_POINT('',(-12.80080683198,-16.9999997914,29.5));
#955 = VERTEX_POINT('',#956);
#956 = CARTESIAN_POINT('',(-11.69999973177,-14.8499994753,29.5));
#957 = SURFACE_CURVE('',#958,(#963,#970),.PCURVE_S1.);
#958 = CIRCLE('',#959,2.65);
#959 = AXIS2_PLACEMENT_3D('',#960,#961,#962);
#960 = CARTESIAN_POINT('',(-14.34999973177,-14.8499994753,29.5));
#961 = DIRECTION('',(0.,0.,1.));
#962 = DIRECTION('',(-1.,0.,0.));
#963 = PCURVE('',#44,#964);
#964 = DEFINITIONAL_REPRESENTATION('',(#965),#969);
#965 = CIRCLE('',#966,2.65);
#966 = AXIS2_PLACEMENT_2D('',#967,#968);
#967 = CARTESIAN_POINT('',(-15.1,-10.8499996839));
#968 = DIRECTION('',(-1.,0.));
#969 = ( GEOMETRIC_REPRESENTATION_CONTEXT(2) 
PARAMETRIC_REPRESENTATION_CONTEXT() REPRESENTATION_CONTEXT('2D SPACE',''
  ) );
#970 = PCURVE('',#971,#976);
#971 = CONICAL_SURFACE('',#972,1.9,0.785398163397);
#972 = AXIS2_PLACEMENT_3D('',#973,#974,#975);
#973 = CARTESIAN_POINT('',(-14.34999973177,-14.8499994753,28.75));
#974 = DIRECTION('',(0.,0.,1.));
#975 = DIRECTION('',(-1.,0.,0.));
#976 = DEFINITIONAL_REPRESENTATION('',(#977),#981);
#977 = LINE('',#978,#979);
#978 = CARTESIAN_POINT('',(0.,0.75));
#979 = VECTOR('',#980,1.);
#980 = DIRECTION('',(1.,0.));
#981 = ( GEOMETRIC_REPRESENTATION_CONTEXT(2) 
PARAMETRIC_REPRESENTATION_CONTEXT() REPRESENTATION_CONTEXT('2D SPACE',''
  ) );
#982 = ORIENTED_EDGE('',*,*,#983,.T.);
#983 = EDGE_CURVE('',#953,#984,#986,.T.);
#984 = VERTEX_POINT('',#985);
#985 = CARTESIAN_POINT('',(-15.89919263157,-16.9999997914,29.5));
#986 = SURFACE_CURVE('',#987,(#991,#998),.PCURVE_S1.);
#987 = LINE('',#988,#989);
#988 = CARTESIAN_POINT('',(18.000000268221,-16.9999997914,29.5));
#989 = VECTOR('',#990,1.);
#990 = DIRECTION('',(-1.,-1.287215101015E-16,0.));
#991 = PCURVE('',#44,#992);
#992 = DEFINITIONAL_REPRESENTATION('',(#993),#997);
#993 = LINE('',#994,#995);
#994 = CARTESIAN_POINT('',(17.25,-13.));
#995 = VECTOR('',#996,1.);
#996 = DIRECTION('',(-1.,-1.287215101015E-16));
#997 = ( GEOMETRIC_REPRESENTATION_CONTEXT(2) 
PARAMETRIC_REPRESENTATION_CONTEXT() REPRESENTATION_CONTEXT('2D SPACE',''
  ) );
#998 = PCURVE('',#999,#1004);
#999 = PLANE('',#1000);
#1000 = AXIS2_PLACEMENT_3D('',#1001,#1002,#1003);
#1001 = CARTESIAN_POINT('',(18.000000268221,-16.9999997914,29.5));
#1002 = DIRECTION('',(1.287215101015E-16,-1.,0.));
#1003 = DIRECTION('',(-1.,-1.287215101015E-16,0.));
#1004 = DEFINITIONAL_REPRESENTATION('',(#1005),#1009);
#1005 = LINE('',#1006,#1007);
#1006 = CARTESIAN_POINT('',(0.,0.));
#1007 = VECTOR('',#1008,1.);
#1008 = DIRECTION('',(1.,0.));
#1009 = ( GEOMETRIC_REPRESENTATION_CONTEXT(2) 
PARAMETRIC_REPRESENTATION_CONTEXT() REPRESENTATION_CONTEXT('2D SPACE',''
  ) );
#1010 = ORIENTED_EDGE('',*,*,#1011,.F.);
#1011 = EDGE_CURVE('',#1012,#984,#1014,.T.);
#1012 = VERTEX_POINT('',#1013);
#1013 = CARTESIAN_POINT('',(-16.49999973177,-16.39919281379,29.5));
#1014 = SURFACE_CURVE('',#1015,(#1020,#1027),.PCURVE_S1.);
#1015 = CIRCLE('',#1016,2.65);
#1016 = AXIS2_PLACEMENT_3D('',#1017,#1018,#1019);
#1017 = CARTESIAN_POINT('',(-14.34999973177,-14.8499994753,29.5));
#1018 = DIRECTION('',(0.,0.,1.));
#1019 = DIRECTION('',(-1.,0.,0.));
#1020 = PCURVE('',#44,#1021);
#1021 = DEFINITIONAL_REPRESENTATION('',(#1022),#1026);
#1022 = CIRCLE('',#1023,2.65);
#1023 = AXIS2_PLACEMENT_2D('',#1024,#1025);
#1024 = CARTESIAN_POINT('',(-15.1,-10.8499996839));
#1025 = DIRECTION('',(-1.,0.));
#1026 = ( GEOMETRIC_REPRESENTATION_CONTEXT(2) 
PARAMETRIC_REPRESENTATION_CONTEXT() REPRESENTATION_CONTEXT('2D SPACE',''
  ) );
#1027 = PCURVE('',#971,#1028);
#1028 = DEFINITIONAL_REPRESENTATION('',(#1029),#1033);
#1029 = LINE('',#1030,#1031);
#1030 = CARTESIAN_POINT('',(-1.110223024625E-16,0.75));
#1031 = VECTOR('',#1032,1.);
#1032 = DIRECTION('',(1.,0.));
#1033 = ( GEOMETRIC_REPRESENTATION_CONTEXT(2) 
PARAMETRIC_REPRESENTATION_CONTEXT() REPRESENTATION_CONTEXT('2D SPACE',''
  ) );
#1034 = ORIENTED_EDGE('',*,*,#1035,.F.);
#1035 = EDGE_CURVE('',#1036,#1012,#1038,.T.);
#1036 = VERTEX_POINT('',#1037);
#1037 = CARTESIAN_POINT('',(-16.49999973177,-13.30080613682,29.5));
#1038 = SURFACE_CURVE('',#1039,(#1043,#1050),.PCURVE_S1.);
#1039 = LINE('',#1040,#1041);
#1040 = CARTESIAN_POINT('',(-16.49999973177,12.000000208593,29.5));
#1041 = VECTOR('',#1042,1.);
#1042 = DIRECTION('',(0.,-1.,0.));
#1043 = PCURVE('',#44,#1044);
#1044 = DEFINITIONAL_REPRESENTATION('',(#1045),#1049);
#1045 = LINE('',#1046,#1047);
#1046 = CARTESIAN_POINT('',(-17.25,16.));
#1047 = VECTOR('',#1048,1.);
#1048 = DIRECTION('',(0.,-1.));
#1049 = ( GEOMETRIC_REPRESENTATION_CONTEXT(2) 
PARAMETRIC_REPRESENTATION_CONTEXT() REPRESENTATION_CONTEXT('2D SPACE',''
  ) );
#1050 = PCURVE('',#1051,#1056);
#1051 = PLANE('',#1052);
#1052 = AXIS2_PLACEMENT_3D('',#1053,#1054,#1055);
#1053 = CARTESIAN_POINT('',(-16.49999973177,-16.9999997914,29.5));
#1054 = DIRECTION('',(-1.,0.,0.));
#1055 = DIRECTION('',(0.,1.,0.));
#1056 = DEFINITIONAL_REPRESENTATION('',(#1057),#1061);
#1057 = LINE('',#1058,#1059);
#1058 = CARTESIAN_POINT('',(29.,0.));
#1059 = VECTOR('',#1060,1.);
#1060 = DIRECTION('',(-1.,0.));
#1061 = ( GEOMETRIC_REPRESENTATION_CONTEXT(2) 
PARAMETRIC_REPRESENTATION_CONTEXT() REPRESENTATION_CONTEXT('2D SPACE',''
  ) );
#1062 = ORIENTED_EDGE('',*,*,#1063,.F.);
#1063 = EDGE_CURVE('',#955,#1036,#1064,.T.);
#1064 = SURFACE_CURVE('',#1065,(#1070,#1077),.PCURVE_S1.);
#1065 = CIRCLE('',#1066,2.65);
#1066 = AXIS2_PLACEMENT_3D('',#1067,#1068,#1069);
#1067 = CARTESIAN_POINT('',(-14.34999973177,-14.8499994753,29.5));
#1068 = DIRECTION('',(0.,0.,1.));
#1069 = DIRECTION('',(-1.,0.,0.));
#1070 = PCURVE('',#44,#1071);
#1071 = DEFINITIONAL_REPRESENTATION('',(#1072),#1076);
#1072 = CIRCLE('',#1073,2.65);
#1073 = AXIS2_PLACEMENT_2D('',#1074,#1075);
#1074 = CARTESIAN_POINT('',(-15.1,-10.8499996839));
#1075 = DIRECTION('',(-1.,0.));
#1076 = ( GEOMETRIC_REPRESENTATION_CONTEXT(2) 
PARAMETRIC_REPRESENTATION_CONTEXT() REPRESENTATION_CONTEXT('2D SPACE',''
  ) );
#1077 = PCURVE('',#971,#1078);
#1078 = DEFINITIONAL_REPRESENTATION('',(#1079),#1083);
#1079 = LINE('',#1080,#1081);
#1080 = CARTESIAN_POINT('',(-6.28318530718,0.75));
#1081 = VECTOR('',#1082,1.);
#1082 = DIRECTION('',(1.,0.));
#1083 = ( GEOMETRIC_REPRESENTATION_CONTEXT(2) 
PARAMETRIC_REPRESENTATION_CONTEXT() REPRESENTATION_CONTEXT('2D SPACE',''
  ) );
#1084 = FACE_BOUND('',#1085,.T.);
#1085 = EDGE_LOOP('',(#1086,#1117,#1145));
#1086 = ORIENTED_EDGE('',*,*,#1087,.F.);
#1087 = EDGE_CURVE('',#1088,#1090,#1092,.T.);
#1088 = VERTEX_POINT('',#1089);
#1089 = CARTESIAN_POINT('',(-16.49999973177,-0.39919281379,29.5));
#1090 = VERTEX_POINT('',#1091);
#1091 = CARTESIAN_POINT('',(-11.69999973177,1.150000524693,29.5));
#1092 = SURFACE_CURVE('',#1093,(#1098,#1105),.PCURVE_S1.);
#1093 = CIRCLE('',#1094,2.65);
#1094 = AXIS2_PLACEMENT_3D('',#1095,#1096,#1097);
#1095 = CARTESIAN_POINT('',(-14.34999973177,1.150000524693,29.5));
#1096 = DIRECTION('',(0.,0.,1.));
#1097 = DIRECTION('',(-1.,0.,0.));
#1098 = PCURVE('',#44,#1099);
#1099 = DEFINITIONAL_REPRESENTATION('',(#1100),#1104);
#1100 = CIRCLE('',#1101,2.65);
#1101 = AXIS2_PLACEMENT_2D('',#1102,#1103);
#1102 = CARTESIAN_POINT('',(-15.1,5.1500003161));
#1103 = DIRECTION('',(-1.,0.));
#1104 = ( GEOMETRIC_REPRESENTATION_CONTEXT(2) 
PARAMETRIC_REPRESENTATION_CONTEXT() REPRESENTATION_CONTEXT('2D SPACE',''
  ) );
#1105 = PCURVE('',#1106,#1111);
#1106 = CONICAL_SURFACE('',#1107,1.9,0.785398163397);
#1107 = AXIS2_PLACEMENT_3D('',#1108,#1109,#1110);
#1108 = CARTESIAN_POINT('',(-14.34999973177,1.150000524693,28.75));
#1109 = DIRECTION('',(0.,0.,1.));
#1110 = DIRECTION('',(-1.,0.,0.));
#1111 = DEFINITIONAL_REPRESENTATION('',(#1112),#1116);
#1112 = LINE('',#1113,#1114);
#1113 = CARTESIAN_POINT('',(4.440892098501E-16,0.75));
#1114 = VECTOR('',#1115,1.);
#1115 = DIRECTION('',(1.,3.118722922372E-16));
#1116 = ( GEOMETRIC_REPRESENTATION_CONTEXT(2) 
PARAMETRIC_REPRESENTATION_CONTEXT() REPRESENTATION_CONTEXT('2D SPACE',''
  ) );
#1117 = ORIENTED_EDGE('',*,*,#1118,.F.);
#1118 = EDGE_CURVE('',#1119,#1088,#1121,.T.);
#1119 = VERTEX_POINT('',#1120);
#1120 = CARTESIAN_POINT('',(-16.49999973177,2.699193863176,29.5));
#1121 = SURFACE_CURVE('',#1122,(#1126,#1133),.PCURVE_S1.);
#1122 = LINE('',#1123,#1124);
#1123 = CARTESIAN_POINT('',(-16.49999973177,12.000000208593,29.5));
#1124 = VECTOR('',#1125,1.);
#1125 = DIRECTION('',(0.,-1.,0.));
#1126 = PCURVE('',#44,#1127);
#1127 = DEFINITIONAL_REPRESENTATION('',(#1128),#1132);
#1128 = LINE('',#1129,#1130);
#1129 = CARTESIAN_POINT('',(-17.25,16.));
#1130 = VECTOR('',#1131,1.);
#1131 = DIRECTION('',(0.,-1.));
#1132 = ( GEOMETRIC_REPRESENTATION_CONTEXT(2) 
PARAMETRIC_REPRESENTATION_CONTEXT() REPRESENTATION_CONTEXT('2D SPACE',''
  ) );
#1133 = PCURVE('',#1134,#1139);
#1134 = PLANE('',#1135);
#1135 = AXIS2_PLACEMENT_3D('',#1136,#1137,#1138);
#1136 = CARTESIAN_POINT('',(-16.49999973177,-16.9999997914,29.5));
#1137 = DIRECTION('',(-1.,0.,0.));
#1138 = DIRECTION('',(0.,1.,0.));
#1139 = DEFINITIONAL_REPRESENTATION('',(#1140),#1144);
#1140 = LINE('',#1141,#1142);
#1141 = CARTESIAN_POINT('',(29.,0.));
#1142 = VECTOR('',#1143,1.);
#1143 = DIRECTION('',(-1.,0.));
#1144 = ( GEOMETRIC_REPRESENTATION_CONTEXT(2) 
PARAMETRIC_REPRESENTATION_CONTEXT() REPRESENTATION_CONTEXT('2D SPACE',''
  ) );
#1145 = ORIENTED_EDGE('',*,*,#1146,.F.);
#1146 = EDGE_CURVE('',#1090,#1119,#1147,.T.);
#1147 = SURFACE_CURVE('',#1148,(#1153,#1160),.PCURVE_S1.);
#1148 = CIRCLE('',#1149,2.65);
#1149 = AXIS2_PLACEMENT_3D('',#1150,#1151,#1152);
#1150 = CARTESIAN_POINT('',(-14.34999973177,1.150000524693,29.5));
#1151 = DIRECTION('',(0.,0.,1.));
#1152 = DIRECTION('',(-1.,0.,0.));
#1153 = PCURVE('',#44,#1154);
#1154 = DEFINITIONAL_REPRESENTATION('',(#1155),#1159);
#1155 = CIRCLE('',#1156,2.65);
#1156 = AXIS2_PLACEMENT_2D('',#1157,#1158);
#1157 = CARTESIAN_POINT('',(-15.1,5.1500003161));
#1158 = DIRECTION('',(-1.,0.));
#1159 = ( GEOMETRIC_REPRESENTATION_CONTEXT(2) 
PARAMETRIC_REPRESENTATION_CONTEXT() REPRESENTATION_CONTEXT('2D SPACE',''
  ) );
#1160 = PCURVE('',#1106,#1161);
#1161 = DEFINITIONAL_REPRESENTATION('',(#1162),#1166);
#1162 = LINE('',#1163,#1164);
#1163 = CARTESIAN_POINT('',(-6.28318530718,0.75));
#1164 = VECTOR('',#1165,1.);
#1165 = DIRECTION('',(1.,0.));
#1166 = ( GEOMETRIC_REPRESENTATION_CONTEXT(2) 
PARAMETRIC_REPRESENTATION_CONTEXT() REPRESENTATION_CONTEXT('2D SPACE',''
  ) );
#1167 = ADVANCED_FACE('',(#1168),#238,.T.);
#1168 = FACE_BOUND('',#1169,.T.);
#1169 = EDGE_LOOP('',(#1170,#1171,#1194,#1215));
#1170 = ORIENTED_EDGE('',*,*,#224,.T.);
#1171 = ORIENTED_EDGE('',*,*,#1172,.T.);
#1172 = EDGE_CURVE('',#197,#1173,#1175,.T.);
#1173 = VERTEX_POINT('',#1174);
#1174 = CARTESIAN_POINT('',(15.500000230968,-11.9999997914,26.5));
#1175 = SURFACE_CURVE('',#1176,(#1180,#1187),.PCURVE_S1.);
#1176 = LINE('',#1177,#1178);
#1177 = CARTESIAN_POINT('',(18.000000268221,-11.9999997914,26.5));
#1178 = VECTOR('',#1179,1.);
#1179 = DIRECTION('',(-1.,0.,0.));
#1180 = PCURVE('',#238,#1181);
#1181 = DEFINITIONAL_REPRESENTATION('',(#1182),#1186);
#1182 = LINE('',#1183,#1184);
#1183 = CARTESIAN_POINT('',(3.,26.5));
#1184 = VECTOR('',#1185,1.);
#1185 = DIRECTION('',(1.,0.));
#1186 = ( GEOMETRIC_REPRESENTATION_CONTEXT(2) 
PARAMETRIC_REPRESENTATION_CONTEXT() REPRESENTATION_CONTEXT('2D SPACE',''
  ) );
#1187 = PCURVE('',#212,#1188);
#1188 = DEFINITIONAL_REPRESENTATION('',(#1189),#1193);
#1189 = LINE('',#1190,#1191);
#1190 = CARTESIAN_POINT('',(0.,-0.));
#1191 = VECTOR('',#1192,1.);
#1192 = DIRECTION('',(-9.020789358473E-65,1.));
#1193 = ( GEOMETRIC_REPRESENTATION_CONTEXT(2) 
PARAMETRIC_REPRESENTATION_CONTEXT() REPRESENTATION_CONTEXT('2D SPACE',''
  ) );
#1194 = ORIENTED_EDGE('',*,*,#1195,.T.);
#1195 = EDGE_CURVE('',#1173,#471,#1196,.T.);
#1196 = SURFACE_CURVE('',#1197,(#1201,#1208),.PCURVE_S1.);
#1197 = LINE('',#1198,#1199);
#1198 = CARTESIAN_POINT('',(15.500000230968,-11.9999997914,14.75));
#1199 = VECTOR('',#1200,1.);
#1200 = DIRECTION('',(0.,0.,1.));
#1201 = PCURVE('',#238,#1202);
#1202 = DEFINITIONAL_REPRESENTATION('',(#1203),#1207);
#1203 = LINE('',#1204,#1205);
#1204 = CARTESIAN_POINT('',(5.500000037253,14.75));
#1205 = VECTOR('',#1206,1.);
#1206 = DIRECTION('',(0.,1.));
#1207 = ( GEOMETRIC_REPRESENTATION_CONTEXT(2) 
PARAMETRIC_REPRESENTATION_CONTEXT() REPRESENTATION_CONTEXT('2D SPACE',''
  ) );
#1208 = PCURVE('',#509,#1209);
#1209 = DEFINITIONAL_REPRESENTATION('',(#1210),#1214);
#1210 = LINE('',#1211,#1212);
#1211 = CARTESIAN_POINT('',(-0.,14.75));
#1212 = VECTOR('',#1213,1.);
#1213 = DIRECTION('',(0.,-1.));
#1214 = ( GEOMETRIC_REPRESENTATION_CONTEXT(2) 
PARAMETRIC_REPRESENTATION_CONTEXT() REPRESENTATION_CONTEXT('2D SPACE',''
  ) );
#1215 = ORIENTED_EDGE('',*,*,#470,.F.);
#1216 = ADVANCED_FACE('',(#1217,#1288),#212,.T.);
#1217 = FACE_BOUND('',#1218,.T.);
#1218 = EDGE_LOOP('',(#1219,#1220,#1243,#1266,#1287));
#1219 = ORIENTED_EDGE('',*,*,#196,.T.);
#1220 = ORIENTED_EDGE('',*,*,#1221,.F.);
#1221 = EDGE_CURVE('',#1222,#169,#1224,.T.);
#1222 = VERTEX_POINT('',#1223);
#1223 = CARTESIAN_POINT('',(13.000000268221,-16.9999997914,26.5));
#1224 = SURFACE_CURVE('',#1225,(#1229,#1236),.PCURVE_S1.);
#1225 = LINE('',#1226,#1227);
#1226 = CARTESIAN_POINT('',(18.000000268221,-16.9999997914,26.5));
#1227 = VECTOR('',#1228,1.);
#1228 = DIRECTION('',(1.,1.287215101015E-16,0.));
#1229 = PCURVE('',#212,#1230);
#1230 = DEFINITIONAL_REPRESENTATION('',(#1231),#1235);
#1231 = LINE('',#1232,#1233);
#1232 = CARTESIAN_POINT('',(5.,4.510394679236E-64));
#1233 = VECTOR('',#1234,1.);
#1234 = DIRECTION('',(-1.287215101015E-16,-1.));
#1235 = ( GEOMETRIC_REPRESENTATION_CONTEXT(2) 
PARAMETRIC_REPRESENTATION_CONTEXT() REPRESENTATION_CONTEXT('2D SPACE',''
  ) );
#1236 = PCURVE('',#184,#1237);
#1237 = DEFINITIONAL_REPRESENTATION('',(#1238),#1242);
#1238 = LINE('',#1239,#1240);
#1239 = CARTESIAN_POINT('',(0.,26.5));
#1240 = VECTOR('',#1241,1.);
#1241 = DIRECTION('',(-1.,0.));
#1242 = ( GEOMETRIC_REPRESENTATION_CONTEXT(2) 
PARAMETRIC_REPRESENTATION_CONTEXT() REPRESENTATION_CONTEXT('2D SPACE',''
  ) );
#1243 = ORIENTED_EDGE('',*,*,#1244,.F.);
#1244 = EDGE_CURVE('',#1245,#1222,#1247,.T.);
#1245 = VERTEX_POINT('',#1246);
#1246 = CARTESIAN_POINT('',(13.000000268221,-14.4999997914,26.5));
#1247 = SURFACE_CURVE('',#1248,(#1252,#1259),.PCURVE_S1.);
#1248 = LINE('',#1249,#1250);
#1249 = CARTESIAN_POINT('',(13.000000268221,-16.9999997914,26.5));
#1250 = VECTOR('',#1251,1.);
#1251 = DIRECTION('',(9.020789358473E-65,-1.,0.));
#1252 = PCURVE('',#212,#1253);
#1253 = DEFINITIONAL_REPRESENTATION('',(#1254),#1258);
#1254 = LINE('',#1255,#1256);
#1255 = CARTESIAN_POINT('',(5.,5.));
#1256 = VECTOR('',#1257,1.);
#1257 = DIRECTION('',(1.,0.));
#1258 = ( GEOMETRIC_REPRESENTATION_CONTEXT(2) 
PARAMETRIC_REPRESENTATION_CONTEXT() REPRESENTATION_CONTEXT('2D SPACE',''
  ) );
#1259 = PCURVE('',#693,#1260);
#1260 = DEFINITIONAL_REPRESENTATION('',(#1261),#1265);
#1261 = LINE('',#1262,#1263);
#1262 = CARTESIAN_POINT('',(-1.500000022352,-2.5));
#1263 = VECTOR('',#1264,1.);
#1264 = DIRECTION('',(0.,-1.));
#1265 = ( GEOMETRIC_REPRESENTATION_CONTEXT(2) 
PARAMETRIC_REPRESENTATION_CONTEXT() REPRESENTATION_CONTEXT('2D SPACE',''
  ) );
#1266 = ORIENTED_EDGE('',*,*,#1267,.T.);
#1267 = EDGE_CURVE('',#1245,#1173,#1268,.T.);
#1268 = SURFACE_CURVE('',#1269,(#1273,#1280),.PCURVE_S1.);
#1269 = LINE('',#1270,#1271);
#1270 = CARTESIAN_POINT('',(16.125000230968,-11.37499978209,26.5));
#1271 = VECTOR('',#1272,1.);
#1272 = DIRECTION('',(0.707106775918,0.707106786455,0.));
#1273 = PCURVE('',#212,#1274);
#1274 = DEFINITIONAL_REPRESENTATION('',(#1275),#1279);
#1275 = LINE('',#1276,#1277);
#1276 = CARTESIAN_POINT('',(-0.625000009313,1.875000037253));
#1277 = VECTOR('',#1278,1.);
#1278 = DIRECTION('',(-0.707106786455,-0.707106775918));
#1279 = ( GEOMETRIC_REPRESENTATION_CONTEXT(2) 
PARAMETRIC_REPRESENTATION_CONTEXT() REPRESENTATION_CONTEXT('2D SPACE',''
  ) );
#1280 = PCURVE('',#509,#1281);
#1281 = DEFINITIONAL_REPRESENTATION('',(#1282),#1286);
#1282 = LINE('',#1283,#1284);
#1283 = CARTESIAN_POINT('',(-0.883883483069,3.));
#1284 = VECTOR('',#1285,1.);
#1285 = DIRECTION('',(-1.,0.));
#1286 = ( GEOMETRIC_REPRESENTATION_CONTEXT(2) 
PARAMETRIC_REPRESENTATION_CONTEXT() REPRESENTATION_CONTEXT('2D SPACE',''
  ) );
#1287 = ORIENTED_EDGE('',*,*,#1172,.F.);
#1288 = FACE_BOUND('',#1289,.T.);
#1289 = EDGE_LOOP('',(#1290));
#1290 = ORIENTED_EDGE('',*,*,#1291,.T.);
#1291 = EDGE_CURVE('',#1292,#1292,#1294,.T.);
#1292 = VERTEX_POINT('',#1293);
#1293 = CARTESIAN_POINT('',(16.970000268221,-14.9999997914,26.5));
#1294 = SURFACE_CURVE('',#1295,(#1300,#1311),.PCURVE_S1.);
#1295 = CIRCLE('',#1296,1.17);
#1296 = AXIS2_PLACEMENT_3D('',#1297,#1298,#1299);
#1297 = CARTESIAN_POINT('',(15.800000268221,-14.9999997914,26.5));
#1298 = DIRECTION('',(0.,0.,1.));
#1299 = DIRECTION('',(-1.,0.,0.));
#1300 = PCURVE('',#212,#1301);
#1301 = DEFINITIONAL_REPRESENTATION('',(#1302),#1310);
#1302 = ( BOUNDED_CURVE() B_SPLINE_CURVE(2,(#1303,#1304,#1305,#1306,
#1307,#1308,#1309),.UNSPECIFIED.,.T.,.F.) B_SPLINE_CURVE_WITH_KNOTS((1,2
    ,2,2,2,1),(-2.094395102393,0.,2.094395102393,4.188790204786,
6.28318530718,8.377580409573),.UNSPECIFIED.) CURVE() 
GEOMETRIC_REPRESENTATION_ITEM() RATIONAL_B_SPLINE_CURVE((1.,0.5,1.,0.5,
1.,0.5,1.)) REPRESENTATION_ITEM('') );
#1303 = CARTESIAN_POINT('',(3.,3.37));
#1304 = CARTESIAN_POINT('',(5.026499444856,3.37));
#1305 = CARTESIAN_POINT('',(4.013249722428,1.615));
#1306 = CARTESIAN_POINT('',(3.,-0.14));
#1307 = CARTESIAN_POINT('',(1.986750277572,1.615));
#1308 = CARTESIAN_POINT('',(0.973500555144,3.37));
#1309 = CARTESIAN_POINT('',(3.,3.37));
#1310 = ( GEOMETRIC_REPRESENTATION_CONTEXT(2) 
PARAMETRIC_REPRESENTATION_CONTEXT() REPRESENTATION_CONTEXT('2D SPACE',''
  ) );
#1311 = PCURVE('',#1312,#1317);
#1312 = CYLINDRICAL_SURFACE('',#1313,1.17);
#1313 = AXIS2_PLACEMENT_3D('',#1314,#1315,#1316);
#1314 = CARTESIAN_POINT('',(15.800000268221,-14.9999997914,29.5));
#1315 = DIRECTION('',(0.,0.,-1.));
#1316 = DIRECTION('',(-1.,0.,0.));
#1317 = DEFINITIONAL_REPRESENTATION('',(#1318),#1322);
#1318 = LINE('',#1319,#1320);
#1319 = CARTESIAN_POINT('',(12.566370614359,3.));
#1320 = VECTOR('',#1321,1.);
#1321 = DIRECTION('',(-1.,0.));
#1322 = ( GEOMETRIC_REPRESENTATION_CONTEXT(2) 
PARAMETRIC_REPRESENTATION_CONTEXT() REPRESENTATION_CONTEXT('2D SPACE',''
  ) );
#1323 = ADVANCED_FACE('',(#1324),#1338,.T.);
#1324 = FACE_BOUND('',#1325,.T.);
#1325 = EDGE_LOOP('',(#1326,#1356,#1384,#1412));
#1326 = ORIENTED_EDGE('',*,*,#1327,.F.);
#1327 = EDGE_CURVE('',#1328,#1330,#1332,.T.);
#1328 = VERTEX_POINT('',#1329);
#1329 = CARTESIAN_POINT('',(-2.885229890315,-9.874300565794,
    -4.688616703853E-48));
#1330 = VERTEX_POINT('',#1331);
#1331 = CARTESIAN_POINT('',(-2.885229890315,-16.9999997914,
    -4.688616703853E-48));
#1332 = SURFACE_CURVE('',#1333,(#1337,#1349),.PCURVE_S1.);
#1333 = LINE('',#1334,#1335);
#1334 = CARTESIAN_POINT('',(-2.885229890315,-9.874300565794,
    -4.688616703853E-48));
#1335 = VECTOR('',#1336,1.);
#1336 = DIRECTION('',(-7.790274255714E-17,-1.,-1.265951462847E-64));
#1337 = PCURVE('',#1338,#1343);
#1338 = PLANE('',#1339);
#1339 = AXIS2_PLACEMENT_3D('',#1340,#1341,#1342);
#1340 = CARTESIAN_POINT('',(-2.885229890315,-16.9999997914,
    -4.688616703853E-48));
#1341 = DIRECTION('',(1.,-7.790274255714E-17,0.));
#1342 = DIRECTION('',(7.790274255714E-17,1.,1.265951462847E-64));
#1343 = DEFINITIONAL_REPRESENTATION('',(#1344),#1348);
#1344 = LINE('',#1345,#1346);
#1345 = CARTESIAN_POINT('',(7.125699225613,-9.020789358472E-64));
#1346 = VECTOR('',#1347,1.);
#1347 = DIRECTION('',(-1.,0.));
#1348 = ( GEOMETRIC_REPRESENTATION_CONTEXT(2) 
PARAMETRIC_REPRESENTATION_CONTEXT() REPRESENTATION_CONTEXT('2D SPACE',''
  ) );
#1349 = PCURVE('',#100,#1350);
#1350 = DEFINITIONAL_REPRESENTATION('',(#1351),#1355);
#1351 = LINE('',#1352,#1353);
#1352 = CARTESIAN_POINT('',(-3.635230158536,-5.874300774387));
#1353 = VECTOR('',#1354,1.);
#1354 = DIRECTION('',(-7.790274255714E-17,-1.));
#1355 = ( GEOMETRIC_REPRESENTATION_CONTEXT(2) 
PARAMETRIC_REPRESENTATION_CONTEXT() REPRESENTATION_CONTEXT('2D SPACE',''
  ) );
#1356 = ORIENTED_EDGE('',*,*,#1357,.T.);
#1357 = EDGE_CURVE('',#1328,#1358,#1360,.T.);
#1358 = VERTEX_POINT('',#1359);
#1359 = CARTESIAN_POINT('',(-2.885229890315,-9.874300565794,3.));
#1360 = SURFACE_CURVE('',#1361,(#1365,#1372),.PCURVE_S1.);
#1361 = LINE('',#1362,#1363);
#1362 = CARTESIAN_POINT('',(-2.885229890315,-9.874300565794,
    -4.688616703853E-48));
#1363 = VECTOR('',#1364,1.);
#1364 = DIRECTION('',(0.,0.,1.));
#1365 = PCURVE('',#1338,#1366);
#1366 = DEFINITIONAL_REPRESENTATION('',(#1367),#1371);
#1367 = LINE('',#1368,#1369);
#1368 = CARTESIAN_POINT('',(7.125699225613,-9.020789358472E-64));
#1369 = VECTOR('',#1370,1.);
#1370 = DIRECTION('',(1.265951462847E-64,1.));
#1371 = ( GEOMETRIC_REPRESENTATION_CONTEXT(2) 
PARAMETRIC_REPRESENTATION_CONTEXT() REPRESENTATION_CONTEXT('2D SPACE',''
  ) );
#1372 = PCURVE('',#1373,#1378);
#1373 = PLANE('',#1374);
#1374 = AXIS2_PLACEMENT_3D('',#1375,#1376,#1377);
#1375 = CARTESIAN_POINT('',(-2.885229890315,-9.874300565794,
    -4.688616703853E-48));
#1376 = DIRECTION('',(1.977325974123E-16,1.,0.));
#1377 = DIRECTION('',(-1.,1.977325974123E-16,-1.625040943736E-48));
#1378 = DEFINITIONAL_REPRESENTATION('',(#1379),#1383);
#1379 = LINE('',#1380,#1381);
#1380 = CARTESIAN_POINT('',(0.,0.));
#1381 = VECTOR('',#1382,1.);
#1382 = DIRECTION('',(-1.625040943736E-48,1.));
#1383 = ( GEOMETRIC_REPRESENTATION_CONTEXT(2) 
PARAMETRIC_REPRESENTATION_CONTEXT() REPRESENTATION_CONTEXT('2D SPACE',''
  ) );
#1384 = ORIENTED_EDGE('',*,*,#1385,.F.);
#1385 = EDGE_CURVE('',#1386,#1358,#1388,.T.);
#1386 = VERTEX_POINT('',#1387);
#1387 = CARTESIAN_POINT('',(-2.885229890315,-16.9999997914,3.));
#1388 = SURFACE_CURVE('',#1389,(#1393,#1400),.PCURVE_S1.);
#1389 = LINE('',#1390,#1391);
#1390 = CARTESIAN_POINT('',(-2.885229890315,-9.874300565794,3.));
#1391 = VECTOR('',#1392,1.);
#1392 = DIRECTION('',(7.790274255714E-17,1.,1.265951462847E-64));
#1393 = PCURVE('',#1338,#1394);
#1394 = DEFINITIONAL_REPRESENTATION('',(#1395),#1399);
#1395 = LINE('',#1396,#1397);
#1396 = CARTESIAN_POINT('',(7.125699225613,3.));
#1397 = VECTOR('',#1398,1.);
#1398 = DIRECTION('',(1.,0.));
#1399 = ( GEOMETRIC_REPRESENTATION_CONTEXT(2) 
PARAMETRIC_REPRESENTATION_CONTEXT() REPRESENTATION_CONTEXT('2D SPACE',''
  ) );
#1400 = PCURVE('',#1401,#1406);
#1401 = PLANE('',#1402);
#1402 = AXIS2_PLACEMENT_3D('',#1403,#1404,#1405);
#1403 = CARTESIAN_POINT('',(-16.49999973177,-16.9999997914,3.));
#1404 = DIRECTION('',(0.,0.,-1.));
#1405 = DIRECTION('',(2.896233939755E-16,1.,0.));
#1406 = DEFINITIONAL_REPRESENTATION('',(#1407),#1411);
#1407 = LINE('',#1408,#1409);
#1408 = CARTESIAN_POINT('',(7.125699225613,13.614769841464));
#1409 = VECTOR('',#1410,1.);
#1410 = DIRECTION('',(1.,-2.117206514184E-16));
#1411 = ( GEOMETRIC_REPRESENTATION_CONTEXT(2) 
PARAMETRIC_REPRESENTATION_CONTEXT() REPRESENTATION_CONTEXT('2D SPACE',''
  ) );
#1412 = ORIENTED_EDGE('',*,*,#1413,.F.);
#1413 = EDGE_CURVE('',#1330,#1386,#1414,.T.);
#1414 = SURFACE_CURVE('',#1415,(#1419,#1426),.PCURVE_S1.);
#1415 = LINE('',#1416,#1417);
#1416 = CARTESIAN_POINT('',(-2.885229890315,-16.9999997914,
    -2.344308351926E-48));
#1417 = VECTOR('',#1418,1.);
#1418 = DIRECTION('',(0.,0.,1.));
#1419 = PCURVE('',#1338,#1420);
#1420 = DEFINITIONAL_REPRESENTATION('',(#1421),#1425);
#1421 = LINE('',#1422,#1423);
#1422 = CARTESIAN_POINT('',(2.967780587485E-112,2.344308351926E-48));
#1423 = VECTOR('',#1424,1.);
#1424 = DIRECTION('',(1.265951462847E-64,1.));
#1425 = ( GEOMETRIC_REPRESENTATION_CONTEXT(2) 
PARAMETRIC_REPRESENTATION_CONTEXT() REPRESENTATION_CONTEXT('2D SPACE',''
  ) );
#1426 = PCURVE('',#184,#1427);
#1427 = DEFINITIONAL_REPRESENTATION('',(#1428),#1432);
#1428 = LINE('',#1429,#1430);
#1429 = CARTESIAN_POINT('',(20.885230158536,-2.344308351926E-48));
#1430 = VECTOR('',#1431,1.);
#1431 = DIRECTION('',(0.,1.));
#1432 = ( GEOMETRIC_REPRESENTATION_CONTEXT(2) 
PARAMETRIC_REPRESENTATION_CONTEXT() REPRESENTATION_CONTEXT('2D SPACE',''
  ) );
#1433 = ADVANCED_FACE('',(#1434),#1373,.T.);
#1434 = FACE_BOUND('',#1435,.T.);
#1435 = EDGE_LOOP('',(#1436,#1459,#1487,#1508));
#1436 = ORIENTED_EDGE('',*,*,#1437,.F.);
#1437 = EDGE_CURVE('',#1438,#1328,#1440,.T.);
#1438 = VERTEX_POINT('',#1439);
#1439 = CARTESIAN_POINT('',(-8.499999731779,-9.874300565794,
    -1.381284758589E-47));
#1440 = SURFACE_CURVE('',#1441,(#1445,#1452),.PCURVE_S1.);
#1441 = LINE('',#1442,#1443);
#1442 = CARTESIAN_POINT('',(-8.499999731779,-9.874300565794,
    -1.381284758589E-47));
#1443 = VECTOR('',#1444,1.);
#1444 = DIRECTION('',(1.,-1.977325974123E-16,1.625040943736E-48));
#1445 = PCURVE('',#1373,#1446);
#1446 = DEFINITIONAL_REPRESENTATION('',(#1447),#1451);
#1447 = LINE('',#1448,#1449);
#1448 = CARTESIAN_POINT('',(5.614769841464,1.70160574004E-62));
#1449 = VECTOR('',#1450,1.);
#1450 = DIRECTION('',(-1.,0.));
#1451 = ( GEOMETRIC_REPRESENTATION_CONTEXT(2) 
PARAMETRIC_REPRESENTATION_CONTEXT() REPRESENTATION_CONTEXT('2D SPACE',''
  ) );
#1452 = PCURVE('',#100,#1453);
#1453 = DEFINITIONAL_REPRESENTATION('',(#1454),#1458);
#1454 = LINE('',#1455,#1456);
#1455 = CARTESIAN_POINT('',(-9.25,-5.874300774387));
#1456 = VECTOR('',#1457,1.);
#1457 = DIRECTION('',(1.,-1.977325974123E-16));
#1458 = ( GEOMETRIC_REPRESENTATION_CONTEXT(2) 
PARAMETRIC_REPRESENTATION_CONTEXT() REPRESENTATION_CONTEXT('2D SPACE',''
  ) );
#1459 = ORIENTED_EDGE('',*,*,#1460,.F.);
#1460 = EDGE_CURVE('',#1461,#1438,#1463,.T.);
#1461 = VERTEX_POINT('',#1462);
#1462 = CARTESIAN_POINT('',(-8.499999731779,-9.874300565794,3.));
#1463 = SURFACE_CURVE('',#1464,(#1468,#1475),.PCURVE_S1.);
#1464 = LINE('',#1465,#1466);
#1465 = CARTESIAN_POINT('',(-8.499999731779,-9.874300565794,0.75));
#1466 = VECTOR('',#1467,1.);
#1467 = DIRECTION('',(0.,0.,-1.));
#1468 = PCURVE('',#1373,#1469);
#1469 = DEFINITIONAL_REPRESENTATION('',(#1470),#1474);
#1470 = LINE('',#1471,#1472);
#1471 = CARTESIAN_POINT('',(5.614769841464,0.75));
#1472 = VECTOR('',#1473,1.);
#1473 = DIRECTION('',(1.625040943736E-48,-1.));
#1474 = ( GEOMETRIC_REPRESENTATION_CONTEXT(2) 
PARAMETRIC_REPRESENTATION_CONTEXT() REPRESENTATION_CONTEXT('2D SPACE',''
  ) );
#1475 = PCURVE('',#1476,#1481);
#1476 = PLANE('',#1477);
#1477 = AXIS2_PLACEMENT_3D('',#1478,#1479,#1480);
#1478 = CARTESIAN_POINT('',(-8.499999731779,-2.499999791407,1.5));
#1479 = DIRECTION('',(-1.,2.775557561563E-16,0.));
#1480 = DIRECTION('',(0.,0.,1.));
#1481 = DEFINITIONAL_REPRESENTATION('',(#1482),#1486);
#1482 = LINE('',#1483,#1484);
#1483 = CARTESIAN_POINT('',(-0.75,-7.374300774387));
#1484 = VECTOR('',#1485,1.);
#1485 = DIRECTION('',(-1.,0.));
#1486 = ( GEOMETRIC_REPRESENTATION_CONTEXT(2) 
PARAMETRIC_REPRESENTATION_CONTEXT() REPRESENTATION_CONTEXT('2D SPACE',''
  ) );
#1487 = ORIENTED_EDGE('',*,*,#1488,.F.);
#1488 = EDGE_CURVE('',#1358,#1461,#1489,.T.);
#1489 = SURFACE_CURVE('',#1490,(#1494,#1501),.PCURVE_S1.);
#1490 = LINE('',#1491,#1492);
#1491 = CARTESIAN_POINT('',(-8.499999731779,-9.874300565794,3.));
#1492 = VECTOR('',#1493,1.);
#1493 = DIRECTION('',(-1.,1.977325974123E-16,-1.625040943736E-48));
#1494 = PCURVE('',#1373,#1495);
#1495 = DEFINITIONAL_REPRESENTATION('',(#1496),#1500);
#1496 = LINE('',#1497,#1498);
#1497 = CARTESIAN_POINT('',(5.614769841464,3.));
#1498 = VECTOR('',#1499,1.);
#1499 = DIRECTION('',(1.,0.));
#1500 = ( GEOMETRIC_REPRESENTATION_CONTEXT(2) 
PARAMETRIC_REPRESENTATION_CONTEXT() REPRESENTATION_CONTEXT('2D SPACE',''
  ) );
#1501 = PCURVE('',#1401,#1502);
#1502 = DEFINITIONAL_REPRESENTATION('',(#1503),#1507);
#1503 = LINE('',#1504,#1505);
#1504 = CARTESIAN_POINT('',(7.125699225613,8.));
#1505 = VECTOR('',#1506,1.);
#1506 = DIRECTION('',(-9.189079656317E-17,-1.));
#1507 = ( GEOMETRIC_REPRESENTATION_CONTEXT(2) 
PARAMETRIC_REPRESENTATION_CONTEXT() REPRESENTATION_CONTEXT('2D SPACE',''
  ) );
#1508 = ORIENTED_EDGE('',*,*,#1357,.F.);
#1509 = ADVANCED_FACE('',(#1510,#1709,#1740,#1771,#1802),#184,.T.);
#1510 = FACE_BOUND('',#1511,.T.);
#1511 = EDGE_LOOP('',(#1512,#1513,#1536,#1564,#1585,#1586,#1609,#1637,
    #1665,#1686,#1687,#1708));
#1512 = ORIENTED_EDGE('',*,*,#168,.T.);
#1513 = ORIENTED_EDGE('',*,*,#1514,.T.);
#1514 = EDGE_CURVE('',#141,#1515,#1517,.T.);
#1515 = VERTEX_POINT('',#1516);
#1516 = CARTESIAN_POINT('',(13.000000268221,-16.9999997914,3.));
#1517 = SURFACE_CURVE('',#1518,(#1522,#1529),.PCURVE_S1.);
#1518 = LINE('',#1519,#1520);
#1519 = CARTESIAN_POINT('',(18.000000268221,-16.9999997914,3.));
#1520 = VECTOR('',#1521,1.);
#1521 = DIRECTION('',(-1.,-1.287215101015E-16,0.));
#1522 = PCURVE('',#184,#1523);
#1523 = DEFINITIONAL_REPRESENTATION('',(#1524),#1528);
#1524 = LINE('',#1525,#1526);
#1525 = CARTESIAN_POINT('',(0.,3.));
#1526 = VECTOR('',#1527,1.);
#1527 = DIRECTION('',(1.,0.));
#1528 = ( GEOMETRIC_REPRESENTATION_CONTEXT(2) 
PARAMETRIC_REPRESENTATION_CONTEXT() REPRESENTATION_CONTEXT('2D SPACE',''
  ) );
#1529 = PCURVE('',#156,#1530);
#1530 = DEFINITIONAL_REPRESENTATION('',(#1531),#1535);
#1531 = LINE('',#1532,#1533);
#1532 = CARTESIAN_POINT('',(5.,4.510394679236E-64));
#1533 = VECTOR('',#1534,1.);
#1534 = DIRECTION('',(1.287215101015E-16,1.));
#1535 = ( GEOMETRIC_REPRESENTATION_CONTEXT(2) 
PARAMETRIC_REPRESENTATION_CONTEXT() REPRESENTATION_CONTEXT('2D SPACE',''
  ) );
#1536 = ORIENTED_EDGE('',*,*,#1537,.T.);
#1537 = EDGE_CURVE('',#1515,#1538,#1540,.T.);
#1538 = VERTEX_POINT('',#1539);
#1539 = CARTESIAN_POINT('',(13.000000268221,-16.9999997914,0.));
#1540 = SURFACE_CURVE('',#1541,(#1545,#1552),.PCURVE_S1.);
#1541 = LINE('',#1542,#1543);
#1542 = CARTESIAN_POINT('',(13.000000268221,-16.9999997914,
    0.749999988824));
#1543 = VECTOR('',#1544,1.);
#1544 = DIRECTION('',(0.,0.,-1.));
#1545 = PCURVE('',#184,#1546);
#1546 = DEFINITIONAL_REPRESENTATION('',(#1547),#1551);
#1547 = LINE('',#1548,#1549);
#1548 = CARTESIAN_POINT('',(5.,0.749999988824));
#1549 = VECTOR('',#1550,1.);
#1550 = DIRECTION('',(-0.,-1.));
#1551 = ( GEOMETRIC_REPRESENTATION_CONTEXT(2) 
PARAMETRIC_REPRESENTATION_CONTEXT() REPRESENTATION_CONTEXT('2D SPACE',''
  ) );
#1552 = PCURVE('',#1553,#1558);
#1553 = PLANE('',#1554);
#1554 = AXIS2_PLACEMENT_3D('',#1555,#1556,#1557);
#1555 = CARTESIAN_POINT('',(13.000000268221,-14.4999997914,
    1.499999977648));
#1556 = DIRECTION('',(1.,0.,0.));
#1557 = DIRECTION('',(0.,0.,-1.));
#1558 = DEFINITIONAL_REPRESENTATION('',(#1559),#1563);
#1559 = LINE('',#1560,#1561);
#1560 = CARTESIAN_POINT('',(0.749999988824,-2.5));
#1561 = VECTOR('',#1562,1.);
#1562 = DIRECTION('',(1.,0.));
#1563 = ( GEOMETRIC_REPRESENTATION_CONTEXT(2) 
PARAMETRIC_REPRESENTATION_CONTEXT() REPRESENTATION_CONTEXT('2D SPACE',''
  ) );
#1564 = ORIENTED_EDGE('',*,*,#1565,.T.);
#1565 = EDGE_CURVE('',#1538,#1330,#1566,.T.);
#1566 = SURFACE_CURVE('',#1567,(#1571,#1578),.PCURVE_S1.);
#1567 = LINE('',#1568,#1569);
#1568 = CARTESIAN_POINT('',(18.000000268221,-16.9999997914,0.));
#1569 = VECTOR('',#1570,1.);
#1570 = DIRECTION('',(-1.,-1.287215101015E-16,0.));
#1571 = PCURVE('',#184,#1572);
#1572 = DEFINITIONAL_REPRESENTATION('',(#1573),#1577);
#1573 = LINE('',#1574,#1575);
#1574 = CARTESIAN_POINT('',(0.,0.));
#1575 = VECTOR('',#1576,1.);
#1576 = DIRECTION('',(1.,0.));
#1577 = ( GEOMETRIC_REPRESENTATION_CONTEXT(2) 
PARAMETRIC_REPRESENTATION_CONTEXT() REPRESENTATION_CONTEXT('2D SPACE',''
  ) );
#1578 = PCURVE('',#100,#1579);
#1579 = DEFINITIONAL_REPRESENTATION('',(#1580),#1584);
#1580 = LINE('',#1581,#1582);
#1581 = CARTESIAN_POINT('',(17.25,-13.));
#1582 = VECTOR('',#1583,1.);
#1583 = DIRECTION('',(-1.,-1.287215101015E-16));
#1584 = ( GEOMETRIC_REPRESENTATION_CONTEXT(2) 
PARAMETRIC_REPRESENTATION_CONTEXT() REPRESENTATION_CONTEXT('2D SPACE',''
  ) );
#1585 = ORIENTED_EDGE('',*,*,#1413,.T.);
#1586 = ORIENTED_EDGE('',*,*,#1587,.T.);
#1587 = EDGE_CURVE('',#1386,#1588,#1590,.T.);
#1588 = VERTEX_POINT('',#1589);
#1589 = CARTESIAN_POINT('',(-16.49999973177,-16.9999997914,3.));
#1590 = SURFACE_CURVE('',#1591,(#1595,#1602),.PCURVE_S1.);
#1591 = LINE('',#1592,#1593);
#1592 = CARTESIAN_POINT('',(0.750000268221,-16.9999997914,3.));
#1593 = VECTOR('',#1594,1.);
#1594 = DIRECTION('',(-1.,-1.287215101015E-16,0.));
#1595 = PCURVE('',#184,#1596);
#1596 = DEFINITIONAL_REPRESENTATION('',(#1597),#1601);
#1597 = LINE('',#1598,#1599);
#1598 = CARTESIAN_POINT('',(17.25,3.));
#1599 = VECTOR('',#1600,1.);
#1600 = DIRECTION('',(1.,0.));
#1601 = ( GEOMETRIC_REPRESENTATION_CONTEXT(2) 
PARAMETRIC_REPRESENTATION_CONTEXT() REPRESENTATION_CONTEXT('2D SPACE',''
  ) );
#1602 = PCURVE('',#1401,#1603);
#1603 = DEFINITIONAL_REPRESENTATION('',(#1604),#1608);
#1604 = LINE('',#1605,#1606);
#1605 = CARTESIAN_POINT('',(4.996003546077E-15,17.25));
#1606 = VECTOR('',#1607,1.);
#1607 = DIRECTION('',(-4.18344904077E-16,-1.));
#1608 = ( GEOMETRIC_REPRESENTATION_CONTEXT(2) 
PARAMETRIC_REPRESENTATION_CONTEXT() REPRESENTATION_CONTEXT('2D SPACE',''
  ) );
#1609 = ORIENTED_EDGE('',*,*,#1610,.T.);
#1610 = EDGE_CURVE('',#1588,#1611,#1613,.T.);
#1611 = VERTEX_POINT('',#1612);
#1612 = CARTESIAN_POINT('',(-16.49999973177,-16.9999997914,26.5));
#1613 = SURFACE_CURVE('',#1614,(#1618,#1625),.PCURVE_S1.);
#1614 = LINE('',#1615,#1616);
#1615 = CARTESIAN_POINT('',(-16.49999973177,-16.9999997914,0.));
#1616 = VECTOR('',#1617,1.);
#1617 = DIRECTION('',(0.,0.,1.));
#1618 = PCURVE('',#184,#1619);
#1619 = DEFINITIONAL_REPRESENTATION('',(#1620),#1624);
#1620 = LINE('',#1621,#1622);
#1621 = CARTESIAN_POINT('',(34.5,0.));
#1622 = VECTOR('',#1623,1.);
#1623 = DIRECTION('',(0.,1.));
#1624 = ( GEOMETRIC_REPRESENTATION_CONTEXT(2) 
PARAMETRIC_REPRESENTATION_CONTEXT() REPRESENTATION_CONTEXT('2D SPACE',''
  ) );
#1625 = PCURVE('',#1626,#1631);
#1626 = PLANE('',#1627);
#1627 = AXIS2_PLACEMENT_3D('',#1628,#1629,#1630);
#1628 = CARTESIAN_POINT('',(-16.49999973177,-16.9999997914,0.));
#1629 = DIRECTION('',(1.,0.,0.));
#1630 = DIRECTION('',(-0.,1.,0.));
#1631 = DEFINITIONAL_REPRESENTATION('',(#1632),#1636);
#1632 = LINE('',#1633,#1634);
#1633 = CARTESIAN_POINT('',(0.,0.));
#1634 = VECTOR('',#1635,1.);
#1635 = DIRECTION('',(0.,1.));
#1636 = ( GEOMETRIC_REPRESENTATION_CONTEXT(2) 
PARAMETRIC_REPRESENTATION_CONTEXT() REPRESENTATION_CONTEXT('2D SPACE',''
  ) );
#1637 = ORIENTED_EDGE('',*,*,#1638,.T.);
#1638 = EDGE_CURVE('',#1611,#1639,#1641,.T.);
#1639 = VERTEX_POINT('',#1640);
#1640 = CARTESIAN_POINT('',(-8.499999731779,-16.9999997914,26.5));
#1641 = SURFACE_CURVE('',#1642,(#1646,#1653),.PCURVE_S1.);
#1642 = LINE('',#1643,#1644);
#1643 = CARTESIAN_POINT('',(0.750000268221,-16.9999997914,26.5));
#1644 = VECTOR('',#1645,1.);
#1645 = DIRECTION('',(1.,1.287215101015E-16,0.));
#1646 = PCURVE('',#184,#1647);
#1647 = DEFINITIONAL_REPRESENTATION('',(#1648),#1652);
#1648 = LINE('',#1649,#1650);
#1649 = CARTESIAN_POINT('',(17.25,26.5));
#1650 = VECTOR('',#1651,1.);
#1651 = DIRECTION('',(-1.,0.));
#1652 = ( GEOMETRIC_REPRESENTATION_CONTEXT(2) 
PARAMETRIC_REPRESENTATION_CONTEXT() REPRESENTATION_CONTEXT('2D SPACE',''
  ) );
#1653 = PCURVE('',#1654,#1659);
#1654 = PLANE('',#1655);
#1655 = AXIS2_PLACEMENT_3D('',#1656,#1657,#1658);
#1656 = CARTESIAN_POINT('',(-16.49999973177,-16.9999997914,26.5));
#1657 = DIRECTION('',(0.,0.,-1.));
#1658 = DIRECTION('',(2.896233939755E-16,1.,0.));
#1659 = DEFINITIONAL_REPRESENTATION('',(#1660),#1664);
#1660 = LINE('',#1661,#1662);
#1661 = CARTESIAN_POINT('',(4.996003546077E-15,17.25));
#1662 = VECTOR('',#1663,1.);
#1663 = DIRECTION('',(4.18344904077E-16,1.));
#1664 = ( GEOMETRIC_REPRESENTATION_CONTEXT(2) 
PARAMETRIC_REPRESENTATION_CONTEXT() REPRESENTATION_CONTEXT('2D SPACE',''
  ) );
#1665 = ORIENTED_EDGE('',*,*,#1666,.T.);
#1666 = EDGE_CURVE('',#1639,#706,#1667,.T.);
#1667 = SURFACE_CURVE('',#1668,(#1672,#1679),.PCURVE_S1.);
#1668 = LINE('',#1669,#1670);
#1669 = CARTESIAN_POINT('',(-8.499999731779,-16.9999997914,14.));
#1670 = VECTOR('',#1671,1.);
#1671 = DIRECTION('',(0.,0.,1.));
#1672 = PCURVE('',#184,#1673);
#1673 = DEFINITIONAL_REPRESENTATION('',(#1674),#1678);
#1674 = LINE('',#1675,#1676);
#1675 = CARTESIAN_POINT('',(26.5,14.));
#1676 = VECTOR('',#1677,1.);
#1677 = DIRECTION('',(0.,1.));
#1678 = ( GEOMETRIC_REPRESENTATION_CONTEXT(2) 
PARAMETRIC_REPRESENTATION_CONTEXT() REPRESENTATION_CONTEXT('2D SPACE',''
  ) );
#1679 = PCURVE('',#744,#1680);
#1680 = DEFINITIONAL_REPRESENTATION('',(#1681),#1685);
#1681 = LINE('',#1682,#1683);
#1682 = CARTESIAN_POINT('',(14.,-14.5));
#1683 = VECTOR('',#1684,1.);
#1684 = DIRECTION('',(-1.,0.));
#1685 = ( GEOMETRIC_REPRESENTATION_CONTEXT(2) 
PARAMETRIC_REPRESENTATION_CONTEXT() REPRESENTATION_CONTEXT('2D SPACE',''
  ) );
#1686 = ORIENTED_EDGE('',*,*,#705,.F.);
#1687 = ORIENTED_EDGE('',*,*,#1688,.T.);
#1688 = EDGE_CURVE('',#678,#1222,#1689,.T.);
#1689 = SURFACE_CURVE('',#1690,(#1694,#1701),.PCURVE_S1.);
#1690 = LINE('',#1691,#1692);
#1691 = CARTESIAN_POINT('',(13.000000268221,-16.9999997914,
    14.000000011176));
#1692 = VECTOR('',#1693,1.);
#1693 = DIRECTION('',(0.,0.,-1.));
#1694 = PCURVE('',#184,#1695);
#1695 = DEFINITIONAL_REPRESENTATION('',(#1696),#1700);
#1696 = LINE('',#1697,#1698);
#1697 = CARTESIAN_POINT('',(5.,14.000000011176));
#1698 = VECTOR('',#1699,1.);
#1699 = DIRECTION('',(-0.,-1.));
#1700 = ( GEOMETRIC_REPRESENTATION_CONTEXT(2) 
PARAMETRIC_REPRESENTATION_CONTEXT() REPRESENTATION_CONTEXT('2D SPACE',''
  ) );
#1701 = PCURVE('',#693,#1702);
#1702 = DEFINITIONAL_REPRESENTATION('',(#1703),#1707);
#1703 = LINE('',#1704,#1705);
#1704 = CARTESIAN_POINT('',(-14.00000001117,-2.5));
#1705 = VECTOR('',#1706,1.);
#1706 = DIRECTION('',(-1.,0.));
#1707 = ( GEOMETRIC_REPRESENTATION_CONTEXT(2) 
PARAMETRIC_REPRESENTATION_CONTEXT() REPRESENTATION_CONTEXT('2D SPACE',''
  ) );
#1708 = ORIENTED_EDGE('',*,*,#1221,.T.);
#1709 = FACE_BOUND('',#1710,.T.);
#1710 = EDGE_LOOP('',(#1711));
#1711 = ORIENTED_EDGE('',*,*,#1712,.F.);
#1712 = EDGE_CURVE('',#1713,#1713,#1715,.T.);
#1713 = VERTEX_POINT('',#1714);
#1714 = CARTESIAN_POINT('',(3.600000268221,-16.9999997914,14.75));
#1715 = SURFACE_CURVE('',#1716,(#1721,#1728),.PCURVE_S1.);
#1716 = CIRCLE('',#1717,3.15);
#1717 = AXIS2_PLACEMENT_3D('',#1718,#1719,#1720);
#1718 = CARTESIAN_POINT('',(6.750000268221,-16.9999997914,14.75));
#1719 = DIRECTION('',(-1.287215101015E-16,1.,0.));
#1720 = DIRECTION('',(1.,1.287215101015E-16,0.));
#1721 = PCURVE('',#184,#1722);
#1722 = DEFINITIONAL_REPRESENTATION('',(#1723),#1727);
#1723 = CIRCLE('',#1724,3.15);
#1724 = AXIS2_PLACEMENT_2D('',#1725,#1726);
#1725 = CARTESIAN_POINT('',(11.25,14.75));
#1726 = DIRECTION('',(-1.,0.));
#1727 = ( GEOMETRIC_REPRESENTATION_CONTEXT(2) 
PARAMETRIC_REPRESENTATION_CONTEXT() REPRESENTATION_CONTEXT('2D SPACE',''
  ) );
#1728 = PCURVE('',#1729,#1734);
#1729 = CONICAL_SURFACE('',#1730,2.15,0.785398163397);
#1730 = AXIS2_PLACEMENT_3D('',#1731,#1732,#1733);
#1731 = CARTESIAN_POINT('',(6.750000268221,-17.9999997914,14.75));
#1732 = DIRECTION('',(0.,1.,0.));
#1733 = DIRECTION('',(1.,0.,0.));
#1734 = DEFINITIONAL_REPRESENTATION('',(#1735),#1739);
#1735 = LINE('',#1736,#1737);
#1736 = CARTESIAN_POINT('',(0.,1.));
#1737 = VECTOR('',#1738,1.);
#1738 = DIRECTION('',(1.,0.));
#1739 = ( GEOMETRIC_REPRESENTATION_CONTEXT(2) 
PARAMETRIC_REPRESENTATION_CONTEXT() REPRESENTATION_CONTEXT('2D SPACE',''
  ) );
#1740 = FACE_BOUND('',#1741,.T.);
#1741 = EDGE_LOOP('',(#1742));
#1742 = ORIENTED_EDGE('',*,*,#1743,.F.);
#1743 = EDGE_CURVE('',#1744,#1744,#1746,.T.);
#1744 = VERTEX_POINT('',#1745);
#1745 = CARTESIAN_POINT('',(-2.399999731779,-16.9999997914,20.75));
#1746 = SURFACE_CURVE('',#1747,(#1752,#1759),.PCURVE_S1.);
#1747 = CIRCLE('',#1748,3.15);
#1748 = AXIS2_PLACEMENT_3D('',#1749,#1750,#1751);
#1749 = CARTESIAN_POINT('',(0.750000268221,-16.9999997914,20.75));
#1750 = DIRECTION('',(-1.287215101015E-16,1.,0.));
#1751 = DIRECTION('',(1.,1.287215101015E-16,0.));
#1752 = PCURVE('',#184,#1753);
#1753 = DEFINITIONAL_REPRESENTATION('',(#1754),#1758);
#1754 = CIRCLE('',#1755,3.15);
#1755 = AXIS2_PLACEMENT_2D('',#1756,#1757);
#1756 = CARTESIAN_POINT('',(17.25,20.75));
#1757 = DIRECTION('',(-1.,0.));
#1758 = ( GEOMETRIC_REPRESENTATION_CONTEXT(2) 
PARAMETRIC_REPRESENTATION_CONTEXT() REPRESENTATION_CONTEXT('2D SPACE',''
  ) );
#1759 = PCURVE('',#1760,#1765);
#1760 = CONICAL_SURFACE('',#1761,2.15,0.785398163397);
#1761 = AXIS2_PLACEMENT_3D('',#1762,#1763,#1764);
#1762 = CARTESIAN_POINT('',(0.750000268221,-17.9999997914,20.75));
#1763 = DIRECTION('',(-1.387778780781E-16,1.,0.));
#1764 = DIRECTION('',(1.,1.387778780781E-16,0.));
#1765 = DEFINITIONAL_REPRESENTATION('',(#1766),#1770);
#1766 = LINE('',#1767,#1768);
#1767 = CARTESIAN_POINT('',(0.,1.));
#1768 = VECTOR('',#1769,1.);
#1769 = DIRECTION('',(1.,0.));
#1770 = ( GEOMETRIC_REPRESENTATION_CONTEXT(2) 
PARAMETRIC_REPRESENTATION_CONTEXT() REPRESENTATION_CONTEXT('2D SPACE',''
  ) );
#1771 = FACE_BOUND('',#1772,.T.);
#1772 = EDGE_LOOP('',(#1773));
#1773 = ORIENTED_EDGE('',*,*,#1774,.F.);
#1774 = EDGE_CURVE('',#1775,#1775,#1777,.T.);
#1775 = VERTEX_POINT('',#1776);
#1776 = CARTESIAN_POINT('',(-8.399999731779,-16.9999997914,14.75));
#1777 = SURFACE_CURVE('',#1778,(#1783,#1790),.PCURVE_S1.);
#1778 = CIRCLE('',#1779,3.15);
#1779 = AXIS2_PLACEMENT_3D('',#1780,#1781,#1782);
#1780 = CARTESIAN_POINT('',(-5.249999731779,-16.9999997914,14.75));
#1781 = DIRECTION('',(-1.287215101015E-16,1.,0.));
#1782 = DIRECTION('',(1.,1.287215101015E-16,0.));
#1783 = PCURVE('',#184,#1784);
#1784 = DEFINITIONAL_REPRESENTATION('',(#1785),#1789);
#1785 = CIRCLE('',#1786,3.15);
#1786 = AXIS2_PLACEMENT_2D('',#1787,#1788);
#1787 = CARTESIAN_POINT('',(23.25,14.75));
#1788 = DIRECTION('',(-1.,0.));
#1789 = ( GEOMETRIC_REPRESENTATION_CONTEXT(2) 
PARAMETRIC_REPRESENTATION_CONTEXT() REPRESENTATION_CONTEXT('2D SPACE',''
  ) );
#1790 = PCURVE('',#1791,#1796);
#1791 = CONICAL_SURFACE('',#1792,2.15,0.785398163397);
#1792 = AXIS2_PLACEMENT_3D('',#1793,#1794,#1795);
#1793 = CARTESIAN_POINT('',(-5.249999731779,-17.9999997914,14.75));
#1794 = DIRECTION('',(0.,1.,0.));
#1795 = DIRECTION('',(1.,0.,0.));
#1796 = DEFINITIONAL_REPRESENTATION('',(#1797),#1801);
#1797 = LINE('',#1798,#1799);
#1798 = CARTESIAN_POINT('',(0.,1.));
#1799 = VECTOR('',#1800,1.);
#1800 = DIRECTION('',(1.,0.));
#1801 = ( GEOMETRIC_REPRESENTATION_CONTEXT(2) 
PARAMETRIC_REPRESENTATION_CONTEXT() REPRESENTATION_CONTEXT('2D SPACE',''
  ) );
#1802 = FACE_BOUND('',#1803,.T.);
#1803 = EDGE_LOOP('',(#1804));
#1804 = ORIENTED_EDGE('',*,*,#1805,.F.);
#1805 = EDGE_CURVE('',#1806,#1806,#1808,.T.);
#1806 = VERTEX_POINT('',#1807);
#1807 = CARTESIAN_POINT('',(-2.399999731779,-16.9999997914,8.75));
#1808 = SURFACE_CURVE('',#1809,(#1814,#1821),.PCURVE_S1.);
#1809 = CIRCLE('',#1810,3.15);
#1810 = AXIS2_PLACEMENT_3D('',#1811,#1812,#1813);
#1811 = CARTESIAN_POINT('',(0.750000268221,-16.9999997914,8.75));
#1812 = DIRECTION('',(-1.287215101015E-16,1.,0.));
#1813 = DIRECTION('',(1.,1.287215101015E-16,0.));
#1814 = PCURVE('',#184,#1815);
#1815 = DEFINITIONAL_REPRESENTATION('',(#1816),#1820);
#1816 = CIRCLE('',#1817,3.15);
#1817 = AXIS2_PLACEMENT_2D('',#1818,#1819);
#1818 = CARTESIAN_POINT('',(17.25,8.75));
#1819 = DIRECTION('',(-1.,0.));
#1820 = ( GEOMETRIC_REPRESENTATION_CONTEXT(2) 
PARAMETRIC_REPRESENTATION_CONTEXT() REPRESENTATION_CONTEXT('2D SPACE',''
  ) );
#1821 = PCURVE('',#1822,#1827);
#1822 = CONICAL_SURFACE('',#1823,2.15,0.785398163397);
#1823 = AXIS2_PLACEMENT_3D('',#1824,#1825,#1826);
#1824 = CARTESIAN_POINT('',(0.750000268221,-17.9999997914,8.75));
#1825 = DIRECTION('',(-1.387778780781E-16,1.,0.));
#1826 = DIRECTION('',(1.,1.387778780781E-16,0.));
#1827 = DEFINITIONAL_REPRESENTATION('',(#1828),#1832);
#1828 = LINE('',#1829,#1830);
#1829 = CARTESIAN_POINT('',(0.,1.));
#1830 = VECTOR('',#1831,1.);
#1831 = DIRECTION('',(1.,0.));
#1832 = ( GEOMETRIC_REPRESENTATION_CONTEXT(2) 
PARAMETRIC_REPRESENTATION_CONTEXT() REPRESENTATION_CONTEXT('2D SPACE',''
  ) );
#1833 = ADVANCED_FACE('',(#1834),#840,.F.);
#1834 = FACE_BOUND('',#1835,.F.);
#1835 = EDGE_LOOP('',(#1836,#1912,#1913,#2035,#2087));
#1836 = ORIENTED_EDGE('',*,*,#1837,.T.);
#1837 = EDGE_CURVE('',#1838,#757,#1840,.T.);
#1838 = VERTEX_POINT('',#1839);
#1839 = CARTESIAN_POINT('',(-7.983422711012,43.86973369924,
    19.569413869178));
#1840 = SURFACE_CURVE('',#1841,(#1854,#1883),.PCURVE_S1.);
#1841 = B_SPLINE_CURVE_WITH_KNOTS('',3,(#1842,#1843,#1844,#1845,#1846,
    #1847,#1848,#1849,#1850,#1851,#1852,#1853),.UNSPECIFIED.,.F.,.F.,(4,
    2,2,2,2,4),(0.,0.289453672259,0.525426591063,0.832300997775,
    1.251961663881,1.54429446117),.UNSPECIFIED.);
#1842 = CARTESIAN_POINT('',(-7.983422711012,43.86973369924,
    19.569413869178));
#1843 = CARTESIAN_POINT('',(-7.983422711012,42.954582016286,
    19.875067888024));
#1844 = CARTESIAN_POINT('',(-8.042000395725,41.690679544024,
    20.209528301209));
#1845 = CARTESIAN_POINT('',(-8.99871621906,38.68129553558,
    20.891522289609));
#1846 = CARTESIAN_POINT('',(-9.622220192337,37.45665680722,
    21.151287323479));
#1847 = CARTESIAN_POINT('',(-11.11365434724,34.396798407846,
    21.892345041148));
#1848 = CARTESIAN_POINT('',(-11.92636008077,32.573884121828,
    22.376318368751));
#1849 = CARTESIAN_POINT('',(-13.1296303838,27.536571058848,
    24.354121347111));
#1850 = CARTESIAN_POINT('',(-13.05458824452,25.178356625892,
    25.820774926783));
#1851 = CARTESIAN_POINT('',(-12.67064941253,22.450459953052,
    27.663541275416));
#1852 = CARTESIAN_POINT('',(-12.36790460945,21.201650718751,
    28.583365035713));
#1853 = CARTESIAN_POINT('',(-11.72177775288,19.857118115513,29.5));
#1854 = PCURVE('',#840,#1855);
#1855 = DEFINITIONAL_REPRESENTATION('',(#1856),#1882);
#1856 = B_SPLINE_CURVE_WITH_KNOTS('',3,(#1857,#1858,#1859,#1860,#1861,
    #1862,#1863,#1864,#1865,#1866,#1867,#1868,#1869,#1870,#1871,#1872,
    #1873,#1874,#1875,#1876,#1877,#1878,#1879,#1880,#1881),
  .UNSPECIFIED.,.F.,.F.,(4,1,1,1,1,1,1,1,1,1,1,1,1,1,1,1,1,1,1,1,1,1,4),
  (0.,7.019520278045E-02,0.140390405561,0.210585608341,0.280780811122,
    0.350976013902,0.421171216683,0.491366419463,0.561561622244,
    0.631756825024,0.701952027805,0.772147230585,0.842342433365,
    0.912537636146,0.982732838926,1.052928041707,1.123123244487,
    1.193318447268,1.263513650048,1.333708852829,1.403904055609,
    1.474099258389,1.54429446117),.QUASI_UNIFORM_KNOTS.);
#1857 = CARTESIAN_POINT('',(0.776564959204,1.151657702077));
#1858 = CARTESIAN_POINT('',(0.77111573523,1.151657702077));
#1859 = CARTESIAN_POINT('',(0.759492336315,1.150974157444));
#1860 = CARTESIAN_POINT('',(0.739883170644,1.144341543437));
#1861 = CARTESIAN_POINT('',(0.718283099511,1.128741346111));
#1862 = CARTESIAN_POINT('',(0.694236967939,1.100125960071));
#1863 = CARTESIAN_POINT('',(0.66937323189,1.057000679553));
#1864 = CARTESIAN_POINT('',(0.646407763037,1.006883328841));
#1865 = CARTESIAN_POINT('',(0.623455121066,0.951259436072));
#1866 = CARTESIAN_POINT('',(0.59977667234,0.892960083596));
#1867 = CARTESIAN_POINT('',(0.575300993946,0.836903029353));
#1868 = CARTESIAN_POINT('',(0.549429953528,0.784673933764));
#1869 = CARTESIAN_POINT('',(0.521847494518,0.7385056477));
#1870 = CARTESIAN_POINT('',(0.491024259618,0.699689342847));
#1871 = CARTESIAN_POINT('',(0.459898933152,0.67283167568));
#1872 = CARTESIAN_POINT('',(0.430089107397,0.65710534878));
#1873 = CARTESIAN_POINT('',(0.401474779322,0.650541084366));
#1874 = CARTESIAN_POINT('',(0.374566876646,0.65141791047));
#1875 = CARTESIAN_POINT('',(0.349421257603,0.658163612241));
#1876 = CARTESIAN_POINT('',(0.327522797902,0.668362640542));
#1877 = CARTESIAN_POINT('',(0.30493509651,0.683040672344));
#1878 = CARTESIAN_POINT('',(0.280304830462,0.704874378812));
#1879 = CARTESIAN_POINT('',(0.254126989026,0.735234593018));
#1880 = CARTESIAN_POINT('',(0.235630845698,0.762307344223));
#1881 = CARTESIAN_POINT('',(0.226143044815,0.777822197889));
#1882 = ( GEOMETRIC_REPRESENTATION_CONTEXT(2) 
PARAMETRIC_REPRESENTATION_CONTEXT() REPRESENTATION_CONTEXT('2D SPACE',''
  ) );
#1883 = PCURVE('',#784,#1884);
#1884 = DEFINITIONAL_REPRESENTATION('',(#1885),#1911);
#1885 = B_SPLINE_CURVE_WITH_KNOTS('',3,(#1886,#1887,#1888,#1889,#1890,
    #1891,#1892,#1893,#1894,#1895,#1896,#1897,#1898,#1899,#1900,#1901,
    #1902,#1903,#1904,#1905,#1906,#1907,#1908,#1909,#1910),
  .UNSPECIFIED.,.F.,.F.,(4,1,1,1,1,1,1,1,1,1,1,1,1,1,1,1,1,1,1,1,1,1,4),
  (0.,7.019520278045E-02,0.140390405561,0.210585608341,0.280780811122,
    0.350976013902,0.421171216683,0.491366419463,0.561561622244,
    0.631756825024,0.701952027805,0.772147230585,0.842342433365,
    0.912537636146,0.982732838926,1.052928041707,1.123123244487,
    1.193318447268,1.263513650048,1.333708852829,1.403904055609,
    1.474099258389,1.54429446117),.QUASI_UNIFORM_KNOTS.);
#1886 = CARTESIAN_POINT('',(1.,1.956941386918));
#1887 = CARTESIAN_POINT('',(0.993772498808,1.964353780641));
#1888 = CARTESIAN_POINT('',(0.980020869598,1.97951303048));
#1889 = CARTESIAN_POINT('',(0.954739133722,2.003400998798));
#1890 = CARTESIAN_POINT('',(0.924318956139,2.028426707919));
#1891 = CARTESIAN_POINT('',(0.887295270409,2.05512851206));
#1892 = CARTESIAN_POINT('',(0.845998959056,2.082002996678));
#1893 = CARTESIAN_POINT('',(0.806353435611,2.107204134698));
#1894 = CARTESIAN_POINT('',(0.766703852396,2.133332236806));
#1895 = CARTESIAN_POINT('',(0.727090209801,2.16196822626));
#1896 = CARTESIAN_POINT('',(0.688495103855,2.193543939732));
#1897 = CARTESIAN_POINT('',(0.650674586257,2.230392305616));
#1898 = CARTESIAN_POINT('',(0.613695995663,2.274153265588));
#1899 = CARTESIAN_POINT('',(0.576073119491,2.328272546848));
#1900 = CARTESIAN_POINT('',(0.541342708527,2.389310782588));
#1901 = CARTESIAN_POINT('',(0.510297321538,2.453048228292));
#1902 = CARTESIAN_POINT('',(0.481881772448,2.518156103719));
#1903 = CARTESIAN_POINT('',(0.455872435947,2.58229643093));
#1904 = CARTESIAN_POINT('',(0.431753999752,2.644277058504));
#1905 = CARTESIAN_POINT('',(0.410591016838,2.699331726646));
#1906 = CARTESIAN_POINT('',(0.388382721732,2.756825172217));
#1907 = CARTESIAN_POINT('',(0.363223927241,2.819153991253));
#1908 = CARTESIAN_POINT('',(0.33487866933,2.88392203429));
#1909 = CARTESIAN_POINT('',(0.313300241091,2.927989682379));
#1910 = CARTESIAN_POINT('',(0.301729878773,2.95));
#1911 = ( GEOMETRIC_REPRESENTATION_CONTEXT(2) 
PARAMETRIC_REPRESENTATION_CONTEXT() REPRESENTATION_CONTEXT('2D SPACE',''
  ) );
#1912 = ORIENTED_EDGE('',*,*,#822,.T.);
#1913 = ORIENTED_EDGE('',*,*,#1914,.T.);
#1914 = EDGE_CURVE('',#823,#1915,#1917,.T.);
#1915 = VERTEX_POINT('',#1916);
#1916 = CARTESIAN_POINT('',(-10.13306732899,48.868287099212,
    14.212609801358));
#1917 = SURFACE_CURVE('',#1918,(#1933,#1984),.PCURVE_S1.);
#1918 = B_SPLINE_CURVE_WITH_KNOTS('',3,(#1919,#1920,#1921,#1922,#1923,
    #1924,#1925,#1926,#1927,#1928,#1929,#1930,#1931,#1932),
  .UNSPECIFIED.,.F.,.F.,(4,2,2,2,2,2,4),(-3.140315379969,-2.300483935448
    ,-1.812039049945,-1.07586418812,-0.705063317143,-0.386032441662,0.),
  .UNSPECIFIED.);
#1919 = CARTESIAN_POINT('',(-19.42194997287,19.857118115513,29.5));
#1920 = CARTESIAN_POINT('',(-19.36420709997,22.535403204737,
    27.674079415257));
#1921 = CARTESIAN_POINT('',(-19.30092715615,25.29025248166,
    25.434174864098));
#1922 = CARTESIAN_POINT('',(-18.85069794739,31.734898846396,
    22.62676222221));
#1923 = CARTESIAN_POINT('',(-18.62918745124,33.939715479296,
    22.013768852096));
#1924 = CARTESIAN_POINT('',(-17.99415822434,38.523595014144,
    20.879085984971));
#1925 = CARTESIAN_POINT('',(-17.44989087635,41.214968512578,
    20.396904414717));
#1926 = CARTESIAN_POINT('',(-16.16390163809,44.520311298319,
    19.373317378085));
#1927 = CARTESIAN_POINT('',(-15.62513595597,45.574246091648,
    18.958865194641));
#1928 = CARTESIAN_POINT('',(-14.3463626635,47.198495876397,
    17.931342477096));
#1929 = CARTESIAN_POINT('',(-13.6811293666,47.771787027301,
    17.382094533549));
#1930 = CARTESIAN_POINT('',(-12.02753256254,48.657359620338,
    15.954759256745));
#1931 = CARTESIAN_POINT('',(-11.07196704948,48.850043610489,
    15.092339242808));
#1932 = CARTESIAN_POINT('',(-10.13306732899,48.868287099212,
    14.212609801359));
#1933 = PCURVE('',#840,#1934);
#1934 = DEFINITIONAL_REPRESENTATION('',(#1935),#1983);
#1935 = B_SPLINE_CURVE_WITH_KNOTS('',3,(#1936,#1937,#1938,#1939,#1940,
    #1941,#1942,#1943,#1944,#1945,#1946,#1947,#1948,#1949,#1950,#1951,
    #1952,#1953,#1954,#1955,#1956,#1957,#1958,#1959,#1960,#1961,#1962,
    #1963,#1964,#1965,#1966,#1967,#1968,#1969,#1970,#1971,#1972,#1973,
    #1974,#1975,#1976,#1977,#1978,#1979,#1980,#1981,#1982),
  .UNSPECIFIED.,.F.,.F.,(4,1,1,1,1,1,1,1,1,1,1,1,1,1,1,1,1,1,1,1,1,1,1,1
    ,1,1,1,1,1,1,1,1,1,1,1,1,1,1,1,1,1,1,1,1,4),(-3.140315379969,
    -3.068944575879,-2.997573771789,-2.926202967698,-2.854832163608,
    -2.783461359518,-2.712090555428,-2.640719751338,-2.569348947247,
    -2.497978143157,-2.426607339067,-2.355236534977,-2.283865730887,
    -2.212494926796,-2.141124122706,-2.069753318616,-1.998382514526,
    -1.927011710436,-1.855640906345,-1.784270102255,-1.712899298165,
    -1.641528494075,-1.570157689985,-1.498786885894,-1.427416081804,
    -1.356045277714,-1.284674473624,-1.213303669534,-1.141932865443,
    -1.070562061353,-0.999191257263,-0.927820453173,-0.856449649082,
    -0.785078844992,-0.713708040902,-0.642337236812,-0.570966432722,
    -0.499595628631,-0.428224824541,-0.356854020451,-0.285483216361,
    -0.214112412271,-0.14274160818,-7.137080409021E-02,0.),
  .QUASI_UNIFORM_KNOTS.);
#1936 = CARTESIAN_POINT('',(0.226143044815,7.80497589049E-03));
#1937 = CARTESIAN_POINT('',(0.232831874257,8.295688079942E-03));
#1938 = CARTESIAN_POINT('',(0.24618146165,9.2851101769E-03));
#1939 = CARTESIAN_POINT('',(0.266180704606,1.087272232034E-02));
#1940 = CARTESIAN_POINT('',(0.28621504507,1.264329870244E-02));
#1941 = CARTESIAN_POINT('',(0.306340661136,1.467632667505E-02));
#1942 = CARTESIAN_POINT('',(0.326612141176,1.705128574841E-02));
#1943 = CARTESIAN_POINT('',(0.347083137563,1.984768468795E-02));
#1944 = CARTESIAN_POINT('',(0.367806321981,2.314492308001E-02));
#1945 = CARTESIAN_POINT('',(0.388837290371,2.702280797214E-02));
#1946 = CARTESIAN_POINT('',(0.410222767448,3.155962574608E-02));
#1947 = CARTESIAN_POINT('',(0.432047714946,3.683933798562E-02));
#1948 = CARTESIAN_POINT('',(0.454263875671,4.29247261321E-02));
#1949 = CARTESIAN_POINT('',(0.477337385982,4.995761699468E-02));
#1950 = CARTESIAN_POINT('',(0.499563830086,5.77438039851E-02));
#1951 = CARTESIAN_POINT('',(0.520645581867,6.617840681238E-02));
#1952 = CARTESIAN_POINT('',(0.540713240532,7.523164317435E-02));
#1953 = CARTESIAN_POINT('',(0.559776359627,8.48560160893E-02));
#1954 = CARTESIAN_POINT('',(0.577850351021,9.499978930484E-02));
#1955 = CARTESIAN_POINT('',(0.594987624789,0.105645898331));
#1956 = CARTESIAN_POINT('',(0.611017066676,0.116642830899));
#1957 = CARTESIAN_POINT('',(0.62695197897,0.128581024462));
#1958 = CARTESIAN_POINT('',(0.642790593764,0.141550298893));
#1959 = CARTESIAN_POINT('',(0.658539638031,0.155629497764));
#1960 = CARTESIAN_POINT('',(0.674203756884,0.17090034707));
#1961 = CARTESIAN_POINT('',(0.689788317908,0.18744401942));
#1962 = CARTESIAN_POINT('',(0.705297838008,0.205341018539));
#1963 = CARTESIAN_POINT('',(0.720738382636,0.224675077079));
#1964 = CARTESIAN_POINT('',(0.736108335738,0.245517680863));
#1965 = CARTESIAN_POINT('',(0.751431640607,0.267986074108));
#1966 = CARTESIAN_POINT('',(0.766632775003,0.292026714274));
#1967 = CARTESIAN_POINT('',(0.782008696279,0.318234199493));
#1968 = CARTESIAN_POINT('',(0.7977114719,0.34709358268));
#1969 = CARTESIAN_POINT('',(0.813670262037,0.378702552026));
#1970 = CARTESIAN_POINT('',(0.829859114261,0.413227647476));
#1971 = CARTESIAN_POINT('',(0.846291672892,0.45094736668));
#1972 = CARTESIAN_POINT('',(0.862764128323,0.491623524715));
#1973 = CARTESIAN_POINT('',(0.878921811798,0.534379364288));
#1974 = CARTESIAN_POINT('',(0.894898019393,0.57953426249));
#1975 = CARTESIAN_POINT('',(0.910676475171,0.627009229367));
#1976 = CARTESIAN_POINT('',(0.926382295731,0.677170220024));
#1977 = CARTESIAN_POINT('',(0.941508420786,0.728246821449));
#1978 = CARTESIAN_POINT('',(0.956071582079,0.779998481017));
#1979 = CARTESIAN_POINT('',(0.97007677495,0.83216819274));
#1980 = CARTESIAN_POINT('',(0.983536612477,0.884503360812));
#1981 = CARTESIAN_POINT('',(0.992155079517,0.919334588316));
#1982 = CARTESIAN_POINT('',(0.996377797781,0.936693240278));
#1983 = ( GEOMETRIC_REPRESENTATION_CONTEXT(2) 
PARAMETRIC_REPRESENTATION_CONTEXT() REPRESENTATION_CONTEXT('2D SPACE',''
  ) );
#1984 = PCURVE('',#900,#1985);
#1985 = DEFINITIONAL_REPRESENTATION('',(#1986),#2034);
#1986 = B_SPLINE_CURVE_WITH_KNOTS('',3,(#1987,#1988,#1989,#1990,#1991,
    #1992,#1993,#1994,#1995,#1996,#1997,#1998,#1999,#2000,#2001,#2002,
    #2003,#2004,#2005,#2006,#2007,#2008,#2009,#2010,#2011,#2012,#2013,
    #2014,#2015,#2016,#2017,#2018,#2019,#2020,#2021,#2022,#2023,#2024,
    #2025,#2026,#2027,#2028,#2029,#2030,#2031,#2032,#2033),
  .UNSPECIFIED.,.F.,.F.,(4,1,1,1,1,1,1,1,1,1,1,1,1,1,1,1,1,1,1,1,1,1,1,1
    ,1,1,1,1,1,1,1,1,1,1,1,1,1,1,1,1,1,1,1,1,4),(-3.140315379969,
    -3.068944575879,-2.997573771789,-2.926202967698,-2.854832163608,
    -2.783461359518,-2.712090555428,-2.640719751338,-2.569348947247,
    -2.497978143157,-2.426607339067,-2.355236534977,-2.283865730887,
    -2.212494926796,-2.141124122706,-2.069753318616,-1.998382514526,
    -1.927011710436,-1.855640906345,-1.784270102255,-1.712899298165,
    -1.641528494075,-1.570157689985,-1.498786885894,-1.427416081804,
    -1.356045277714,-1.284674473624,-1.213303669534,-1.141932865443,
    -1.070562061353,-0.999191257263,-0.927820453173,-0.856449649082,
    -0.785078844992,-0.713708040902,-0.642337236812,-0.570966432722,
    -0.499595628631,-0.428224824541,-0.356854020451,-0.285483216361,
    -0.214112412271,-0.14274160818,-7.137080409021E-02,0.),
  .QUASI_UNIFORM_KNOTS.);
#1987 = CARTESIAN_POINT('',(-9.000373623625E-02,2.95));
#1988 = CARTESIAN_POINT('',(-9.284312815126E-02,2.934482907709));
#1989 = CARTESIAN_POINT('',(-9.858089572927E-02,2.902850765664));
#1990 = CARTESIAN_POINT('',(-0.107437572263,2.85393230711));
#1991 = CARTESIAN_POINT('',(-0.116615180651,2.8038672371));
#1992 = CARTESIAN_POINT('',(-0.126192212903,2.752979164708));
#1993 = CARTESIAN_POINT('',(-0.136253220783,2.701591791703));
#1994 = CARTESIAN_POINT('',(-0.146890844975,2.650028474027));
#1995 = CARTESIAN_POINT('',(-0.158206474895,2.598613858241));
#1996 = CARTESIAN_POINT('',(-0.170314841248,2.547667774254));
#1997 = CARTESIAN_POINT('',(-0.183336846226,2.497528027964));
#1998 = CARTESIAN_POINT('',(-0.197438913213,2.448465337969));
#1999 = CARTESIAN_POINT('',(-0.21270253635,2.401000796067));
#2000 = CARTESIAN_POINT('',(-0.229632590459,2.354721088569));
#2001 = CARTESIAN_POINT('',(-0.247074851273,2.313236115633));
#2002 = CARTESIAN_POINT('',(-0.264694329545,2.276650235657));
#2003 = CARTESIAN_POINT('',(-0.282500076871,2.244321622119));
#2004 = CARTESIAN_POINT('',(-0.30039804387,2.21580494194));
#2005 = CARTESIAN_POINT('',(-0.318287666921,2.19061507318));
#2006 = CARTESIAN_POINT('',(-0.336111953172,2.168229555906));
#2007 = CARTESIAN_POINT('',(-0.353550220212,2.148315071018));
#2008 = CARTESIAN_POINT('',(-0.371638285315,2.129413535868));
#2009 = CARTESIAN_POINT('',(-0.390390458376,2.111344831222));
#2010 = CARTESIAN_POINT('',(-0.409811640657,2.093880986256));
#2011 = CARTESIAN_POINT('',(-0.42990773694,2.07680689469));
#2012 = CARTESIAN_POINT('',(-0.450682522213,2.059903843663));
#2013 = CARTESIAN_POINT('',(-0.472136687836,2.042954682092));
#2014 = CARTESIAN_POINT('',(-0.494270712192,2.025739618353));
#2015 = CARTESIAN_POINT('',(-0.517069352396,2.008047861219));
#2016 = CARTESIAN_POINT('',(-0.540554912562,1.989635258413));
#2017 = CARTESIAN_POINT('',(-0.564582918341,1.970382101464));
#2018 = CARTESIAN_POINT('',(-0.589608921587,1.949696432843));
#2019 = CARTESIAN_POINT('',(-0.615898300798,1.927067937832));
#2020 = CARTESIAN_POINT('',(-0.643340655606,1.902268116719));
#2021 = CARTESIAN_POINT('',(-0.671881969471,1.875019767131));
#2022 = CARTESIAN_POINT('',(-0.701532011157,1.844958682331));
#2023 = CARTESIAN_POINT('',(-0.73189009413,1.8121173757));
#2024 = CARTESIAN_POINT('',(-0.762216050632,1.777067381869));
#2025 = CARTESIAN_POINT('',(-0.792674067692,1.739456307605));
#2026 = CARTESIAN_POINT('',(-0.823151637642,1.699249785006));
#2027 = CARTESIAN_POINT('',(-0.853812257554,1.656028484188));
#2028 = CARTESIAN_POINT('',(-0.883576519329,1.61124393386));
#2029 = CARTESIAN_POINT('',(-0.912411552896,1.5651399399));
#2030 = CARTESIAN_POINT('',(-0.940268922518,1.517957062713));
#2031 = CARTESIAN_POINT('',(-0.967119122594,1.469936732628));
#2032 = CARTESIAN_POINT('',(-0.984334026151,1.437525674716));
#2033 = CARTESIAN_POINT('',(-0.992766304112,1.421260980136));
#2034 = ( GEOMETRIC_REPRESENTATION_CONTEXT(2) 
PARAMETRIC_REPRESENTATION_CONTEXT() REPRESENTATION_CONTEXT('2D SPACE',''
  ) );
#2035 = ORIENTED_EDGE('',*,*,#2036,.T.);
#2036 = EDGE_CURVE('',#1915,#2037,#2039,.T.);
#2037 = VERTEX_POINT('',#2038);
#2038 = CARTESIAN_POINT('',(-7.983422711012,48.868287099212,
    14.212609801358));
#2039 = SURFACE_CURVE('',#2040,(#2044,#2050),.PCURVE_S1.);
#2040 = LINE('',#2041,#2042);
#2041 = CARTESIAN_POINT('',(-19.49999973177,48.868287099212,
    14.212609801358));
#2042 = VECTOR('',#2043,1.);
#2043 = DIRECTION('',(1.,1.665334536938E-16,0.));
#2044 = PCURVE('',#840,#2045);
#2045 = DEFINITIONAL_REPRESENTATION('',(#2046),#2049);
#2046 = B_SPLINE_CURVE_WITH_KNOTS('',1,(#2047,#2048),.UNSPECIFIED.,.F.,
  .F.,(2,2),(9.366932402782,11.516577020767),.PIECEWISE_BEZIER_KNOTS.);
#2047 = CARTESIAN_POINT('',(0.996377797781,0.936693240278));
#2048 = CARTESIAN_POINT('',(0.996377797781,1.151657702077));
#2049 = ( GEOMETRIC_REPRESENTATION_CONTEXT(2) 
PARAMETRIC_REPRESENTATION_CONTEXT() REPRESENTATION_CONTEXT('2D SPACE',''
  ) );
#2050 = PCURVE('',#2051,#2082);
#2051 = B_SPLINE_SURFACE_WITH_KNOTS('',5,1,(
    (#2052,#2053)
    ,(#2054,#2055)
    ,(#2056,#2057)
    ,(#2058,#2059)
    ,(#2060,#2061)
    ,(#2062,#2063)
    ,(#2064,#2065)
    ,(#2066,#2067)
    ,(#2068,#2069)
    ,(#2070,#2071)
    ,(#2072,#2073)
    ,(#2074,#2075)
    ,(#2076,#2077)
    ,(#2078,#2079)
    ,(#2080,#2081
    )),.UNSPECIFIED.,.F.,.F.,.F.,(6,1,1,1,1,1,1,1,1,1,6),(2,2),(
    -0.996377797781,-0.9,-0.8,-0.7,-0.6,-0.5,-0.4,-0.3,-0.2,-0.1,0.),(0.
    ,4.),.UNSPECIFIED.);
#2052 = CARTESIAN_POINT('',(-19.49999973177,48.868287099212,
    14.212609801358));
#2053 = CARTESIAN_POINT('',(20.500000268221,48.868287099212,
    14.212609801358));
#2054 = CARTESIAN_POINT('',(-19.49999973177,48.852890614214,
    13.470167313921));
#2055 = CARTESIAN_POINT('',(20.500000268221,48.852890614214,
    13.470167313921));
#2056 = CARTESIAN_POINT('',(-19.49999973177,48.612864426323,
    12.096312258928));
#2057 = CARTESIAN_POINT('',(20.500000268221,48.612864426323,
    12.096312258928));
#2058 = CARTESIAN_POINT('',(-19.49999973177,47.611029316029,
    10.448295946837));
#2059 = CARTESIAN_POINT('',(20.500000268221,47.611029316029,
    10.448295946837));
#2060 = CARTESIAN_POINT('',(-19.49999973177,45.097606115989,
    9.000143599816));
#2061 = CARTESIAN_POINT('',(20.500000268221,45.097606115989,
    9.000143599816));
#2062 = CARTESIAN_POINT('',(-19.49999973177,40.610105020815,
    7.913370367242));
#2063 = CARTESIAN_POINT('',(20.500000268221,40.610105020815,
    7.913370367242));
#2064 = CARTESIAN_POINT('',(-19.49999973177,35.500269664855,
    6.91437497967));
#2065 = CARTESIAN_POINT('',(20.500000268221,35.500269664855,
    6.91437497967));
#2066 = CARTESIAN_POINT('',(-19.49999973177,30.514769593955,
    5.465779234631));
#2067 = CARTESIAN_POINT('',(20.500000268221,30.514769593955,
    5.465779234631));
#2068 = CARTESIAN_POINT('',(-19.49999973177,26.115809050115,
    3.320812637511));
#2069 = CARTESIAN_POINT('',(20.500000268221,26.115809050115,
    3.320812637511));
#2070 = CARTESIAN_POINT('',(-19.49999973177,22.335097200011,
    0.720256987689));
#2071 = CARTESIAN_POINT('',(20.500000268221,22.335097200011,
    0.720256987689));
#2072 = CARTESIAN_POINT('',(-19.49999973177,18.954424765572,
    -1.826444664151));
#2073 = CARTESIAN_POINT('',(20.500000268221,18.954424765572,
    -1.826444664151));
#2074 = CARTESIAN_POINT('',(-19.49999973177,16.305421678964,
    -3.337282109779));
#2075 = CARTESIAN_POINT('',(20.500000268221,16.305421678964,
    -3.337282109779));
#2076 = CARTESIAN_POINT('',(-19.49999973177,14.211825268763,
    -3.940684881034));
#2077 = CARTESIAN_POINT('',(20.500000268221,14.211825268763,
    -3.940684881034));
#2078 = CARTESIAN_POINT('',(-19.49999973177,12.748536010793,
    -4.074780881569));
#2079 = CARTESIAN_POINT('',(20.500000268221,12.748536010793,
    -4.074780881569));
#2080 = CARTESIAN_POINT('',(-19.49999973177,12.000000178814,
    -4.074780881569));
#2081 = CARTESIAN_POINT('',(20.500000268221,12.000000178814,
    -4.074780881569));
#2082 = DEFINITIONAL_REPRESENTATION('',(#2083),#2086);
#2083 = B_SPLINE_CURVE_WITH_KNOTS('',1,(#2084,#2085),.UNSPECIFIED.,.F.,
  .F.,(2,2),(9.366932402782,11.516577020767),.PIECEWISE_BEZIER_KNOTS.);
#2084 = CARTESIAN_POINT('',(-0.996377797781,0.936693240278));
#2085 = CARTESIAN_POINT('',(-0.996377797781,1.151657702077));
#2086 = ( GEOMETRIC_REPRESENTATION_CONTEXT(2) 
PARAMETRIC_REPRESENTATION_CONTEXT() REPRESENTATION_CONTEXT('2D SPACE',''
  ) );
#2087 = ORIENTED_EDGE('',*,*,#2088,.T.);
#2088 = EDGE_CURVE('',#2037,#1838,#2089,.T.);
#2089 = SURFACE_CURVE('',#2090,(#2101,#2130),.PCURVE_S1.);
#2090 = B_SPLINE_CURVE_WITH_KNOTS('',3,(#2091,#2092,#2093,#2094,#2095,
    #2096,#2097,#2098,#2099,#2100),.UNSPECIFIED.,.F.,.F.,(4,2,2,2,4),(0.
    ,0.203450572783,0.375686544097,0.58703144759,0.790526115303),
  .UNSPECIFIED.);
#2091 = CARTESIAN_POINT('',(-7.983422711012,48.868287099212,
    14.212609801358));
#2092 = CARTESIAN_POINT('',(-7.983422711012,48.854226524759,
    14.890632601597));
#2093 = CARTESIAN_POINT('',(-7.983422711012,48.736546144542,
    15.555178913539));
#2094 = CARTESIAN_POINT('',(-7.983422711012,48.235583084115,
    16.705263718112));
#2095 = CARTESIAN_POINT('',(-7.983422711012,47.912181681346,
    17.165703274788));
#2096 = CARTESIAN_POINT('',(-7.983422711012,47.006425762607,
    18.071374535989));
#2097 = CARTESIAN_POINT('',(-7.983422711012,46.405070307686,
    18.46547492407));
#2098 = CARTESIAN_POINT('',(-7.983422711012,45.176424467517,
    19.095632161979));
#2099 = CARTESIAN_POINT('',(-7.983422711012,44.519342434249,
    19.352449267318));
#2100 = CARTESIAN_POINT('',(-7.983422711012,43.86973369924,
    19.569413869178));
#2101 = PCURVE('',#840,#2102);
#2102 = DEFINITIONAL_REPRESENTATION('',(#2103),#2129);
#2103 = B_SPLINE_CURVE_WITH_KNOTS('',3,(#2104,#2105,#2106,#2107,#2108,
    #2109,#2110,#2111,#2112,#2113,#2114,#2115,#2116,#2117,#2118,#2119,
    #2120,#2121,#2122,#2123,#2124,#2125,#2126,#2127,#2128),
  .UNSPECIFIED.,.F.,.F.,(4,1,1,1,1,1,1,1,1,1,1,1,1,1,1,1,1,1,1,1,1,1,4),
  (0.,3.593300524104E-02,7.186601048207E-02,0.107799015723,
    0.143732020964,0.179665026205,0.215598031446,0.251531036687,
    0.287464041928,0.323397047169,0.35933005241,0.395263057651,
    0.431196062892,0.467129068133,0.503062073375,0.538995078616,
    0.574928083857,0.610861089098,0.646794094339,0.68272709958,
    0.718660104821,0.754593110062,0.790526115303),
  .QUASI_UNIFORM_KNOTS.);
#2104 = CARTESIAN_POINT('',(0.996377797781,1.151657702077));
#2105 = CARTESIAN_POINT('',(0.99326878575,1.151657702077));
#2106 = CARTESIAN_POINT('',(0.986962100184,1.151657702077));
#2107 = CARTESIAN_POINT('',(0.977231814176,1.151657702077));
#2108 = CARTESIAN_POINT('',(0.967228618259,1.151657702077));
#2109 = CARTESIAN_POINT('',(0.956944187031,1.151657702077));
#2110 = CARTESIAN_POINT('',(0.946393530162,1.151657702077));
#2111 = CARTESIAN_POINT('',(0.935508154496,1.151657702077));
#2112 = CARTESIAN_POINT('',(0.924644018061,1.151657702077));
#2113 = CARTESIAN_POINT('',(0.91381087111,1.151657702077));
#2114 = CARTESIAN_POINT('',(0.902997458461,1.151657702077));
#2115 = CARTESIAN_POINT('',(0.892203441904,1.151657702077));
#2116 = CARTESIAN_POINT('',(0.881407312495,1.151657702077));
#2117 = CARTESIAN_POINT('',(0.870820441356,1.151657702077));
#2118 = CARTESIAN_POINT('',(0.860436606085,1.151657702077));
#2119 = CARTESIAN_POINT('',(0.85027907236,1.151657702077));
#2120 = CARTESIAN_POINT('',(0.840361280572,1.151657702077));
#2121 = CARTESIAN_POINT('',(0.830701751663,1.151657702077));
#2122 = CARTESIAN_POINT('',(0.821305195332,1.151657702077));
#2123 = CARTESIAN_POINT('',(0.81200092107,1.151657702077));
#2124 = CARTESIAN_POINT('',(0.802852116091,1.151657702077));
#2125 = CARTESIAN_POINT('',(0.793873260112,1.151657702077));
#2126 = CARTESIAN_POINT('',(0.785090340682,1.151657702077));
#2127 = CARTESIAN_POINT('',(0.77938005244,1.151657702077));
#2128 = CARTESIAN_POINT('',(0.776564959204,1.151657702077));
#2129 = ( GEOMETRIC_REPRESENTATION_CONTEXT(2) 
PARAMETRIC_REPRESENTATION_CONTEXT() REPRESENTATION_CONTEXT('2D SPACE',''
  ) );
#2130 = PCURVE('',#2131,#2136);
#2131 = PLANE('',#2132);
#2132 = AXIS2_PLACEMENT_3D('',#2133,#2134,#2135);
#2133 = CARTESIAN_POINT('',(-7.983422711012,43.86973369924,
    9.750245807707E-48));
#2134 = DIRECTION('',(1.,7.115968764149E-46,0.));
#2135 = DIRECTION('',(-7.115968764149E-46,1.,0.));
#2136 = DEFINITIONAL_REPRESENTATION('',(#2137),#2148);
#2137 = B_SPLINE_CURVE_WITH_KNOTS('',3,(#2138,#2139,#2140,#2141,#2142,
    #2143,#2144,#2145,#2146,#2147),.UNSPECIFIED.,.F.,.F.,(4,2,2,2,4),(0.
    ,0.203450572783,0.375686544097,0.58703144759,0.790526115303),
  .UNSPECIFIED.);
#2138 = CARTESIAN_POINT('',(4.998553399972,14.212609801358));
#2139 = CARTESIAN_POINT('',(4.984492825519,14.890632601597));
#2140 = CARTESIAN_POINT('',(4.866812445302,15.555178913539));
#2141 = CARTESIAN_POINT('',(4.365849384875,16.705263718112));
#2142 = CARTESIAN_POINT('',(4.042447982106,17.165703274788));
#2143 = CARTESIAN_POINT('',(3.136692063367,18.071374535989));
#2144 = CARTESIAN_POINT('',(2.535336608447,18.46547492407));
#2145 = CARTESIAN_POINT('',(1.306690768277,19.095632161979));
#2146 = CARTESIAN_POINT('',(0.649608735009,19.352449267318));
#2147 = CARTESIAN_POINT('',(0.,19.569413869178));
#2148 = ( GEOMETRIC_REPRESENTATION_CONTEXT(2) 
PARAMETRIC_REPRESENTATION_CONTEXT() REPRESENTATION_CONTEXT('2D SPACE',''
  ) );
#2149 = ADVANCED_FACE('',(#2150),#2051,.F.);
#2150 = FACE_BOUND('',#2151,.F.);
#2151 = EDGE_LOOP('',(#2152,#2153,#2275,#2300,#2374));
#2152 = ORIENTED_EDGE('',*,*,#2036,.F.);
#2153 = ORIENTED_EDGE('',*,*,#2154,.T.);
#2154 = EDGE_CURVE('',#1915,#2155,#2157,.T.);
#2155 = VERTEX_POINT('',#2156);
#2156 = CARTESIAN_POINT('',(-19.38455877993,21.394379375954,
    -8.777067109404E-48));
#2157 = SURFACE_CURVE('',#2158,(#2173,#2224),.PCURVE_S1.);
#2158 = B_SPLINE_CURVE_WITH_KNOTS('',3,(#2159,#2160,#2161,#2162,#2163,
    #2164,#2165,#2166,#2167,#2168,#2169,#2170,#2171,#2172),
  .UNSPECIFIED.,.F.,.F.,(4,2,2,2,2,2,4),(-2.96425421021,-2.689972079603,
    -2.430188908708,-2.083361665621,-1.31641271592,-0.734925798344,0.),
  .UNSPECIFIED.);
#2159 = CARTESIAN_POINT('',(-10.13306732899,48.868287099212,
    14.212609801358));
#2160 = CARTESIAN_POINT('',(-10.80817267168,48.855169322693,
    13.580050186019));
#2161 = CARTESIAN_POINT('',(-11.49430114212,48.751779856343,
    12.953843143629));
#2162 = CARTESIAN_POINT('',(-12.79915818604,48.286528329835,
    11.799027094052));
#2163 = CARTESIAN_POINT('',(-13.40274550097,47.944774677425,
    11.28182807013));
#2164 = CARTESIAN_POINT('',(-14.72149636778,46.822271757779,
    10.184519670355));
#2165 = CARTESIAN_POINT('',(-15.34183683982,45.987333426019,
    9.694252736416));
#2166 = CARTESIAN_POINT('',(-17.01064826453,42.881211427951,
    8.383905811033));
#2167 = CARTESIAN_POINT('',(-17.70129389198,40.032062651197,
    7.856712438821));
#2168 = CARTESIAN_POINT('',(-18.52325082858,34.963341712553,
    6.689649123587));
#2169 = CARTESIAN_POINT('',(-18.80742860116,32.312237826181,
    6.033766222275));
#2170 = CARTESIAN_POINT('',(-19.25844565666,25.949201691836,
    3.297688905697));
#2171 = CARTESIAN_POINT('',(-19.33022978729,23.392800888791,
    1.415855896052));
#2172 = CARTESIAN_POINT('',(-19.38455877993,21.394379375954,
    8.066464163292E-16));
#2173 = PCURVE('',#2051,#2174);
#2174 = DEFINITIONAL_REPRESENTATION('',(#2175),#2223);
#2175 = B_SPLINE_CURVE_WITH_KNOTS('',3,(#2176,#2177,#2178,#2179,#2180,
    #2181,#2182,#2183,#2184,#2185,#2186,#2187,#2188,#2189,#2190,#2191,
    #2192,#2193,#2194,#2195,#2196,#2197,#2198,#2199,#2200,#2201,#2202,
    #2203,#2204,#2205,#2206,#2207,#2208,#2209,#2210,#2211,#2212,#2213,
    #2214,#2215,#2216,#2217,#2218,#2219,#2220,#2221,#2222),
  .UNSPECIFIED.,.F.,.F.,(4,1,1,1,1,1,1,1,1,1,1,1,1,1,1,1,1,1,1,1,1,1,1,1
    ,1,1,1,1,1,1,1,1,1,1,1,1,1,1,1,1,1,1,1,1,4),(-2.96425421021,
    -2.896884796342,-2.829515382473,-2.762145968605,-2.694776554736,
    -2.627407140868,-2.560037727,-2.492668313131,-2.425298899263,
    -2.357929485394,-2.290560071526,-2.223190657658,-2.155821243789,
    -2.088451829921,-2.021082416052,-1.953713002184,-1.886343588316,
    -1.818974174447,-1.751604760579,-1.68423534671,-1.616865932842,
    -1.549496518973,-1.482127105105,-1.414757691237,-1.347388277368,
    -1.2800188635,-1.212649449631,-1.145280035763,-1.077910621895,
    -1.010541208026,-0.943171794158,-0.875802380289,-0.808432966421,
    -0.741063552553,-0.673694138684,-0.606324724816,-0.538955310947,
    -0.471585897079,-0.40421648321,-0.336847069342,-0.269477655474,
    -0.202108241605,-0.134738827737,-6.736941386841E-02,0.),
  .UNSPECIFIED.);
#2176 = CARTESIAN_POINT('',(-0.996377797781,0.936693240278));
#2177 = CARTESIAN_POINT('',(-0.992344073689,0.92011124453));
#2178 = CARTESIAN_POINT('',(-0.984110609261,0.886815170862));
#2179 = CARTESIAN_POINT('',(-0.971253754444,0.836706666268));
#2180 = CARTESIAN_POINT('',(-0.957890567239,0.786698812945));
#2181 = CARTESIAN_POINT('',(-0.943990100107,0.736940480961));
#2182 = CARTESIAN_POINT('',(-0.929647512831,0.688012048612));
#2183 = CARTESIAN_POINT('',(-0.914979555538,0.640508806202));
#2184 = CARTESIAN_POINT('',(-0.899947414171,0.594449889252));
#2185 = CARTESIAN_POINT('',(-0.884432062205,0.549657207692));
#2186 = CARTESIAN_POINT('',(-0.868810036948,0.507330309088));
#2187 = CARTESIAN_POINT('',(-0.853323970718,0.468020459926));
#2188 = CARTESIAN_POINT('',(-0.837901965512,0.43139746256));
#2189 = CARTESIAN_POINT('',(-0.822553230931,0.397360838262));
#2190 = CARTESIAN_POINT('',(-0.807277410118,0.365772696768));
#2191 = CARTESIAN_POINT('',(-0.792032038245,0.336415075033));
#2192 = CARTESIAN_POINT('',(-0.776761410658,0.309065420664));
#2193 = CARTESIAN_POINT('',(-0.761487893351,0.283661282517));
#2194 = CARTESIAN_POINT('',(-0.746210953394,0.260098035139));
#2195 = CARTESIAN_POINT('',(-0.730934419775,0.238282350542));
#2196 = CARTESIAN_POINT('',(-0.715659866898,0.218117885186));
#2197 = CARTESIAN_POINT('',(-0.700388882374,0.199509060281));
#2198 = CARTESIAN_POINT('',(-0.685123428588,0.182360253578));
#2199 = CARTESIAN_POINT('',(-0.669864543408,0.166575251927));
#2200 = CARTESIAN_POINT('',(-0.654619177198,0.152060249233));
#2201 = CARTESIAN_POINT('',(-0.639375760191,0.138712402078));
#2202 = CARTESIAN_POINT('',(-0.624196326744,0.12646260929));
#2203 = CARTESIAN_POINT('',(-0.608253269874,0.114724162103));
#2204 = CARTESIAN_POINT('',(-0.591654402272,0.103589402168));
#2205 = CARTESIAN_POINT('',(-0.574367016846,9.305098886469E-02));
#2206 = CARTESIAN_POINT('',(-0.556384580098,8.312812252834E-02));
#2207 = CARTESIAN_POINT('',(-0.537687552001,7.383352194089E-02));
#2208 = CARTESIAN_POINT('',(-0.518237342915,6.517929114173E-02));
#2209 = CARTESIAN_POINT('',(-0.498045321864,5.718647469404E-02));
#2210 = CARTESIAN_POINT('',(-0.476909628567,4.984096980831E-02));
#2211 = CARTESIAN_POINT('',(-0.45540521397,4.326032258212E-02));
#2212 = CARTESIAN_POINT('',(-0.434642377419,3.755753857299E-02));
#2213 = CARTESIAN_POINT('',(-0.41431962447,3.260858681788E-02));
#2214 = CARTESIAN_POINT('',(-0.394514153623,2.835144165585E-02));
#2215 = CARTESIAN_POINT('',(-0.375208246745,2.470746315532E-02));
#2216 = CARTESIAN_POINT('',(-0.356414592376,2.160246316516E-02));
#2217 = CARTESIAN_POINT('',(-0.338142270952,1.89610606831E-02));
#2218 = CARTESIAN_POINT('',(-0.320406031023,1.670819433093E-02));
#2219 = CARTESIAN_POINT('',(-0.303224307085,1.476871708535E-02));
#2220 = CARTESIAN_POINT('',(-0.286619595443,1.306750487944E-02));
#2221 = CARTESIAN_POINT('',(-0.275952930962,1.204211993698E-02));
#2222 = CARTESIAN_POINT('',(-0.270724753725,1.154409518418E-02));
#2223 = ( GEOMETRIC_REPRESENTATION_CONTEXT(2) 
PARAMETRIC_REPRESENTATION_CONTEXT() REPRESENTATION_CONTEXT('2D SPACE',''
  ) );
#2224 = PCURVE('',#900,#2225);
#2225 = DEFINITIONAL_REPRESENTATION('',(#2226),#2274);
#2226 = B_SPLINE_CURVE_WITH_KNOTS('',3,(#2227,#2228,#2229,#2230,#2231,
    #2232,#2233,#2234,#2235,#2236,#2237,#2238,#2239,#2240,#2241,#2242,
    #2243,#2244,#2245,#2246,#2247,#2248,#2249,#2250,#2251,#2252,#2253,
    #2254,#2255,#2256,#2257,#2258,#2259,#2260,#2261,#2262,#2263,#2264,
    #2265,#2266,#2267,#2268,#2269,#2270,#2271,#2272,#2273),
  .UNSPECIFIED.,.F.,.F.,(4,1,1,1,1,1,1,1,1,1,1,1,1,1,1,1,1,1,1,1,1,1,1,1
    ,1,1,1,1,1,1,1,1,1,1,1,1,1,1,1,1,1,1,1,1,4),(-2.96425421021,
    -2.896884796342,-2.829515382473,-2.762145968605,-2.694776554736,
    -2.627407140868,-2.560037727,-2.492668313131,-2.425298899263,
    -2.357929485394,-2.290560071526,-2.223190657658,-2.155821243789,
    -2.088451829921,-2.021082416052,-1.953713002184,-1.886343588316,
    -1.818974174447,-1.751604760579,-1.68423534671,-1.616865932842,
    -1.549496518973,-1.482127105105,-1.414757691237,-1.347388277368,
    -1.2800188635,-1.212649449631,-1.145280035763,-1.077910621895,
    -1.010541208026,-0.943171794158,-0.875802380289,-0.808432966421,
    -0.741063552553,-0.673694138684,-0.606324724816,-0.538955310947,
    -0.471585897079,-0.40421648321,-0.336847069342,-0.269477655474,
    -0.202108241605,-0.134738827737,-6.736941386841E-02,0.),
  .UNSPECIFIED.);
#2227 = CARTESIAN_POINT('',(-0.992766304111,1.421260980136));
#2228 = CARTESIAN_POINT('',(-0.984711287784,1.405723996218));
#2229 = CARTESIAN_POINT('',(-0.968267910846,1.374727498346));
#2230 = CARTESIAN_POINT('',(-0.942624140524,1.328695795837));
#2231 = CARTESIAN_POINT('',(-0.916039038925,1.283387303396));
#2232 = CARTESIAN_POINT('',(-0.888493819744,1.238958827033));
#2233 = CARTESIAN_POINT('',(-0.860222539937,1.195951080427));
#2234 = CARTESIAN_POINT('',(-0.831524261638,1.15485200577));
#2235 = CARTESIAN_POINT('',(-0.802393496031,1.115629838547));
#2236 = CARTESIAN_POINT('',(-0.772679166014,1.078104878881));
#2237 = CARTESIAN_POINT('',(-0.743186573175,1.043218485314));
#2238 = CARTESIAN_POINT('',(-0.714431716421,1.01129712395));
#2239 = CARTESIAN_POINT('',(-0.686324408372,0.981948369658));
#2240 = CARTESIAN_POINT('',(-0.658925391667,0.954967282552));
#2241 = CARTESIAN_POINT('',(-0.632268799068,0.930117873003));
#2242 = CARTESIAN_POINT('',(-0.606311229591,0.907100865103));
#2243 = CARTESIAN_POINT('',(-0.580990013479,0.885607244713));
#2244 = CARTESIAN_POINT('',(-0.556370626982,0.865455378556));
#2245 = CARTESIAN_POINT('',(-0.532472645215,0.846430080813));
#2246 = CARTESIAN_POINT('',(-0.509317021796,0.828325148355));
#2247 = CARTESIAN_POINT('',(-0.486915123655,0.810931999831));
#2248 = CARTESIAN_POINT('',(-0.465273283733,0.794042584087));
#2249 = CARTESIAN_POINT('',(-0.444393634571,0.777449107405));
#2250 = CARTESIAN_POINT('',(-0.424273653665,0.760942216129));
#2251 = CARTESIAN_POINT('',(-0.404913626967,0.744318538914));
#2252 = CARTESIAN_POINT('',(-0.386292715423,0.727352335109));
#2253 = CARTESIAN_POINT('',(-0.368461741838,0.709901358982));
#2254 = CARTESIAN_POINT('',(-0.350479661689,0.690963313237));
#2255 = CARTESIAN_POINT('',(-0.33256775285,0.670236214377));
#2256 = CARTESIAN_POINT('',(-0.314765283662,0.647328027085));
#2257 = CARTESIAN_POINT('',(-0.297144387564,0.621868975698));
#2258 = CARTESIAN_POINT('',(-0.279757830054,0.59349029776));
#2259 = CARTESIAN_POINT('',(-0.26264112612,0.56179691833));
#2260 = CARTESIAN_POINT('',(-0.245864360139,0.526497999199));
#2261 = CARTESIAN_POINT('',(-0.229330486974,0.486912067722));
#2262 = CARTESIAN_POINT('',(-0.213537424463,0.443815952262));
#2263 = CARTESIAN_POINT('',(-0.199190714495,0.399712880475));
#2264 = CARTESIAN_POINT('',(-0.185930988318,0.354430461292));
#2265 = CARTESIAN_POINT('',(-0.173702425077,0.308495606177));
#2266 = CARTESIAN_POINT('',(-0.162388228023,0.262247849044));
#2267 = CARTESIAN_POINT('',(-0.151904508347,0.216076931468));
#2268 = CARTESIAN_POINT('',(-0.142172164773,0.170359141925));
#2269 = CARTESIAN_POINT('',(-0.133122021819,0.12547437364));
#2270 = CARTESIAN_POINT('',(-0.124691702557,8.180155392603E-02));
#2271 = CARTESIAN_POINT('',(-0.116824423902,3.971986900148E-02));
#2272 = CARTESIAN_POINT('',(-0.111921481082,1.297891325275E-02));
#2273 = CARTESIAN_POINT('',(-0.109546809765,0.));
#2274 = ( GEOMETRIC_REPRESENTATION_CONTEXT(2) 
PARAMETRIC_REPRESENTATION_CONTEXT() REPRESENTATION_CONTEXT('2D SPACE',''
  ) );
#2275 = ORIENTED_EDGE('',*,*,#2276,.T.);
#2276 = EDGE_CURVE('',#2155,#2277,#2279,.T.);
#2277 = VERTEX_POINT('',#2278);
#2278 = CARTESIAN_POINT('',(-12.33620331951,21.394379375954,
    2.67679909979E-48));
#2279 = SURFACE_CURVE('',#2280,(#2285,#2292),.PCURVE_S1.);
#2280 = B_SPLINE_CURVE_WITH_KNOTS('',3,(#2281,#2282,#2283,#2284),
  .UNSPECIFIED.,.F.,.F.,(4,4),(1.154409518418E-02,0.716379641227),
  .PIECEWISE_BEZIER_KNOTS.);
#2281 = CARTESIAN_POINT('',(-19.38455877993,21.394379375954,
    -8.777067109404E-48));
#2282 = CARTESIAN_POINT('',(-17.03510695979,21.394379375954,
    -8.777067109404E-48));
#2283 = CARTESIAN_POINT('',(-14.68565513965,21.394379375954,
    -2.532602666207E-17));
#2284 = CARTESIAN_POINT('',(-12.33620331951,21.394379375954,
    2.67679909979E-48));
#2285 = PCURVE('',#2051,#2286);
#2286 = DEFINITIONAL_REPRESENTATION('',(#2287),#2291);
#2287 = LINE('',#2288,#2289);
#2288 = CARTESIAN_POINT('',(-0.270724753725,-3.913536161804E-15));
#2289 = VECTOR('',#2290,1.);
#2290 = DIRECTION('',(1.575151864657E-16,1.));
#2291 = ( GEOMETRIC_REPRESENTATION_CONTEXT(2) 
PARAMETRIC_REPRESENTATION_CONTEXT() REPRESENTATION_CONTEXT('2D SPACE',''
  ) );
#2292 = PCURVE('',#100,#2293);
#2293 = DEFINITIONAL_REPRESENTATION('',(#2294),#2299);
#2294 = B_SPLINE_CURVE_WITH_KNOTS('',3,(#2295,#2296,#2297,#2298),
  .UNSPECIFIED.,.F.,.F.,(4,4),(1.154409518418E-02,0.716379641227),
  .PIECEWISE_BEZIER_KNOTS.);
#2295 = CARTESIAN_POINT('',(-20.13455904815,25.394379167361));
#2296 = CARTESIAN_POINT('',(-17.78510722801,25.394379167361));
#2297 = CARTESIAN_POINT('',(-15.43565540787,25.394379167361));
#2298 = CARTESIAN_POINT('',(-13.08620358773,25.394379167361));
#2299 = ( GEOMETRIC_REPRESENTATION_CONTEXT(2) 
PARAMETRIC_REPRESENTATION_CONTEXT() REPRESENTATION_CONTEXT('2D SPACE',''
  ) );
#2300 = ORIENTED_EDGE('',*,*,#2301,.T.);
#2301 = EDGE_CURVE('',#2277,#2302,#2304,.T.);
#2302 = VERTEX_POINT('',#2303);
#2303 = CARTESIAN_POINT('',(-7.983422711012,43.86973369924,8.85580573354
    ));
#2304 = SURFACE_CURVE('',#2305,(#2316,#2345),.PCURVE_S1.);
#2305 = B_SPLINE_CURVE_WITH_KNOTS('',3,(#2306,#2307,#2308,#2309,#2310,
    #2311,#2312,#2313,#2314,#2315),.UNSPECIFIED.,.F.,.F.,(4,2,2,2,4),(0.
    ,0.651952514061,1.385825482089,2.716136044415,3.105984111258),
  .UNSPECIFIED.);
#2306 = CARTESIAN_POINT('',(-12.33620331951,21.394379375954,
    7.806255641896E-17));
#2307 = CARTESIAN_POINT('',(-12.88739770844,23.109629739272,
    1.21523278473));
#2308 = CARTESIAN_POINT('',(-13.10089258223,25.10299996968,
    2.625498162585));
#2309 = CARTESIAN_POINT('',(-12.72682941335,29.876094840687,
    5.123031089297));
#2310 = CARTESIAN_POINT('',(-12.05908678028,32.013263747673,
    5.819331935783));
#2311 = CARTESIAN_POINT('',(-10.24982083575,36.486785932453,
    7.125841773332));
#2312 = CARTESIAN_POINT('',(-8.766583193009,38.594261267036,
    7.472798898284));
#2313 = CARTESIAN_POINT('',(-8.052106528995,42.238281192049,
    8.365908678302));
#2314 = CARTESIAN_POINT('',(-7.983422711012,43.063116603319,
    8.586401478889));
#2315 = CARTESIAN_POINT('',(-7.983422711012,43.86973369924,8.85580573354
    ));
#2316 = PCURVE('',#2051,#2317);
#2317 = DEFINITIONAL_REPRESENTATION('',(#2318),#2344);
#2318 = B_SPLINE_CURVE_WITH_KNOTS('',3,(#2319,#2320,#2321,#2322,#2323,
    #2324,#2325,#2326,#2327,#2328,#2329,#2330,#2331,#2332,#2333,#2334,
    #2335,#2336,#2337,#2338,#2339,#2340,#2341,#2342,#2343),
  .UNSPECIFIED.,.F.,.F.,(4,1,1,1,1,1,1,1,1,1,1,1,1,1,1,1,1,1,1,1,1,1,4),
  (0.,0.141181095966,0.282362191933,0.423543287899,0.564724383865,
    0.705905479831,0.847086575798,0.988267671764,1.12944876773,
    1.270629863696,1.411810959663,1.552992055629,1.694173151595,
    1.835354247561,1.976535343528,2.117716439494,2.25889753546,
    2.400078631426,2.541259727393,2.682440823359,2.823621919325,
    2.964803015291,3.105984111258),.QUASI_UNIFORM_KNOTS.);
#2319 = CARTESIAN_POINT('',(-0.270724753725,0.716379641227));
#2320 = CARTESIAN_POINT('',(-0.281329354906,0.70444346087));
#2321 = CARTESIAN_POINT('',(-0.302967378577,0.683739161062));
#2322 = CARTESIAN_POINT('',(-0.336360439925,0.662494988714));
#2323 = CARTESIAN_POINT('',(-0.370384649205,0.651400576078));
#2324 = CARTESIAN_POINT('',(-0.404575667895,0.650690548525));
#2325 = CARTESIAN_POINT('',(-0.439336643464,0.660981571642));
#2326 = CARTESIAN_POINT('',(-0.470515237141,0.681097634905));
#2327 = CARTESIAN_POINT('',(-0.49848251347,0.708680055995));
#2328 = CARTESIAN_POINT('',(-0.523435083328,0.741639759762));
#2329 = CARTESIAN_POINT('',(-0.545647278651,0.778025933552));
#2330 = CARTESIAN_POINT('',(-0.564907879592,0.815065107559));
#2331 = CARTESIAN_POINT('',(-0.582654353671,0.853416913023));
#2332 = CARTESIAN_POINT('',(-0.599575553318,0.893031199342));
#2333 = CARTESIAN_POINT('',(-0.615838123652,0.932786677114));
#2334 = CARTESIAN_POINT('',(-0.631739108373,0.971848915963));
#2335 = CARTESIAN_POINT('',(-0.647537830037,1.009307188215));
#2336 = CARTESIAN_POINT('',(-0.663507491377,1.044269096356));
#2337 = CARTESIAN_POINT('',(-0.679935420628,1.075845219526));
#2338 = CARTESIAN_POINT('',(-0.697118947746,1.103115900097));
#2339 = CARTESIAN_POINT('',(-0.715446307049,1.125279450855));
#2340 = CARTESIAN_POINT('',(-0.735167474243,1.141092539697));
#2341 = CARTESIAN_POINT('',(-0.755366795612,1.149842217876));
#2342 = CARTESIAN_POINT('',(-0.769403052471,1.151661419342));
#2343 = CARTESIAN_POINT('',(-0.776564959204,1.151657702077));
#2344 = ( GEOMETRIC_REPRESENTATION_CONTEXT(2) 
PARAMETRIC_REPRESENTATION_CONTEXT() REPRESENTATION_CONTEXT('2D SPACE',''
  ) );
#2345 = PCURVE('',#784,#2346);
#2346 = DEFINITIONAL_REPRESENTATION('',(#2347),#2373);
#2347 = B_SPLINE_CURVE_WITH_KNOTS('',3,(#2348,#2349,#2350,#2351,#2352,
    #2353,#2354,#2355,#2356,#2357,#2358,#2359,#2360,#2361,#2362,#2363,
    #2364,#2365,#2366,#2367,#2368,#2369,#2370,#2371,#2372),
  .UNSPECIFIED.,.F.,.F.,(4,1,1,1,1,1,1,1,1,1,1,1,1,1,1,1,1,1,1,1,1,1,4),
  (0.,0.141181095966,0.282362191933,0.423543287899,0.564724383865,
    0.705905479831,0.847086575798,0.988267671764,1.12944876773,
    1.270629863696,1.411810959663,1.552992055629,1.694173151595,
    1.835354247561,1.976535343528,2.117716439494,2.25889753546,
    2.400078631426,2.541259727393,2.682440823359,2.823621919325,
    2.964803015291,3.105984111258),.QUASI_UNIFORM_KNOTS.);
#2348 = CARTESIAN_POINT('',(0.352712882944,0.));
#2349 = CARTESIAN_POINT('',(0.364140212963,2.631601116678E-02));
#2350 = CARTESIAN_POINT('',(0.386530678644,8.078004585293E-02));
#2351 = CARTESIAN_POINT('',(0.419307158643,0.165324582949));
#2352 = CARTESIAN_POINT('',(0.451852013818,0.250171727355));
#2353 = CARTESIAN_POINT('',(0.484763035817,0.332419741498));
#2354 = CARTESIAN_POINT('',(0.519609877177,0.410488652829));
#2355 = CARTESIAN_POINT('',(0.552897622385,0.47491550981));
#2356 = CARTESIAN_POINT('',(0.584997850602,0.527871369652));
#2357 = CARTESIAN_POINT('',(0.615930048405,0.570886249978));
#2358 = CARTESIAN_POINT('',(0.64562211054,0.605780101973));
#2359 = CARTESIAN_POINT('',(0.673156779564,0.633854182162));
#2360 = CARTESIAN_POINT('',(0.700024987517,0.658370962859));
#2361 = CARTESIAN_POINT('',(0.726975647312,0.680341045849));
#2362 = CARTESIAN_POINT('',(0.753943798521,0.700256405234));
#2363 = CARTESIAN_POINT('',(0.781053457954,0.718747895828));
#2364 = CARTESIAN_POINT('',(0.808352379302,0.736409477276));
#2365 = CARTESIAN_POINT('',(0.835880212349,0.753843809197));
#2366 = CARTESIAN_POINT('',(0.863656028614,0.771655646471));
#2367 = CARTESIAN_POINT('',(0.891657911398,0.790432662967));
#2368 = CARTESIAN_POINT('',(0.919953043559,0.810828761337));
#2369 = CARTESIAN_POINT('',(0.948294857937,0.833250010112));
#2370 = CARTESIAN_POINT('',(0.974955198771,0.857584836016));
#2371 = CARTESIAN_POINT('',(0.991829947974,0.875827180599));
#2372 = CARTESIAN_POINT('',(1.,0.885580573354));
#2373 = ( GEOMETRIC_REPRESENTATION_CONTEXT(2) 
PARAMETRIC_REPRESENTATION_CONTEXT() REPRESENTATION_CONTEXT('2D SPACE',''
  ) );
#2374 = ORIENTED_EDGE('',*,*,#2375,.T.);
#2375 = EDGE_CURVE('',#2302,#2037,#2376,.T.);
#2376 = SURFACE_CURVE('',#2377,(#2418,#2424),.PCURVE_S1.);
#2377 = B_SPLINE_CURVE_WITH_KNOTS('',3,(#2378,#2379,#2380,#2381,#2382,
    #2383,#2384,#2385,#2386,#2387,#2388,#2389,#2390,#2391,#2392,#2393,
    #2394,#2395,#2396,#2397,#2398,#2399,#2400,#2401,#2402,#2403,#2404,
    #2405,#2406,#2407,#2408,#2409,#2410,#2411,#2412,#2413,#2414,#2415,
    #2416,#2417),.UNSPECIFIED.,.F.,.F.,(4,3,3,3,3,3,3,3,3,3,3,3,3,4),(
    5.318913161608E-02,0.149929283357,0.238260412069,0.321042647518,
    0.399895117091,0.476821236168,0.549181039616,0.619722952716,
    0.688561199298,0.755902508214,0.821250837405,0.885642677008,
    0.950473373358,1.015304069708),.UNSPECIFIED.);
#2378 = CARTESIAN_POINT('',(-7.983422711012,43.869733699233,
    8.855805733537));
#2379 = CARTESIAN_POINT('',(-7.983422711012,44.16992931424,
    8.956068889773));
#2380 = CARTESIAN_POINT('',(-7.983422711012,44.460583255309,
    9.061069651951));
#2381 = CARTESIAN_POINT('',(-7.983422711012,44.740395660327,
    9.171902486609));
#2382 = CARTESIAN_POINT('',(-7.983422711012,44.995885703685,
    9.273101308478));
#2383 = CARTESIAN_POINT('',(-7.983422711012,45.242336800787,
    9.379162811882));
#2384 = CARTESIAN_POINT('',(-7.983422711012,45.478795924316,
    9.490895530599));
#2385 = CARTESIAN_POINT('',(-7.983422711012,45.700400868388,
    9.595609286248));
#2386 = CARTESIAN_POINT('',(-7.983422711012,45.913229559485,
    9.705304412152));
#2387 = CARTESIAN_POINT('',(-7.983422711012,46.116534714454,
    9.820618685819));
#2388 = CARTESIAN_POINT('',(-7.983422711012,46.310188744926,
    9.930458861146));
#2389 = CARTESIAN_POINT('',(-7.983422711012,46.49520178784,
    10.045397570795));
#2390 = CARTESIAN_POINT('',(-7.983422711012,46.670965748773,
    10.165956343479));
#2391 = CARTESIAN_POINT('',(-7.983422711012,46.842435830325,
    10.283569888793));
#2392 = CARTESIAN_POINT('',(-7.983422711012,47.005102966659,
    10.40653251735));
#2393 = CARTESIAN_POINT('',(-7.983422711012,47.158442622022,
    10.535295933396));
#2394 = CARTESIAN_POINT('',(-7.983422711012,47.302680072916,
    10.656415984533));
#2395 = CARTESIAN_POINT('',(-7.983422711012,47.438664592751,
    10.782668583391));
#2396 = CARTESIAN_POINT('',(-7.983422711012,47.565996397227,
    10.914399158467));
#2397 = CARTESIAN_POINT('',(-7.983422711012,47.690129253568,
    11.042820275398));
#2398 = CARTESIAN_POINT('',(-7.983422711012,47.80603858262,
    11.176447704989));
#2399 = CARTESIAN_POINT('',(-7.983422711012,47.913390707202,
    11.315570524427));
#2400 = CARTESIAN_POINT('',(-7.983422711012,48.018150157268,
    11.451333371345));
#2401 = CARTESIAN_POINT('',(-7.983422711012,48.114760622021,
    11.592329495166));
#2402 = CARTESIAN_POINT('',(-7.983422711012,48.202949137405,
    11.738795890366));
#2403 = CARTESIAN_POINT('',(-7.983422711012,48.289219929475,
    11.88207726743));
#2404 = CARTESIAN_POINT('',(-7.983422711012,48.367430962156,
    12.030593700712));
#2405 = CARTESIAN_POINT('',(-7.983422711012,48.437364378629,
    12.184534706518));
#2406 = CARTESIAN_POINT('',(-7.983422711012,48.505228101427,
    12.333919796966));
#2407 = CARTESIAN_POINT('',(-7.983422711012,48.565296882734,
    12.488413165616));
#2408 = CARTESIAN_POINT('',(-7.983422711012,48.61740845294,
    12.648156218452));
#2409 = CARTESIAN_POINT('',(-7.983422711012,48.668757277184,
    12.805561146219));
#2410 = CARTESIAN_POINT('',(-7.983422711012,48.712380016658,
    12.968063305755));
#2411 = CARTESIAN_POINT('',(-7.983422711012,48.748158836758,
    13.135765541512));
#2412 = CARTESIAN_POINT('',(-7.983422711012,48.784181504163,
    13.304610736655));
#2413 = CARTESIAN_POINT('',(-7.983422711012,48.812252724623,
    13.478727351681));
#2414 = CARTESIAN_POINT('',(-7.983422711012,48.832293256886,
    13.658184643959));
#2415 = CARTESIAN_POINT('',(-7.983422711012,48.852333789148,
    13.837641936237));
#2416 = CARTESIAN_POINT('',(-7.983422711012,48.86434343329,
    14.022440088153));
#2417 = CARTESIAN_POINT('',(-7.983422711012,48.868287099212,
    14.212609801358));
#2418 = PCURVE('',#2051,#2419);
#2419 = DEFINITIONAL_REPRESENTATION('',(#2420),#2423);
#2420 = B_SPLINE_CURVE_WITH_KNOTS('',1,(#2421,#2422),.UNSPECIFIED.,.F.,
  .F.,(2,2),(5.318913161608E-02,1.015304069708),
  .PIECEWISE_BEZIER_KNOTS.);
#2421 = CARTESIAN_POINT('',(-0.776564959204,1.151657702077));
#2422 = CARTESIAN_POINT('',(-0.996377797781,1.151657702077));
#2423 = ( GEOMETRIC_REPRESENTATION_CONTEXT(2) 
PARAMETRIC_REPRESENTATION_CONTEXT() REPRESENTATION_CONTEXT('2D SPACE',''
  ) );
#2424 = PCURVE('',#2131,#2425);
#2425 = DEFINITIONAL_REPRESENTATION('',(#2426),#2467);
#2426 = B_SPLINE_CURVE_WITH_KNOTS('',3,(#2427,#2428,#2429,#2430,#2431,
    #2432,#2433,#2434,#2435,#2436,#2437,#2438,#2439,#2440,#2441,#2442,
    #2443,#2444,#2445,#2446,#2447,#2448,#2449,#2450,#2451,#2452,#2453,
    #2454,#2455,#2456,#2457,#2458,#2459,#2460,#2461,#2462,#2463,#2464,
    #2465,#2466),.UNSPECIFIED.,.F.,.F.,(4,3,3,3,3,3,3,3,3,3,3,3,3,4),(
    5.318913161608E-02,0.149929283357,0.238260412069,0.321042647518,
    0.399895117091,0.476821236168,0.549181039616,0.619722952716,
    0.688561199298,0.755902508214,0.821250837405,0.885642677008,
    0.950473373358,1.015304069708),.UNSPECIFIED.);
#2427 = CARTESIAN_POINT('',(-6.799893981224E-12,8.855805733537));
#2428 = CARTESIAN_POINT('',(0.300195615,8.956068889773));
#2429 = CARTESIAN_POINT('',(0.59084955607,9.061069651951));
#2430 = CARTESIAN_POINT('',(0.870661961087,9.171902486609));
#2431 = CARTESIAN_POINT('',(1.126152004445,9.273101308478));
#2432 = CARTESIAN_POINT('',(1.372603101547,9.379162811882));
#2433 = CARTESIAN_POINT('',(1.609062225076,9.490895530599));
#2434 = CARTESIAN_POINT('',(1.830667169149,9.595609286248));
#2435 = CARTESIAN_POINT('',(2.043495860245,9.705304412152));
#2436 = CARTESIAN_POINT('',(2.246801015214,9.820618685819));
#2437 = CARTESIAN_POINT('',(2.440455045687,9.930458861146));
#2438 = CARTESIAN_POINT('',(2.6254680886,10.045397570795));
#2439 = CARTESIAN_POINT('',(2.801232049534,10.165956343479));
#2440 = CARTESIAN_POINT('',(2.972702131085,10.283569888793));
#2441 = CARTESIAN_POINT('',(3.135369267419,10.40653251735));
#2442 = CARTESIAN_POINT('',(3.288708922783,10.535295933396));
#2443 = CARTESIAN_POINT('',(3.432946373677,10.656415984533));
#2444 = CARTESIAN_POINT('',(3.568930893512,10.782668583391));
#2445 = CARTESIAN_POINT('',(3.696262697987,10.914399158467));
#2446 = CARTESIAN_POINT('',(3.820395554328,11.042820275398));
#2447 = CARTESIAN_POINT('',(3.93630488338,11.176447704989));
#2448 = CARTESIAN_POINT('',(4.043657007962,11.315570524427));
#2449 = CARTESIAN_POINT('',(4.148416458028,11.451333371345));
#2450 = CARTESIAN_POINT('',(4.245026922782,11.592329495166));
#2451 = CARTESIAN_POINT('',(4.333215438165,11.738795890366));
#2452 = CARTESIAN_POINT('',(4.419486230235,11.88207726743));
#2453 = CARTESIAN_POINT('',(4.497697262916,12.030593700712));
#2454 = CARTESIAN_POINT('',(4.567630679389,12.184534706518));
#2455 = CARTESIAN_POINT('',(4.635494402187,12.333919796966));
#2456 = CARTESIAN_POINT('',(4.695563183494,12.488413165616));
#2457 = CARTESIAN_POINT('',(4.747674753701,12.648156218452));
#2458 = CARTESIAN_POINT('',(4.799023577944,12.805561146219));
#2459 = CARTESIAN_POINT('',(4.842646317419,12.968063305755));
#2460 = CARTESIAN_POINT('',(4.878425137518,13.135765541512));
#2461 = CARTESIAN_POINT('',(4.914447804923,13.304610736655));
#2462 = CARTESIAN_POINT('',(4.942519025383,13.478727351681));
#2463 = CARTESIAN_POINT('',(4.962559557646,13.658184643959));
#2464 = CARTESIAN_POINT('',(4.982600089909,13.837641936237));
#2465 = CARTESIAN_POINT('',(4.99460973405,14.022440088153));
#2466 = CARTESIAN_POINT('',(4.998553399972,14.212609801358));
#2467 = ( GEOMETRIC_REPRESENTATION_CONTEXT(2) 
PARAMETRIC_REPRESENTATION_CONTEXT() REPRESENTATION_CONTEXT('2D SPACE',''
  ) );
#2468 = ADVANCED_FACE('',(#2469),#784,.T.);
#2469 = FACE_BOUND('',#2470,.T.);
#2470 = EDGE_LOOP('',(#2471,#2472,#2473,#2495,#2522,#2544,#2577,#2578));
#2471 = ORIENTED_EDGE('',*,*,#1837,.T.);
#2472 = ORIENTED_EDGE('',*,*,#756,.F.);
#2473 = ORIENTED_EDGE('',*,*,#2474,.F.);
#2474 = EDGE_CURVE('',#2475,#729,#2477,.T.);
#2475 = VERTEX_POINT('',#2476);
#2476 = CARTESIAN_POINT('',(-8.499999731779,12.000000208593,26.5));
#2477 = SURFACE_CURVE('',#2478,(#2482,#2488),.PCURVE_S1.);
#2478 = LINE('',#2479,#2480);
#2479 = CARTESIAN_POINT('',(-8.499999731779,12.000000208593,26.5));
#2480 = VECTOR('',#2481,1.);
#2481 = DIRECTION('',(0.,0.,1.));
#2482 = PCURVE('',#784,#2483);
#2483 = DEFINITIONAL_REPRESENTATION('',(#2484),#2487);
#2484 = B_SPLINE_CURVE_WITH_KNOTS('',1,(#2485,#2486),.UNSPECIFIED.,.F.,
  .F.,(2,2),(0.,3.),.PIECEWISE_BEZIER_KNOTS.);
#2485 = CARTESIAN_POINT('',(6.031451488644E-17,2.65));
#2486 = CARTESIAN_POINT('',(6.03126201249E-17,2.95));
#2487 = ( GEOMETRIC_REPRESENTATION_CONTEXT(2) 
PARAMETRIC_REPRESENTATION_CONTEXT() REPRESENTATION_CONTEXT('2D SPACE',''
  ) );
#2488 = PCURVE('',#744,#2489);
#2489 = DEFINITIONAL_REPRESENTATION('',(#2490),#2494);
#2490 = LINE('',#2491,#2492);
#2491 = CARTESIAN_POINT('',(1.5,14.5));
#2492 = VECTOR('',#2493,1.);
#2493 = DIRECTION('',(-1.,0.));
#2494 = ( GEOMETRIC_REPRESENTATION_CONTEXT(2) 
PARAMETRIC_REPRESENTATION_CONTEXT() REPRESENTATION_CONTEXT('2D SPACE',''
  ) );
#2495 = ORIENTED_EDGE('',*,*,#2496,.F.);
#2496 = EDGE_CURVE('',#2497,#2475,#2499,.T.);
#2497 = VERTEX_POINT('',#2498);
#2498 = CARTESIAN_POINT('',(-8.499999731779,12.000000208593,3.));
#2499 = SURFACE_CURVE('',#2500,(#2504,#2510),.PCURVE_S1.);
#2500 = LINE('',#2501,#2502);
#2501 = CARTESIAN_POINT('',(-8.499999731779,12.000000208593,
    8.910786998367E-48));
#2502 = VECTOR('',#2503,1.);
#2503 = DIRECTION('',(0.,0.,1.));
#2504 = PCURVE('',#784,#2505);
#2505 = DEFINITIONAL_REPRESENTATION('',(#2506),#2509);
#2506 = B_SPLINE_CURVE_WITH_KNOTS('',1,(#2507,#2508),.UNSPECIFIED.,.F.,
  .F.,(2,2),(3.,26.5),.PIECEWISE_BEZIER_KNOTS.);
#2507 = CARTESIAN_POINT('',(6.031451488644E-17,0.3));
#2508 = CARTESIAN_POINT('',(6.031451488644E-17,2.65));
#2509 = ( GEOMETRIC_REPRESENTATION_CONTEXT(2) 
PARAMETRIC_REPRESENTATION_CONTEXT() REPRESENTATION_CONTEXT('2D SPACE',''
  ) );
#2510 = PCURVE('',#2511,#2516);
#2511 = PLANE('',#2512);
#2512 = AXIS2_PLACEMENT_3D('',#2513,#2514,#2515);
#2513 = CARTESIAN_POINT('',(-19.49999973177,2.769904265643,
    -8.964663382731E-48));
#2514 = DIRECTION('',(0.642787609687,-0.766044443119,0.));
#2515 = DIRECTION('',(0.766044443119,0.642787609687,1.24485358479E-48));
#2516 = DEFINITIONAL_REPRESENTATION('',(#2517),#2521);
#2517 = LINE('',#2518,#2519);
#2518 = CARTESIAN_POINT('',(14.359480182655,8.751115234492E-62));
#2519 = VECTOR('',#2520,1.);
#2520 = DIRECTION('',(1.24485358479E-48,1.));
#2521 = ( GEOMETRIC_REPRESENTATION_CONTEXT(2) 
PARAMETRIC_REPRESENTATION_CONTEXT() REPRESENTATION_CONTEXT('2D SPACE',''
  ) );
#2522 = ORIENTED_EDGE('',*,*,#2523,.T.);
#2523 = EDGE_CURVE('',#2497,#2524,#2526,.T.);
#2524 = VERTEX_POINT('',#2525);
#2525 = CARTESIAN_POINT('',(-8.499999731779,12.000000208593,0.));
#2526 = SURFACE_CURVE('',#2527,(#2531,#2537),.PCURVE_S1.);
#2527 = LINE('',#2528,#2529);
#2528 = CARTESIAN_POINT('',(-8.499999731779,12.000000208593,3.));
#2529 = VECTOR('',#2530,1.);
#2530 = DIRECTION('',(0.,0.,-1.));
#2531 = PCURVE('',#784,#2532);
#2532 = DEFINITIONAL_REPRESENTATION('',(#2533),#2536);
#2533 = B_SPLINE_CURVE_WITH_KNOTS('',1,(#2534,#2535),.UNSPECIFIED.,.F.,
  .F.,(2,2),(0.,3.),.PIECEWISE_BEZIER_KNOTS.);
#2534 = CARTESIAN_POINT('',(6.031451488644E-17,0.3));
#2535 = CARTESIAN_POINT('',(6.031451488644E-17,-7.752045533271E-18));
#2536 = ( GEOMETRIC_REPRESENTATION_CONTEXT(2) 
PARAMETRIC_REPRESENTATION_CONTEXT() REPRESENTATION_CONTEXT('2D SPACE',''
  ) );
#2537 = PCURVE('',#1476,#2538);
#2538 = DEFINITIONAL_REPRESENTATION('',(#2539),#2543);
#2539 = LINE('',#2540,#2541);
#2540 = CARTESIAN_POINT('',(1.5,14.5));
#2541 = VECTOR('',#2542,1.);
#2542 = DIRECTION('',(-1.,0.));
#2543 = ( GEOMETRIC_REPRESENTATION_CONTEXT(2) 
PARAMETRIC_REPRESENTATION_CONTEXT() REPRESENTATION_CONTEXT('2D SPACE',''
  ) );
#2544 = ORIENTED_EDGE('',*,*,#2545,.T.);
#2545 = EDGE_CURVE('',#2524,#2277,#2546,.T.);
#2546 = SURFACE_CURVE('',#2547,(#2557,#2564),.PCURVE_S1.);
#2547 = B_SPLINE_CURVE_WITH_KNOTS('',5,(#2548,#2549,#2550,#2551,#2552,
    #2553,#2554,#2555,#2556),.UNSPECIFIED.,.F.,.F.,(6,1,1,1,6),(0.,0.1,
    0.2,0.3,0.352712882944),.UNSPECIFIED.);
#2548 = CARTESIAN_POINT('',(-8.499999731779,12.000000208593,
    8.910786998367E-48));
#2549 = CARTESIAN_POINT('',(-8.499999731779,12.691732771603,
    8.910786998367E-48));
#2550 = CARTESIAN_POINT('',(-8.60317621799,13.972272437877,
    8.743120983843E-48));
#2551 = CARTESIAN_POINT('',(-9.067278911924,15.585295196014,
    7.988935104103E-48));
#2552 = CARTESIAN_POINT('',(-10.05548838502,17.094369709238,
    6.383054249326E-48));
#2553 = CARTESIAN_POINT('',(-11.18076587052,18.702595694586,
    4.554432262324E-48));
#2554 = CARTESIAN_POINT('',(-11.87773082924,20.096247996203,
    3.421835668055E-48));
#2555 = CARTESIAN_POINT('',(-12.22587579322,21.051053439863,
    2.856085847229E-48));
#2556 = CARTESIAN_POINT('',(-12.33620331951,21.394379375954,
    2.67679909979E-48));
#2557 = PCURVE('',#784,#2558);
#2558 = DEFINITIONAL_REPRESENTATION('',(#2559),#2563);
#2559 = LINE('',#2560,#2561);
#2560 = CARTESIAN_POINT('',(6.031451488644E-17,-7.752045533271E-18));
#2561 = VECTOR('',#2562,1.);
#2562 = DIRECTION('',(1.,0.));
#2563 = ( GEOMETRIC_REPRESENTATION_CONTEXT(2) 
PARAMETRIC_REPRESENTATION_CONTEXT() REPRESENTATION_CONTEXT('2D SPACE',''
  ) );
#2564 = PCURVE('',#100,#2565);
#2565 = DEFINITIONAL_REPRESENTATION('',(#2566),#2576);
#2566 = B_SPLINE_CURVE_WITH_KNOTS('',5,(#2567,#2568,#2569,#2570,#2571,
    #2572,#2573,#2574,#2575),.UNSPECIFIED.,.F.,.F.,(6,1,1,1,6),(0.,0.1,
    0.2,0.3,0.352712882944),.UNSPECIFIED.);
#2567 = CARTESIAN_POINT('',(-9.25,16.));
#2568 = CARTESIAN_POINT('',(-9.25,16.69173256301));
#2569 = CARTESIAN_POINT('',(-9.353176486211,17.972272229284));
#2570 = CARTESIAN_POINT('',(-9.817279180145,19.585294987421));
#2571 = CARTESIAN_POINT('',(-10.80548865324,21.094369500644));
#2572 = CARTESIAN_POINT('',(-11.93076613874,22.702595485993));
#2573 = CARTESIAN_POINT('',(-12.62773109746,24.09624778761));
#2574 = CARTESIAN_POINT('',(-12.97587606144,25.05105323127));
#2575 = CARTESIAN_POINT('',(-13.08620358773,25.394379167361));
#2576 = ( GEOMETRIC_REPRESENTATION_CONTEXT(2) 
PARAMETRIC_REPRESENTATION_CONTEXT() REPRESENTATION_CONTEXT('2D SPACE',''
  ) );
#2577 = ORIENTED_EDGE('',*,*,#2301,.T.);
#2578 = ORIENTED_EDGE('',*,*,#2579,.T.);
#2579 = EDGE_CURVE('',#2302,#1838,#2580,.T.);
#2580 = SURFACE_CURVE('',#2581,(#2585,#2591),.PCURVE_S1.);
#2581 = LINE('',#2582,#2583);
#2582 = CARTESIAN_POINT('',(-7.983422711012,43.86973369924,
    9.750245807707E-48));
#2583 = VECTOR('',#2584,1.);
#2584 = DIRECTION('',(0.,0.,1.));
#2585 = PCURVE('',#784,#2586);
#2586 = DEFINITIONAL_REPRESENTATION('',(#2587),#2590);
#2587 = B_SPLINE_CURVE_WITH_KNOTS('',1,(#2588,#2589),.UNSPECIFIED.,.F.,
  .F.,(2,2),(8.85580573354,19.569413869178),.PIECEWISE_BEZIER_KNOTS.);
#2588 = CARTESIAN_POINT('',(1.,0.885580573354));
#2589 = CARTESIAN_POINT('',(1.,1.956941386918));
#2590 = ( GEOMETRIC_REPRESENTATION_CONTEXT(2) 
PARAMETRIC_REPRESENTATION_CONTEXT() REPRESENTATION_CONTEXT('2D SPACE',''
  ) );
#2591 = PCURVE('',#2131,#2592);
#2592 = DEFINITIONAL_REPRESENTATION('',(#2593),#2597);
#2593 = LINE('',#2594,#2595);
#2594 = CARTESIAN_POINT('',(0.,0.));
#2595 = VECTOR('',#2596,1.);
#2596 = DIRECTION('',(0.,1.));
#2597 = ( GEOMETRIC_REPRESENTATION_CONTEXT(2) 
PARAMETRIC_REPRESENTATION_CONTEXT() REPRESENTATION_CONTEXT('2D SPACE',''
  ) );
#2598 = ADVANCED_FACE('',(#2599),#900,.T.);
#2599 = FACE_BOUND('',#2600,.T.);
#2600 = EDGE_LOOP('',(#2601,#2602,#2603,#2632,#2652));
#2601 = ORIENTED_EDGE('',*,*,#1914,.T.);
#2602 = ORIENTED_EDGE('',*,*,#2154,.T.);
#2603 = ORIENTED_EDGE('',*,*,#2604,.F.);
#2604 = EDGE_CURVE('',#2605,#2155,#2607,.T.);
#2605 = VERTEX_POINT('',#2606);
#2606 = CARTESIAN_POINT('',(-19.49999973177,12.000000208593,0.));
#2607 = SURFACE_CURVE('',#2608,(#2615,#2622),.PCURVE_S1.);
#2608 = B_SPLINE_CURVE_WITH_KNOTS('',5,(#2609,#2610,#2611,#2612,#2613,
    #2614),.UNSPECIFIED.,.F.,.F.,(6,6),(0.,0.109546809765),
  .PIECEWISE_BEZIER_KNOTS.);
#2609 = CARTESIAN_POINT('',(-19.49999973177,12.000000208593,
    -8.964663382731E-48));
#2610 = CARTESIAN_POINT('',(-19.49999973177,14.070673493671,
    -8.964663382731E-48));
#2611 = CARTESIAN_POINT('',(-19.48839351952,16.044541585865,
    -8.94580281261E-48));
#2612 = CARTESIAN_POINT('',(-19.46518593471,17.921651465598,
    -8.908089537101E-48));
#2613 = CARTESIAN_POINT('',(-19.43051496812,19.703940612756,
    -8.851747796833E-48));
#2614 = CARTESIAN_POINT('',(-19.38455877993,21.394379375954,
    -8.777067109404E-48));
#2615 = PCURVE('',#900,#2616);
#2616 = DEFINITIONAL_REPRESENTATION('',(#2617),#2621);
#2617 = LINE('',#2618,#2619);
#2618 = CARTESIAN_POINT('',(-2.060052845838E-17,-7.752045533271E-18));
#2619 = VECTOR('',#2620,1.);
#2620 = DIRECTION('',(-1.,7.07646854334E-17));
#2621 = ( GEOMETRIC_REPRESENTATION_CONTEXT(2) 
PARAMETRIC_REPRESENTATION_CONTEXT() REPRESENTATION_CONTEXT('2D SPACE',''
  ) );
#2622 = PCURVE('',#100,#2623);
#2623 = DEFINITIONAL_REPRESENTATION('',(#2624),#2631);
#2624 = B_SPLINE_CURVE_WITH_KNOTS('',5,(#2625,#2626,#2627,#2628,#2629,
    #2630),.UNSPECIFIED.,.F.,.F.,(6,6),(0.,0.109546809765),
  .PIECEWISE_BEZIER_KNOTS.);
#2625 = CARTESIAN_POINT('',(-20.25,16.));
#2626 = CARTESIAN_POINT('',(-20.25,18.070673285078));
#2627 = CARTESIAN_POINT('',(-20.23839378774,20.044541377272));
#2628 = CARTESIAN_POINT('',(-20.21518620294,21.921651257005));
#2629 = CARTESIAN_POINT('',(-20.18051523635,23.703940404163));
#2630 = CARTESIAN_POINT('',(-20.13455904815,25.394379167361));
#2631 = ( GEOMETRIC_REPRESENTATION_CONTEXT(2) 
PARAMETRIC_REPRESENTATION_CONTEXT() REPRESENTATION_CONTEXT('2D SPACE',''
  ) );
#2632 = ORIENTED_EDGE('',*,*,#2633,.T.);
#2633 = EDGE_CURVE('',#2605,#879,#2634,.T.);
#2634 = SURFACE_CURVE('',#2635,(#2639,#2645),.PCURVE_S1.);
#2635 = LINE('',#2636,#2637);
#2636 = CARTESIAN_POINT('',(-19.49999973177,12.000000208593,0.));
#2637 = VECTOR('',#2638,1.);
#2638 = DIRECTION('',(0.,0.,1.));
#2639 = PCURVE('',#900,#2640);
#2640 = DEFINITIONAL_REPRESENTATION('',(#2641),#2644);
#2641 = B_SPLINE_CURVE_WITH_KNOTS('',1,(#2642,#2643),.UNSPECIFIED.,.F.,
  .F.,(2,2),(0.,29.5),.PIECEWISE_BEZIER_KNOTS.);
#2642 = CARTESIAN_POINT('',(-1.805267403599E-18,-7.752045533271E-18));
#2643 = CARTESIAN_POINT('',(7.339351808061E-17,2.95));
#2644 = ( GEOMETRIC_REPRESENTATION_CONTEXT(2) 
PARAMETRIC_REPRESENTATION_CONTEXT() REPRESENTATION_CONTEXT('2D SPACE',''
  ) );
#2645 = PCURVE('',#293,#2646);
#2646 = DEFINITIONAL_REPRESENTATION('',(#2647),#2651);
#2647 = LINE('',#2648,#2649);
#2648 = CARTESIAN_POINT('',(0.,0.));
#2649 = VECTOR('',#2650,1.);
#2650 = DIRECTION('',(0.,1.));
#2651 = ( GEOMETRIC_REPRESENTATION_CONTEXT(2) 
PARAMETRIC_REPRESENTATION_CONTEXT() REPRESENTATION_CONTEXT('2D SPACE',''
  ) );
#2652 = ORIENTED_EDGE('',*,*,#878,.F.);
#2653 = ADVANCED_FACE('',(#2654),#2131,.T.);
#2654 = FACE_BOUND('',#2655,.T.);
#2655 = EDGE_LOOP('',(#2656,#2657,#2658));
#2656 = ORIENTED_EDGE('',*,*,#2088,.T.);
#2657 = ORIENTED_EDGE('',*,*,#2579,.F.);
#2658 = ORIENTED_EDGE('',*,*,#2375,.T.);
#2659 = ADVANCED_FACE('',(#2660),#2511,.T.);
#2660 = FACE_BOUND('',#2661,.T.);
#2661 = EDGE_LOOP('',(#2662,#2685,#2686,#2709));
#2662 = ORIENTED_EDGE('',*,*,#2663,.F.);
#2663 = EDGE_CURVE('',#2497,#2664,#2666,.T.);
#2664 = VERTEX_POINT('',#2665);
#2665 = CARTESIAN_POINT('',(-16.49999973177,5.287203159175,3.));
#2666 = SURFACE_CURVE('',#2667,(#2671,#2678),.PCURVE_S1.);
#2667 = LINE('',#2668,#2669);
#2668 = CARTESIAN_POINT('',(-23.48715229645,-0.575713980821,3.));
#2669 = VECTOR('',#2670,1.);
#2670 = DIRECTION('',(-0.766044443119,-0.642787609687,0.));
#2671 = PCURVE('',#2511,#2672);
#2672 = DEFINITIONAL_REPRESENTATION('',(#2673),#2677);
#2673 = LINE('',#2674,#2675);
#2674 = CARTESIAN_POINT('',(-5.204858021603,3.));
#2675 = VECTOR('',#2676,1.);
#2676 = DIRECTION('',(-1.,1.24485358479E-48));
#2677 = ( GEOMETRIC_REPRESENTATION_CONTEXT(2) 
PARAMETRIC_REPRESENTATION_CONTEXT() REPRESENTATION_CONTEXT('2D SPACE',''
  ) );
#2678 = PCURVE('',#1401,#2679);
#2679 = DEFINITIONAL_REPRESENTATION('',(#2680),#2684);
#2680 = LINE('',#2681,#2682);
#2681 = CARTESIAN_POINT('',(16.424285810586,-6.987152564672));
#2682 = VECTOR('',#2683,1.);
#2683 = DIRECTION('',(-0.642787609687,-0.766044443119));
#2684 = ( GEOMETRIC_REPRESENTATION_CONTEXT(2) 
PARAMETRIC_REPRESENTATION_CONTEXT() REPRESENTATION_CONTEXT('2D SPACE',''
  ) );
#2685 = ORIENTED_EDGE('',*,*,#2496,.T.);
#2686 = ORIENTED_EDGE('',*,*,#2687,.F.);
#2687 = EDGE_CURVE('',#2688,#2475,#2690,.T.);
#2688 = VERTEX_POINT('',#2689);
#2689 = CARTESIAN_POINT('',(-16.49999973177,5.287203159175,26.5));
#2690 = SURFACE_CURVE('',#2691,(#2695,#2702),.PCURVE_S1.);
#2691 = LINE('',#2692,#2693);
#2692 = CARTESIAN_POINT('',(-23.48715229645,-0.575713980821,26.5));
#2693 = VECTOR('',#2694,1.);
#2694 = DIRECTION('',(0.766044443119,0.642787609687,0.));
#2695 = PCURVE('',#2511,#2696);
#2696 = DEFINITIONAL_REPRESENTATION('',(#2697),#2701);
#2697 = LINE('',#2698,#2699);
#2698 = CARTESIAN_POINT('',(-5.204858021603,26.5));
#2699 = VECTOR('',#2700,1.);
#2700 = DIRECTION('',(1.,-1.24485358479E-48));
#2701 = ( GEOMETRIC_REPRESENTATION_CONTEXT(2) 
PARAMETRIC_REPRESENTATION_CONTEXT() REPRESENTATION_CONTEXT('2D SPACE',''
  ) );
#2702 = PCURVE('',#1654,#2703);
#2703 = DEFINITIONAL_REPRESENTATION('',(#2704),#2708);
#2704 = LINE('',#2705,#2706);
#2705 = CARTESIAN_POINT('',(16.424285810586,-6.987152564672));
#2706 = VECTOR('',#2707,1.);
#2707 = DIRECTION('',(0.642787609687,0.766044443119));
#2708 = ( GEOMETRIC_REPRESENTATION_CONTEXT(2) 
PARAMETRIC_REPRESENTATION_CONTEXT() REPRESENTATION_CONTEXT('2D SPACE',''
  ) );
#2709 = ORIENTED_EDGE('',*,*,#2710,.F.);
#2710 = EDGE_CURVE('',#2664,#2688,#2711,.T.);
#2711 = SURFACE_CURVE('',#2712,(#2716,#2723),.PCURVE_S1.);
#2712 = LINE('',#2713,#2714);
#2713 = CARTESIAN_POINT('',(-16.49999973177,5.287203159175,
    -4.482331691365E-48));
#2714 = VECTOR('',#2715,1.);
#2715 = DIRECTION('',(0.,0.,1.));
#2716 = PCURVE('',#2511,#2717);
#2717 = DEFINITIONAL_REPRESENTATION('',(#2718),#2722);
#2718 = LINE('',#2719,#2720);
#2719 = CARTESIAN_POINT('',(3.916221867997,-3.92791139843E-49));
#2720 = VECTOR('',#2721,1.);
#2721 = DIRECTION('',(1.24485358479E-48,1.));
#2722 = ( GEOMETRIC_REPRESENTATION_CONTEXT(2) 
PARAMETRIC_REPRESENTATION_CONTEXT() REPRESENTATION_CONTEXT('2D SPACE',''
  ) );
#2723 = PCURVE('',#1626,#2724);
#2724 = DEFINITIONAL_REPRESENTATION('',(#2725),#2729);
#2725 = LINE('',#2726,#2727);
#2726 = CARTESIAN_POINT('',(22.287202950582,-4.482331691365E-48));
#2727 = VECTOR('',#2728,1.);
#2728 = DIRECTION('',(0.,1.));
#2729 = ( GEOMETRIC_REPRESENTATION_CONTEXT(2) 
PARAMETRIC_REPRESENTATION_CONTEXT() REPRESENTATION_CONTEXT('2D SPACE',''
  ) );
#2730 = ADVANCED_FACE('',(#2731,#2779,#2814),#1401,.F.);
#2731 = FACE_BOUND('',#2732,.T.);
#2732 = EDGE_LOOP('',(#2733,#2734,#2755,#2756,#2757,#2758));
#2733 = ORIENTED_EDGE('',*,*,#2663,.T.);
#2734 = ORIENTED_EDGE('',*,*,#2735,.F.);
#2735 = EDGE_CURVE('',#1588,#2664,#2736,.T.);
#2736 = SURFACE_CURVE('',#2737,(#2741,#2748),.PCURVE_S1.);
#2737 = LINE('',#2738,#2739);
#2738 = CARTESIAN_POINT('',(-16.49999973177,-16.9999997914,3.));
#2739 = VECTOR('',#2740,1.);
#2740 = DIRECTION('',(0.,1.,0.));
#2741 = PCURVE('',#1401,#2742);
#2742 = DEFINITIONAL_REPRESENTATION('',(#2743),#2747);
#2743 = LINE('',#2744,#2745);
#2744 = CARTESIAN_POINT('',(0.,0.));
#2745 = VECTOR('',#2746,1.);
#2746 = DIRECTION('',(1.,-2.896233939755E-16));
#2747 = ( GEOMETRIC_REPRESENTATION_CONTEXT(2) 
PARAMETRIC_REPRESENTATION_CONTEXT() REPRESENTATION_CONTEXT('2D SPACE',''
  ) );
#2748 = PCURVE('',#1626,#2749);
#2749 = DEFINITIONAL_REPRESENTATION('',(#2750),#2754);
#2750 = LINE('',#2751,#2752);
#2751 = CARTESIAN_POINT('',(0.,3.));
#2752 = VECTOR('',#2753,1.);
#2753 = DIRECTION('',(1.,0.));
#2754 = ( GEOMETRIC_REPRESENTATION_CONTEXT(2) 
PARAMETRIC_REPRESENTATION_CONTEXT() REPRESENTATION_CONTEXT('2D SPACE',''
  ) );
#2755 = ORIENTED_EDGE('',*,*,#1587,.F.);
#2756 = ORIENTED_EDGE('',*,*,#1385,.T.);
#2757 = ORIENTED_EDGE('',*,*,#1488,.T.);
#2758 = ORIENTED_EDGE('',*,*,#2759,.T.);
#2759 = EDGE_CURVE('',#1461,#2497,#2760,.T.);
#2760 = SURFACE_CURVE('',#2761,(#2765,#2772),.PCURVE_S1.);
#2761 = LINE('',#2762,#2763);
#2762 = CARTESIAN_POINT('',(-8.499999731779,12.000000208593,3.));
#2763 = VECTOR('',#2764,1.);
#2764 = DIRECTION('',(2.896233939755E-16,1.,0.));
#2765 = PCURVE('',#1401,#2766);
#2766 = DEFINITIONAL_REPRESENTATION('',(#2767),#2771);
#2767 = LINE('',#2768,#2769);
#2768 = CARTESIAN_POINT('',(29.,8.));
#2769 = VECTOR('',#2770,1.);
#2770 = DIRECTION('',(1.,0.));
#2771 = ( GEOMETRIC_REPRESENTATION_CONTEXT(2) 
PARAMETRIC_REPRESENTATION_CONTEXT() REPRESENTATION_CONTEXT('2D SPACE',''
  ) );
#2772 = PCURVE('',#1476,#2773);
#2773 = DEFINITIONAL_REPRESENTATION('',(#2774),#2778);
#2774 = LINE('',#2775,#2776);
#2775 = CARTESIAN_POINT('',(1.5,14.5));
#2776 = VECTOR('',#2777,1.);
#2777 = DIRECTION('',(0.,1.));
#2778 = ( GEOMETRIC_REPRESENTATION_CONTEXT(2) 
PARAMETRIC_REPRESENTATION_CONTEXT() REPRESENTATION_CONTEXT('2D SPACE',''
  ) );
#2779 = FACE_BOUND('',#2780,.T.);
#2780 = EDGE_LOOP('',(#2781));
#2781 = ORIENTED_EDGE('',*,*,#2782,.F.);
#2782 = EDGE_CURVE('',#2783,#2783,#2785,.T.);
#2783 = VERTEX_POINT('',#2784);
#2784 = CARTESIAN_POINT('',(-13.19999973177,1.150000524693,3.));
#2785 = SURFACE_CURVE('',#2786,(#2791,#2802),.PCURVE_S1.);
#2786 = CIRCLE('',#2787,1.15);
#2787 = AXIS2_PLACEMENT_3D('',#2788,#2789,#2790);
#2788 = CARTESIAN_POINT('',(-14.34999973177,1.150000524693,3.));
#2789 = DIRECTION('',(0.,0.,1.));
#2790 = DIRECTION('',(-1.,0.,0.));
#2791 = PCURVE('',#1401,#2792);
#2792 = DEFINITIONAL_REPRESENTATION('',(#2793),#2801);
#2793 = ( BOUNDED_CURVE() B_SPLINE_CURVE(2,(#2794,#2795,#2796,#2797,
#2798,#2799,#2800),.UNSPECIFIED.,.T.,.F.) B_SPLINE_CURVE_WITH_KNOTS((1,2
    ,2,2,2,1),(-2.094395102393,0.,2.094395102393,4.188790204786,
6.28318530718,8.377580409573),.UNSPECIFIED.) CURVE() 
GEOMETRIC_REPRESENTATION_ITEM() RATIONAL_B_SPLINE_CURVE((1.,0.5,1.,0.5,
1.,0.5,1.)) REPRESENTATION_ITEM('') );
#2794 = CARTESIAN_POINT('',(18.1500003161,1.));
#2795 = CARTESIAN_POINT('',(16.158141887396,1.));
#2796 = CARTESIAN_POINT('',(17.154071101748,2.725));
#2797 = CARTESIAN_POINT('',(18.1500003161,4.45));
#2798 = CARTESIAN_POINT('',(19.145929530452,2.725));
#2799 = CARTESIAN_POINT('',(20.141858744804,1.));
#2800 = CARTESIAN_POINT('',(18.1500003161,1.));
#2801 = ( GEOMETRIC_REPRESENTATION_CONTEXT(2) 
PARAMETRIC_REPRESENTATION_CONTEXT() REPRESENTATION_CONTEXT('2D SPACE',''
  ) );
#2802 = PCURVE('',#2803,#2808);
#2803 = CYLINDRICAL_SURFACE('',#2804,1.15);
#2804 = AXIS2_PLACEMENT_3D('',#2805,#2806,#2807);
#2805 = CARTESIAN_POINT('',(-14.34999973177,1.150000524693,0.));
#2806 = DIRECTION('',(0.,0.,-1.));
#2807 = DIRECTION('',(-1.,0.,0.));
#2808 = DEFINITIONAL_REPRESENTATION('',(#2809),#2813);
#2809 = LINE('',#2810,#2811);
#2810 = CARTESIAN_POINT('',(12.566370614359,-3.));
#2811 = VECTOR('',#2812,1.);
#2812 = DIRECTION('',(-1.,0.));
#2813 = ( GEOMETRIC_REPRESENTATION_CONTEXT(2) 
PARAMETRIC_REPRESENTATION_CONTEXT() REPRESENTATION_CONTEXT('2D SPACE',''
  ) );
#2814 = FACE_BOUND('',#2815,.T.);
#2815 = EDGE_LOOP('',(#2816));
#2816 = ORIENTED_EDGE('',*,*,#2817,.F.);
#2817 = EDGE_CURVE('',#2818,#2818,#2820,.T.);
#2818 = VERTEX_POINT('',#2819);
#2819 = CARTESIAN_POINT('',(-13.19999973177,-14.8499994753,3.));
#2820 = SURFACE_CURVE('',#2821,(#2826,#2837),.PCURVE_S1.);
#2821 = CIRCLE('',#2822,1.15);
#2822 = AXIS2_PLACEMENT_3D('',#2823,#2824,#2825);
#2823 = CARTESIAN_POINT('',(-14.34999973177,-14.8499994753,3.));
#2824 = DIRECTION('',(0.,0.,1.));
#2825 = DIRECTION('',(-1.,0.,0.));
#2826 = PCURVE('',#1401,#2827);
#2827 = DEFINITIONAL_REPRESENTATION('',(#2828),#2836);
#2828 = ( BOUNDED_CURVE() B_SPLINE_CURVE(2,(#2829,#2830,#2831,#2832,
#2833,#2834,#2835),.UNSPECIFIED.,.T.,.F.) B_SPLINE_CURVE_WITH_KNOTS((1,2
    ,2,2,2,1),(-2.094395102393,0.,2.094395102393,4.188790204786,
6.28318530718,8.377580409573),.UNSPECIFIED.) CURVE() 
GEOMETRIC_REPRESENTATION_ITEM() RATIONAL_B_SPLINE_CURVE((1.,0.5,1.,0.5,
1.,0.5,1.)) REPRESENTATION_ITEM('') );
#2829 = CARTESIAN_POINT('',(2.1500003161,1.));
#2830 = CARTESIAN_POINT('',(0.158141887396,1.));
#2831 = CARTESIAN_POINT('',(1.154071101748,2.725));
#2832 = CARTESIAN_POINT('',(2.1500003161,4.45));
#2833 = CARTESIAN_POINT('',(3.145929530452,2.725));
#2834 = CARTESIAN_POINT('',(4.141858744804,1.));
#2835 = CARTESIAN_POINT('',(2.1500003161,1.));
#2836 = ( GEOMETRIC_REPRESENTATION_CONTEXT(2) 
PARAMETRIC_REPRESENTATION_CONTEXT() REPRESENTATION_CONTEXT('2D SPACE',''
  ) );
#2837 = PCURVE('',#2838,#2843);
#2838 = CYLINDRICAL_SURFACE('',#2839,1.15);
#2839 = AXIS2_PLACEMENT_3D('',#2840,#2841,#2842);
#2840 = CARTESIAN_POINT('',(-14.34999973177,-14.8499994753,0.));
#2841 = DIRECTION('',(0.,0.,-1.));
#2842 = DIRECTION('',(-1.,0.,0.));
#2843 = DEFINITIONAL_REPRESENTATION('',(#2844),#2848);
#2844 = LINE('',#2845,#2846);
#2845 = CARTESIAN_POINT('',(12.566370614359,-3.));
#2846 = VECTOR('',#2847,1.);
#2847 = DIRECTION('',(-1.,0.));
#2848 = ( GEOMETRIC_REPRESENTATION_CONTEXT(2) 
PARAMETRIC_REPRESENTATION_CONTEXT() REPRESENTATION_CONTEXT('2D SPACE',''
  ) );
#2849 = ADVANCED_FACE('',(#2850),#1626,.T.);
#2850 = FACE_BOUND('',#2851,.T.);
#2851 = EDGE_LOOP('',(#2852,#2853,#2874,#2875));
#2852 = ORIENTED_EDGE('',*,*,#2710,.T.);
#2853 = ORIENTED_EDGE('',*,*,#2854,.T.);
#2854 = EDGE_CURVE('',#2688,#1611,#2855,.T.);
#2855 = SURFACE_CURVE('',#2856,(#2860,#2867),.PCURVE_S1.);
#2856 = LINE('',#2857,#2858);
#2857 = CARTESIAN_POINT('',(-16.49999973177,-16.9999997914,26.5));
#2858 = VECTOR('',#2859,1.);
#2859 = DIRECTION('',(0.,-1.,0.));
#2860 = PCURVE('',#1626,#2861);
#2861 = DEFINITIONAL_REPRESENTATION('',(#2862),#2866);
#2862 = LINE('',#2863,#2864);
#2863 = CARTESIAN_POINT('',(0.,26.5));
#2864 = VECTOR('',#2865,1.);
#2865 = DIRECTION('',(-1.,0.));
#2866 = ( GEOMETRIC_REPRESENTATION_CONTEXT(2) 
PARAMETRIC_REPRESENTATION_CONTEXT() REPRESENTATION_CONTEXT('2D SPACE',''
  ) );
#2867 = PCURVE('',#1654,#2868);
#2868 = DEFINITIONAL_REPRESENTATION('',(#2869),#2873);
#2869 = LINE('',#2870,#2871);
#2870 = CARTESIAN_POINT('',(0.,0.));
#2871 = VECTOR('',#2872,1.);
#2872 = DIRECTION('',(-1.,2.896233939755E-16));
#2873 = ( GEOMETRIC_REPRESENTATION_CONTEXT(2) 
PARAMETRIC_REPRESENTATION_CONTEXT() REPRESENTATION_CONTEXT('2D SPACE',''
  ) );
#2874 = ORIENTED_EDGE('',*,*,#1610,.F.);
#2875 = ORIENTED_EDGE('',*,*,#2735,.T.);
#2876 = ADVANCED_FACE('',(#2877,#2903,#2938),#1654,.T.);
#2877 = FACE_BOUND('',#2878,.T.);
#2878 = EDGE_LOOP('',(#2879,#2880,#2901,#2902));
#2879 = ORIENTED_EDGE('',*,*,#2687,.T.);
#2880 = ORIENTED_EDGE('',*,*,#2881,.F.);
#2881 = EDGE_CURVE('',#1639,#2475,#2882,.T.);
#2882 = SURFACE_CURVE('',#2883,(#2887,#2894),.PCURVE_S1.);
#2883 = LINE('',#2884,#2885);
#2884 = CARTESIAN_POINT('',(-8.499999731779,12.000000208593,26.5));
#2885 = VECTOR('',#2886,1.);
#2886 = DIRECTION('',(2.896233939755E-16,1.,0.));
#2887 = PCURVE('',#1654,#2888);
#2888 = DEFINITIONAL_REPRESENTATION('',(#2889),#2893);
#2889 = LINE('',#2890,#2891);
#2890 = CARTESIAN_POINT('',(29.,8.));
#2891 = VECTOR('',#2892,1.);
#2892 = DIRECTION('',(1.,0.));
#2893 = ( GEOMETRIC_REPRESENTATION_CONTEXT(2) 
PARAMETRIC_REPRESENTATION_CONTEXT() REPRESENTATION_CONTEXT('2D SPACE',''
  ) );
#2894 = PCURVE('',#744,#2895);
#2895 = DEFINITIONAL_REPRESENTATION('',(#2896),#2900);
#2896 = LINE('',#2897,#2898);
#2897 = CARTESIAN_POINT('',(1.5,14.5));
#2898 = VECTOR('',#2899,1.);
#2899 = DIRECTION('',(0.,1.));
#2900 = ( GEOMETRIC_REPRESENTATION_CONTEXT(2) 
PARAMETRIC_REPRESENTATION_CONTEXT() REPRESENTATION_CONTEXT('2D SPACE',''
  ) );
#2901 = ORIENTED_EDGE('',*,*,#1638,.F.);
#2902 = ORIENTED_EDGE('',*,*,#2854,.F.);
#2903 = FACE_BOUND('',#2904,.T.);
#2904 = EDGE_LOOP('',(#2905));
#2905 = ORIENTED_EDGE('',*,*,#2906,.T.);
#2906 = EDGE_CURVE('',#2907,#2907,#2909,.T.);
#2907 = VERTEX_POINT('',#2908);
#2908 = CARTESIAN_POINT('',(-13.19999973177,1.150000524693,26.5));
#2909 = SURFACE_CURVE('',#2910,(#2915,#2926),.PCURVE_S1.);
#2910 = CIRCLE('',#2911,1.15);
#2911 = AXIS2_PLACEMENT_3D('',#2912,#2913,#2914);
#2912 = CARTESIAN_POINT('',(-14.34999973177,1.150000524693,26.5));
#2913 = DIRECTION('',(0.,0.,1.));
#2914 = DIRECTION('',(-1.,0.,0.));
#2915 = PCURVE('',#1654,#2916);
#2916 = DEFINITIONAL_REPRESENTATION('',(#2917),#2925);
#2917 = ( BOUNDED_CURVE() B_SPLINE_CURVE(2,(#2918,#2919,#2920,#2921,
#2922,#2923,#2924),.UNSPECIFIED.,.T.,.F.) B_SPLINE_CURVE_WITH_KNOTS((1,2
    ,2,2,2,1),(-2.094395102393,0.,2.094395102393,4.188790204786,
6.28318530718,8.377580409573),.UNSPECIFIED.) CURVE() 
GEOMETRIC_REPRESENTATION_ITEM() RATIONAL_B_SPLINE_CURVE((1.,0.5,1.,0.5,
1.,0.5,1.)) REPRESENTATION_ITEM('') );
#2918 = CARTESIAN_POINT('',(18.1500003161,1.));
#2919 = CARTESIAN_POINT('',(16.158141887396,1.));
#2920 = CARTESIAN_POINT('',(17.154071101748,2.725));
#2921 = CARTESIAN_POINT('',(18.1500003161,4.45));
#2922 = CARTESIAN_POINT('',(19.145929530452,2.725));
#2923 = CARTESIAN_POINT('',(20.141858744804,1.));
#2924 = CARTESIAN_POINT('',(18.1500003161,1.));
#2925 = ( GEOMETRIC_REPRESENTATION_CONTEXT(2) 
PARAMETRIC_REPRESENTATION_CONTEXT() REPRESENTATION_CONTEXT('2D SPACE',''
  ) );
#2926 = PCURVE('',#2927,#2932);
#2927 = CYLINDRICAL_SURFACE('',#2928,1.15);
#2928 = AXIS2_PLACEMENT_3D('',#2929,#2930,#2931);
#2929 = CARTESIAN_POINT('',(-14.34999973177,1.150000524693,29.5));
#2930 = DIRECTION('',(0.,0.,-1.));
#2931 = DIRECTION('',(-1.,0.,0.));
#2932 = DEFINITIONAL_REPRESENTATION('',(#2933),#2937);
#2933 = LINE('',#2934,#2935);
#2934 = CARTESIAN_POINT('',(12.566370614359,3.));
#2935 = VECTOR('',#2936,1.);
#2936 = DIRECTION('',(-1.,0.));
#2937 = ( GEOMETRIC_REPRESENTATION_CONTEXT(2) 
PARAMETRIC_REPRESENTATION_CONTEXT() REPRESENTATION_CONTEXT('2D SPACE',''
  ) );
#2938 = FACE_BOUND('',#2939,.T.);
#2939 = EDGE_LOOP('',(#2940));
#2940 = ORIENTED_EDGE('',*,*,#2941,.T.);
#2941 = EDGE_CURVE('',#2942,#2942,#2944,.T.);
#2942 = VERTEX_POINT('',#2943);
#2943 = CARTESIAN_POINT('',(-13.19999973177,-14.8499994753,26.5));
#2944 = SURFACE_CURVE('',#2945,(#2950,#2961),.PCURVE_S1.);
#2945 = CIRCLE('',#2946,1.15);
#2946 = AXIS2_PLACEMENT_3D('',#2947,#2948,#2949);
#2947 = CARTESIAN_POINT('',(-14.34999973177,-14.8499994753,26.5));
#2948 = DIRECTION('',(0.,0.,1.));
#2949 = DIRECTION('',(-1.,0.,0.));
#2950 = PCURVE('',#1654,#2951);
#2951 = DEFINITIONAL_REPRESENTATION('',(#2952),#2960);
#2952 = ( BOUNDED_CURVE() B_SPLINE_CURVE(2,(#2953,#2954,#2955,#2956,
#2957,#2958,#2959),.UNSPECIFIED.,.T.,.F.) B_SPLINE_CURVE_WITH_KNOTS((1,2
    ,2,2,2,1),(-2.094395102393,0.,2.094395102393,4.188790204786,
6.28318530718,8.377580409573),.UNSPECIFIED.) CURVE() 
GEOMETRIC_REPRESENTATION_ITEM() RATIONAL_B_SPLINE_CURVE((1.,0.5,1.,0.5,
1.,0.5,1.)) REPRESENTATION_ITEM('') );
#2953 = CARTESIAN_POINT('',(2.1500003161,1.));
#2954 = CARTESIAN_POINT('',(0.158141887396,1.));
#2955 = CARTESIAN_POINT('',(1.154071101748,2.725));
#2956 = CARTESIAN_POINT('',(2.1500003161,4.45));
#2957 = CARTESIAN_POINT('',(3.145929530452,2.725));
#2958 = CARTESIAN_POINT('',(4.141858744804,1.));
#2959 = CARTESIAN_POINT('',(2.1500003161,1.));
#2960 = ( GEOMETRIC_REPRESENTATION_CONTEXT(2) 
PARAMETRIC_REPRESENTATION_CONTEXT() REPRESENTATION_CONTEXT('2D SPACE',''
  ) );
#2961 = PCURVE('',#2962,#2967);
#2962 = CYLINDRICAL_SURFACE('',#2963,1.15);
#2963 = AXIS2_PLACEMENT_3D('',#2964,#2965,#2966);
#2964 = CARTESIAN_POINT('',(-14.34999973177,-14.8499994753,29.5));
#2965 = DIRECTION('',(0.,0.,-1.));
#2966 = DIRECTION('',(-1.,0.,0.));
#2967 = DEFINITIONAL_REPRESENTATION('',(#2968),#2972);
#2968 = LINE('',#2969,#2970);
#2969 = CARTESIAN_POINT('',(12.566370614359,3.));
#2970 = VECTOR('',#2971,1.);
#2971 = DIRECTION('',(-1.,0.));
#2972 = ( GEOMETRIC_REPRESENTATION_CONTEXT(2) 
PARAMETRIC_REPRESENTATION_CONTEXT() REPRESENTATION_CONTEXT('2D SPACE',''
  ) );
#2973 = ADVANCED_FACE('',(#2974),#128,.T.);
#2974 = FACE_BOUND('',#2975,.T.);
#2975 = EDGE_LOOP('',(#2976,#2977,#3000,#3028));
#2976 = ORIENTED_EDGE('',*,*,#112,.T.);
#2977 = ORIENTED_EDGE('',*,*,#2978,.F.);
#2978 = EDGE_CURVE('',#2979,#85,#2981,.T.);
#2979 = VERTEX_POINT('',#2980);
#2980 = CARTESIAN_POINT('',(15.500000230968,-11.9999997914,0.));
#2981 = SURFACE_CURVE('',#2982,(#2986,#2993),.PCURVE_S1.);
#2982 = LINE('',#2983,#2984);
#2983 = CARTESIAN_POINT('',(18.000000268221,-11.9999997914,0.));
#2984 = VECTOR('',#2985,1.);
#2985 = DIRECTION('',(1.,0.,0.));
#2986 = PCURVE('',#128,#2987);
#2987 = DEFINITIONAL_REPRESENTATION('',(#2988),#2992);
#2988 = LINE('',#2989,#2990);
#2989 = CARTESIAN_POINT('',(3.,0.));
#2990 = VECTOR('',#2991,1.);
#2991 = DIRECTION('',(-1.,0.));
#2992 = ( GEOMETRIC_REPRESENTATION_CONTEXT(2) 
PARAMETRIC_REPRESENTATION_CONTEXT() REPRESENTATION_CONTEXT('2D SPACE',''
  ) );
#2993 = PCURVE('',#100,#2994);
#2994 = DEFINITIONAL_REPRESENTATION('',(#2995),#2999);
#2995 = LINE('',#2996,#2997);
#2996 = CARTESIAN_POINT('',(17.25,-8.));
#2997 = VECTOR('',#2998,1.);
#2998 = DIRECTION('',(1.,0.));
#2999 = ( GEOMETRIC_REPRESENTATION_CONTEXT(2) 
PARAMETRIC_REPRESENTATION_CONTEXT() REPRESENTATION_CONTEXT('2D SPACE',''
  ) );
#3000 = ORIENTED_EDGE('',*,*,#3001,.F.);
#3001 = EDGE_CURVE('',#3002,#2979,#3004,.T.);
#3002 = VERTEX_POINT('',#3003);
#3003 = CARTESIAN_POINT('',(15.500000230968,-11.9999997914,3.));
#3004 = SURFACE_CURVE('',#3005,(#3009,#3016),.PCURVE_S1.);
#3005 = LINE('',#3006,#3007);
#3006 = CARTESIAN_POINT('',(15.500000230968,-11.9999997914,14.75));
#3007 = VECTOR('',#3008,1.);
#3008 = DIRECTION('',(0.,0.,-1.));
#3009 = PCURVE('',#128,#3010);
#3010 = DEFINITIONAL_REPRESENTATION('',(#3011),#3015);
#3011 = LINE('',#3012,#3013);
#3012 = CARTESIAN_POINT('',(5.500000037253,14.75));
#3013 = VECTOR('',#3014,1.);
#3014 = DIRECTION('',(0.,-1.));
#3015 = ( GEOMETRIC_REPRESENTATION_CONTEXT(2) 
PARAMETRIC_REPRESENTATION_CONTEXT() REPRESENTATION_CONTEXT('2D SPACE',''
  ) );
#3016 = PCURVE('',#3017,#3022);
#3017 = PLANE('',#3018);
#3018 = AXIS2_PLACEMENT_3D('',#3019,#3020,#3021);
#3019 = CARTESIAN_POINT('',(15.500000230968,-11.9999997914,0.));
#3020 = DIRECTION('',(-0.707106786455,0.707106775918,0.));
#3021 = DIRECTION('',(-0.707106775918,-0.707106786455,0.));
#3022 = DEFINITIONAL_REPRESENTATION('',(#3023),#3027);
#3023 = LINE('',#3024,#3025);
#3024 = CARTESIAN_POINT('',(0.,14.75));
#3025 = VECTOR('',#3026,1.);
#3026 = DIRECTION('',(-0.,-1.));
#3027 = ( GEOMETRIC_REPRESENTATION_CONTEXT(2) 
PARAMETRIC_REPRESENTATION_CONTEXT() REPRESENTATION_CONTEXT('2D SPACE',''
  ) );
#3028 = ORIENTED_EDGE('',*,*,#3029,.T.);
#3029 = EDGE_CURVE('',#3002,#113,#3030,.T.);
#3030 = SURFACE_CURVE('',#3031,(#3035,#3042),.PCURVE_S1.);
#3031 = LINE('',#3032,#3033);
#3032 = CARTESIAN_POINT('',(19.004144631446,-11.9999997914,3.));
#3033 = VECTOR('',#3034,1.);
#3034 = DIRECTION('',(1.,0.,1.625040943736E-48));
#3035 = PCURVE('',#128,#3036);
#3036 = DEFINITIONAL_REPRESENTATION('',(#3037),#3041);
#3037 = LINE('',#3038,#3039);
#3038 = CARTESIAN_POINT('',(1.995855636775,3.));
#3039 = VECTOR('',#3040,1.);
#3040 = DIRECTION('',(-1.,1.625040943736E-48));
#3041 = ( GEOMETRIC_REPRESENTATION_CONTEXT(2) 
PARAMETRIC_REPRESENTATION_CONTEXT() REPRESENTATION_CONTEXT('2D SPACE',''
  ) );
#3042 = PCURVE('',#156,#3043);
#3043 = DEFINITIONAL_REPRESENTATION('',(#3044),#3048);
#3044 = LINE('',#3045,#3046);
#3045 = CARTESIAN_POINT('',(9.058174786152E-65,-1.004144363225));
#3046 = VECTOR('',#3047,1.);
#3047 = DIRECTION('',(9.020789358473E-65,-1.));
#3048 = ( GEOMETRIC_REPRESENTATION_CONTEXT(2) 
PARAMETRIC_REPRESENTATION_CONTEXT() REPRESENTATION_CONTEXT('2D SPACE',''
  ) );
#3049 = ADVANCED_FACE('',(#3050),#1822,.F.);
#3050 = FACE_BOUND('',#3051,.F.);
#3051 = EDGE_LOOP('',(#3052,#3075,#3097,#3098));
#3052 = ORIENTED_EDGE('',*,*,#3053,.T.);
#3053 = EDGE_CURVE('',#1806,#3054,#3056,.T.);
#3054 = VERTEX_POINT('',#3055);
#3055 = CARTESIAN_POINT('',(-0.399999731779,-18.9999997914,8.75));
#3056 = SEAM_CURVE('',#3057,(#3061,#3068),.PCURVE_S1.);
#3057 = LINE('',#3058,#3059);
#3058 = CARTESIAN_POINT('',(-1.399999731779,-17.9999997914,8.75));
#3059 = VECTOR('',#3060,1.);
#3060 = DIRECTION('',(0.707106781187,-0.707106781187,-8.659560562355E-17
    ));
#3061 = PCURVE('',#1822,#3062);
#3062 = DEFINITIONAL_REPRESENTATION('',(#3063),#3067);
#3063 = LINE('',#3064,#3065);
#3064 = CARTESIAN_POINT('',(3.14159265359,1.884110950421E-15));
#3065 = VECTOR('',#3066,1.);
#3066 = DIRECTION('',(0.,-1.));
#3067 = ( GEOMETRIC_REPRESENTATION_CONTEXT(2) 
PARAMETRIC_REPRESENTATION_CONTEXT() REPRESENTATION_CONTEXT('2D SPACE',''
  ) );
#3068 = PCURVE('',#1822,#3069);
#3069 = DEFINITIONAL_REPRESENTATION('',(#3070),#3074);
#3070 = LINE('',#3071,#3072);
#3071 = CARTESIAN_POINT('',(9.424777960769,1.884110950421E-15));
#3072 = VECTOR('',#3073,1.);
#3073 = DIRECTION('',(0.,-1.));
#3074 = ( GEOMETRIC_REPRESENTATION_CONTEXT(2) 
PARAMETRIC_REPRESENTATION_CONTEXT() REPRESENTATION_CONTEXT('2D SPACE',''
  ) );
#3075 = ORIENTED_EDGE('',*,*,#3076,.F.);
#3076 = EDGE_CURVE('',#3054,#3054,#3077,.T.);
#3077 = SURFACE_CURVE('',#3078,(#3083,#3090),.PCURVE_S1.);
#3078 = CIRCLE('',#3079,1.15);
#3079 = AXIS2_PLACEMENT_3D('',#3080,#3081,#3082);
#3080 = CARTESIAN_POINT('',(0.750000268221,-18.9999997914,8.75));
#3081 = DIRECTION('',(1.287215101015E-16,-1.,0.));
#3082 = DIRECTION('',(1.,1.287215101015E-16,0.));
#3083 = PCURVE('',#1822,#3084);
#3084 = DEFINITIONAL_REPRESENTATION('',(#3085),#3089);
#3085 = LINE('',#3086,#3087);
#3086 = CARTESIAN_POINT('',(12.566370614359,-1.));
#3087 = VECTOR('',#3088,1.);
#3088 = DIRECTION('',(-1.,0.));
#3089 = ( GEOMETRIC_REPRESENTATION_CONTEXT(2) 
PARAMETRIC_REPRESENTATION_CONTEXT() REPRESENTATION_CONTEXT('2D SPACE',''
  ) );
#3090 = PCURVE('',#384,#3091);
#3091 = DEFINITIONAL_REPRESENTATION('',(#3092),#3096);
#3092 = LINE('',#3093,#3094);
#3093 = CARTESIAN_POINT('',(12.566370614359,1.));
#3094 = VECTOR('',#3095,1.);
#3095 = DIRECTION('',(-1.,0.));
#3096 = ( GEOMETRIC_REPRESENTATION_CONTEXT(2) 
PARAMETRIC_REPRESENTATION_CONTEXT() REPRESENTATION_CONTEXT('2D SPACE',''
  ) );
#3097 = ORIENTED_EDGE('',*,*,#3053,.F.);
#3098 = ORIENTED_EDGE('',*,*,#1805,.F.);
#3099 = ADVANCED_FACE('',(#3100),#384,.F.);
#3100 = FACE_BOUND('',#3101,.F.);
#3101 = EDGE_LOOP('',(#3102,#3123,#3124,#3125));
#3102 = ORIENTED_EDGE('',*,*,#3103,.T.);
#3103 = EDGE_CURVE('',#364,#3054,#3104,.T.);
#3104 = SEAM_CURVE('',#3105,(#3109,#3116),.PCURVE_S1.);
#3105 = LINE('',#3106,#3107);
#3106 = CARTESIAN_POINT('',(-0.399999731779,-19.9999997914,8.75));
#3107 = VECTOR('',#3108,1.);
#3108 = DIRECTION('',(-2.081668171172E-16,1.,0.));
#3109 = PCURVE('',#384,#3110);
#3110 = DEFINITIONAL_REPRESENTATION('',(#3111),#3115);
#3111 = LINE('',#3112,#3113);
#3112 = CARTESIAN_POINT('',(9.424777960769,0.));
#3113 = VECTOR('',#3114,1.);
#3114 = DIRECTION('',(0.,1.));
#3115 = ( GEOMETRIC_REPRESENTATION_CONTEXT(2) 
PARAMETRIC_REPRESENTATION_CONTEXT() REPRESENTATION_CONTEXT('2D SPACE',''
  ) );
#3116 = PCURVE('',#384,#3117);
#3117 = DEFINITIONAL_REPRESENTATION('',(#3118),#3122);
#3118 = LINE('',#3119,#3120);
#3119 = CARTESIAN_POINT('',(3.14159265359,0.));
#3120 = VECTOR('',#3121,1.);
#3121 = DIRECTION('',(0.,1.));
#3122 = ( GEOMETRIC_REPRESENTATION_CONTEXT(2) 
PARAMETRIC_REPRESENTATION_CONTEXT() REPRESENTATION_CONTEXT('2D SPACE',''
  ) );
#3123 = ORIENTED_EDGE('',*,*,#3076,.T.);
#3124 = ORIENTED_EDGE('',*,*,#3103,.F.);
#3125 = ORIENTED_EDGE('',*,*,#363,.T.);
#3126 = ADVANCED_FACE('',(#3127),#1729,.F.);
#3127 = FACE_BOUND('',#3128,.F.);
#3128 = EDGE_LOOP('',(#3129,#3152,#3174,#3175));
#3129 = ORIENTED_EDGE('',*,*,#3130,.T.);
#3130 = EDGE_CURVE('',#1713,#3131,#3133,.T.);
#3131 = VERTEX_POINT('',#3132);
#3132 = CARTESIAN_POINT('',(5.600000268221,-18.9999997914,14.75));
#3133 = SEAM_CURVE('',#3134,(#3138,#3145),.PCURVE_S1.);
#3134 = LINE('',#3135,#3136);
#3135 = CARTESIAN_POINT('',(4.600000268221,-17.9999997914,14.75));
#3136 = VECTOR('',#3137,1.);
#3137 = DIRECTION('',(0.707106781187,-0.707106781187,-8.659560562355E-17
    ));
#3138 = PCURVE('',#1729,#3139);
#3139 = DEFINITIONAL_REPRESENTATION('',(#3140),#3144);
#3140 = LINE('',#3141,#3142);
#3141 = CARTESIAN_POINT('',(3.14159265359,9.420554752103E-16));
#3142 = VECTOR('',#3143,1.);
#3143 = DIRECTION('',(0.,-1.));
#3144 = ( GEOMETRIC_REPRESENTATION_CONTEXT(2) 
PARAMETRIC_REPRESENTATION_CONTEXT() REPRESENTATION_CONTEXT('2D SPACE',''
  ) );
#3145 = PCURVE('',#1729,#3146);
#3146 = DEFINITIONAL_REPRESENTATION('',(#3147),#3151);
#3147 = LINE('',#3148,#3149);
#3148 = CARTESIAN_POINT('',(9.424777960769,9.420554752103E-16));
#3149 = VECTOR('',#3150,1.);
#3150 = DIRECTION('',(0.,-1.));
#3151 = ( GEOMETRIC_REPRESENTATION_CONTEXT(2) 
PARAMETRIC_REPRESENTATION_CONTEXT() REPRESENTATION_CONTEXT('2D SPACE',''
  ) );
#3152 = ORIENTED_EDGE('',*,*,#3153,.F.);
#3153 = EDGE_CURVE('',#3131,#3131,#3154,.T.);
#3154 = SURFACE_CURVE('',#3155,(#3160,#3167),.PCURVE_S1.);
#3155 = CIRCLE('',#3156,1.15);
#3156 = AXIS2_PLACEMENT_3D('',#3157,#3158,#3159);
#3157 = CARTESIAN_POINT('',(6.750000268221,-18.9999997914,14.75));
#3158 = DIRECTION('',(1.287215101015E-16,-1.,0.));
#3159 = DIRECTION('',(1.,1.287215101015E-16,0.));
#3160 = PCURVE('',#1729,#3161);
#3161 = DEFINITIONAL_REPRESENTATION('',(#3162),#3166);
#3162 = LINE('',#3163,#3164);
#3163 = CARTESIAN_POINT('',(12.566370614359,-1.));
#3164 = VECTOR('',#3165,1.);
#3165 = DIRECTION('',(-1.,0.));
#3166 = ( GEOMETRIC_REPRESENTATION_CONTEXT(2) 
PARAMETRIC_REPRESENTATION_CONTEXT() REPRESENTATION_CONTEXT('2D SPACE',''
  ) );
#3167 = PCURVE('',#454,#3168);
#3168 = DEFINITIONAL_REPRESENTATION('',(#3169),#3173);
#3169 = LINE('',#3170,#3171);
#3170 = CARTESIAN_POINT('',(12.566370614359,1.));
#3171 = VECTOR('',#3172,1.);
#3172 = DIRECTION('',(-1.,0.));
#3173 = ( GEOMETRIC_REPRESENTATION_CONTEXT(2) 
PARAMETRIC_REPRESENTATION_CONTEXT() REPRESENTATION_CONTEXT('2D SPACE',''
  ) );
#3174 = ORIENTED_EDGE('',*,*,#3130,.F.);
#3175 = ORIENTED_EDGE('',*,*,#1712,.F.);
#3176 = ADVANCED_FACE('',(#3177),#454,.F.);
#3177 = FACE_BOUND('',#3178,.F.);
#3178 = EDGE_LOOP('',(#3179,#3200,#3201,#3202));
#3179 = ORIENTED_EDGE('',*,*,#3180,.T.);
#3180 = EDGE_CURVE('',#434,#3131,#3181,.T.);
#3181 = SEAM_CURVE('',#3182,(#3186,#3193),.PCURVE_S1.);
#3182 = LINE('',#3183,#3184);
#3183 = CARTESIAN_POINT('',(5.600000268221,-19.9999997914,14.75));
#3184 = VECTOR('',#3185,1.);
#3185 = DIRECTION('',(-3.700743415417E-16,1.,0.));
#3186 = PCURVE('',#454,#3187);
#3187 = DEFINITIONAL_REPRESENTATION('',(#3188),#3192);
#3188 = LINE('',#3189,#3190);
#3189 = CARTESIAN_POINT('',(9.424777960769,0.));
#3190 = VECTOR('',#3191,1.);
#3191 = DIRECTION('',(0.,1.));
#3192 = ( GEOMETRIC_REPRESENTATION_CONTEXT(2) 
PARAMETRIC_REPRESENTATION_CONTEXT() REPRESENTATION_CONTEXT('2D SPACE',''
  ) );
#3193 = PCURVE('',#454,#3194);
#3194 = DEFINITIONAL_REPRESENTATION('',(#3195),#3199);
#3195 = LINE('',#3196,#3197);
#3196 = CARTESIAN_POINT('',(3.14159265359,0.));
#3197 = VECTOR('',#3198,1.);
#3198 = DIRECTION('',(0.,1.));
#3199 = ( GEOMETRIC_REPRESENTATION_CONTEXT(2) 
PARAMETRIC_REPRESENTATION_CONTEXT() REPRESENTATION_CONTEXT('2D SPACE',''
  ) );
#3200 = ORIENTED_EDGE('',*,*,#3153,.T.);
#3201 = ORIENTED_EDGE('',*,*,#3180,.F.);
#3202 = ORIENTED_EDGE('',*,*,#433,.T.);
#3203 = ADVANCED_FACE('',(#3204),#1791,.F.);
#3204 = FACE_BOUND('',#3205,.F.);
#3205 = EDGE_LOOP('',(#3206,#3229,#3251,#3252));
#3206 = ORIENTED_EDGE('',*,*,#3207,.T.);
#3207 = EDGE_CURVE('',#1775,#3208,#3210,.T.);
#3208 = VERTEX_POINT('',#3209);
#3209 = CARTESIAN_POINT('',(-6.399999731779,-18.9999997914,14.75));
#3210 = SEAM_CURVE('',#3211,(#3215,#3222),.PCURVE_S1.);
#3211 = LINE('',#3212,#3213);
#3212 = CARTESIAN_POINT('',(-7.399999731779,-17.9999997914,14.75));
#3213 = VECTOR('',#3214,1.);
#3214 = DIRECTION('',(0.707106781187,-0.707106781187,-8.659560562355E-17
    ));
#3215 = PCURVE('',#1791,#3216);
#3216 = DEFINITIONAL_REPRESENTATION('',(#3217),#3221);
#3217 = LINE('',#3218,#3219);
#3218 = CARTESIAN_POINT('',(3.14159265359,3.140184917368E-16));
#3219 = VECTOR('',#3220,1.);
#3220 = DIRECTION('',(0.,-1.));
#3221 = ( GEOMETRIC_REPRESENTATION_CONTEXT(2) 
PARAMETRIC_REPRESENTATION_CONTEXT() REPRESENTATION_CONTEXT('2D SPACE',''
  ) );
#3222 = PCURVE('',#1791,#3223);
#3223 = DEFINITIONAL_REPRESENTATION('',(#3224),#3228);
#3224 = LINE('',#3225,#3226);
#3225 = CARTESIAN_POINT('',(9.424777960769,3.140184917368E-16));
#3226 = VECTOR('',#3227,1.);
#3227 = DIRECTION('',(0.,-1.));
#3228 = ( GEOMETRIC_REPRESENTATION_CONTEXT(2) 
PARAMETRIC_REPRESENTATION_CONTEXT() REPRESENTATION_CONTEXT('2D SPACE',''
  ) );
#3229 = ORIENTED_EDGE('',*,*,#3230,.F.);
#3230 = EDGE_CURVE('',#3208,#3208,#3231,.T.);
#3231 = SURFACE_CURVE('',#3232,(#3237,#3244),.PCURVE_S1.);
#3232 = CIRCLE('',#3233,1.15);
#3233 = AXIS2_PLACEMENT_3D('',#3234,#3235,#3236);
#3234 = CARTESIAN_POINT('',(-5.249999731779,-18.9999997914,14.75));
#3235 = DIRECTION('',(1.287215101015E-16,-1.,0.));
#3236 = DIRECTION('',(1.,1.287215101015E-16,0.));
#3237 = PCURVE('',#1791,#3238);
#3238 = DEFINITIONAL_REPRESENTATION('',(#3239),#3243);
#3239 = LINE('',#3240,#3241);
#3240 = CARTESIAN_POINT('',(12.566370614359,-1.));
#3241 = VECTOR('',#3242,1.);
#3242 = DIRECTION('',(-1.,0.));
#3243 = ( GEOMETRIC_REPRESENTATION_CONTEXT(2) 
PARAMETRIC_REPRESENTATION_CONTEXT() REPRESENTATION_CONTEXT('2D SPACE',''
  ) );
#3244 = PCURVE('',#349,#3245);
#3245 = DEFINITIONAL_REPRESENTATION('',(#3246),#3250);
#3246 = LINE('',#3247,#3248);
#3247 = CARTESIAN_POINT('',(12.566370614359,1.));
#3248 = VECTOR('',#3249,1.);
#3249 = DIRECTION('',(-1.,0.));
#3250 = ( GEOMETRIC_REPRESENTATION_CONTEXT(2) 
PARAMETRIC_REPRESENTATION_CONTEXT() REPRESENTATION_CONTEXT('2D SPACE',''
  ) );
#3251 = ORIENTED_EDGE('',*,*,#3207,.F.);
#3252 = ORIENTED_EDGE('',*,*,#1774,.F.);
#3253 = ADVANCED_FACE('',(#3254),#349,.F.);
#3254 = FACE_BOUND('',#3255,.F.);
#3255 = EDGE_LOOP('',(#3256,#3277,#3278,#3279));
#3256 = ORIENTED_EDGE('',*,*,#3257,.T.);
#3257 = EDGE_CURVE('',#329,#3208,#3258,.T.);
#3258 = SEAM_CURVE('',#3259,(#3263,#3270),.PCURVE_S1.);
#3259 = LINE('',#3260,#3261);
#3260 = CARTESIAN_POINT('',(-6.399999731779,-19.9999997914,14.75));
#3261 = VECTOR('',#3262,1.);
#3262 = DIRECTION('',(-3.700743415417E-16,1.,0.));
#3263 = PCURVE('',#349,#3264);
#3264 = DEFINITIONAL_REPRESENTATION('',(#3265),#3269);
#3265 = LINE('',#3266,#3267);
#3266 = CARTESIAN_POINT('',(9.424777960769,0.));
#3267 = VECTOR('',#3268,1.);
#3268 = DIRECTION('',(0.,1.));
#3269 = ( GEOMETRIC_REPRESENTATION_CONTEXT(2) 
PARAMETRIC_REPRESENTATION_CONTEXT() REPRESENTATION_CONTEXT('2D SPACE',''
  ) );
#3270 = PCURVE('',#349,#3271);
#3271 = DEFINITIONAL_REPRESENTATION('',(#3272),#3276);
#3272 = LINE('',#3273,#3274);
#3273 = CARTESIAN_POINT('',(3.14159265359,0.));
#3274 = VECTOR('',#3275,1.);
#3275 = DIRECTION('',(0.,1.));
#3276 = ( GEOMETRIC_REPRESENTATION_CONTEXT(2) 
PARAMETRIC_REPRESENTATION_CONTEXT() REPRESENTATION_CONTEXT('2D SPACE',''
  ) );
#3277 = ORIENTED_EDGE('',*,*,#3230,.T.);
#3278 = ORIENTED_EDGE('',*,*,#3257,.F.);
#3279 = ORIENTED_EDGE('',*,*,#328,.T.);
#3280 = ADVANCED_FACE('',(#3281),#1760,.F.);
#3281 = FACE_BOUND('',#3282,.F.);
#3282 = EDGE_LOOP('',(#3283,#3306,#3328,#3329));
#3283 = ORIENTED_EDGE('',*,*,#3284,.T.);
#3284 = EDGE_CURVE('',#1744,#3285,#3287,.T.);
#3285 = VERTEX_POINT('',#3286);
#3286 = CARTESIAN_POINT('',(-0.399999731779,-18.9999997914,20.75));
#3287 = SEAM_CURVE('',#3288,(#3292,#3299),.PCURVE_S1.);
#3288 = LINE('',#3289,#3290);
#3289 = CARTESIAN_POINT('',(-1.399999731779,-17.9999997914,20.75));
#3290 = VECTOR('',#3291,1.);
#3291 = DIRECTION('',(0.707106781187,-0.707106781187,-8.659560562355E-17
    ));
#3292 = PCURVE('',#1760,#3293);
#3293 = DEFINITIONAL_REPRESENTATION('',(#3294),#3298);
#3294 = LINE('',#3295,#3296);
#3295 = CARTESIAN_POINT('',(3.14159265359,1.884110950421E-15));
#3296 = VECTOR('',#3297,1.);
#3297 = DIRECTION('',(0.,-1.));
#3298 = ( GEOMETRIC_REPRESENTATION_CONTEXT(2) 
PARAMETRIC_REPRESENTATION_CONTEXT() REPRESENTATION_CONTEXT('2D SPACE',''
  ) );
#3299 = PCURVE('',#1760,#3300);
#3300 = DEFINITIONAL_REPRESENTATION('',(#3301),#3305);
#3301 = LINE('',#3302,#3303);
#3302 = CARTESIAN_POINT('',(9.424777960769,1.884110950421E-15));
#3303 = VECTOR('',#3304,1.);
#3304 = DIRECTION('',(0.,-1.));
#3305 = ( GEOMETRIC_REPRESENTATION_CONTEXT(2) 
PARAMETRIC_REPRESENTATION_CONTEXT() REPRESENTATION_CONTEXT('2D SPACE',''
  ) );
#3306 = ORIENTED_EDGE('',*,*,#3307,.F.);
#3307 = EDGE_CURVE('',#3285,#3285,#3308,.T.);
#3308 = SURFACE_CURVE('',#3309,(#3314,#3321),.PCURVE_S1.);
#3309 = CIRCLE('',#3310,1.15);
#3310 = AXIS2_PLACEMENT_3D('',#3311,#3312,#3313);
#3311 = CARTESIAN_POINT('',(0.750000268221,-18.9999997914,20.75));
#3312 = DIRECTION('',(1.287215101015E-16,-1.,0.));
#3313 = DIRECTION('',(1.,1.287215101015E-16,0.));
#3314 = PCURVE('',#1760,#3315);
#3315 = DEFINITIONAL_REPRESENTATION('',(#3316),#3320);
#3316 = LINE('',#3317,#3318);
#3317 = CARTESIAN_POINT('',(12.566370614359,-1.));
#3318 = VECTOR('',#3319,1.);
#3319 = DIRECTION('',(-1.,0.));
#3320 = ( GEOMETRIC_REPRESENTATION_CONTEXT(2) 
PARAMETRIC_REPRESENTATION_CONTEXT() REPRESENTATION_CONTEXT('2D SPACE',''
  ) );
#3321 = PCURVE('',#419,#3322);
#3322 = DEFINITIONAL_REPRESENTATION('',(#3323),#3327);
#3323 = LINE('',#3324,#3325);
#3324 = CARTESIAN_POINT('',(12.566370614359,1.));
#3325 = VECTOR('',#3326,1.);
#3326 = DIRECTION('',(-1.,0.));
#3327 = ( GEOMETRIC_REPRESENTATION_CONTEXT(2) 
PARAMETRIC_REPRESENTATION_CONTEXT() REPRESENTATION_CONTEXT('2D SPACE',''
  ) );
#3328 = ORIENTED_EDGE('',*,*,#3284,.F.);
#3329 = ORIENTED_EDGE('',*,*,#1743,.F.);
#3330 = ADVANCED_FACE('',(#3331),#419,.F.);
#3331 = FACE_BOUND('',#3332,.F.);
#3332 = EDGE_LOOP('',(#3333,#3354,#3355,#3356));
#3333 = ORIENTED_EDGE('',*,*,#3334,.T.);
#3334 = EDGE_CURVE('',#399,#3285,#3335,.T.);
#3335 = SEAM_CURVE('',#3336,(#3340,#3347),.PCURVE_S1.);
#3336 = LINE('',#3337,#3338);
#3337 = CARTESIAN_POINT('',(-0.399999731779,-19.9999997914,20.75));
#3338 = VECTOR('',#3339,1.);
#3339 = DIRECTION('',(-2.081668171172E-16,1.,0.));
#3340 = PCURVE('',#419,#3341);
#3341 = DEFINITIONAL_REPRESENTATION('',(#3342),#3346);
#3342 = LINE('',#3343,#3344);
#3343 = CARTESIAN_POINT('',(9.424777960769,0.));
#3344 = VECTOR('',#3345,1.);
#3345 = DIRECTION('',(0.,1.));
#3346 = ( GEOMETRIC_REPRESENTATION_CONTEXT(2) 
PARAMETRIC_REPRESENTATION_CONTEXT() REPRESENTATION_CONTEXT('2D SPACE',''
  ) );
#3347 = PCURVE('',#419,#3348);
#3348 = DEFINITIONAL_REPRESENTATION('',(#3349),#3353);
#3349 = LINE('',#3350,#3351);
#3350 = CARTESIAN_POINT('',(3.14159265359,0.));
#3351 = VECTOR('',#3352,1.);
#3352 = DIRECTION('',(0.,1.));
#3353 = ( GEOMETRIC_REPRESENTATION_CONTEXT(2) 
PARAMETRIC_REPRESENTATION_CONTEXT() REPRESENTATION_CONTEXT('2D SPACE',''
  ) );
#3354 = ORIENTED_EDGE('',*,*,#3307,.T.);
#3355 = ORIENTED_EDGE('',*,*,#3334,.F.);
#3356 = ORIENTED_EDGE('',*,*,#398,.T.);
#3357 = ADVANCED_FACE('',(#3358),#3373,.F.);
#3358 = FACE_BOUND('',#3359,.F.);
#3359 = EDGE_LOOP('',(#3360,#3391,#3414,#3436,#3437,#3461));
#3360 = ORIENTED_EDGE('',*,*,#3361,.T.);
#3361 = EDGE_CURVE('',#3362,#3364,#3366,.T.);
#3362 = VERTEX_POINT('',#3363);
#3363 = CARTESIAN_POINT('',(-16.49999973177,-0.39919281379,0.));
#3364 = VERTEX_POINT('',#3365);
#3365 = CARTESIAN_POINT('',(-11.69999973177,1.150000524693,
    5.551115123126E-16));
#3366 = SURFACE_CURVE('',#3367,(#3372,#3384),.PCURVE_S1.);
#3367 = CIRCLE('',#3368,2.65);
#3368 = AXIS2_PLACEMENT_3D('',#3369,#3370,#3371);
#3369 = CARTESIAN_POINT('',(-14.34999973177,1.150000524693,0.));
#3370 = DIRECTION('',(0.,0.,1.));
#3371 = DIRECTION('',(-1.,0.,0.));
#3372 = PCURVE('',#3373,#3378);
#3373 = CONICAL_SURFACE('',#3374,1.9,0.785398163397);
#3374 = AXIS2_PLACEMENT_3D('',#3375,#3376,#3377);
#3375 = CARTESIAN_POINT('',(-14.34999973177,1.150000524693,0.75));
#3376 = DIRECTION('',(0.,0.,-1.));
#3377 = DIRECTION('',(-1.,0.,0.));
#3378 = DEFINITIONAL_REPRESENTATION('',(#3379),#3383);
#3379 = LINE('',#3380,#3381);
#3380 = CARTESIAN_POINT('',(0.,0.75));
#3381 = VECTOR('',#3382,1.);
#3382 = DIRECTION('',(-1.,-6.237445844743E-17));
#3383 = ( GEOMETRIC_REPRESENTATION_CONTEXT(2) 
PARAMETRIC_REPRESENTATION_CONTEXT() REPRESENTATION_CONTEXT('2D SPACE',''
  ) );
#3384 = PCURVE('',#100,#3385);
#3385 = DEFINITIONAL_REPRESENTATION('',(#3386),#3390);
#3386 = CIRCLE('',#3387,2.65);
#3387 = AXIS2_PLACEMENT_2D('',#3388,#3389);
#3388 = CARTESIAN_POINT('',(-15.1,5.1500003161));
#3389 = DIRECTION('',(-1.,0.));
#3390 = ( GEOMETRIC_REPRESENTATION_CONTEXT(2) 
PARAMETRIC_REPRESENTATION_CONTEXT() REPRESENTATION_CONTEXT('2D SPACE',''
  ) );
#3391 = ORIENTED_EDGE('',*,*,#3392,.T.);
#3392 = EDGE_CURVE('',#3364,#3393,#3395,.T.);
#3393 = VERTEX_POINT('',#3394);
#3394 = CARTESIAN_POINT('',(-13.19999973177,1.150000524693,1.5));
#3395 = SEAM_CURVE('',#3396,(#3400,#3407),.PCURVE_S1.);
#3396 = LINE('',#3397,#3398);
#3397 = CARTESIAN_POINT('',(-12.44999973177,1.150000524693,0.75));
#3398 = VECTOR('',#3399,1.);
#3399 = DIRECTION('',(-0.707106781187,-8.659560562355E-17,0.707106781187
    ));
#3400 = PCURVE('',#3373,#3401);
#3401 = DEFINITIONAL_REPRESENTATION('',(#3402),#3406);
#3402 = LINE('',#3403,#3404);
#3403 = CARTESIAN_POINT('',(-3.14159265359,-1.570092458684E-16));
#3404 = VECTOR('',#3405,1.);
#3405 = DIRECTION('',(0.,-1.));
#3406 = ( GEOMETRIC_REPRESENTATION_CONTEXT(2) 
PARAMETRIC_REPRESENTATION_CONTEXT() REPRESENTATION_CONTEXT('2D SPACE',''
  ) );
#3407 = PCURVE('',#3373,#3408);
#3408 = DEFINITIONAL_REPRESENTATION('',(#3409),#3413);
#3409 = LINE('',#3410,#3411);
#3410 = CARTESIAN_POINT('',(3.14159265359,-1.570092458684E-16));
#3411 = VECTOR('',#3412,1.);
#3412 = DIRECTION('',(0.,-1.));
#3413 = ( GEOMETRIC_REPRESENTATION_CONTEXT(2) 
PARAMETRIC_REPRESENTATION_CONTEXT() REPRESENTATION_CONTEXT('2D SPACE',''
  ) );
#3414 = ORIENTED_EDGE('',*,*,#3415,.T.);
#3415 = EDGE_CURVE('',#3393,#3393,#3416,.T.);
#3416 = SURFACE_CURVE('',#3417,(#3422,#3429),.PCURVE_S1.);
#3417 = CIRCLE('',#3418,1.15);
#3418 = AXIS2_PLACEMENT_3D('',#3419,#3420,#3421);
#3419 = CARTESIAN_POINT('',(-14.34999973177,1.150000524693,1.5));
#3420 = DIRECTION('',(0.,0.,-1.));
#3421 = DIRECTION('',(-1.,0.,0.));
#3422 = PCURVE('',#3373,#3423);
#3423 = DEFINITIONAL_REPRESENTATION('',(#3424),#3428);
#3424 = LINE('',#3425,#3426);
#3425 = CARTESIAN_POINT('',(-6.28318530718,-0.75));
#3426 = VECTOR('',#3427,1.);
#3427 = DIRECTION('',(1.,0.));
#3428 = ( GEOMETRIC_REPRESENTATION_CONTEXT(2) 
PARAMETRIC_REPRESENTATION_CONTEXT() REPRESENTATION_CONTEXT('2D SPACE',''
  ) );
#3429 = PCURVE('',#2803,#3430);
#3430 = DEFINITIONAL_REPRESENTATION('',(#3431),#3435);
#3431 = LINE('',#3432,#3433);
#3432 = CARTESIAN_POINT('',(0.,-1.5));
#3433 = VECTOR('',#3434,1.);
#3434 = DIRECTION('',(1.,0.));
#3435 = ( GEOMETRIC_REPRESENTATION_CONTEXT(2) 
PARAMETRIC_REPRESENTATION_CONTEXT() REPRESENTATION_CONTEXT('2D SPACE',''
  ) );
#3436 = ORIENTED_EDGE('',*,*,#3392,.F.);
#3437 = ORIENTED_EDGE('',*,*,#3438,.T.);
#3438 = EDGE_CURVE('',#3364,#3439,#3441,.T.);
#3439 = VERTEX_POINT('',#3440);
#3440 = CARTESIAN_POINT('',(-16.49999973177,2.699193863176,0.));
#3441 = SURFACE_CURVE('',#3442,(#3447,#3454),.PCURVE_S1.);
#3442 = CIRCLE('',#3443,2.65);
#3443 = AXIS2_PLACEMENT_3D('',#3444,#3445,#3446);
#3444 = CARTESIAN_POINT('',(-14.34999973177,1.150000524693,0.));
#3445 = DIRECTION('',(0.,0.,1.));
#3446 = DIRECTION('',(-1.,0.,0.));
#3447 = PCURVE('',#3373,#3448);
#3448 = DEFINITIONAL_REPRESENTATION('',(#3449),#3453);
#3449 = LINE('',#3450,#3451);
#3450 = CARTESIAN_POINT('',(6.28318530718,0.75));
#3451 = VECTOR('',#3452,1.);
#3452 = DIRECTION('',(-1.,1.871233753423E-16));
#3453 = ( GEOMETRIC_REPRESENTATION_CONTEXT(2) 
PARAMETRIC_REPRESENTATION_CONTEXT() REPRESENTATION_CONTEXT('2D SPACE',''
  ) );
#3454 = PCURVE('',#100,#3455);
#3455 = DEFINITIONAL_REPRESENTATION('',(#3456),#3460);
#3456 = CIRCLE('',#3457,2.65);
#3457 = AXIS2_PLACEMENT_2D('',#3458,#3459);
#3458 = CARTESIAN_POINT('',(-15.1,5.1500003161));
#3459 = DIRECTION('',(-1.,0.));
#3460 = ( GEOMETRIC_REPRESENTATION_CONTEXT(2) 
PARAMETRIC_REPRESENTATION_CONTEXT() REPRESENTATION_CONTEXT('2D SPACE',''
  ) );
#3461 = ORIENTED_EDGE('',*,*,#3462,.T.);
#3462 = EDGE_CURVE('',#3439,#3362,#3463,.T.);
#3463 = SURFACE_CURVE('',#3464,(#3468,#3497),.PCURVE_S1.);
#3464 = ( BOUNDED_CURVE() B_SPLINE_CURVE(2,(#3465,#3466,#3467),
.UNSPECIFIED.,.F.,.F.) B_SPLINE_CURVE_WITH_KNOTS((3,3),(0.,
0.325576411922),.PIECEWISE_BEZIER_KNOTS.) CURVE() 
GEOMETRIC_REPRESENTATION_ITEM() RATIONAL_B_SPLINE_CURVE((1.,
1.232558139535,1.)) REPRESENTATION_ITEM('') );
#3465 = CARTESIAN_POINT('',(-16.49999973177,2.699193863176,
    1.387778780781E-16));
#3466 = CARTESIAN_POINT('',(-16.49999973177,1.150000524693,
    0.905660377358));
#3467 = CARTESIAN_POINT('',(-16.49999973177,-0.39919281379,
    1.387778780781E-16));
#3468 = PCURVE('',#3373,#3469);
#3469 = DEFINITIONAL_REPRESENTATION('',(#3470),#3496);
#3470 = B_SPLINE_CURVE_WITH_KNOTS('',3,(#3471,#3472,#3473,#3474,#3475,
    #3476,#3477,#3478,#3479,#3480,#3481,#3482,#3483,#3484,#3485,#3486,
    #3487,#3488,#3489,#3490,#3491,#3492,#3493,#3494,#3495),
  .UNSPECIFIED.,.F.,.F.,(4,1,1,1,1,1,1,1,1,1,1,1,1,1,1,1,1,1,1,1,1,1,4),
  (0.,1.479892781464E-02,2.959785562927E-02,4.439678344391E-02,
    5.919571125854E-02,7.399463907318E-02,8.879356688782E-02,
    0.103592494702,0.118391422517,0.133190350332,0.147989278146,
    0.162788205961,0.177587133776,0.19238606159,0.207184989405,
    0.22198391722,0.236782845034,0.251581772849,0.266380700663,
    0.281179628478,0.295978556293,0.310777484107,0.325576411922),
  .QUASI_UNIFORM_KNOTS.);
#3471 = CARTESIAN_POINT('',(0.624388500215,0.75));
#3472 = CARTESIAN_POINT('',(0.606673878461,0.716191723257));
#3473 = CARTESIAN_POINT('',(0.570938612691,0.653009672748));
#3474 = CARTESIAN_POINT('',(0.516480189217,0.570472456502));
#3475 = CARTESIAN_POINT('',(0.461226149768,0.499026098135));
#3476 = CARTESIAN_POINT('',(0.405245619141,0.4377963288));
#3477 = CARTESIAN_POINT('',(0.348613407481,0.38604600173));
#3478 = CARTESIAN_POINT('',(0.291410439511,0.343179578992));
#3479 = CARTESIAN_POINT('',(0.233722962064,0.308717646054));
#3480 = CARTESIAN_POINT('',(0.17564192461,0.282285032323));
#3481 = CARTESIAN_POINT('',(0.117262171364,0.263599798833));
#3482 = CARTESIAN_POINT('',(5.868156003684E-02,0.252465737789));
#3483 = CARTESIAN_POINT('',(3.960247268165E-16,0.248767131105));
#3484 = CARTESIAN_POINT('',(-5.868156003684E-02,0.252465737789));
#3485 = CARTESIAN_POINT('',(-0.117262171364,0.263599798833));
#3486 = CARTESIAN_POINT('',(-0.17564192461,0.282285032323));
#3487 = CARTESIAN_POINT('',(-0.233722962064,0.308717646054));
#3488 = CARTESIAN_POINT('',(-0.291410439511,0.343179578992));
#3489 = CARTESIAN_POINT('',(-0.348613407481,0.38604600173));
#3490 = CARTESIAN_POINT('',(-0.405245619141,0.4377963288));
#3491 = CARTESIAN_POINT('',(-0.461226149768,0.499026098135));
#3492 = CARTESIAN_POINT('',(-0.516480189217,0.570472456502));
#3493 = CARTESIAN_POINT('',(-0.570938612691,0.653009672748));
#3494 = CARTESIAN_POINT('',(-0.606673878461,0.716191723257));
#3495 = CARTESIAN_POINT('',(-0.624388500215,0.75));
#3496 = ( GEOMETRIC_REPRESENTATION_CONTEXT(2) 
PARAMETRIC_REPRESENTATION_CONTEXT() REPRESENTATION_CONTEXT('2D SPACE',''
  ) );
#3497 = PCURVE('',#3498,#3503);
#3498 = PLANE('',#3499);
#3499 = AXIS2_PLACEMENT_3D('',#3500,#3501,#3502);
#3500 = CARTESIAN_POINT('',(-16.49999973177,-16.9999997914,0.));
#3501 = DIRECTION('',(1.,0.,0.));
#3502 = DIRECTION('',(-0.,1.,0.));
#3503 = DEFINITIONAL_REPRESENTATION('',(#3504),#3508);
#3504 = ( BOUNDED_CURVE() B_SPLINE_CURVE(2,(#3505,#3506,#3507),
.UNSPECIFIED.,.F.,.F.) B_SPLINE_CURVE_WITH_KNOTS((3,3),(0.,
0.325576411922),.PIECEWISE_BEZIER_KNOTS.) CURVE() 
GEOMETRIC_REPRESENTATION_ITEM() RATIONAL_B_SPLINE_CURVE((1.,
1.232558139535,1.)) REPRESENTATION_ITEM('') );
#3505 = CARTESIAN_POINT('',(19.699193654583,1.387778780781E-16));
#3506 = CARTESIAN_POINT('',(18.1500003161,0.905660377358));
#3507 = CARTESIAN_POINT('',(16.600806977617,1.387778780781E-16));
#3508 = ( GEOMETRIC_REPRESENTATION_CONTEXT(2) 
PARAMETRIC_REPRESENTATION_CONTEXT() REPRESENTATION_CONTEXT('2D SPACE',''
  ) );
#3509 = ADVANCED_FACE('',(#3510),#3525,.F.);
#3510 = FACE_BOUND('',#3511,.F.);
#3511 = EDGE_LOOP('',(#3512,#3543,#3593,#3617,#3640,#3662,#3663,#3687));
#3512 = ORIENTED_EDGE('',*,*,#3513,.T.);
#3513 = EDGE_CURVE('',#3514,#3516,#3518,.T.);
#3514 = VERTEX_POINT('',#3515);
#3515 = CARTESIAN_POINT('',(-16.49999973177,-16.39919281379,0.));
#3516 = VERTEX_POINT('',#3517);
#3517 = CARTESIAN_POINT('',(-15.89919263157,-16.9999997914,0.));
#3518 = SURFACE_CURVE('',#3519,(#3524,#3536),.PCURVE_S1.);
#3519 = CIRCLE('',#3520,2.65);
#3520 = AXIS2_PLACEMENT_3D('',#3521,#3522,#3523);
#3521 = CARTESIAN_POINT('',(-14.34999973177,-14.8499994753,0.));
#3522 = DIRECTION('',(0.,0.,1.));
#3523 = DIRECTION('',(-1.,0.,0.));
#3524 = PCURVE('',#3525,#3530);
#3525 = CONICAL_SURFACE('',#3526,1.9,0.785398163397);
#3526 = AXIS2_PLACEMENT_3D('',#3527,#3528,#3529);
#3527 = CARTESIAN_POINT('',(-14.34999973177,-14.8499994753,0.75));
#3528 = DIRECTION('',(0.,0.,-1.));
#3529 = DIRECTION('',(-1.,0.,0.));
#3530 = DEFINITIONAL_REPRESENTATION('',(#3531),#3535);
#3531 = LINE('',#3532,#3533);
#3532 = CARTESIAN_POINT('',(0.,0.75));
#3533 = VECTOR('',#3534,1.);
#3534 = DIRECTION('',(-1.,4.875767804212E-16));
#3535 = ( GEOMETRIC_REPRESENTATION_CONTEXT(2) 
PARAMETRIC_REPRESENTATION_CONTEXT() REPRESENTATION_CONTEXT('2D SPACE',''
  ) );
#3536 = PCURVE('',#100,#3537);
#3537 = DEFINITIONAL_REPRESENTATION('',(#3538),#3542);
#3538 = CIRCLE('',#3539,2.65);
#3539 = AXIS2_PLACEMENT_2D('',#3540,#3541);
#3540 = CARTESIAN_POINT('',(-15.1,-10.8499996839));
#3541 = DIRECTION('',(-1.,0.));
#3542 = ( GEOMETRIC_REPRESENTATION_CONTEXT(2) 
PARAMETRIC_REPRESENTATION_CONTEXT() REPRESENTATION_CONTEXT('2D SPACE',''
  ) );
#3543 = ORIENTED_EDGE('',*,*,#3544,.T.);
#3544 = EDGE_CURVE('',#3516,#3545,#3547,.T.);
#3545 = VERTEX_POINT('',#3546);
#3546 = CARTESIAN_POINT('',(-12.80080683198,-16.9999997914,0.));
#3547 = SURFACE_CURVE('',#3548,(#3552,#3581),.PCURVE_S1.);
#3548 = ( BOUNDED_CURVE() B_SPLINE_CURVE(2,(#3549,#3550,#3551),
.UNSPECIFIED.,.F.,.F.) B_SPLINE_CURVE_WITH_KNOTS((3,3),(0.,
0.325576309007),.PIECEWISE_BEZIER_KNOTS.) CURVE() 
GEOMETRIC_REPRESENTATION_ITEM() RATIONAL_B_SPLINE_CURVE((1.,
1.23255795832,1.)) REPRESENTATION_ITEM('') );
#3549 = CARTESIAN_POINT('',(-15.89919263157,-16.9999997914,
    -2.775557561563E-16));
#3550 = CARTESIAN_POINT('',(-14.34999973177,-16.9999997914,
    0.905659864441));
#3551 = CARTESIAN_POINT('',(-12.80080683198,-16.9999997914,
    -1.387778780781E-16));
#3552 = PCURVE('',#3525,#3553);
#3553 = DEFINITIONAL_REPRESENTATION('',(#3554),#3580);
#3554 = B_SPLINE_CURVE_WITH_KNOTS('',3,(#3555,#3556,#3557,#3558,#3559,
    #3560,#3561,#3562,#3563,#3564,#3565,#3566,#3567,#3568,#3569,#3570,
    #3571,#3572,#3573,#3574,#3575,#3576,#3577,#3578,#3579),
  .UNSPECIFIED.,.F.,.F.,(4,1,1,1,1,1,1,1,1,1,1,1,1,1,1,1,1,1,1,1,1,1,4),
  (0.,1.479892313669E-02,2.959784627339E-02,4.439676941008E-02,
    5.919569254677E-02,7.399461568347E-02,8.879353882016E-02,
    0.103592461957,0.118391385094,0.13319030823,0.147989231367,
    0.162788154504,0.17758707764,0.192386000777,0.207184923914,
    0.22198384705,0.236782770187,0.251581693324,0.26638061646,
    0.281179539597,0.295978462734,0.310777385871,0.325576309007),
  .QUASI_UNIFORM_KNOTS.);
#3555 = CARTESIAN_POINT('',(-0.946408030622,0.75));
#3556 = CARTESIAN_POINT('',(-0.96412264736,0.716191747353));
#3557 = CARTESIAN_POINT('',(-0.999857902818,0.653009740843));
#3558 = CARTESIAN_POINT('',(-1.054316310022,0.570472579655));
#3559 = CARTESIAN_POINT('',(-1.10957033244,0.499026267184));
#3560 = CARTESIAN_POINT('',(-1.165550845329,0.437796535864));
#3561 = CARTESIAN_POINT('',(-1.222183038604,0.38604623998));
#3562 = CARTESIAN_POINT('',(-1.279385987616,0.343179842418));
#3563 = CARTESIAN_POINT('',(-1.337073445611,0.308717929288));
#3564 = CARTESIAN_POINT('',(-1.395154463209,0.282285330491));
#3565 = CARTESIAN_POINT('',(-1.453534196288,0.263600107421));
#3566 = CARTESIAN_POINT('',(-1.51211478724,0.252466052532));
#3567 = CARTESIAN_POINT('',(-1.570796326795,0.248767447884));
#3568 = CARTESIAN_POINT('',(-1.62947786635,0.252466052532));
#3569 = CARTESIAN_POINT('',(-1.688058457302,0.263600107421));
#3570 = CARTESIAN_POINT('',(-1.746438190381,0.282285330491));
#3571 = CARTESIAN_POINT('',(-1.804519207979,0.308717929288));
#3572 = CARTESIAN_POINT('',(-1.862206665974,0.343179842418));
#3573 = CARTESIAN_POINT('',(-1.919409614986,0.38604623998));
#3574 = CARTESIAN_POINT('',(-1.976041808261,0.437796535864));
#3575 = CARTESIAN_POINT('',(-2.03202232115,0.499026267184));
#3576 = CARTESIAN_POINT('',(-2.087276343568,0.570472579655));
#3577 = CARTESIAN_POINT('',(-2.141734750772,0.653009740843));
#3578 = CARTESIAN_POINT('',(-2.17747000623,0.716191747353));
#3579 = CARTESIAN_POINT('',(-2.195184622968,0.75));
#3580 = ( GEOMETRIC_REPRESENTATION_CONTEXT(2) 
PARAMETRIC_REPRESENTATION_CONTEXT() REPRESENTATION_CONTEXT('2D SPACE',''
  ) );
#3581 = PCURVE('',#3582,#3587);
#3582 = PLANE('',#3583);
#3583 = AXIS2_PLACEMENT_3D('',#3584,#3585,#3586);
#3584 = CARTESIAN_POINT('',(18.000000268221,-16.9999997914,0.));
#3585 = DIRECTION('',(-1.287215101015E-16,1.,0.));
#3586 = DIRECTION('',(-1.,-1.287215101015E-16,0.));
#3587 = DEFINITIONAL_REPRESENTATION('',(#3588),#3592);
#3588 = ( BOUNDED_CURVE() B_SPLINE_CURVE(2,(#3589,#3590,#3591),
.UNSPECIFIED.,.F.,.F.) B_SPLINE_CURVE_WITH_KNOTS((3,3),(0.,
0.325576309007),.PIECEWISE_BEZIER_KNOTS.) CURVE() 
GEOMETRIC_REPRESENTATION_ITEM() RATIONAL_B_SPLINE_CURVE((1.,
1.23255795832,1.)) REPRESENTATION_ITEM('') );
#3589 = CARTESIAN_POINT('',(33.899192899793,-2.775557561563E-16));
#3590 = CARTESIAN_POINT('',(32.35,0.905659864441));
#3591 = CARTESIAN_POINT('',(30.800807100207,-1.387778780781E-16));
#3592 = ( GEOMETRIC_REPRESENTATION_CONTEXT(2) 
PARAMETRIC_REPRESENTATION_CONTEXT() REPRESENTATION_CONTEXT('2D SPACE',''
  ) );
#3593 = ORIENTED_EDGE('',*,*,#3594,.T.);
#3594 = EDGE_CURVE('',#3545,#3595,#3597,.T.);
#3595 = VERTEX_POINT('',#3596);
#3596 = CARTESIAN_POINT('',(-11.69999973177,-14.8499994753,0.));
#3597 = SURFACE_CURVE('',#3598,(#3603,#3610),.PCURVE_S1.);
#3598 = CIRCLE('',#3599,2.65);
#3599 = AXIS2_PLACEMENT_3D('',#3600,#3601,#3602);
#3600 = CARTESIAN_POINT('',(-14.34999973177,-14.8499994753,0.));
#3601 = DIRECTION('',(0.,0.,1.));
#3602 = DIRECTION('',(-1.,0.,0.));
#3603 = PCURVE('',#3525,#3604);
#3604 = DEFINITIONAL_REPRESENTATION('',(#3605),#3609);
#3605 = LINE('',#3606,#3607);
#3606 = CARTESIAN_POINT('',(0.,0.75));
#3607 = VECTOR('',#3608,1.);
#3608 = DIRECTION('',(-1.,0.));
#3609 = ( GEOMETRIC_REPRESENTATION_CONTEXT(2) 
PARAMETRIC_REPRESENTATION_CONTEXT() REPRESENTATION_CONTEXT('2D SPACE',''
  ) );
#3610 = PCURVE('',#100,#3611);
#3611 = DEFINITIONAL_REPRESENTATION('',(#3612),#3616);
#3612 = CIRCLE('',#3613,2.65);
#3613 = AXIS2_PLACEMENT_2D('',#3614,#3615);
#3614 = CARTESIAN_POINT('',(-15.1,-10.8499996839));
#3615 = DIRECTION('',(-1.,0.));
#3616 = ( GEOMETRIC_REPRESENTATION_CONTEXT(2) 
PARAMETRIC_REPRESENTATION_CONTEXT() REPRESENTATION_CONTEXT('2D SPACE',''
  ) );
#3617 = ORIENTED_EDGE('',*,*,#3618,.T.);
#3618 = EDGE_CURVE('',#3595,#3619,#3621,.T.);
#3619 = VERTEX_POINT('',#3620);
#3620 = CARTESIAN_POINT('',(-13.19999973177,-14.8499994753,1.5));
#3621 = SEAM_CURVE('',#3622,(#3626,#3633),.PCURVE_S1.);
#3622 = LINE('',#3623,#3624);
#3623 = CARTESIAN_POINT('',(-12.44999973177,-14.8499994753,0.75));
#3624 = VECTOR('',#3625,1.);
#3625 = DIRECTION('',(-0.707106781187,-8.659560562355E-17,0.707106781187
    ));
#3626 = PCURVE('',#3525,#3627);
#3627 = DEFINITIONAL_REPRESENTATION('',(#3628),#3632);
#3628 = LINE('',#3629,#3630);
#3629 = CARTESIAN_POINT('',(-3.14159265359,6.280369834735E-16));
#3630 = VECTOR('',#3631,1.);
#3631 = DIRECTION('',(0.,-1.));
#3632 = ( GEOMETRIC_REPRESENTATION_CONTEXT(2) 
PARAMETRIC_REPRESENTATION_CONTEXT() REPRESENTATION_CONTEXT('2D SPACE',''
  ) );
#3633 = PCURVE('',#3525,#3634);
#3634 = DEFINITIONAL_REPRESENTATION('',(#3635),#3639);
#3635 = LINE('',#3636,#3637);
#3636 = CARTESIAN_POINT('',(3.14159265359,6.280369834735E-16));
#3637 = VECTOR('',#3638,1.);
#3638 = DIRECTION('',(0.,-1.));
#3639 = ( GEOMETRIC_REPRESENTATION_CONTEXT(2) 
PARAMETRIC_REPRESENTATION_CONTEXT() REPRESENTATION_CONTEXT('2D SPACE',''
  ) );
#3640 = ORIENTED_EDGE('',*,*,#3641,.T.);
#3641 = EDGE_CURVE('',#3619,#3619,#3642,.T.);
#3642 = SURFACE_CURVE('',#3643,(#3648,#3655),.PCURVE_S1.);
#3643 = CIRCLE('',#3644,1.15);
#3644 = AXIS2_PLACEMENT_3D('',#3645,#3646,#3647);
#3645 = CARTESIAN_POINT('',(-14.34999973177,-14.8499994753,1.5));
#3646 = DIRECTION('',(0.,0.,-1.));
#3647 = DIRECTION('',(-1.,0.,0.));
#3648 = PCURVE('',#3525,#3649);
#3649 = DEFINITIONAL_REPRESENTATION('',(#3650),#3654);
#3650 = LINE('',#3651,#3652);
#3651 = CARTESIAN_POINT('',(-6.28318530718,-0.75));
#3652 = VECTOR('',#3653,1.);
#3653 = DIRECTION('',(1.,0.));
#3654 = ( GEOMETRIC_REPRESENTATION_CONTEXT(2) 
PARAMETRIC_REPRESENTATION_CONTEXT() REPRESENTATION_CONTEXT('2D SPACE',''
  ) );
#3655 = PCURVE('',#2838,#3656);
#3656 = DEFINITIONAL_REPRESENTATION('',(#3657),#3661);
#3657 = LINE('',#3658,#3659);
#3658 = CARTESIAN_POINT('',(0.,-1.5));
#3659 = VECTOR('',#3660,1.);
#3660 = DIRECTION('',(1.,0.));
#3661 = ( GEOMETRIC_REPRESENTATION_CONTEXT(2) 
PARAMETRIC_REPRESENTATION_CONTEXT() REPRESENTATION_CONTEXT('2D SPACE',''
  ) );
#3662 = ORIENTED_EDGE('',*,*,#3618,.F.);
#3663 = ORIENTED_EDGE('',*,*,#3664,.T.);
#3664 = EDGE_CURVE('',#3595,#3665,#3667,.T.);
#3665 = VERTEX_POINT('',#3666);
#3666 = CARTESIAN_POINT('',(-16.49999973177,-13.30080613682,0.));
#3667 = SURFACE_CURVE('',#3668,(#3673,#3680),.PCURVE_S1.);
#3668 = CIRCLE('',#3669,2.65);
#3669 = AXIS2_PLACEMENT_3D('',#3670,#3671,#3672);
#3670 = CARTESIAN_POINT('',(-14.34999973177,-14.8499994753,0.));
#3671 = DIRECTION('',(0.,0.,1.));
#3672 = DIRECTION('',(-1.,0.,0.));
#3673 = PCURVE('',#3525,#3674);
#3674 = DEFINITIONAL_REPRESENTATION('',(#3675),#3679);
#3675 = LINE('',#3676,#3677);
#3676 = CARTESIAN_POINT('',(6.28318530718,0.75));
#3677 = VECTOR('',#3678,1.);
#3678 = DIRECTION('',(-1.,-6.237445844743E-17));
#3679 = ( GEOMETRIC_REPRESENTATION_CONTEXT(2) 
PARAMETRIC_REPRESENTATION_CONTEXT() REPRESENTATION_CONTEXT('2D SPACE',''
  ) );
#3680 = PCURVE('',#100,#3681);
#3681 = DEFINITIONAL_REPRESENTATION('',(#3682),#3686);
#3682 = CIRCLE('',#3683,2.65);
#3683 = AXIS2_PLACEMENT_2D('',#3684,#3685);
#3684 = CARTESIAN_POINT('',(-15.1,-10.8499996839));
#3685 = DIRECTION('',(-1.,0.));
#3686 = ( GEOMETRIC_REPRESENTATION_CONTEXT(2) 
PARAMETRIC_REPRESENTATION_CONTEXT() REPRESENTATION_CONTEXT('2D SPACE',''
  ) );
#3687 = ORIENTED_EDGE('',*,*,#3688,.T.);
#3688 = EDGE_CURVE('',#3665,#3514,#3689,.T.);
#3689 = SURFACE_CURVE('',#3690,(#3694,#3723),.PCURVE_S1.);
#3690 = ( BOUNDED_CURVE() B_SPLINE_CURVE(2,(#3691,#3692,#3693),
.UNSPECIFIED.,.F.,.F.) B_SPLINE_CURVE_WITH_KNOTS((3,3),(0.,
0.325576411922),.PIECEWISE_BEZIER_KNOTS.) CURVE() 
GEOMETRIC_REPRESENTATION_ITEM() RATIONAL_B_SPLINE_CURVE((1.,
1.232558139535,1.)) REPRESENTATION_ITEM('') );
#3691 = CARTESIAN_POINT('',(-16.49999973177,-13.30080613682,
    1.387778780781E-16));
#3692 = CARTESIAN_POINT('',(-16.49999973177,-14.8499994753,
    0.905660377358));
#3693 = CARTESIAN_POINT('',(-16.49999973177,-16.39919281379,
    1.387778780781E-16));
#3694 = PCURVE('',#3525,#3695);
#3695 = DEFINITIONAL_REPRESENTATION('',(#3696),#3722);
#3696 = B_SPLINE_CURVE_WITH_KNOTS('',3,(#3697,#3698,#3699,#3700,#3701,
    #3702,#3703,#3704,#3705,#3706,#3707,#3708,#3709,#3710,#3711,#3712,
    #3713,#3714,#3715,#3716,#3717,#3718,#3719,#3720,#3721),
  .UNSPECIFIED.,.F.,.F.,(4,1,1,1,1,1,1,1,1,1,1,1,1,1,1,1,1,1,1,1,1,1,4),
  (0.,1.479892781464E-02,2.959785562927E-02,4.439678344391E-02,
    5.919571125854E-02,7.399463907318E-02,8.879356688782E-02,
    0.103592494702,0.118391422517,0.133190350332,0.147989278146,
    0.162788205961,0.177587133776,0.19238606159,0.207184989405,
    0.22198391722,0.236782845034,0.251581772849,0.266380700663,
    0.281179628478,0.295978556293,0.310777484107,0.325576411922),
  .QUASI_UNIFORM_KNOTS.);
#3697 = CARTESIAN_POINT('',(0.624388500215,0.75));
#3698 = CARTESIAN_POINT('',(0.606673878461,0.716191723257));
#3699 = CARTESIAN_POINT('',(0.570938612691,0.653009672748));
#3700 = CARTESIAN_POINT('',(0.516480189217,0.570472456502));
#3701 = CARTESIAN_POINT('',(0.461226149768,0.499026098135));
#3702 = CARTESIAN_POINT('',(0.405245619141,0.4377963288));
#3703 = CARTESIAN_POINT('',(0.348613407481,0.38604600173));
#3704 = CARTESIAN_POINT('',(0.291410439511,0.343179578992));
#3705 = CARTESIAN_POINT('',(0.233722962064,0.308717646054));
#3706 = CARTESIAN_POINT('',(0.17564192461,0.282285032323));
#3707 = CARTESIAN_POINT('',(0.117262171364,0.263599798833));
#3708 = CARTESIAN_POINT('',(5.868156003682E-02,0.252465737789));
#3709 = CARTESIAN_POINT('',(-8.389030832844E-15,0.248767131105));
#3710 = CARTESIAN_POINT('',(-5.868156003685E-02,0.252465737789));
#3711 = CARTESIAN_POINT('',(-0.117262171364,0.263599798833));
#3712 = CARTESIAN_POINT('',(-0.17564192461,0.282285032323));
#3713 = CARTESIAN_POINT('',(-0.233722962064,0.308717646054));
#3714 = CARTESIAN_POINT('',(-0.291410439511,0.343179578992));
#3715 = CARTESIAN_POINT('',(-0.348613407481,0.38604600173));
#3716 = CARTESIAN_POINT('',(-0.405245619141,0.4377963288));
#3717 = CARTESIAN_POINT('',(-0.461226149768,0.499026098135));
#3718 = CARTESIAN_POINT('',(-0.516480189217,0.570472456502));
#3719 = CARTESIAN_POINT('',(-0.570938612691,0.653009672748));
#3720 = CARTESIAN_POINT('',(-0.606673878461,0.716191723257));
#3721 = CARTESIAN_POINT('',(-0.624388500215,0.75));
#3722 = ( GEOMETRIC_REPRESENTATION_CONTEXT(2) 
PARAMETRIC_REPRESENTATION_CONTEXT() REPRESENTATION_CONTEXT('2D SPACE',''
  ) );
#3723 = PCURVE('',#3724,#3729);
#3724 = PLANE('',#3725);
#3725 = AXIS2_PLACEMENT_3D('',#3726,#3727,#3728);
#3726 = CARTESIAN_POINT('',(-16.49999973177,-16.9999997914,0.));
#3727 = DIRECTION('',(1.,0.,0.));
#3728 = DIRECTION('',(-0.,1.,0.));
#3729 = DEFINITIONAL_REPRESENTATION('',(#3730),#3734);
#3730 = ( BOUNDED_CURVE() B_SPLINE_CURVE(2,(#3731,#3732,#3733),
.UNSPECIFIED.,.F.,.F.) B_SPLINE_CURVE_WITH_KNOTS((3,3),(0.,
0.325576411922),.PIECEWISE_BEZIER_KNOTS.) CURVE() 
GEOMETRIC_REPRESENTATION_ITEM() RATIONAL_B_SPLINE_CURVE((1.,
1.232558139535,1.)) REPRESENTATION_ITEM('') );
#3731 = CARTESIAN_POINT('',(3.699193654583,1.387778780781E-16));
#3732 = CARTESIAN_POINT('',(2.1500003161,0.905660377358));
#3733 = CARTESIAN_POINT('',(0.600806977617,1.387778780781E-16));
#3734 = ( GEOMETRIC_REPRESENTATION_CONTEXT(2) 
PARAMETRIC_REPRESENTATION_CONTEXT() REPRESENTATION_CONTEXT('2D SPACE',''
  ) );
#3735 = ADVANCED_FACE('',(#3736),#3751,.F.);
#3736 = FACE_BOUND('',#3737,.F.);
#3737 = EDGE_LOOP('',(#3738,#3769,#3819,#3842,#3869,#3870,#3915,#3939,
    #3984,#4008));
#3738 = ORIENTED_EDGE('',*,*,#3739,.T.);
#3739 = EDGE_CURVE('',#3740,#3742,#3744,.T.);
#3740 = VERTEX_POINT('',#3741);
#3741 = CARTESIAN_POINT('',(17.568869963818,-16.9999997914,0.));
#3742 = VERTEX_POINT('',#3743);
#3743 = CARTESIAN_POINT('',(18.000000268221,-16.51291089256,0.));
#3744 = SURFACE_CURVE('',#3745,(#3750,#3762),.PCURVE_S1.);
#3745 = CIRCLE('',#3746,2.67);
#3746 = AXIS2_PLACEMENT_3D('',#3747,#3748,#3749);
#3747 = CARTESIAN_POINT('',(15.800000268221,-14.9999997914,0.));
#3748 = DIRECTION('',(0.,0.,1.));
#3749 = DIRECTION('',(-1.,0.,0.));
#3750 = PCURVE('',#3751,#3756);
#3751 = CONICAL_SURFACE('',#3752,1.92,0.785398163397);
#3752 = AXIS2_PLACEMENT_3D('',#3753,#3754,#3755);
#3753 = CARTESIAN_POINT('',(15.800000268221,-14.9999997914,0.75));
#3754 = DIRECTION('',(0.,0.,-1.));
#3755 = DIRECTION('',(-1.,0.,0.));
#3756 = DEFINITIONAL_REPRESENTATION('',(#3757),#3761);
#3757 = LINE('',#3758,#3759);
#3758 = CARTESIAN_POINT('',(-8.881784197001E-16,0.75));
#3759 = VECTOR('',#3760,1.);
#3760 = DIRECTION('',(-1.,-1.28573120205E-15));
#3761 = ( GEOMETRIC_REPRESENTATION_CONTEXT(2) 
PARAMETRIC_REPRESENTATION_CONTEXT() REPRESENTATION_CONTEXT('2D SPACE',''
  ) );
#3762 = PCURVE('',#100,#3763);
#3763 = DEFINITIONAL_REPRESENTATION('',(#3764),#3768);
#3764 = CIRCLE('',#3765,2.67);
#3765 = AXIS2_PLACEMENT_2D('',#3766,#3767);
#3766 = CARTESIAN_POINT('',(15.05,-11.));
#3767 = DIRECTION('',(-1.,0.));
#3768 = ( GEOMETRIC_REPRESENTATION_CONTEXT(2) 
PARAMETRIC_REPRESENTATION_CONTEXT() REPRESENTATION_CONTEXT('2D SPACE',''
  ) );
#3769 = ORIENTED_EDGE('',*,*,#3770,.T.);
#3770 = EDGE_CURVE('',#3742,#3771,#3773,.T.);
#3771 = VERTEX_POINT('',#3772);
#3772 = CARTESIAN_POINT('',(18.000000268221,-14.9999997914,0.47));
#3773 = SURFACE_CURVE('',#3774,(#3778,#3807),.PCURVE_S1.);
#3774 = ( BOUNDED_CURVE() B_SPLINE_CURVE(2,(#3775,#3776,#3777),
.UNSPECIFIED.,.F.,.F.) B_SPLINE_CURVE_WITH_KNOTS((3,3),(0.,
0.158423483108),.PIECEWISE_BEZIER_KNOTS.) CURVE() 
GEOMETRIC_REPRESENTATION_ITEM() RATIONAL_B_SPLINE_CURVE((1.,
1.106818181818,1.106818181818)) REPRESENTATION_ITEM('') );
#3775 = CARTESIAN_POINT('',(18.000000268221,-16.51291089256,
    6.938893903907E-16));
#3776 = CARTESIAN_POINT('',(18.000000268221,-15.68345039151,0.47));
#3777 = CARTESIAN_POINT('',(18.000000268221,-14.9999997914,0.47));
#3778 = PCURVE('',#3751,#3779);
#3779 = DEFINITIONAL_REPRESENTATION('',(#3780),#3806);
#3780 = B_SPLINE_CURVE_WITH_KNOTS('',3,(#3781,#3782,#3783,#3784,#3785,
    #3786,#3787,#3788,#3789,#3790,#3791,#3792,#3793,#3794,#3795,#3796,
    #3797,#3798,#3799,#3800,#3801,#3802,#3803,#3804,#3805),
  .UNSPECIFIED.,.F.,.F.,(4,1,1,1,1,1,1,1,1,1,1,1,1,1,1,1,1,1,1,1,1,1,4),
  (0.,7.20106741399E-03,1.440213482798E-02,2.160320224197E-02,
    2.880426965596E-02,3.600533706995E-02,4.320640448394E-02,
    5.040747189793E-02,5.760853931192E-02,6.480960672591E-02,
    7.20106741399E-02,7.921174155389E-02,8.641280896788E-02,
    9.361387638187E-02,0.100814943796,0.10801601121,0.115217078624,
    0.122418146038,0.129619213452,0.136820280866,0.14402134828,
    0.151222415694,0.158423483108),.QUASI_UNIFORM_KNOTS.);
#3781 = CARTESIAN_POINT('',(-2.539178429332,0.75));
#3782 = CARTESIAN_POINT('',(-2.5477637528,0.734237270935));
#3783 = CARTESIAN_POINT('',(-2.565003210692,0.703730502913));
#3784 = CARTESIAN_POINT('',(-2.591062171976,0.660895058271));
#3785 = CARTESIAN_POINT('',(-2.617314392733,0.62084829917));
#3786 = CARTESIAN_POINT('',(-2.643752855927,0.58347050998));
#3787 = CARTESIAN_POINT('',(-2.670370221437,0.548651373535));
#3788 = CARTESIAN_POINT('',(-2.69715878606,0.516290681304));
#3789 = CARTESIAN_POINT('',(-2.72411050417,0.486297133568));
#3790 = CARTESIAN_POINT('',(-2.751216994143,0.458587767051));
#3791 = CARTESIAN_POINT('',(-2.7784695506,0.433087316737));
#3792 = CARTESIAN_POINT('',(-2.80585915711,0.409727686217));
#3793 = CARTESIAN_POINT('',(-2.833376500751,0.388447469976));
#3794 = CARTESIAN_POINT('',(-2.861011988119,0.369191534352));
#3795 = CARTESIAN_POINT('',(-2.88875576283,0.351910648052));
#3796 = CARTESIAN_POINT('',(-2.916597724438,0.336561158498));
#3797 = CARTESIAN_POINT('',(-2.944527548683,0.323104709361));
#3798 = CARTESIAN_POINT('',(-2.972534708983,0.311507997031));
#3799 = CARTESIAN_POINT('',(-3.000608499095,0.301742558634));
#3800 = CARTESIAN_POINT('',(-3.028738056707,0.293784605645));
#3801 = CARTESIAN_POINT('',(-3.056912388306,0.287614839281));
#3802 = CARTESIAN_POINT('',(-3.085120393404,0.2832184764));
#3803 = CARTESIAN_POINT('',(-3.113350894676,0.280584624685));
#3804 = CARTESIAN_POINT('',(-3.132178730789,0.280000351637));
#3805 = CARTESIAN_POINT('',(-3.14159265359,0.28));
#3806 = ( GEOMETRIC_REPRESENTATION_CONTEXT(2) 
PARAMETRIC_REPRESENTATION_CONTEXT() REPRESENTATION_CONTEXT('2D SPACE',''
  ) );
#3807 = PCURVE('',#3808,#3813);
#3808 = PLANE('',#3809);
#3809 = AXIS2_PLACEMENT_3D('',#3810,#3811,#3812);
#3810 = CARTESIAN_POINT('',(18.000000268221,-11.9999997914,0.));
#3811 = DIRECTION('',(-1.,0.,0.));
#3812 = DIRECTION('',(0.,-1.,0.));
#3813 = DEFINITIONAL_REPRESENTATION('',(#3814),#3818);
#3814 = ( BOUNDED_CURVE() B_SPLINE_CURVE(2,(#3815,#3816,#3817),
.UNSPECIFIED.,.F.,.F.) B_SPLINE_CURVE_WITH_KNOTS((3,3),(0.,
0.158423483108),.PIECEWISE_BEZIER_KNOTS.) CURVE() 
GEOMETRIC_REPRESENTATION_ITEM() RATIONAL_B_SPLINE_CURVE((1.,
1.106818181818,1.106818181818)) REPRESENTATION_ITEM('') );
#3815 = CARTESIAN_POINT('',(4.512911101156,6.938893903907E-16));
#3816 = CARTESIAN_POINT('',(3.683450600111,0.47));
#3817 = CARTESIAN_POINT('',(3.,0.47));
#3818 = ( GEOMETRIC_REPRESENTATION_CONTEXT(2) 
PARAMETRIC_REPRESENTATION_CONTEXT() REPRESENTATION_CONTEXT('2D SPACE',''
  ) );
#3819 = ORIENTED_EDGE('',*,*,#3820,.T.);
#3820 = EDGE_CURVE('',#3771,#3821,#3823,.T.);
#3821 = VERTEX_POINT('',#3822);
#3822 = CARTESIAN_POINT('',(16.970000268221,-14.9999997914,1.5));
#3823 = SEAM_CURVE('',#3824,(#3828,#3835),.PCURVE_S1.);
#3824 = LINE('',#3825,#3826);
#3825 = CARTESIAN_POINT('',(17.720000268221,-14.9999997914,0.75));
#3826 = VECTOR('',#3827,1.);
#3827 = DIRECTION('',(-0.707106781187,-8.659560562355E-17,0.707106781187
    ));
#3828 = PCURVE('',#3751,#3829);
#3829 = DEFINITIONAL_REPRESENTATION('',(#3830),#3834);
#3830 = LINE('',#3831,#3832);
#3831 = CARTESIAN_POINT('',(-3.14159265359,7.850462293419E-16));
#3832 = VECTOR('',#3833,1.);
#3833 = DIRECTION('',(0.,-1.));
#3834 = ( GEOMETRIC_REPRESENTATION_CONTEXT(2) 
PARAMETRIC_REPRESENTATION_CONTEXT() REPRESENTATION_CONTEXT('2D SPACE',''
  ) );
#3835 = PCURVE('',#3751,#3836);
#3836 = DEFINITIONAL_REPRESENTATION('',(#3837),#3841);
#3837 = LINE('',#3838,#3839);
#3838 = CARTESIAN_POINT('',(3.14159265359,7.850462293419E-16));
#3839 = VECTOR('',#3840,1.);
#3840 = DIRECTION('',(0.,-1.));
#3841 = ( GEOMETRIC_REPRESENTATION_CONTEXT(2) 
PARAMETRIC_REPRESENTATION_CONTEXT() REPRESENTATION_CONTEXT('2D SPACE',''
  ) );
#3842 = ORIENTED_EDGE('',*,*,#3843,.T.);
#3843 = EDGE_CURVE('',#3821,#3821,#3844,.T.);
#3844 = SURFACE_CURVE('',#3845,(#3850,#3857),.PCURVE_S1.);
#3845 = CIRCLE('',#3846,1.17);
#3846 = AXIS2_PLACEMENT_3D('',#3847,#3848,#3849);
#3847 = CARTESIAN_POINT('',(15.800000268221,-14.9999997914,1.5));
#3848 = DIRECTION('',(0.,0.,-1.));
#3849 = DIRECTION('',(-1.,0.,0.));
#3850 = PCURVE('',#3751,#3851);
#3851 = DEFINITIONAL_REPRESENTATION('',(#3852),#3856);
#3852 = LINE('',#3853,#3854);
#3853 = CARTESIAN_POINT('',(-6.28318530718,-0.75));
#3854 = VECTOR('',#3855,1.);
#3855 = DIRECTION('',(1.,0.));
#3856 = ( GEOMETRIC_REPRESENTATION_CONTEXT(2) 
PARAMETRIC_REPRESENTATION_CONTEXT() REPRESENTATION_CONTEXT('2D SPACE',''
  ) );
#3857 = PCURVE('',#3858,#3863);
#3858 = CYLINDRICAL_SURFACE('',#3859,1.17);
#3859 = AXIS2_PLACEMENT_3D('',#3860,#3861,#3862);
#3860 = CARTESIAN_POINT('',(15.800000268221,-14.9999997914,0.));
#3861 = DIRECTION('',(0.,0.,-1.));
#3862 = DIRECTION('',(-1.,0.,0.));
#3863 = DEFINITIONAL_REPRESENTATION('',(#3864),#3868);
#3864 = LINE('',#3865,#3866);
#3865 = CARTESIAN_POINT('',(0.,-1.5));
#3866 = VECTOR('',#3867,1.);
#3867 = DIRECTION('',(1.,0.));
#3868 = ( GEOMETRIC_REPRESENTATION_CONTEXT(2) 
PARAMETRIC_REPRESENTATION_CONTEXT() REPRESENTATION_CONTEXT('2D SPACE',''
  ) );
#3869 = ORIENTED_EDGE('',*,*,#3820,.F.);
#3870 = ORIENTED_EDGE('',*,*,#3871,.T.);
#3871 = EDGE_CURVE('',#3771,#3872,#3874,.T.);
#3872 = VERTEX_POINT('',#3873);
#3873 = CARTESIAN_POINT('',(18.000000268221,-13.48708869025,0.));
#3874 = SURFACE_CURVE('',#3875,(#3879,#3908),.PCURVE_S1.);
#3875 = ( BOUNDED_CURVE() B_SPLINE_CURVE(2,(#3876,#3877,#3878),
.UNSPECIFIED.,.F.,.F.) B_SPLINE_CURVE_WITH_KNOTS((3,3),(0.158423483108,
0.316846966216),.PIECEWISE_BEZIER_KNOTS.) CURVE() 
GEOMETRIC_REPRESENTATION_ITEM() RATIONAL_B_SPLINE_CURVE((1.106818181818,
1.106818181818,1.)) REPRESENTATION_ITEM('') );
#3876 = CARTESIAN_POINT('',(18.000000268221,-14.9999997914,0.47));
#3877 = CARTESIAN_POINT('',(18.000000268221,-14.31654919129,0.47));
#3878 = CARTESIAN_POINT('',(18.000000268221,-13.48708869025,
    6.938893903907E-16));
#3879 = PCURVE('',#3751,#3880);
#3880 = DEFINITIONAL_REPRESENTATION('',(#3881),#3907);
#3881 = B_SPLINE_CURVE_WITH_KNOTS('',3,(#3882,#3883,#3884,#3885,#3886,
    #3887,#3888,#3889,#3890,#3891,#3892,#3893,#3894,#3895,#3896,#3897,
    #3898,#3899,#3900,#3901,#3902,#3903,#3904,#3905,#3906),
  .UNSPECIFIED.,.F.,.F.,(4,1,1,1,1,1,1,1,1,1,1,1,1,1,1,1,1,1,1,1,1,1,4),
  (0.158423483108,0.165624550522,0.172825617936,0.18002668535,
    0.187227752764,0.194428820178,0.201629887592,0.208830955006,
    0.21603202242,0.223233089834,0.230434157248,0.237635224662,
    0.244836292076,0.25203735949,0.259238426904,0.266439494318,
    0.273640561732,0.280841629146,0.28804269656,0.295243763974,
    0.302444831388,0.309645898802,0.316846966216),
  .QUASI_UNIFORM_KNOTS.);
#3882 = CARTESIAN_POINT('',(3.14159265359,0.28));
#3883 = CARTESIAN_POINT('',(3.132178730789,0.280000351637));
#3884 = CARTESIAN_POINT('',(3.113350894676,0.280584624685));
#3885 = CARTESIAN_POINT('',(3.085120393404,0.2832184764));
#3886 = CARTESIAN_POINT('',(3.056912388306,0.287614839281));
#3887 = CARTESIAN_POINT('',(3.028738056707,0.293784605645));
#3888 = CARTESIAN_POINT('',(3.000608499095,0.301742558634));
#3889 = CARTESIAN_POINT('',(2.972534708983,0.311507997031));
#3890 = CARTESIAN_POINT('',(2.944527548683,0.323104709361));
#3891 = CARTESIAN_POINT('',(2.916597724438,0.336561158498));
#3892 = CARTESIAN_POINT('',(2.88875576283,0.351910648052));
#3893 = CARTESIAN_POINT('',(2.861011988119,0.369191534352));
#3894 = CARTESIAN_POINT('',(2.833376500751,0.388447469976));
#3895 = CARTESIAN_POINT('',(2.80585915711,0.409727686217));
#3896 = CARTESIAN_POINT('',(2.7784695506,0.433087316737));
#3897 = CARTESIAN_POINT('',(2.751216994143,0.458587767051));
#3898 = CARTESIAN_POINT('',(2.72411050417,0.486297133568));
#3899 = CARTESIAN_POINT('',(2.697158786059,0.516290681304));
#3900 = CARTESIAN_POINT('',(2.670370221437,0.548651373535));
#3901 = CARTESIAN_POINT('',(2.643752855927,0.58347050998));
#3902 = CARTESIAN_POINT('',(2.617314392733,0.62084829917));
#3903 = CARTESIAN_POINT('',(2.591062171976,0.660895058271));
#3904 = CARTESIAN_POINT('',(2.565003210692,0.703730502913));
#3905 = CARTESIAN_POINT('',(2.5477637528,0.734237270935));
#3906 = CARTESIAN_POINT('',(2.539178429332,0.75));
#3907 = ( GEOMETRIC_REPRESENTATION_CONTEXT(2) 
PARAMETRIC_REPRESENTATION_CONTEXT() REPRESENTATION_CONTEXT('2D SPACE',''
  ) );
#3908 = PCURVE('',#3808,#3909);
#3909 = DEFINITIONAL_REPRESENTATION('',(#3910),#3914);
#3910 = ( BOUNDED_CURVE() B_SPLINE_CURVE(2,(#3911,#3912,#3913),
.UNSPECIFIED.,.F.,.F.) B_SPLINE_CURVE_WITH_KNOTS((3,3),(0.158423483108,
0.316846966216),.PIECEWISE_BEZIER_KNOTS.) CURVE() 
GEOMETRIC_REPRESENTATION_ITEM() RATIONAL_B_SPLINE_CURVE((1.106818181818,
1.106818181818,1.)) REPRESENTATION_ITEM('') );
#3911 = CARTESIAN_POINT('',(3.,0.47));
#3912 = CARTESIAN_POINT('',(2.316549399889,0.47));
#3913 = CARTESIAN_POINT('',(1.487088898844,6.938893903907E-16));
#3914 = ( GEOMETRIC_REPRESENTATION_CONTEXT(2) 
PARAMETRIC_REPRESENTATION_CONTEXT() REPRESENTATION_CONTEXT('2D SPACE',''
  ) );
#3915 = ORIENTED_EDGE('',*,*,#3916,.T.);
#3916 = EDGE_CURVE('',#3872,#3917,#3919,.T.);
#3917 = VERTEX_POINT('',#3918);
#3918 = CARTESIAN_POINT('',(15.067578559646,-12.43242146917,0.));
#3919 = SURFACE_CURVE('',#3920,(#3925,#3932),.PCURVE_S1.);
#3920 = CIRCLE('',#3921,2.67);
#3921 = AXIS2_PLACEMENT_3D('',#3922,#3923,#3924);
#3922 = CARTESIAN_POINT('',(15.800000268221,-14.9999997914,0.));
#3923 = DIRECTION('',(0.,0.,1.));
#3924 = DIRECTION('',(-1.,0.,0.));
#3925 = PCURVE('',#3751,#3926);
#3926 = DEFINITIONAL_REPRESENTATION('',(#3927),#3931);
#3927 = LINE('',#3928,#3929);
#3928 = CARTESIAN_POINT('',(6.28318530718,0.75));
#3929 = VECTOR('',#3930,1.);
#3930 = DIRECTION('',(-1.,0.));
#3931 = ( GEOMETRIC_REPRESENTATION_CONTEXT(2) 
PARAMETRIC_REPRESENTATION_CONTEXT() REPRESENTATION_CONTEXT('2D SPACE',''
  ) );
#3932 = PCURVE('',#100,#3933);
#3933 = DEFINITIONAL_REPRESENTATION('',(#3934),#3938);
#3934 = CIRCLE('',#3935,2.67);
#3935 = AXIS2_PLACEMENT_2D('',#3936,#3937);
#3936 = CARTESIAN_POINT('',(15.05,-11.));
#3937 = DIRECTION('',(-1.,0.));
#3938 = ( GEOMETRIC_REPRESENTATION_CONTEXT(2) 
PARAMETRIC_REPRESENTATION_CONTEXT() REPRESENTATION_CONTEXT('2D SPACE',''
  ) );
#3939 = ORIENTED_EDGE('',*,*,#3940,.T.);
#3940 = EDGE_CURVE('',#3917,#3941,#3943,.T.);
#3941 = VERTEX_POINT('',#3942);
#3942 = CARTESIAN_POINT('',(13.232421935072,-14.26757812109,0.));
#3943 = SURFACE_CURVE('',#3944,(#3948,#3977),.PCURVE_S1.);
#3944 = ( BOUNDED_CURVE() B_SPLINE_CURVE(2,(#3945,#3946,#3947),
.UNSPECIFIED.,.F.,.F.) B_SPLINE_CURVE_WITH_KNOTS((3,3),(0.,
0.268116708709),.PIECEWISE_BEZIER_KNOTS.) CURVE() 
GEOMETRIC_REPRESENTATION_ITEM() RATIONAL_B_SPLINE_CURVE((1.,
1.144227330887,1.)) REPRESENTATION_ITEM('') );
#3945 = CARTESIAN_POINT('',(15.067578559646,-12.43242146917,0.));
#3946 = CARTESIAN_POINT('',(14.150000247359,-13.34999979513,
    0.630674136124));
#3947 = CARTESIAN_POINT('',(13.232421935072,-14.26757812109,0.));
#3948 = PCURVE('',#3751,#3949);
#3949 = DEFINITIONAL_REPRESENTATION('',(#3950),#3976);
#3950 = B_SPLINE_CURVE_WITH_KNOTS('',3,(#3951,#3952,#3953,#3954,#3955,
    #3956,#3957,#3958,#3959,#3960,#3961,#3962,#3963,#3964,#3965,#3966,
    #3967,#3968,#3969,#3970,#3971,#3972,#3973,#3974,#3975),
  .UNSPECIFIED.,.F.,.F.,(4,1,1,1,1,1,1,1,1,1,1,1,1,1,1,1,1,1,1,1,1,1,4),
  (0.,1.218712312314E-02,2.437424624628E-02,3.656136936942E-02,
    4.874849249256E-02,6.09356156157E-02,7.312273873884E-02,
    8.530986186198E-02,9.749698498512E-02,0.109684108108,0.121871231231,
    0.134058354355,0.146245477478,0.158432600601,0.170619723724,
    0.182806846847,0.19499396997,0.207181093093,0.219368216217,
    0.23155533934,0.243742462463,0.255929585586,0.268116708709),
  .QUASI_UNIFORM_KNOTS.);
#3951 = CARTESIAN_POINT('',(1.292918765211,0.75));
#3952 = CARTESIAN_POINT('',(1.278191351917,0.728138177785));
#3953 = CARTESIAN_POINT('',(1.248566927213,0.686953305012));
#3954 = CARTESIAN_POINT('',(1.203660181225,0.632373390286));
#3955 = CARTESIAN_POINT('',(1.158321011426,0.584546257066));
#3956 = CARTESIAN_POINT('',(1.112590603978,0.543117215797));
#3957 = CARTESIAN_POINT('',(1.066512228345,0.507781040726));
#3958 = CARTESIAN_POINT('',(1.020131363048,0.478285100845));
#3959 = CARTESIAN_POINT('',(0.973495367376,0.454422292437));
#3960 = CARTESIAN_POINT('',(0.926653237354,0.436027962169));
#3961 = CARTESIAN_POINT('',(0.879655305842,0.422976846657));
#3962 = CARTESIAN_POINT('',(0.832552929336,0.415180962937));
#3963 = CARTESIAN_POINT('',(0.785398155947,0.412588103581));
#3964 = CARTESIAN_POINT('',(0.738243382558,0.415180962937));
#3965 = CARTESIAN_POINT('',(0.691141006052,0.422976846657));
#3966 = CARTESIAN_POINT('',(0.644143074539,0.436027962169));
#3967 = CARTESIAN_POINT('',(0.597300944518,0.454422292437));
#3968 = CARTESIAN_POINT('',(0.550664948846,0.478285100845));
#3969 = CARTESIAN_POINT('',(0.504284083549,0.507781040726));
#3970 = CARTESIAN_POINT('',(0.458205707916,0.543117215797));
#3971 = CARTESIAN_POINT('',(0.412475300468,0.584546257066));
#3972 = CARTESIAN_POINT('',(0.367136130668,0.632373390286));
#3973 = CARTESIAN_POINT('',(0.322229384681,0.686953305012));
#3974 = CARTESIAN_POINT('',(0.292604959977,0.728138177785));
#3975 = CARTESIAN_POINT('',(0.277877546682,0.75));
#3976 = ( GEOMETRIC_REPRESENTATION_CONTEXT(2) 
PARAMETRIC_REPRESENTATION_CONTEXT() REPRESENTATION_CONTEXT('2D SPACE',''
  ) );
#3977 = PCURVE('',#3017,#3978);
#3978 = DEFINITIONAL_REPRESENTATION('',(#3979),#3983);
#3979 = ( BOUNDED_CURVE() B_SPLINE_CURVE(2,(#3980,#3981,#3982),
.UNSPECIFIED.,.F.,.F.) B_SPLINE_CURVE_WITH_KNOTS((3,3),(0.,
0.268116708709),.PIECEWISE_BEZIER_KNOTS.) CURVE() 
GEOMETRIC_REPRESENTATION_ITEM() RATIONAL_B_SPLINE_CURVE((1.,
1.144227330887,1.)) REPRESENTATION_ITEM('') );
#3980 = CARTESIAN_POINT('',(0.611536596804,0.));
#3981 = CARTESIAN_POINT('',(1.909188300247,0.630674136124));
#3982 = CARTESIAN_POINT('',(3.206840003691,0.));
#3983 = ( GEOMETRIC_REPRESENTATION_CONTEXT(2) 
PARAMETRIC_REPRESENTATION_CONTEXT() REPRESENTATION_CONTEXT('2D SPACE',''
  ) );
#3984 = ORIENTED_EDGE('',*,*,#3985,.T.);
#3985 = EDGE_CURVE('',#3941,#3986,#3988,.T.);
#3986 = VERTEX_POINT('',#3987);
#3987 = CARTESIAN_POINT('',(14.031130572624,-16.9999997914,0.));
#3988 = SURFACE_CURVE('',#3989,(#3994,#4001),.PCURVE_S1.);
#3989 = CIRCLE('',#3990,2.67);
#3990 = AXIS2_PLACEMENT_3D('',#3991,#3992,#3993);
#3991 = CARTESIAN_POINT('',(15.800000268221,-14.9999997914,0.));
#3992 = DIRECTION('',(0.,0.,1.));
#3993 = DIRECTION('',(-1.,0.,0.));
#3994 = PCURVE('',#3751,#3995);
#3995 = DEFINITIONAL_REPRESENTATION('',(#3996),#4000);
#3996 = LINE('',#3997,#3998);
#3997 = CARTESIAN_POINT('',(6.28318530718,0.75));
#3998 = VECTOR('',#3999,1.);
#3999 = DIRECTION('',(-1.,1.396227057827E-16));
#4000 = ( GEOMETRIC_REPRESENTATION_CONTEXT(2) 
PARAMETRIC_REPRESENTATION_CONTEXT() REPRESENTATION_CONTEXT('2D SPACE',''
  ) );
#4001 = PCURVE('',#100,#4002);
#4002 = DEFINITIONAL_REPRESENTATION('',(#4003),#4007);
#4003 = CIRCLE('',#4004,2.67);
#4004 = AXIS2_PLACEMENT_2D('',#4005,#4006);
#4005 = CARTESIAN_POINT('',(15.05,-11.));
#4006 = DIRECTION('',(-1.,0.));
#4007 = ( GEOMETRIC_REPRESENTATION_CONTEXT(2) 
PARAMETRIC_REPRESENTATION_CONTEXT() REPRESENTATION_CONTEXT('2D SPACE',''
  ) );
#4008 = ORIENTED_EDGE('',*,*,#4009,.T.);
#4009 = EDGE_CURVE('',#3986,#3740,#4010,.T.);
#4010 = SURFACE_CURVE('',#4011,(#4015,#4044),.PCURVE_S1.);
#4011 = ( BOUNDED_CURVE() B_SPLINE_CURVE(2,(#4012,#4013,#4014),
.UNSPECIFIED.,.F.,.F.) B_SPLINE_CURVE_WITH_KNOTS((3,3),(0.,
0.378301467087),.PIECEWISE_BEZIER_KNOTS.) CURVE() 
GEOMETRIC_REPRESENTATION_ITEM() RATIONAL_B_SPLINE_CURVE((1.,1.335,1.)) 
REPRESENTATION_ITEM('') );
#4012 = CARTESIAN_POINT('',(14.031130572624,-16.9999997914,0.));
#4013 = CARTESIAN_POINT('',(15.800000268221,-16.9999997914,
    1.171872659176));
#4014 = CARTESIAN_POINT('',(17.568869963818,-16.9999997914,0.));
#4015 = PCURVE('',#3751,#4016);
#4016 = DEFINITIONAL_REPRESENTATION('',(#4017),#4043);
#4017 = B_SPLINE_CURVE_WITH_KNOTS('',3,(#4018,#4019,#4020,#4021,#4022,
    #4023,#4024,#4025,#4026,#4027,#4028,#4029,#4030,#4031,#4032,#4033,
    #4034,#4035,#4036,#4037,#4038,#4039,#4040,#4041,#4042),
  .UNSPECIFIED.,.F.,.F.,(4,1,1,1,1,1,1,1,1,1,1,1,1,1,1,1,1,1,1,1,1,1,4),
  (0.,1.719552123122E-02,3.439104246243E-02,5.158656369365E-02,
    6.878208492487E-02,8.597760615608E-02,0.103173127387,0.120368648619,
    0.13756416985,0.154759691081,0.171955212312,0.189150733543,
    0.206346254775,0.223541776006,0.240737297237,0.257932818468,
    0.275128339699,0.292323860931,0.309519382162,0.326714903393,
    0.343910424624,0.361105945856,0.378301467087),
  .QUASI_UNIFORM_KNOTS.);
#4018 = CARTESIAN_POINT('',(-0.846647615527,0.75));
#4019 = CARTESIAN_POINT('',(-0.866722223081,0.702638190148));
#4020 = CARTESIAN_POINT('',(-0.907333546631,0.614934058519));
#4021 = CARTESIAN_POINT('',(-0.969553833939,0.50223537275));
#4022 = CARTESIAN_POINT('',(-1.032999537532,0.406006987677));
#4023 = CARTESIAN_POINT('',(-1.097574789958,0.324513596821));
#4024 = CARTESIAN_POINT('',(-1.163172210839,0.256323413858));
#4025 = CARTESIAN_POINT('',(-1.229671846487,0.200310133827));
#4026 = CARTESIAN_POINT('',(-1.296942545283,0.155584577242));
#4027 = CARTESIAN_POINT('',(-1.36484309982,0.121462678339));
#4028 = CARTESIAN_POINT('',(-1.43322385147,9.743706200594E-02));
#4029 = CARTESIAN_POINT('',(-1.501928529921,8.315810580331E-02));
#4030 = CARTESIAN_POINT('',(-1.570796326795,7.842094709835E-02));
#4031 = CARTESIAN_POINT('',(-1.639664123669,8.315810580331E-02));
#4032 = CARTESIAN_POINT('',(-1.70836880212,9.743706200594E-02));
#4033 = CARTESIAN_POINT('',(-1.77674955377,0.121462678339));
#4034 = CARTESIAN_POINT('',(-1.844650108306,0.155584577242));
#4035 = CARTESIAN_POINT('',(-1.911920807102,0.200310133827));
#4036 = CARTESIAN_POINT('',(-1.978420442751,0.256323413858));
#4037 = CARTESIAN_POINT('',(-2.044017863632,0.324513596821));
#4038 = CARTESIAN_POINT('',(-2.108593116058,0.406006987677));
#4039 = CARTESIAN_POINT('',(-2.17203881965,0.50223537275));
#4040 = CARTESIAN_POINT('',(-2.234259106958,0.614934058519));
#4041 = CARTESIAN_POINT('',(-2.274870430509,0.702638190148));
#4042 = CARTESIAN_POINT('',(-2.294945038063,0.75));
#4043 = ( GEOMETRIC_REPRESENTATION_CONTEXT(2) 
PARAMETRIC_REPRESENTATION_CONTEXT() REPRESENTATION_CONTEXT('2D SPACE',''
  ) );
#4044 = PCURVE('',#4045,#4050);
#4045 = PLANE('',#4046);
#4046 = AXIS2_PLACEMENT_3D('',#4047,#4048,#4049);
#4047 = CARTESIAN_POINT('',(18.000000268221,-16.9999997914,0.));
#4048 = DIRECTION('',(-1.287215101015E-16,1.,0.));
#4049 = DIRECTION('',(-1.,-1.287215101015E-16,0.));
#4050 = DEFINITIONAL_REPRESENTATION('',(#4051),#4055);
#4051 = ( BOUNDED_CURVE() B_SPLINE_CURVE(2,(#4052,#4053,#4054),
.UNSPECIFIED.,.F.,.F.) B_SPLINE_CURVE_WITH_KNOTS((3,3),(0.,
0.378301467087),.PIECEWISE_BEZIER_KNOTS.) CURVE() 
GEOMETRIC_REPRESENTATION_ITEM() RATIONAL_B_SPLINE_CURVE((1.,1.335,1.)) 
REPRESENTATION_ITEM('') );
#4052 = CARTESIAN_POINT('',(3.968869695597,0.));
#4053 = CARTESIAN_POINT('',(2.2,1.171872659176));
#4054 = CARTESIAN_POINT('',(0.431130304403,0.));
#4055 = ( GEOMETRIC_REPRESENTATION_CONTEXT(2) 
PARAMETRIC_REPRESENTATION_CONTEXT() REPRESENTATION_CONTEXT('2D SPACE',''
  ) );
#4056 = ADVANCED_FACE('',(#4057),#1051,.F.);
#4057 = FACE_BOUND('',#4058,.T.);
#4058 = EDGE_LOOP('',(#4059,#4102));
#4059 = ORIENTED_EDGE('',*,*,#4060,.F.);
#4060 = EDGE_CURVE('',#1036,#1012,#4061,.T.);
#4061 = SURFACE_CURVE('',#4062,(#4066,#4073),.PCURVE_S1.);
#4062 = ( BOUNDED_CURVE() B_SPLINE_CURVE(2,(#4063,#4064,#4065),
.UNSPECIFIED.,.F.,.F.) B_SPLINE_CURVE_WITH_KNOTS((3,3),(0.,
0.325576411922),.PIECEWISE_BEZIER_KNOTS.) CURVE() 
GEOMETRIC_REPRESENTATION_ITEM() RATIONAL_B_SPLINE_CURVE((1.,
1.232558139535,1.)) REPRESENTATION_ITEM('') );
#4063 = CARTESIAN_POINT('',(-16.49999973177,-13.30080613682,29.5));
#4064 = CARTESIAN_POINT('',(-16.49999973177,-14.8499994753,
    28.594339622641));
#4065 = CARTESIAN_POINT('',(-16.49999973177,-16.39919281379,29.5));
#4066 = PCURVE('',#1051,#4067);
#4067 = DEFINITIONAL_REPRESENTATION('',(#4068),#4072);
#4068 = ( BOUNDED_CURVE() B_SPLINE_CURVE(2,(#4069,#4070,#4071),
.UNSPECIFIED.,.F.,.F.) B_SPLINE_CURVE_WITH_KNOTS((3,3),(0.,
0.325576411922),.PIECEWISE_BEZIER_KNOTS.) CURVE() 
GEOMETRIC_REPRESENTATION_ITEM() RATIONAL_B_SPLINE_CURVE((1.,
1.232558139535,1.)) REPRESENTATION_ITEM('') );
#4069 = CARTESIAN_POINT('',(3.699193654583,0.));
#4070 = CARTESIAN_POINT('',(2.1500003161,0.905660377359));
#4071 = CARTESIAN_POINT('',(0.600806977617,0.));
#4072 = ( GEOMETRIC_REPRESENTATION_CONTEXT(2) 
PARAMETRIC_REPRESENTATION_CONTEXT() REPRESENTATION_CONTEXT('2D SPACE',''
  ) );
#4073 = PCURVE('',#971,#4074);
#4074 = DEFINITIONAL_REPRESENTATION('',(#4075),#4101);
#4075 = B_SPLINE_CURVE_WITH_KNOTS('',3,(#4076,#4077,#4078,#4079,#4080,
    #4081,#4082,#4083,#4084,#4085,#4086,#4087,#4088,#4089,#4090,#4091,
    #4092,#4093,#4094,#4095,#4096,#4097,#4098,#4099,#4100),
  .UNSPECIFIED.,.F.,.F.,(4,1,1,1,1,1,1,1,1,1,1,1,1,1,1,1,1,1,1,1,1,1,4),
  (0.,1.479892781464E-02,2.959785562927E-02,4.439678344391E-02,
    5.919571125854E-02,7.399463907318E-02,8.879356688782E-02,
    0.103592494702,0.118391422517,0.133190350332,0.147989278146,
    0.162788205961,0.177587133776,0.19238606159,0.207184989405,
    0.22198391722,0.236782845034,0.251581772849,0.266380700663,
    0.281179628478,0.295978556293,0.310777484107,0.325576411922),
  .QUASI_UNIFORM_KNOTS.);
#4076 = CARTESIAN_POINT('',(-0.624388500215,0.75));
#4077 = CARTESIAN_POINT('',(-0.606673878461,0.716191723257));
#4078 = CARTESIAN_POINT('',(-0.570938612691,0.653009672748));
#4079 = CARTESIAN_POINT('',(-0.516480189217,0.570472456502));
#4080 = CARTESIAN_POINT('',(-0.461226149768,0.499026098135));
#4081 = CARTESIAN_POINT('',(-0.405245619141,0.4377963288));
#4082 = CARTESIAN_POINT('',(-0.348613407481,0.38604600173));
#4083 = CARTESIAN_POINT('',(-0.291410439511,0.343179578992));
#4084 = CARTESIAN_POINT('',(-0.233722962064,0.308717646054));
#4085 = CARTESIAN_POINT('',(-0.17564192461,0.282285032323));
#4086 = CARTESIAN_POINT('',(-0.117262171364,0.263599798833));
#4087 = CARTESIAN_POINT('',(-5.868156003682E-02,0.252465737789));
#4088 = CARTESIAN_POINT('',(1.041098806483E-14,0.248767131105));
#4089 = CARTESIAN_POINT('',(5.868156003685E-02,0.252465737789));
#4090 = CARTESIAN_POINT('',(0.117262171364,0.263599798833));
#4091 = CARTESIAN_POINT('',(0.17564192461,0.282285032323));
#4092 = CARTESIAN_POINT('',(0.233722962064,0.308717646054));
#4093 = CARTESIAN_POINT('',(0.291410439511,0.343179578992));
#4094 = CARTESIAN_POINT('',(0.348613407481,0.38604600173));
#4095 = CARTESIAN_POINT('',(0.405245619141,0.4377963288));
#4096 = CARTESIAN_POINT('',(0.461226149768,0.499026098135));
#4097 = CARTESIAN_POINT('',(0.516480189217,0.570472456502));
#4098 = CARTESIAN_POINT('',(0.570938612691,0.653009672748));
#4099 = CARTESIAN_POINT('',(0.606673878461,0.716191723257));
#4100 = CARTESIAN_POINT('',(0.624388500215,0.75));
#4101 = ( GEOMETRIC_REPRESENTATION_CONTEXT(2) 
PARAMETRIC_REPRESENTATION_CONTEXT() REPRESENTATION_CONTEXT('2D SPACE',''
  ) );
#4102 = ORIENTED_EDGE('',*,*,#1035,.T.);
#4103 = ADVANCED_FACE('',(#4104),#1134,.F.);
#4104 = FACE_BOUND('',#4105,.T.);
#4105 = EDGE_LOOP('',(#4106,#4149));
#4106 = ORIENTED_EDGE('',*,*,#4107,.F.);
#4107 = EDGE_CURVE('',#1119,#1088,#4108,.T.);
#4108 = SURFACE_CURVE('',#4109,(#4113,#4120),.PCURVE_S1.);
#4109 = ( BOUNDED_CURVE() B_SPLINE_CURVE(2,(#4110,#4111,#4112),
.UNSPECIFIED.,.F.,.F.) B_SPLINE_CURVE_WITH_KNOTS((3,3),(0.,
0.325576411922),.PIECEWISE_BEZIER_KNOTS.) CURVE() 
GEOMETRIC_REPRESENTATION_ITEM() RATIONAL_B_SPLINE_CURVE((1.,
1.232558139535,1.)) REPRESENTATION_ITEM('') );
#4110 = CARTESIAN_POINT('',(-16.49999973177,2.699193863176,29.5));
#4111 = CARTESIAN_POINT('',(-16.49999973177,1.150000524693,
    28.594339622641));
#4112 = CARTESIAN_POINT('',(-16.49999973177,-0.39919281379,29.5));
#4113 = PCURVE('',#1134,#4114);
#4114 = DEFINITIONAL_REPRESENTATION('',(#4115),#4119);
#4115 = ( BOUNDED_CURVE() B_SPLINE_CURVE(2,(#4116,#4117,#4118),
.UNSPECIFIED.,.F.,.F.) B_SPLINE_CURVE_WITH_KNOTS((3,3),(0.,
0.325576411922),.PIECEWISE_BEZIER_KNOTS.) CURVE() 
GEOMETRIC_REPRESENTATION_ITEM() RATIONAL_B_SPLINE_CURVE((1.,
1.232558139535,1.)) REPRESENTATION_ITEM('') );
#4116 = CARTESIAN_POINT('',(19.699193654583,0.));
#4117 = CARTESIAN_POINT('',(18.1500003161,0.905660377359));
#4118 = CARTESIAN_POINT('',(16.600806977617,0.));
#4119 = ( GEOMETRIC_REPRESENTATION_CONTEXT(2) 
PARAMETRIC_REPRESENTATION_CONTEXT() REPRESENTATION_CONTEXT('2D SPACE',''
  ) );
#4120 = PCURVE('',#1106,#4121);
#4121 = DEFINITIONAL_REPRESENTATION('',(#4122),#4148);
#4122 = B_SPLINE_CURVE_WITH_KNOTS('',3,(#4123,#4124,#4125,#4126,#4127,
    #4128,#4129,#4130,#4131,#4132,#4133,#4134,#4135,#4136,#4137,#4138,
    #4139,#4140,#4141,#4142,#4143,#4144,#4145,#4146,#4147),
  .UNSPECIFIED.,.F.,.F.,(4,1,1,1,1,1,1,1,1,1,1,1,1,1,1,1,1,1,1,1,1,1,4),
  (0.,1.479892781464E-02,2.959785562927E-02,4.439678344391E-02,
    5.919571125854E-02,7.399463907318E-02,8.879356688782E-02,
    0.103592494702,0.118391422517,0.133190350332,0.147989278146,
    0.162788205961,0.177587133776,0.19238606159,0.207184989405,
    0.22198391722,0.236782845034,0.251581772849,0.266380700663,
    0.281179628478,0.295978556293,0.310777484107,0.325576411922),
  .QUASI_UNIFORM_KNOTS.);
#4123 = CARTESIAN_POINT('',(-0.624388500215,0.75));
#4124 = CARTESIAN_POINT('',(-0.606673878461,0.716191723257));
#4125 = CARTESIAN_POINT('',(-0.570938612691,0.653009672748));
#4126 = CARTESIAN_POINT('',(-0.516480189217,0.570472456502));
#4127 = CARTESIAN_POINT('',(-0.461226149768,0.499026098135));
#4128 = CARTESIAN_POINT('',(-0.405245619141,0.4377963288));
#4129 = CARTESIAN_POINT('',(-0.348613407481,0.38604600173));
#4130 = CARTESIAN_POINT('',(-0.291410439511,0.343179578992));
#4131 = CARTESIAN_POINT('',(-0.233722962064,0.308717646054));
#4132 = CARTESIAN_POINT('',(-0.17564192461,0.282285032323));
#4133 = CARTESIAN_POINT('',(-0.117262171364,0.263599798833));
#4134 = CARTESIAN_POINT('',(-5.868156003684E-02,0.252465737789));
#4135 = CARTESIAN_POINT('',(1.639877037803E-15,0.248767131105));
#4136 = CARTESIAN_POINT('',(5.868156003683E-02,0.252465737789));
#4137 = CARTESIAN_POINT('',(0.117262171364,0.263599798833));
#4138 = CARTESIAN_POINT('',(0.17564192461,0.282285032323));
#4139 = CARTESIAN_POINT('',(0.233722962064,0.308717646054));
#4140 = CARTESIAN_POINT('',(0.291410439511,0.343179578992));
#4141 = CARTESIAN_POINT('',(0.348613407481,0.38604600173));
#4142 = CARTESIAN_POINT('',(0.405245619141,0.4377963288));
#4143 = CARTESIAN_POINT('',(0.461226149768,0.499026098135));
#4144 = CARTESIAN_POINT('',(0.516480189217,0.570472456502));
#4145 = CARTESIAN_POINT('',(0.570938612691,0.653009672748));
#4146 = CARTESIAN_POINT('',(0.606673878461,0.716191723257));
#4147 = CARTESIAN_POINT('',(0.624388500215,0.75));
#4148 = ( GEOMETRIC_REPRESENTATION_CONTEXT(2) 
PARAMETRIC_REPRESENTATION_CONTEXT() REPRESENTATION_CONTEXT('2D SPACE',''
  ) );
#4149 = ORIENTED_EDGE('',*,*,#1118,.T.);
#4150 = ADVANCED_FACE('',(#4151),#566,.F.);
#4151 = FACE_BOUND('',#4152,.T.);
#4152 = EDGE_LOOP('',(#4153,#4198,#4199));
#4153 = ORIENTED_EDGE('',*,*,#4154,.F.);
#4154 = EDGE_CURVE('',#551,#4155,#4157,.T.);
#4155 = VERTEX_POINT('',#4156);
#4156 = CARTESIAN_POINT('',(18.000000268221,-14.9999997914,29.03));
#4157 = SURFACE_CURVE('',#4158,(#4162,#4169),.PCURVE_S1.);
#4158 = ( BOUNDED_CURVE() B_SPLINE_CURVE(2,(#4159,#4160,#4161),
.UNSPECIFIED.,.F.,.F.) B_SPLINE_CURVE_WITH_KNOTS((3,3),(0.,
0.158423483108),.PIECEWISE_BEZIER_KNOTS.) CURVE() 
GEOMETRIC_REPRESENTATION_ITEM() RATIONAL_B_SPLINE_CURVE((1.,
1.106818181818,1.106818181818)) REPRESENTATION_ITEM('') );
#4159 = CARTESIAN_POINT('',(18.000000268221,-16.51291089256,29.5));
#4160 = CARTESIAN_POINT('',(18.000000268221,-15.68345039151,29.03));
#4161 = CARTESIAN_POINT('',(18.000000268221,-14.9999997914,29.03));
#4162 = PCURVE('',#566,#4163);
#4163 = DEFINITIONAL_REPRESENTATION('',(#4164),#4168);
#4164 = ( BOUNDED_CURVE() B_SPLINE_CURVE(2,(#4165,#4166,#4167),
.UNSPECIFIED.,.F.,.F.) B_SPLINE_CURVE_WITH_KNOTS((3,3),(0.,
0.158423483108),.PIECEWISE_BEZIER_KNOTS.) CURVE() 
GEOMETRIC_REPRESENTATION_ITEM() RATIONAL_B_SPLINE_CURVE((1.,
1.106818181818,1.106818181818)) REPRESENTATION_ITEM('') );
#4165 = CARTESIAN_POINT('',(4.512911101156,0.));
#4166 = CARTESIAN_POINT('',(3.683450600111,0.47));
#4167 = CARTESIAN_POINT('',(3.,0.47));
#4168 = ( GEOMETRIC_REPRESENTATION_CONTEXT(2) 
PARAMETRIC_REPRESENTATION_CONTEXT() REPRESENTATION_CONTEXT('2D SPACE',''
  ) );
#4169 = PCURVE('',#538,#4170);
#4170 = DEFINITIONAL_REPRESENTATION('',(#4171),#4197);
#4171 = B_SPLINE_CURVE_WITH_KNOTS('',3,(#4172,#4173,#4174,#4175,#4176,
    #4177,#4178,#4179,#4180,#4181,#4182,#4183,#4184,#4185,#4186,#4187,
    #4188,#4189,#4190,#4191,#4192,#4193,#4194,#4195,#4196),
  .UNSPECIFIED.,.F.,.F.,(4,1,1,1,1,1,1,1,1,1,1,1,1,1,1,1,1,1,1,1,1,1,4),
  (0.,7.20106741399E-03,1.440213482798E-02,2.160320224197E-02,
    2.880426965596E-02,3.600533706995E-02,4.320640448394E-02,
    5.040747189793E-02,5.760853931192E-02,6.480960672591E-02,
    7.20106741399E-02,7.921174155389E-02,8.641280896788E-02,
    9.361387638187E-02,0.100814943796,0.10801601121,0.115217078624,
    0.122418146038,0.129619213452,0.136820280866,0.14402134828,
    0.151222415694,0.158423483108),.QUASI_UNIFORM_KNOTS.);
#4172 = CARTESIAN_POINT('',(2.539178429332,0.75));
#4173 = CARTESIAN_POINT('',(2.5477637528,0.734237270935));
#4174 = CARTESIAN_POINT('',(2.565003210692,0.703730502913));
#4175 = CARTESIAN_POINT('',(2.591062171976,0.660895058271));
#4176 = CARTESIAN_POINT('',(2.617314392733,0.62084829917));
#4177 = CARTESIAN_POINT('',(2.643752855927,0.58347050998));
#4178 = CARTESIAN_POINT('',(2.670370221437,0.548651373535));
#4179 = CARTESIAN_POINT('',(2.69715878606,0.516290681304));
#4180 = CARTESIAN_POINT('',(2.72411050417,0.486297133568));
#4181 = CARTESIAN_POINT('',(2.751216994143,0.458587767051));
#4182 = CARTESIAN_POINT('',(2.7784695506,0.433087316737));
#4183 = CARTESIAN_POINT('',(2.80585915711,0.409727686217));
#4184 = CARTESIAN_POINT('',(2.833376500751,0.388447469976));
#4185 = CARTESIAN_POINT('',(2.861011988119,0.369191534352));
#4186 = CARTESIAN_POINT('',(2.88875576283,0.351910648052));
#4187 = CARTESIAN_POINT('',(2.916597724438,0.336561158498));
#4188 = CARTESIAN_POINT('',(2.944527548683,0.323104709361));
#4189 = CARTESIAN_POINT('',(2.972534708983,0.311507997031));
#4190 = CARTESIAN_POINT('',(3.000608499095,0.301742558634));
#4191 = CARTESIAN_POINT('',(3.028738056707,0.293784605645));
#4192 = CARTESIAN_POINT('',(3.056912388306,0.287614839281));
#4193 = CARTESIAN_POINT('',(3.085120393404,0.2832184764));
#4194 = CARTESIAN_POINT('',(3.113350894676,0.280584624685));
#4195 = CARTESIAN_POINT('',(3.132178730789,0.280000351637));
#4196 = CARTESIAN_POINT('',(3.14159265359,0.28));
#4197 = ( GEOMETRIC_REPRESENTATION_CONTEXT(2) 
PARAMETRIC_REPRESENTATION_CONTEXT() REPRESENTATION_CONTEXT('2D SPACE',''
  ) );
#4198 = ORIENTED_EDGE('',*,*,#550,.F.);
#4199 = ORIENTED_EDGE('',*,*,#4200,.F.);
#4200 = EDGE_CURVE('',#4155,#522,#4201,.T.);
#4201 = SURFACE_CURVE('',#4202,(#4206,#4213),.PCURVE_S1.);
#4202 = ( BOUNDED_CURVE() B_SPLINE_CURVE(2,(#4203,#4204,#4205),
.UNSPECIFIED.,.F.,.F.) B_SPLINE_CURVE_WITH_KNOTS((3,3),(0.158423483108,
0.316846966216),.PIECEWISE_BEZIER_KNOTS.) CURVE() 
GEOMETRIC_REPRESENTATION_ITEM() RATIONAL_B_SPLINE_CURVE((1.106818181818,
1.106818181818,1.)) REPRESENTATION_ITEM('') );
#4203 = CARTESIAN_POINT('',(18.000000268221,-14.9999997914,29.03));
#4204 = CARTESIAN_POINT('',(18.000000268221,-14.31654919129,29.03));
#4205 = CARTESIAN_POINT('',(18.000000268221,-13.48708869025,29.5));
#4206 = PCURVE('',#566,#4207);
#4207 = DEFINITIONAL_REPRESENTATION('',(#4208),#4212);
#4208 = ( BOUNDED_CURVE() B_SPLINE_CURVE(2,(#4209,#4210,#4211),
.UNSPECIFIED.,.F.,.F.) B_SPLINE_CURVE_WITH_KNOTS((3,3),(0.158423483108,
0.316846966216),.PIECEWISE_BEZIER_KNOTS.) CURVE() 
GEOMETRIC_REPRESENTATION_ITEM() RATIONAL_B_SPLINE_CURVE((1.106818181818,
1.106818181818,1.)) REPRESENTATION_ITEM('') );
#4209 = CARTESIAN_POINT('',(3.,0.47));
#4210 = CARTESIAN_POINT('',(2.316549399889,0.47));
#4211 = CARTESIAN_POINT('',(1.487088898844,0.));
#4212 = ( GEOMETRIC_REPRESENTATION_CONTEXT(2) 
PARAMETRIC_REPRESENTATION_CONTEXT() REPRESENTATION_CONTEXT('2D SPACE',''
  ) );
#4213 = PCURVE('',#538,#4214);
#4214 = DEFINITIONAL_REPRESENTATION('',(#4215),#4241);
#4215 = B_SPLINE_CURVE_WITH_KNOTS('',3,(#4216,#4217,#4218,#4219,#4220,
    #4221,#4222,#4223,#4224,#4225,#4226,#4227,#4228,#4229,#4230,#4231,
    #4232,#4233,#4234,#4235,#4236,#4237,#4238,#4239,#4240),
  .UNSPECIFIED.,.F.,.F.,(4,1,1,1,1,1,1,1,1,1,1,1,1,1,1,1,1,1,1,1,1,1,4),
  (0.158423483108,0.165624550522,0.172825617936,0.18002668535,
    0.187227752764,0.194428820178,0.201629887592,0.208830955006,
    0.21603202242,0.223233089834,0.230434157248,0.237635224662,
    0.244836292076,0.25203735949,0.259238426904,0.266439494318,
    0.273640561732,0.280841629146,0.28804269656,0.295243763974,
    0.302444831388,0.309645898802,0.316846966216),
  .QUASI_UNIFORM_KNOTS.);
#4216 = CARTESIAN_POINT('',(-3.14159265359,0.28));
#4217 = CARTESIAN_POINT('',(-3.132178730789,0.280000351637));
#4218 = CARTESIAN_POINT('',(-3.113350894676,0.280584624685));
#4219 = CARTESIAN_POINT('',(-3.085120393404,0.2832184764));
#4220 = CARTESIAN_POINT('',(-3.056912388306,0.287614839281));
#4221 = CARTESIAN_POINT('',(-3.028738056707,0.293784605645));
#4222 = CARTESIAN_POINT('',(-3.000608499095,0.301742558634));
#4223 = CARTESIAN_POINT('',(-2.972534708983,0.311507997031));
#4224 = CARTESIAN_POINT('',(-2.944527548683,0.323104709361));
#4225 = CARTESIAN_POINT('',(-2.916597724438,0.336561158498));
#4226 = CARTESIAN_POINT('',(-2.88875576283,0.351910648052));
#4227 = CARTESIAN_POINT('',(-2.861011988119,0.369191534352));
#4228 = CARTESIAN_POINT('',(-2.833376500751,0.388447469976));
#4229 = CARTESIAN_POINT('',(-2.80585915711,0.409727686217));
#4230 = CARTESIAN_POINT('',(-2.7784695506,0.433087316737));
#4231 = CARTESIAN_POINT('',(-2.751216994143,0.458587767051));
#4232 = CARTESIAN_POINT('',(-2.72411050417,0.486297133568));
#4233 = CARTESIAN_POINT('',(-2.697158786059,0.516290681304));
#4234 = CARTESIAN_POINT('',(-2.670370221437,0.548651373535));
#4235 = CARTESIAN_POINT('',(-2.643752855927,0.58347050998));
#4236 = CARTESIAN_POINT('',(-2.617314392733,0.62084829917));
#4237 = CARTESIAN_POINT('',(-2.591062171976,0.660895058271));
#4238 = CARTESIAN_POINT('',(-2.565003210692,0.703730502913));
#4239 = CARTESIAN_POINT('',(-2.5477637528,0.734237270935));
#4240 = CARTESIAN_POINT('',(-2.539178429332,0.75));
#4241 = ( GEOMETRIC_REPRESENTATION_CONTEXT(2) 
PARAMETRIC_REPRESENTATION_CONTEXT() REPRESENTATION_CONTEXT('2D SPACE',''
  ) );
#4242 = ADVANCED_FACE('',(#4243),#618,.F.);
#4243 = FACE_BOUND('',#4244,.T.);
#4244 = EDGE_LOOP('',(#4245,#4288));
#4245 = ORIENTED_EDGE('',*,*,#4246,.F.);
#4246 = EDGE_CURVE('',#603,#579,#4247,.T.);
#4247 = SURFACE_CURVE('',#4248,(#4252,#4259),.PCURVE_S1.);
#4248 = ( BOUNDED_CURVE() B_SPLINE_CURVE(2,(#4249,#4250,#4251),
.UNSPECIFIED.,.F.,.F.) B_SPLINE_CURVE_WITH_KNOTS((3,3),(0.,
0.378301467087),.PIECEWISE_BEZIER_KNOTS.) CURVE() 
GEOMETRIC_REPRESENTATION_ITEM() RATIONAL_B_SPLINE_CURVE((1.,1.335,1.)) 
REPRESENTATION_ITEM('') );
#4249 = CARTESIAN_POINT('',(14.031130572624,-16.9999997914,29.5));
#4250 = CARTESIAN_POINT('',(15.800000268221,-16.9999997914,
    28.328127340824));
#4251 = CARTESIAN_POINT('',(17.568869963818,-16.9999997914,29.5));
#4252 = PCURVE('',#618,#4253);
#4253 = DEFINITIONAL_REPRESENTATION('',(#4254),#4258);
#4254 = ( BOUNDED_CURVE() B_SPLINE_CURVE(2,(#4255,#4256,#4257),
.UNSPECIFIED.,.F.,.F.) B_SPLINE_CURVE_WITH_KNOTS((3,3),(0.,
0.378301467087),.PIECEWISE_BEZIER_KNOTS.) CURVE() 
GEOMETRIC_REPRESENTATION_ITEM() RATIONAL_B_SPLINE_CURVE((1.,1.335,1.)) 
REPRESENTATION_ITEM('') );
#4255 = CARTESIAN_POINT('',(3.968869695597,0.));
#4256 = CARTESIAN_POINT('',(2.2,1.171872659176));
#4257 = CARTESIAN_POINT('',(0.431130304403,0.));
#4258 = ( GEOMETRIC_REPRESENTATION_CONTEXT(2) 
PARAMETRIC_REPRESENTATION_CONTEXT() REPRESENTATION_CONTEXT('2D SPACE',''
  ) );
#4259 = PCURVE('',#538,#4260);
#4260 = DEFINITIONAL_REPRESENTATION('',(#4261),#4287);
#4261 = B_SPLINE_CURVE_WITH_KNOTS('',3,(#4262,#4263,#4264,#4265,#4266,
    #4267,#4268,#4269,#4270,#4271,#4272,#4273,#4274,#4275,#4276,#4277,
    #4278,#4279,#4280,#4281,#4282,#4283,#4284,#4285,#4286),
  .UNSPECIFIED.,.F.,.F.,(4,1,1,1,1,1,1,1,1,1,1,1,1,1,1,1,1,1,1,1,1,1,4),
  (0.,1.719552123122E-02,3.439104246243E-02,5.158656369365E-02,
    6.878208492487E-02,8.597760615608E-02,0.103173127387,0.120368648619,
    0.13756416985,0.154759691081,0.171955212312,0.189150733543,
    0.206346254775,0.223541776006,0.240737297237,0.257932818468,
    0.275128339699,0.292323860931,0.309519382162,0.326714903393,
    0.343910424624,0.361105945856,0.378301467087),
  .QUASI_UNIFORM_KNOTS.);
#4262 = CARTESIAN_POINT('',(0.846647615527,0.75));
#4263 = CARTESIAN_POINT('',(0.866722223081,0.702638190148));
#4264 = CARTESIAN_POINT('',(0.907333546631,0.614934058519));
#4265 = CARTESIAN_POINT('',(0.969553833939,0.50223537275));
#4266 = CARTESIAN_POINT('',(1.032999537532,0.406006987677));
#4267 = CARTESIAN_POINT('',(1.097574789958,0.324513596821));
#4268 = CARTESIAN_POINT('',(1.163172210839,0.256323413858));
#4269 = CARTESIAN_POINT('',(1.229671846487,0.200310133827));
#4270 = CARTESIAN_POINT('',(1.296942545283,0.155584577242));
#4271 = CARTESIAN_POINT('',(1.36484309982,0.121462678339));
#4272 = CARTESIAN_POINT('',(1.43322385147,9.743706200595E-02));
#4273 = CARTESIAN_POINT('',(1.501928529921,8.315810580331E-02));
#4274 = CARTESIAN_POINT('',(1.570796326795,7.842094709835E-02));
#4275 = CARTESIAN_POINT('',(1.639664123669,8.315810580332E-02));
#4276 = CARTESIAN_POINT('',(1.70836880212,9.743706200595E-02));
#4277 = CARTESIAN_POINT('',(1.77674955377,0.121462678339));
#4278 = CARTESIAN_POINT('',(1.844650108306,0.155584577242));
#4279 = CARTESIAN_POINT('',(1.911920807102,0.200310133827));
#4280 = CARTESIAN_POINT('',(1.978420442751,0.256323413858));
#4281 = CARTESIAN_POINT('',(2.044017863632,0.324513596821));
#4282 = CARTESIAN_POINT('',(2.108593116058,0.406006987677));
#4283 = CARTESIAN_POINT('',(2.17203881965,0.50223537275));
#4284 = CARTESIAN_POINT('',(2.234259106958,0.614934058519));
#4285 = CARTESIAN_POINT('',(2.274870430509,0.702638190148));
#4286 = CARTESIAN_POINT('',(2.294945038063,0.75));
#4287 = ( GEOMETRIC_REPRESENTATION_CONTEXT(2) 
PARAMETRIC_REPRESENTATION_CONTEXT() REPRESENTATION_CONTEXT('2D SPACE',''
  ) );
#4288 = ORIENTED_EDGE('',*,*,#602,.F.);
#4289 = ADVANCED_FACE('',(#4290),#2803,.F.);
#4290 = FACE_BOUND('',#4291,.F.);
#4291 = EDGE_LOOP('',(#4292,#4313,#4314,#4315));
#4292 = ORIENTED_EDGE('',*,*,#4293,.T.);
#4293 = EDGE_CURVE('',#3393,#2783,#4294,.T.);
#4294 = SEAM_CURVE('',#4295,(#4299,#4306),.PCURVE_S1.);
#4295 = LINE('',#4296,#4297);
#4296 = CARTESIAN_POINT('',(-13.19999973177,1.150000524693,0.));
#4297 = VECTOR('',#4298,1.);
#4298 = DIRECTION('',(0.,0.,1.));
#4299 = PCURVE('',#2803,#4300);
#4300 = DEFINITIONAL_REPRESENTATION('',(#4301),#4305);
#4301 = LINE('',#4302,#4303);
#4302 = CARTESIAN_POINT('',(3.14159265359,0.));
#4303 = VECTOR('',#4304,1.);
#4304 = DIRECTION('',(0.,-1.));
#4305 = ( GEOMETRIC_REPRESENTATION_CONTEXT(2) 
PARAMETRIC_REPRESENTATION_CONTEXT() REPRESENTATION_CONTEXT('2D SPACE',''
  ) );
#4306 = PCURVE('',#2803,#4307);
#4307 = DEFINITIONAL_REPRESENTATION('',(#4308),#4312);
#4308 = LINE('',#4309,#4310);
#4309 = CARTESIAN_POINT('',(9.424777960769,0.));
#4310 = VECTOR('',#4311,1.);
#4311 = DIRECTION('',(0.,-1.));
#4312 = ( GEOMETRIC_REPRESENTATION_CONTEXT(2) 
PARAMETRIC_REPRESENTATION_CONTEXT() REPRESENTATION_CONTEXT('2D SPACE',''
  ) );
#4313 = ORIENTED_EDGE('',*,*,#2782,.F.);
#4314 = ORIENTED_EDGE('',*,*,#4293,.F.);
#4315 = ORIENTED_EDGE('',*,*,#3415,.F.);
#4316 = ADVANCED_FACE('',(#4317),#2838,.F.);
#4317 = FACE_BOUND('',#4318,.F.);
#4318 = EDGE_LOOP('',(#4319,#4340,#4341,#4342));
#4319 = ORIENTED_EDGE('',*,*,#4320,.T.);
#4320 = EDGE_CURVE('',#3619,#2818,#4321,.T.);
#4321 = SEAM_CURVE('',#4322,(#4326,#4333),.PCURVE_S1.);
#4322 = LINE('',#4323,#4324);
#4323 = CARTESIAN_POINT('',(-13.19999973177,-14.8499994753,0.));
#4324 = VECTOR('',#4325,1.);
#4325 = DIRECTION('',(0.,0.,1.));
#4326 = PCURVE('',#2838,#4327);
#4327 = DEFINITIONAL_REPRESENTATION('',(#4328),#4332);
#4328 = LINE('',#4329,#4330);
#4329 = CARTESIAN_POINT('',(3.14159265359,0.));
#4330 = VECTOR('',#4331,1.);
#4331 = DIRECTION('',(0.,-1.));
#4332 = ( GEOMETRIC_REPRESENTATION_CONTEXT(2) 
PARAMETRIC_REPRESENTATION_CONTEXT() REPRESENTATION_CONTEXT('2D SPACE',''
  ) );
#4333 = PCURVE('',#2838,#4334);
#4334 = DEFINITIONAL_REPRESENTATION('',(#4335),#4339);
#4335 = LINE('',#4336,#4337);
#4336 = CARTESIAN_POINT('',(9.424777960769,0.));
#4337 = VECTOR('',#4338,1.);
#4338 = DIRECTION('',(0.,-1.));
#4339 = ( GEOMETRIC_REPRESENTATION_CONTEXT(2) 
PARAMETRIC_REPRESENTATION_CONTEXT() REPRESENTATION_CONTEXT('2D SPACE',''
  ) );
#4340 = ORIENTED_EDGE('',*,*,#2817,.F.);
#4341 = ORIENTED_EDGE('',*,*,#4320,.F.);
#4342 = ORIENTED_EDGE('',*,*,#3641,.F.);
#4343 = ADVANCED_FACE('',(#4344),#3017,.T.);
#4344 = FACE_BOUND('',#4345,.T.);
#4345 = EDGE_LOOP('',(#4346,#4347,#4370,#4393,#4414,#4415));
#4346 = ORIENTED_EDGE('',*,*,#3940,.T.);
#4347 = ORIENTED_EDGE('',*,*,#4348,.T.);
#4348 = EDGE_CURVE('',#3941,#4349,#4351,.T.);
#4349 = VERTEX_POINT('',#4350);
#4350 = CARTESIAN_POINT('',(13.000000268221,-14.4999997914,0.));
#4351 = SURFACE_CURVE('',#4352,(#4356,#4363),.PCURVE_S1.);
#4352 = LINE('',#4353,#4354);
#4353 = CARTESIAN_POINT('',(13.812500295229,-13.68749975229,0.));
#4354 = VECTOR('',#4355,1.);
#4355 = DIRECTION('',(-0.707106775918,-0.707106786455,0.));
#4356 = PCURVE('',#3017,#4357);
#4357 = DEFINITIONAL_REPRESENTATION('',(#4358),#4362);
#4358 = LINE('',#4359,#4360);
#4359 = CARTESIAN_POINT('',(2.386485313406,0.));
#4360 = VECTOR('',#4361,1.);
#4361 = DIRECTION('',(1.,0.));
#4362 = ( GEOMETRIC_REPRESENTATION_CONTEXT(2) 
PARAMETRIC_REPRESENTATION_CONTEXT() REPRESENTATION_CONTEXT('2D SPACE',''
  ) );
#4363 = PCURVE('',#100,#4364);
#4364 = DEFINITIONAL_REPRESENTATION('',(#4365),#4369);
#4365 = LINE('',#4366,#4367);
#4366 = CARTESIAN_POINT('',(13.062500027008,-9.687499960884));
#4367 = VECTOR('',#4368,1.);
#4368 = DIRECTION('',(-0.707106775918,-0.707106786455));
#4369 = ( GEOMETRIC_REPRESENTATION_CONTEXT(2) 
PARAMETRIC_REPRESENTATION_CONTEXT() REPRESENTATION_CONTEXT('2D SPACE',''
  ) );
#4370 = ORIENTED_EDGE('',*,*,#4371,.T.);
#4371 = EDGE_CURVE('',#4349,#4372,#4374,.T.);
#4372 = VERTEX_POINT('',#4373);
#4373 = CARTESIAN_POINT('',(13.000000268221,-14.4999997914,3.));
#4374 = SURFACE_CURVE('',#4375,(#4379,#4386),.PCURVE_S1.);
#4375 = LINE('',#4376,#4377);
#4376 = CARTESIAN_POINT('',(13.000000268221,-14.4999997914,
    0.749999988824));
#4377 = VECTOR('',#4378,1.);
#4378 = DIRECTION('',(0.,0.,1.));
#4379 = PCURVE('',#3017,#4380);
#4380 = DEFINITIONAL_REPRESENTATION('',(#4381),#4385);
#4381 = LINE('',#4382,#4383);
#4382 = CARTESIAN_POINT('',(3.535533879591,0.749999988824));
#4383 = VECTOR('',#4384,1.);
#4384 = DIRECTION('',(0.,1.));
#4385 = ( GEOMETRIC_REPRESENTATION_CONTEXT(2) 
PARAMETRIC_REPRESENTATION_CONTEXT() REPRESENTATION_CONTEXT('2D SPACE',''
  ) );
#4386 = PCURVE('',#1553,#4387);
#4387 = DEFINITIONAL_REPRESENTATION('',(#4388),#4392);
#4388 = LINE('',#4389,#4390);
#4389 = CARTESIAN_POINT('',(0.749999988824,0.));
#4390 = VECTOR('',#4391,1.);
#4391 = DIRECTION('',(-1.,0.));
#4392 = ( GEOMETRIC_REPRESENTATION_CONTEXT(2) 
PARAMETRIC_REPRESENTATION_CONTEXT() REPRESENTATION_CONTEXT('2D SPACE',''
  ) );
#4393 = ORIENTED_EDGE('',*,*,#4394,.T.);
#4394 = EDGE_CURVE('',#4372,#3002,#4395,.T.);
#4395 = SURFACE_CURVE('',#4396,(#4400,#4407),.PCURVE_S1.);
#4396 = LINE('',#4397,#4398);
#4397 = CARTESIAN_POINT('',(16.125000230968,-11.37499978209,3.));
#4398 = VECTOR('',#4399,1.);
#4399 = DIRECTION('',(0.707106775918,0.707106786455,0.));
#4400 = PCURVE('',#3017,#4401);
#4401 = DEFINITIONAL_REPRESENTATION('',(#4402),#4406);
#4402 = LINE('',#4403,#4404);
#4403 = CARTESIAN_POINT('',(-0.883883483069,3.));
#4404 = VECTOR('',#4405,1.);
#4405 = DIRECTION('',(-1.,0.));
#4406 = ( GEOMETRIC_REPRESENTATION_CONTEXT(2) 
PARAMETRIC_REPRESENTATION_CONTEXT() REPRESENTATION_CONTEXT('2D SPACE',''
  ) );
#4407 = PCURVE('',#156,#4408);
#4408 = DEFINITIONAL_REPRESENTATION('',(#4409),#4413);
#4409 = LINE('',#4410,#4411);
#4410 = CARTESIAN_POINT('',(-0.625000009313,1.875000037253));
#4411 = VECTOR('',#4412,1.);
#4412 = DIRECTION('',(-0.707106786455,-0.707106775918));
#4413 = ( GEOMETRIC_REPRESENTATION_CONTEXT(2) 
PARAMETRIC_REPRESENTATION_CONTEXT() REPRESENTATION_CONTEXT('2D SPACE',''
  ) );
#4414 = ORIENTED_EDGE('',*,*,#3001,.T.);
#4415 = ORIENTED_EDGE('',*,*,#4416,.T.);
#4416 = EDGE_CURVE('',#2979,#3917,#4417,.T.);
#4417 = SURFACE_CURVE('',#4418,(#4422,#4429),.PCURVE_S1.);
#4418 = LINE('',#4419,#4420);
#4419 = CARTESIAN_POINT('',(13.812500295229,-13.68749975229,0.));
#4420 = VECTOR('',#4421,1.);
#4421 = DIRECTION('',(-0.707106775918,-0.707106786455,0.));
#4422 = PCURVE('',#3017,#4423);
#4423 = DEFINITIONAL_REPRESENTATION('',(#4424),#4428);
#4424 = LINE('',#4425,#4426);
#4425 = CARTESIAN_POINT('',(2.386485313406,0.));
#4426 = VECTOR('',#4427,1.);
#4427 = DIRECTION('',(1.,0.));
#4428 = ( GEOMETRIC_REPRESENTATION_CONTEXT(2) 
PARAMETRIC_REPRESENTATION_CONTEXT() REPRESENTATION_CONTEXT('2D SPACE',''
  ) );
#4429 = PCURVE('',#100,#4430);
#4430 = DEFINITIONAL_REPRESENTATION('',(#4431),#4435);
#4431 = LINE('',#4432,#4433);
#4432 = CARTESIAN_POINT('',(13.062500027008,-9.687499960884));
#4433 = VECTOR('',#4434,1.);
#4434 = DIRECTION('',(-0.707106775918,-0.707106786455));
#4435 = ( GEOMETRIC_REPRESENTATION_CONTEXT(2) 
PARAMETRIC_REPRESENTATION_CONTEXT() REPRESENTATION_CONTEXT('2D SPACE',''
  ) );
#4436 = ADVANCED_FACE('',(#4437),#3858,.F.);
#4437 = FACE_BOUND('',#4438,.F.);
#4438 = EDGE_LOOP('',(#4439,#4462,#4488,#4489));
#4439 = ORIENTED_EDGE('',*,*,#4440,.T.);
#4440 = EDGE_CURVE('',#3821,#4441,#4443,.T.);
#4441 = VERTEX_POINT('',#4442);
#4442 = CARTESIAN_POINT('',(16.970000268221,-14.9999997914,3.));
#4443 = SEAM_CURVE('',#4444,(#4448,#4455),.PCURVE_S1.);
#4444 = LINE('',#4445,#4446);
#4445 = CARTESIAN_POINT('',(16.970000268221,-14.9999997914,0.));
#4446 = VECTOR('',#4447,1.);
#4447 = DIRECTION('',(0.,0.,1.));
#4448 = PCURVE('',#3858,#4449);
#4449 = DEFINITIONAL_REPRESENTATION('',(#4450),#4454);
#4450 = LINE('',#4451,#4452);
#4451 = CARTESIAN_POINT('',(3.14159265359,0.));
#4452 = VECTOR('',#4453,1.);
#4453 = DIRECTION('',(0.,-1.));
#4454 = ( GEOMETRIC_REPRESENTATION_CONTEXT(2) 
PARAMETRIC_REPRESENTATION_CONTEXT() REPRESENTATION_CONTEXT('2D SPACE',''
  ) );
#4455 = PCURVE('',#3858,#4456);
#4456 = DEFINITIONAL_REPRESENTATION('',(#4457),#4461);
#4457 = LINE('',#4458,#4459);
#4458 = CARTESIAN_POINT('',(9.424777960769,0.));
#4459 = VECTOR('',#4460,1.);
#4460 = DIRECTION('',(0.,-1.));
#4461 = ( GEOMETRIC_REPRESENTATION_CONTEXT(2) 
PARAMETRIC_REPRESENTATION_CONTEXT() REPRESENTATION_CONTEXT('2D SPACE',''
  ) );
#4462 = ORIENTED_EDGE('',*,*,#4463,.F.);
#4463 = EDGE_CURVE('',#4441,#4441,#4464,.T.);
#4464 = SURFACE_CURVE('',#4465,(#4470,#4477),.PCURVE_S1.);
#4465 = CIRCLE('',#4466,1.17);
#4466 = AXIS2_PLACEMENT_3D('',#4467,#4468,#4469);
#4467 = CARTESIAN_POINT('',(15.800000268221,-14.9999997914,3.));
#4468 = DIRECTION('',(0.,0.,1.));
#4469 = DIRECTION('',(-1.,0.,0.));
#4470 = PCURVE('',#3858,#4471);
#4471 = DEFINITIONAL_REPRESENTATION('',(#4472),#4476);
#4472 = LINE('',#4473,#4474);
#4473 = CARTESIAN_POINT('',(12.566370614359,-3.));
#4474 = VECTOR('',#4475,1.);
#4475 = DIRECTION('',(-1.,0.));
#4476 = ( GEOMETRIC_REPRESENTATION_CONTEXT(2) 
PARAMETRIC_REPRESENTATION_CONTEXT() REPRESENTATION_CONTEXT('2D SPACE',''
  ) );
#4477 = PCURVE('',#156,#4478);
#4478 = DEFINITIONAL_REPRESENTATION('',(#4479),#4487);
#4479 = ( BOUNDED_CURVE() B_SPLINE_CURVE(2,(#4480,#4481,#4482,#4483,
#4484,#4485,#4486),.UNSPECIFIED.,.T.,.F.) B_SPLINE_CURVE_WITH_KNOTS((1,2
    ,2,2,2,1),(-2.094395102393,0.,2.094395102393,4.188790204786,
6.28318530718,8.377580409573),.UNSPECIFIED.) CURVE() 
GEOMETRIC_REPRESENTATION_ITEM() RATIONAL_B_SPLINE_CURVE((1.,0.5,1.,0.5,
1.,0.5,1.)) REPRESENTATION_ITEM('') );
#4480 = CARTESIAN_POINT('',(3.,3.37));
#4481 = CARTESIAN_POINT('',(5.026499444856,3.37));
#4482 = CARTESIAN_POINT('',(4.013249722428,1.615));
#4483 = CARTESIAN_POINT('',(3.,-0.14));
#4484 = CARTESIAN_POINT('',(1.986750277572,1.615));
#4485 = CARTESIAN_POINT('',(0.973500555144,3.37));
#4486 = CARTESIAN_POINT('',(3.,3.37));
#4487 = ( GEOMETRIC_REPRESENTATION_CONTEXT(2) 
PARAMETRIC_REPRESENTATION_CONTEXT() REPRESENTATION_CONTEXT('2D SPACE',''
  ) );
#4488 = ORIENTED_EDGE('',*,*,#4440,.F.);
#4489 = ORIENTED_EDGE('',*,*,#3843,.F.);
#4490 = ADVANCED_FACE('',(#4491),#1553,.F.);
#4491 = FACE_BOUND('',#4492,.T.);
#4492 = EDGE_LOOP('',(#4493,#4494,#4515,#4516));
#4493 = ORIENTED_EDGE('',*,*,#4371,.F.);
#4494 = ORIENTED_EDGE('',*,*,#4495,.F.);
#4495 = EDGE_CURVE('',#1538,#4349,#4496,.T.);
#4496 = SURFACE_CURVE('',#4497,(#4501,#4508),.PCURVE_S1.);
#4497 = LINE('',#4498,#4499);
#4498 = CARTESIAN_POINT('',(13.000000268221,-16.9999997914,0.));
#4499 = VECTOR('',#4500,1.);
#4500 = DIRECTION('',(-9.020789358473E-65,1.,0.));
#4501 = PCURVE('',#1553,#4502);
#4502 = DEFINITIONAL_REPRESENTATION('',(#4503),#4507);
#4503 = LINE('',#4504,#4505);
#4504 = CARTESIAN_POINT('',(1.499999977648,-2.5));
#4505 = VECTOR('',#4506,1.);
#4506 = DIRECTION('',(0.,1.));
#4507 = ( GEOMETRIC_REPRESENTATION_CONTEXT(2) 
PARAMETRIC_REPRESENTATION_CONTEXT() REPRESENTATION_CONTEXT('2D SPACE',''
  ) );
#4508 = PCURVE('',#100,#4509);
#4509 = DEFINITIONAL_REPRESENTATION('',(#4510),#4514);
#4510 = LINE('',#4511,#4512);
#4511 = CARTESIAN_POINT('',(12.25,-13.));
#4512 = VECTOR('',#4513,1.);
#4513 = DIRECTION('',(-9.020789358473E-65,1.));
#4514 = ( GEOMETRIC_REPRESENTATION_CONTEXT(2) 
PARAMETRIC_REPRESENTATION_CONTEXT() REPRESENTATION_CONTEXT('2D SPACE',''
  ) );
#4515 = ORIENTED_EDGE('',*,*,#1537,.F.);
#4516 = ORIENTED_EDGE('',*,*,#4517,.F.);
#4517 = EDGE_CURVE('',#4372,#1515,#4518,.T.);
#4518 = SURFACE_CURVE('',#4519,(#4523,#4530),.PCURVE_S1.);
#4519 = LINE('',#4520,#4521);
#4520 = CARTESIAN_POINT('',(13.000000268221,-16.9999997914,3.));
#4521 = VECTOR('',#4522,1.);
#4522 = DIRECTION('',(9.020789358473E-65,-1.,0.));
#4523 = PCURVE('',#1553,#4524);
#4524 = DEFINITIONAL_REPRESENTATION('',(#4525),#4529);
#4525 = LINE('',#4526,#4527);
#4526 = CARTESIAN_POINT('',(-1.500000022352,-2.5));
#4527 = VECTOR('',#4528,1.);
#4528 = DIRECTION('',(0.,-1.));
#4529 = ( GEOMETRIC_REPRESENTATION_CONTEXT(2) 
PARAMETRIC_REPRESENTATION_CONTEXT() REPRESENTATION_CONTEXT('2D SPACE',''
  ) );
#4530 = PCURVE('',#156,#4531);
#4531 = DEFINITIONAL_REPRESENTATION('',(#4532),#4536);
#4532 = LINE('',#4533,#4534);
#4533 = CARTESIAN_POINT('',(5.,5.));
#4534 = VECTOR('',#4535,1.);
#4535 = DIRECTION('',(1.,0.));
#4536 = ( GEOMETRIC_REPRESENTATION_CONTEXT(2) 
PARAMETRIC_REPRESENTATION_CONTEXT() REPRESENTATION_CONTEXT('2D SPACE',''
  ) );
#4537 = ADVANCED_FACE('',(#4538,#4545),#156,.F.);
#4538 = FACE_BOUND('',#4539,.T.);
#4539 = EDGE_LOOP('',(#4540,#4541,#4542,#4543,#4544));
#4540 = ORIENTED_EDGE('',*,*,#140,.T.);
#4541 = ORIENTED_EDGE('',*,*,#3029,.F.);
#4542 = ORIENTED_EDGE('',*,*,#4394,.F.);
#4543 = ORIENTED_EDGE('',*,*,#4517,.T.);
#4544 = ORIENTED_EDGE('',*,*,#1514,.F.);
#4545 = FACE_BOUND('',#4546,.T.);
#4546 = EDGE_LOOP('',(#4547));
#4547 = ORIENTED_EDGE('',*,*,#4463,.F.);
#4548 = ADVANCED_FACE('',(#4549),#1476,.F.);
#4549 = FACE_BOUND('',#4550,.T.);
#4550 = EDGE_LOOP('',(#4551,#4552,#4573,#4574));
#4551 = ORIENTED_EDGE('',*,*,#1460,.T.);
#4552 = ORIENTED_EDGE('',*,*,#4553,.F.);
#4553 = EDGE_CURVE('',#2524,#1438,#4554,.T.);
#4554 = SURFACE_CURVE('',#4555,(#4559,#4566),.PCURVE_S1.);
#4555 = LINE('',#4556,#4557);
#4556 = CARTESIAN_POINT('',(-8.499999731779,-16.9999997914,0.));
#4557 = VECTOR('',#4558,1.);
#4558 = DIRECTION('',(-2.896233939755E-16,-1.,0.));
#4559 = PCURVE('',#1476,#4560);
#4560 = DEFINITIONAL_REPRESENTATION('',(#4561),#4565);
#4561 = LINE('',#4562,#4563);
#4562 = CARTESIAN_POINT('',(-1.5,-14.5));
#4563 = VECTOR('',#4564,1.);
#4564 = DIRECTION('',(0.,-1.));
#4565 = ( GEOMETRIC_REPRESENTATION_CONTEXT(2) 
PARAMETRIC_REPRESENTATION_CONTEXT() REPRESENTATION_CONTEXT('2D SPACE',''
  ) );
#4566 = PCURVE('',#100,#4567);
#4567 = DEFINITIONAL_REPRESENTATION('',(#4568),#4572);
#4568 = LINE('',#4569,#4570);
#4569 = CARTESIAN_POINT('',(-9.25,-13.));
#4570 = VECTOR('',#4571,1.);
#4571 = DIRECTION('',(-2.896233939755E-16,-1.));
#4572 = ( GEOMETRIC_REPRESENTATION_CONTEXT(2) 
PARAMETRIC_REPRESENTATION_CONTEXT() REPRESENTATION_CONTEXT('2D SPACE',''
  ) );
#4573 = ORIENTED_EDGE('',*,*,#2523,.F.);
#4574 = ORIENTED_EDGE('',*,*,#2759,.F.);
#4575 = ADVANCED_FACE('',(#4576),#999,.F.);
#4576 = FACE_BOUND('',#4577,.T.);
#4577 = EDGE_LOOP('',(#4578,#4621));
#4578 = ORIENTED_EDGE('',*,*,#4579,.F.);
#4579 = EDGE_CURVE('',#984,#953,#4580,.T.);
#4580 = SURFACE_CURVE('',#4581,(#4585,#4592),.PCURVE_S1.);
#4581 = ( BOUNDED_CURVE() B_SPLINE_CURVE(2,(#4582,#4583,#4584),
.UNSPECIFIED.,.F.,.F.) B_SPLINE_CURVE_WITH_KNOTS((3,3),(0.,
0.325576309007),.PIECEWISE_BEZIER_KNOTS.) CURVE() 
GEOMETRIC_REPRESENTATION_ITEM() RATIONAL_B_SPLINE_CURVE((1.,
1.23255795832,1.)) REPRESENTATION_ITEM('') );
#4582 = CARTESIAN_POINT('',(-15.89919263157,-16.9999997914,29.5));
#4583 = CARTESIAN_POINT('',(-14.34999973177,-16.9999997914,
    28.594340135559));
#4584 = CARTESIAN_POINT('',(-12.80080683198,-16.9999997914,29.5));
#4585 = PCURVE('',#999,#4586);
#4586 = DEFINITIONAL_REPRESENTATION('',(#4587),#4591);
#4587 = ( BOUNDED_CURVE() B_SPLINE_CURVE(2,(#4588,#4589,#4590),
.UNSPECIFIED.,.F.,.F.) B_SPLINE_CURVE_WITH_KNOTS((3,3),(0.,
0.325576309007),.PIECEWISE_BEZIER_KNOTS.) CURVE() 
GEOMETRIC_REPRESENTATION_ITEM() RATIONAL_B_SPLINE_CURVE((1.,
1.23255795832,1.)) REPRESENTATION_ITEM('') );
#4588 = CARTESIAN_POINT('',(33.899192899793,0.));
#4589 = CARTESIAN_POINT('',(32.35,0.905659864441));
#4590 = CARTESIAN_POINT('',(30.800807100207,0.));
#4591 = ( GEOMETRIC_REPRESENTATION_CONTEXT(2) 
PARAMETRIC_REPRESENTATION_CONTEXT() REPRESENTATION_CONTEXT('2D SPACE',''
  ) );
#4592 = PCURVE('',#971,#4593);
#4593 = DEFINITIONAL_REPRESENTATION('',(#4594),#4620);
#4594 = B_SPLINE_CURVE_WITH_KNOTS('',3,(#4595,#4596,#4597,#4598,#4599,
    #4600,#4601,#4602,#4603,#4604,#4605,#4606,#4607,#4608,#4609,#4610,
    #4611,#4612,#4613,#4614,#4615,#4616,#4617,#4618,#4619),
  .UNSPECIFIED.,.F.,.F.,(4,1,1,1,1,1,1,1,1,1,1,1,1,1,1,1,1,1,1,1,1,1,4),
  (0.,1.479892313669E-02,2.959784627339E-02,4.439676941008E-02,
    5.919569254677E-02,7.399461568347E-02,8.879353882016E-02,
    0.103592461957,0.118391385094,0.13319030823,0.147989231367,
    0.162788154504,0.17758707764,0.192386000777,0.207184923914,
    0.22198384705,0.236782770187,0.251581693324,0.26638061646,
    0.281179539597,0.295978462734,0.310777385871,0.325576309007),
  .QUASI_UNIFORM_KNOTS.);
#4595 = CARTESIAN_POINT('',(0.946408030622,0.75));
#4596 = CARTESIAN_POINT('',(0.96412264736,0.716191747353));
#4597 = CARTESIAN_POINT('',(0.999857902818,0.653009740843));
#4598 = CARTESIAN_POINT('',(1.054316310022,0.570472579655));
#4599 = CARTESIAN_POINT('',(1.10957033244,0.499026267184));
#4600 = CARTESIAN_POINT('',(1.165550845329,0.437796535864));
#4601 = CARTESIAN_POINT('',(1.222183038604,0.38604623998));
#4602 = CARTESIAN_POINT('',(1.279385987616,0.343179842418));
#4603 = CARTESIAN_POINT('',(1.337073445611,0.308717929288));
#4604 = CARTESIAN_POINT('',(1.395154463209,0.282285330491));
#4605 = CARTESIAN_POINT('',(1.453534196288,0.263600107421));
#4606 = CARTESIAN_POINT('',(1.51211478724,0.252466052532));
#4607 = CARTESIAN_POINT('',(1.570796326795,0.248767447884));
#4608 = CARTESIAN_POINT('',(1.62947786635,0.252466052532));
#4609 = CARTESIAN_POINT('',(1.688058457302,0.263600107421));
#4610 = CARTESIAN_POINT('',(1.746438190381,0.282285330491));
#4611 = CARTESIAN_POINT('',(1.804519207979,0.308717929288));
#4612 = CARTESIAN_POINT('',(1.862206665974,0.343179842418));
#4613 = CARTESIAN_POINT('',(1.919409614986,0.38604623998));
#4614 = CARTESIAN_POINT('',(1.976041808261,0.437796535864));
#4615 = CARTESIAN_POINT('',(2.03202232115,0.499026267184));
#4616 = CARTESIAN_POINT('',(2.087276343568,0.570472579655));
#4617 = CARTESIAN_POINT('',(2.141734750772,0.653009740843));
#4618 = CARTESIAN_POINT('',(2.17747000623,0.716191747353));
#4619 = CARTESIAN_POINT('',(2.195184622968,0.75));
#4620 = ( GEOMETRIC_REPRESENTATION_CONTEXT(2) 
PARAMETRIC_REPRESENTATION_CONTEXT() REPRESENTATION_CONTEXT('2D SPACE',''
  ) );
#4621 = ORIENTED_EDGE('',*,*,#983,.F.);
#4622 = ADVANCED_FACE('',(#4623,#4704,#4751),#100,.F.);
#4623 = FACE_BOUND('',#4624,.T.);
#4624 = EDGE_LOOP('',(#4625,#4626,#4627,#4648,#4649,#4650,#4651,#4652,
    #4653,#4654,#4655,#4656,#4657,#4658,#4679,#4680,#4701,#4702,#4703));
#4625 = ORIENTED_EDGE('',*,*,#84,.T.);
#4626 = ORIENTED_EDGE('',*,*,#305,.T.);
#4627 = ORIENTED_EDGE('',*,*,#4628,.T.);
#4628 = EDGE_CURVE('',#278,#2605,#4629,.T.);
#4629 = SURFACE_CURVE('',#4630,(#4634,#4641),.PCURVE_S1.);
#4630 = LINE('',#4631,#4632);
#4631 = CARTESIAN_POINT('',(-19.49999973177,-19.9999997914,0.));
#4632 = VECTOR('',#4633,1.);
#4633 = DIRECTION('',(-1.387778780781E-16,1.,0.));
#4634 = PCURVE('',#100,#4635);
#4635 = DEFINITIONAL_REPRESENTATION('',(#4636),#4640);
#4636 = LINE('',#4637,#4638);
#4637 = CARTESIAN_POINT('',(-20.25,-16.));
#4638 = VECTOR('',#4639,1.);
#4639 = DIRECTION('',(-1.387778780781E-16,1.));
#4640 = ( GEOMETRIC_REPRESENTATION_CONTEXT(2) 
PARAMETRIC_REPRESENTATION_CONTEXT() REPRESENTATION_CONTEXT('2D SPACE',''
  ) );
#4641 = PCURVE('',#293,#4642);
#4642 = DEFINITIONAL_REPRESENTATION('',(#4643),#4647);
#4643 = LINE('',#4644,#4645);
#4644 = CARTESIAN_POINT('',(32.,0.));
#4645 = VECTOR('',#4646,1.);
#4646 = DIRECTION('',(-1.,0.));
#4647 = ( GEOMETRIC_REPRESENTATION_CONTEXT(2) 
PARAMETRIC_REPRESENTATION_CONTEXT() REPRESENTATION_CONTEXT('2D SPACE',''
  ) );
#4648 = ORIENTED_EDGE('',*,*,#2604,.T.);
#4649 = ORIENTED_EDGE('',*,*,#2276,.T.);
#4650 = ORIENTED_EDGE('',*,*,#2545,.F.);
#4651 = ORIENTED_EDGE('',*,*,#4553,.T.);
#4652 = ORIENTED_EDGE('',*,*,#1437,.T.);
#4653 = ORIENTED_EDGE('',*,*,#1327,.T.);
#4654 = ORIENTED_EDGE('',*,*,#1565,.F.);
#4655 = ORIENTED_EDGE('',*,*,#4495,.T.);
#4656 = ORIENTED_EDGE('',*,*,#4348,.F.);
#4657 = ORIENTED_EDGE('',*,*,#3985,.T.);
#4658 = ORIENTED_EDGE('',*,*,#4659,.F.);
#4659 = EDGE_CURVE('',#3740,#3986,#4660,.T.);
#4660 = SURFACE_CURVE('',#4661,(#4665,#4672),.PCURVE_S1.);
#4661 = LINE('',#4662,#4663);
#4662 = CARTESIAN_POINT('',(18.000000268221,-16.9999997914,0.));
#4663 = VECTOR('',#4664,1.);
#4664 = DIRECTION('',(-1.,-1.287215101015E-16,0.));
#4665 = PCURVE('',#100,#4666);
#4666 = DEFINITIONAL_REPRESENTATION('',(#4667),#4671);
#4667 = LINE('',#4668,#4669);
#4668 = CARTESIAN_POINT('',(17.25,-13.));
#4669 = VECTOR('',#4670,1.);
#4670 = DIRECTION('',(-1.,-1.287215101015E-16));
#4671 = ( GEOMETRIC_REPRESENTATION_CONTEXT(2) 
PARAMETRIC_REPRESENTATION_CONTEXT() REPRESENTATION_CONTEXT('2D SPACE',''
  ) );
#4672 = PCURVE('',#4045,#4673);
#4673 = DEFINITIONAL_REPRESENTATION('',(#4674),#4678);
#4674 = LINE('',#4675,#4676);
#4675 = CARTESIAN_POINT('',(0.,0.));
#4676 = VECTOR('',#4677,1.);
#4677 = DIRECTION('',(1.,0.));
#4678 = ( GEOMETRIC_REPRESENTATION_CONTEXT(2) 
PARAMETRIC_REPRESENTATION_CONTEXT() REPRESENTATION_CONTEXT('2D SPACE',''
  ) );
#4679 = ORIENTED_EDGE('',*,*,#3739,.T.);
#4680 = ORIENTED_EDGE('',*,*,#4681,.F.);
#4681 = EDGE_CURVE('',#3872,#3742,#4682,.T.);
#4682 = SURFACE_CURVE('',#4683,(#4687,#4694),.PCURVE_S1.);
#4683 = LINE('',#4684,#4685);
#4684 = CARTESIAN_POINT('',(18.000000268221,-11.9999997914,0.));
#4685 = VECTOR('',#4686,1.);
#4686 = DIRECTION('',(0.,-1.,0.));
#4687 = PCURVE('',#100,#4688);
#4688 = DEFINITIONAL_REPRESENTATION('',(#4689),#4693);
#4689 = LINE('',#4690,#4691);
#4690 = CARTESIAN_POINT('',(17.25,-8.));
#4691 = VECTOR('',#4692,1.);
#4692 = DIRECTION('',(0.,-1.));
#4693 = ( GEOMETRIC_REPRESENTATION_CONTEXT(2) 
PARAMETRIC_REPRESENTATION_CONTEXT() REPRESENTATION_CONTEXT('2D SPACE',''
  ) );
#4694 = PCURVE('',#3808,#4695);
#4695 = DEFINITIONAL_REPRESENTATION('',(#4696),#4700);
#4696 = LINE('',#4697,#4698);
#4697 = CARTESIAN_POINT('',(0.,0.));
#4698 = VECTOR('',#4699,1.);
#4699 = DIRECTION('',(1.,0.));
#4700 = ( GEOMETRIC_REPRESENTATION_CONTEXT(2) 
PARAMETRIC_REPRESENTATION_CONTEXT() REPRESENTATION_CONTEXT('2D SPACE',''
  ) );
#4701 = ORIENTED_EDGE('',*,*,#3916,.T.);
#4702 = ORIENTED_EDGE('',*,*,#4416,.F.);
#4703 = ORIENTED_EDGE('',*,*,#2978,.T.);
#4704 = FACE_BOUND('',#4705,.T.);
#4705 = EDGE_LOOP('',(#4706,#4727,#4728,#4749,#4750));
#4706 = ORIENTED_EDGE('',*,*,#4707,.T.);
#4707 = EDGE_CURVE('',#3665,#3514,#4708,.T.);
#4708 = SURFACE_CURVE('',#4709,(#4713,#4720),.PCURVE_S1.);
#4709 = LINE('',#4710,#4711);
#4710 = CARTESIAN_POINT('',(-16.49999973177,12.000000208593,0.));
#4711 = VECTOR('',#4712,1.);
#4712 = DIRECTION('',(0.,-1.,0.));
#4713 = PCURVE('',#100,#4714);
#4714 = DEFINITIONAL_REPRESENTATION('',(#4715),#4719);
#4715 = LINE('',#4716,#4717);
#4716 = CARTESIAN_POINT('',(-17.25,16.));
#4717 = VECTOR('',#4718,1.);
#4718 = DIRECTION('',(0.,-1.));
#4719 = ( GEOMETRIC_REPRESENTATION_CONTEXT(2) 
PARAMETRIC_REPRESENTATION_CONTEXT() REPRESENTATION_CONTEXT('2D SPACE',''
  ) );
#4720 = PCURVE('',#3724,#4721);
#4721 = DEFINITIONAL_REPRESENTATION('',(#4722),#4726);
#4722 = LINE('',#4723,#4724);
#4723 = CARTESIAN_POINT('',(29.,0.));
#4724 = VECTOR('',#4725,1.);
#4725 = DIRECTION('',(-1.,0.));
#4726 = ( GEOMETRIC_REPRESENTATION_CONTEXT(2) 
PARAMETRIC_REPRESENTATION_CONTEXT() REPRESENTATION_CONTEXT('2D SPACE',''
  ) );
#4727 = ORIENTED_EDGE('',*,*,#3513,.T.);
#4728 = ORIENTED_EDGE('',*,*,#4729,.F.);
#4729 = EDGE_CURVE('',#3545,#3516,#4730,.T.);
#4730 = SURFACE_CURVE('',#4731,(#4735,#4742),.PCURVE_S1.);
#4731 = LINE('',#4732,#4733);
#4732 = CARTESIAN_POINT('',(18.000000268221,-16.9999997914,0.));
#4733 = VECTOR('',#4734,1.);
#4734 = DIRECTION('',(-1.,-1.287215101015E-16,0.));
#4735 = PCURVE('',#100,#4736);
#4736 = DEFINITIONAL_REPRESENTATION('',(#4737),#4741);
#4737 = LINE('',#4738,#4739);
#4738 = CARTESIAN_POINT('',(17.25,-13.));
#4739 = VECTOR('',#4740,1.);
#4740 = DIRECTION('',(-1.,-1.287215101015E-16));
#4741 = ( GEOMETRIC_REPRESENTATION_CONTEXT(2) 
PARAMETRIC_REPRESENTATION_CONTEXT() REPRESENTATION_CONTEXT('2D SPACE',''
  ) );
#4742 = PCURVE('',#3582,#4743);
#4743 = DEFINITIONAL_REPRESENTATION('',(#4744),#4748);
#4744 = LINE('',#4745,#4746);
#4745 = CARTESIAN_POINT('',(0.,0.));
#4746 = VECTOR('',#4747,1.);
#4747 = DIRECTION('',(1.,0.));
#4748 = ( GEOMETRIC_REPRESENTATION_CONTEXT(2) 
PARAMETRIC_REPRESENTATION_CONTEXT() REPRESENTATION_CONTEXT('2D SPACE',''
  ) );
#4749 = ORIENTED_EDGE('',*,*,#3594,.T.);
#4750 = ORIENTED_EDGE('',*,*,#3664,.T.);
#4751 = FACE_BOUND('',#4752,.T.);
#4752 = EDGE_LOOP('',(#4753,#4754,#4755));
#4753 = ORIENTED_EDGE('',*,*,#3361,.T.);
#4754 = ORIENTED_EDGE('',*,*,#3438,.T.);
#4755 = ORIENTED_EDGE('',*,*,#4756,.T.);
#4756 = EDGE_CURVE('',#3439,#3362,#4757,.T.);
#4757 = SURFACE_CURVE('',#4758,(#4762,#4769),.PCURVE_S1.);
#4758 = LINE('',#4759,#4760);
#4759 = CARTESIAN_POINT('',(-16.49999973177,12.000000208593,0.));
#4760 = VECTOR('',#4761,1.);
#4761 = DIRECTION('',(0.,-1.,0.));
#4762 = PCURVE('',#100,#4763);
#4763 = DEFINITIONAL_REPRESENTATION('',(#4764),#4768);
#4764 = LINE('',#4765,#4766);
#4765 = CARTESIAN_POINT('',(-17.25,16.));
#4766 = VECTOR('',#4767,1.);
#4767 = DIRECTION('',(0.,-1.));
#4768 = ( GEOMETRIC_REPRESENTATION_CONTEXT(2) 
PARAMETRIC_REPRESENTATION_CONTEXT() REPRESENTATION_CONTEXT('2D SPACE',''
  ) );
#4769 = PCURVE('',#3498,#4770);
#4770 = DEFINITIONAL_REPRESENTATION('',(#4771),#4775);
#4771 = LINE('',#4772,#4773);
#4772 = CARTESIAN_POINT('',(29.,0.));
#4773 = VECTOR('',#4774,1.);
#4774 = DIRECTION('',(-1.,0.));
#4775 = ( GEOMETRIC_REPRESENTATION_CONTEXT(2) 
PARAMETRIC_REPRESENTATION_CONTEXT() REPRESENTATION_CONTEXT('2D SPACE',''
  ) );
#4776 = ADVANCED_FACE('',(#4777),#3498,.T.);
#4777 = FACE_BOUND('',#4778,.T.);
#4778 = EDGE_LOOP('',(#4779,#4780));
#4779 = ORIENTED_EDGE('',*,*,#3462,.T.);
#4780 = ORIENTED_EDGE('',*,*,#4756,.F.);
#4781 = ADVANCED_FACE('',(#4782),#4045,.T.);
#4782 = FACE_BOUND('',#4783,.T.);
#4783 = EDGE_LOOP('',(#4784,#4785));
#4784 = ORIENTED_EDGE('',*,*,#4009,.T.);
#4785 = ORIENTED_EDGE('',*,*,#4659,.T.);
#4786 = ADVANCED_FACE('',(#4787),#3582,.T.);
#4787 = FACE_BOUND('',#4788,.T.);
#4788 = EDGE_LOOP('',(#4789,#4790));
#4789 = ORIENTED_EDGE('',*,*,#3544,.T.);
#4790 = ORIENTED_EDGE('',*,*,#4729,.T.);
#4791 = ADVANCED_FACE('',(#4792),#3808,.T.);
#4792 = FACE_BOUND('',#4793,.T.);
#4793 = EDGE_LOOP('',(#4794,#4795,#4796));
#4794 = ORIENTED_EDGE('',*,*,#3770,.T.);
#4795 = ORIENTED_EDGE('',*,*,#3871,.T.);
#4796 = ORIENTED_EDGE('',*,*,#4681,.T.);
#4797 = ADVANCED_FACE('',(#4798),#971,.F.);
#4798 = FACE_BOUND('',#4799,.F.);
#4799 = EDGE_LOOP('',(#4800,#4801,#4824,#4846,#4847,#4848,#4849,#4850));
#4800 = ORIENTED_EDGE('',*,*,#1063,.F.);
#4801 = ORIENTED_EDGE('',*,*,#4802,.T.);
#4802 = EDGE_CURVE('',#955,#4803,#4805,.T.);
#4803 = VERTEX_POINT('',#4804);
#4804 = CARTESIAN_POINT('',(-13.19999973177,-14.8499994753,28.));
#4805 = SEAM_CURVE('',#4806,(#4810,#4817),.PCURVE_S1.);
#4806 = LINE('',#4807,#4808);
#4807 = CARTESIAN_POINT('',(-12.44999973177,-14.8499994753,28.75));
#4808 = VECTOR('',#4809,1.);
#4809 = DIRECTION('',(-0.707106781187,-8.659560562355E-17,
    -0.707106781187));
#4810 = PCURVE('',#971,#4811);
#4811 = DEFINITIONAL_REPRESENTATION('',(#4812),#4816);
#4812 = LINE('',#4813,#4814);
#4813 = CARTESIAN_POINT('',(-3.14159265359,0.));
#4814 = VECTOR('',#4815,1.);
#4815 = DIRECTION('',(0.,-1.));
#4816 = ( GEOMETRIC_REPRESENTATION_CONTEXT(2) 
PARAMETRIC_REPRESENTATION_CONTEXT() REPRESENTATION_CONTEXT('2D SPACE',''
  ) );
#4817 = PCURVE('',#971,#4818);
#4818 = DEFINITIONAL_REPRESENTATION('',(#4819),#4823);
#4819 = LINE('',#4820,#4821);
#4820 = CARTESIAN_POINT('',(3.14159265359,0.));
#4821 = VECTOR('',#4822,1.);
#4822 = DIRECTION('',(0.,-1.));
#4823 = ( GEOMETRIC_REPRESENTATION_CONTEXT(2) 
PARAMETRIC_REPRESENTATION_CONTEXT() REPRESENTATION_CONTEXT('2D SPACE',''
  ) );
#4824 = ORIENTED_EDGE('',*,*,#4825,.F.);
#4825 = EDGE_CURVE('',#4803,#4803,#4826,.T.);
#4826 = SURFACE_CURVE('',#4827,(#4832,#4839),.PCURVE_S1.);
#4827 = CIRCLE('',#4828,1.15);
#4828 = AXIS2_PLACEMENT_3D('',#4829,#4830,#4831);
#4829 = CARTESIAN_POINT('',(-14.34999973177,-14.8499994753,28.));
#4830 = DIRECTION('',(0.,0.,-1.));
#4831 = DIRECTION('',(-1.,0.,0.));
#4832 = PCURVE('',#971,#4833);
#4833 = DEFINITIONAL_REPRESENTATION('',(#4834),#4838);
#4834 = LINE('',#4835,#4836);
#4835 = CARTESIAN_POINT('',(6.28318530718,-0.75));
#4836 = VECTOR('',#4837,1.);
#4837 = DIRECTION('',(-1.,0.));
#4838 = ( GEOMETRIC_REPRESENTATION_CONTEXT(2) 
PARAMETRIC_REPRESENTATION_CONTEXT() REPRESENTATION_CONTEXT('2D SPACE',''
  ) );
#4839 = PCURVE('',#2962,#4840);
#4840 = DEFINITIONAL_REPRESENTATION('',(#4841),#4845);
#4841 = LINE('',#4842,#4843);
#4842 = CARTESIAN_POINT('',(0.,1.5));
#4843 = VECTOR('',#4844,1.);
#4844 = DIRECTION('',(1.,0.));
#4845 = ( GEOMETRIC_REPRESENTATION_CONTEXT(2) 
PARAMETRIC_REPRESENTATION_CONTEXT() REPRESENTATION_CONTEXT('2D SPACE',''
  ) );
#4846 = ORIENTED_EDGE('',*,*,#4802,.F.);
#4847 = ORIENTED_EDGE('',*,*,#952,.F.);
#4848 = ORIENTED_EDGE('',*,*,#4579,.F.);
#4849 = ORIENTED_EDGE('',*,*,#1011,.F.);
#4850 = ORIENTED_EDGE('',*,*,#4060,.F.);
#4851 = ADVANCED_FACE('',(#4852),#1106,.F.);
#4852 = FACE_BOUND('',#4853,.F.);
#4853 = EDGE_LOOP('',(#4854,#4855,#4878,#4900,#4901,#4902));
#4854 = ORIENTED_EDGE('',*,*,#1146,.F.);
#4855 = ORIENTED_EDGE('',*,*,#4856,.T.);
#4856 = EDGE_CURVE('',#1090,#4857,#4859,.T.);
#4857 = VERTEX_POINT('',#4858);
#4858 = CARTESIAN_POINT('',(-13.19999973177,1.150000524693,28.));
#4859 = SEAM_CURVE('',#4860,(#4864,#4871),.PCURVE_S1.);
#4860 = LINE('',#4861,#4862);
#4861 = CARTESIAN_POINT('',(-12.44999973177,1.150000524693,28.75));
#4862 = VECTOR('',#4863,1.);
#4863 = DIRECTION('',(-0.707106781187,-8.659560562355E-17,
    -0.707106781187));
#4864 = PCURVE('',#1106,#4865);
#4865 = DEFINITIONAL_REPRESENTATION('',(#4866),#4870);
#4866 = LINE('',#4867,#4868);
#4867 = CARTESIAN_POINT('',(-3.14159265359,0.));
#4868 = VECTOR('',#4869,1.);
#4869 = DIRECTION('',(0.,-1.));
#4870 = ( GEOMETRIC_REPRESENTATION_CONTEXT(2) 
PARAMETRIC_REPRESENTATION_CONTEXT() REPRESENTATION_CONTEXT('2D SPACE',''
  ) );
#4871 = PCURVE('',#1106,#4872);
#4872 = DEFINITIONAL_REPRESENTATION('',(#4873),#4877);
#4873 = LINE('',#4874,#4875);
#4874 = CARTESIAN_POINT('',(3.14159265359,0.));
#4875 = VECTOR('',#4876,1.);
#4876 = DIRECTION('',(0.,-1.));
#4877 = ( GEOMETRIC_REPRESENTATION_CONTEXT(2) 
PARAMETRIC_REPRESENTATION_CONTEXT() REPRESENTATION_CONTEXT('2D SPACE',''
  ) );
#4878 = ORIENTED_EDGE('',*,*,#4879,.F.);
#4879 = EDGE_CURVE('',#4857,#4857,#4880,.T.);
#4880 = SURFACE_CURVE('',#4881,(#4886,#4893),.PCURVE_S1.);
#4881 = CIRCLE('',#4882,1.15);
#4882 = AXIS2_PLACEMENT_3D('',#4883,#4884,#4885);
#4883 = CARTESIAN_POINT('',(-14.34999973177,1.150000524693,28.));
#4884 = DIRECTION('',(0.,0.,-1.));
#4885 = DIRECTION('',(-1.,0.,0.));
#4886 = PCURVE('',#1106,#4887);
#4887 = DEFINITIONAL_REPRESENTATION('',(#4888),#4892);
#4888 = LINE('',#4889,#4890);
#4889 = CARTESIAN_POINT('',(6.28318530718,-0.75));
#4890 = VECTOR('',#4891,1.);
#4891 = DIRECTION('',(-1.,0.));
#4892 = ( GEOMETRIC_REPRESENTATION_CONTEXT(2) 
PARAMETRIC_REPRESENTATION_CONTEXT() REPRESENTATION_CONTEXT('2D SPACE',''
  ) );
#4893 = PCURVE('',#2927,#4894);
#4894 = DEFINITIONAL_REPRESENTATION('',(#4895),#4899);
#4895 = LINE('',#4896,#4897);
#4896 = CARTESIAN_POINT('',(0.,1.5));
#4897 = VECTOR('',#4898,1.);
#4898 = DIRECTION('',(1.,0.));
#4899 = ( GEOMETRIC_REPRESENTATION_CONTEXT(2) 
PARAMETRIC_REPRESENTATION_CONTEXT() REPRESENTATION_CONTEXT('2D SPACE',''
  ) );
#4900 = ORIENTED_EDGE('',*,*,#4856,.F.);
#4901 = ORIENTED_EDGE('',*,*,#1087,.F.);
#4902 = ORIENTED_EDGE('',*,*,#4107,.F.);
#4903 = ADVANCED_FACE('',(#4904),#2927,.F.);
#4904 = FACE_BOUND('',#4905,.F.);
#4905 = EDGE_LOOP('',(#4906,#4927,#4928,#4929));
#4906 = ORIENTED_EDGE('',*,*,#4907,.T.);
#4907 = EDGE_CURVE('',#4857,#2907,#4908,.T.);
#4908 = SEAM_CURVE('',#4909,(#4913,#4920),.PCURVE_S1.);
#4909 = LINE('',#4910,#4911);
#4910 = CARTESIAN_POINT('',(-13.19999973177,1.150000524693,29.5));
#4911 = VECTOR('',#4912,1.);
#4912 = DIRECTION('',(0.,0.,-1.));
#4913 = PCURVE('',#2927,#4914);
#4914 = DEFINITIONAL_REPRESENTATION('',(#4915),#4919);
#4915 = LINE('',#4916,#4917);
#4916 = CARTESIAN_POINT('',(9.424777960769,0.));
#4917 = VECTOR('',#4918,1.);
#4918 = DIRECTION('',(0.,1.));
#4919 = ( GEOMETRIC_REPRESENTATION_CONTEXT(2) 
PARAMETRIC_REPRESENTATION_CONTEXT() REPRESENTATION_CONTEXT('2D SPACE',''
  ) );
#4920 = PCURVE('',#2927,#4921);
#4921 = DEFINITIONAL_REPRESENTATION('',(#4922),#4926);
#4922 = LINE('',#4923,#4924);
#4923 = CARTESIAN_POINT('',(3.14159265359,0.));
#4924 = VECTOR('',#4925,1.);
#4925 = DIRECTION('',(0.,1.));
#4926 = ( GEOMETRIC_REPRESENTATION_CONTEXT(2) 
PARAMETRIC_REPRESENTATION_CONTEXT() REPRESENTATION_CONTEXT('2D SPACE',''
  ) );
#4927 = ORIENTED_EDGE('',*,*,#2906,.T.);
#4928 = ORIENTED_EDGE('',*,*,#4907,.F.);
#4929 = ORIENTED_EDGE('',*,*,#4879,.T.);
#4930 = ADVANCED_FACE('',(#4931),#2962,.F.);
#4931 = FACE_BOUND('',#4932,.F.);
#4932 = EDGE_LOOP('',(#4933,#4954,#4955,#4956));
#4933 = ORIENTED_EDGE('',*,*,#4934,.T.);
#4934 = EDGE_CURVE('',#4803,#2942,#4935,.T.);
#4935 = SEAM_CURVE('',#4936,(#4940,#4947),.PCURVE_S1.);
#4936 = LINE('',#4937,#4938);
#4937 = CARTESIAN_POINT('',(-13.19999973177,-14.8499994753,29.5));
#4938 = VECTOR('',#4939,1.);
#4939 = DIRECTION('',(0.,0.,-1.));
#4940 = PCURVE('',#2962,#4941);
#4941 = DEFINITIONAL_REPRESENTATION('',(#4942),#4946);
#4942 = LINE('',#4943,#4944);
#4943 = CARTESIAN_POINT('',(9.424777960769,0.));
#4944 = VECTOR('',#4945,1.);
#4945 = DIRECTION('',(0.,1.));
#4946 = ( GEOMETRIC_REPRESENTATION_CONTEXT(2) 
PARAMETRIC_REPRESENTATION_CONTEXT() REPRESENTATION_CONTEXT('2D SPACE',''
  ) );
#4947 = PCURVE('',#2962,#4948);
#4948 = DEFINITIONAL_REPRESENTATION('',(#4949),#4953);
#4949 = LINE('',#4950,#4951);
#4950 = CARTESIAN_POINT('',(3.14159265359,0.));
#4951 = VECTOR('',#4952,1.);
#4952 = DIRECTION('',(0.,1.));
#4953 = ( GEOMETRIC_REPRESENTATION_CONTEXT(2) 
PARAMETRIC_REPRESENTATION_CONTEXT() REPRESENTATION_CONTEXT('2D SPACE',''
  ) );
#4954 = ORIENTED_EDGE('',*,*,#2941,.T.);
#4955 = ORIENTED_EDGE('',*,*,#4934,.F.);
#4956 = ORIENTED_EDGE('',*,*,#4825,.T.);
#4957 = ADVANCED_FACE('',(#4958),#538,.F.);
#4958 = FACE_BOUND('',#4959,.F.);
#4959 = EDGE_LOOP('',(#4960,#4961,#4962,#4963,#5006,#5007,#5008,#5031,
    #5053,#5054));
#4960 = ORIENTED_EDGE('',*,*,#578,.F.);
#4961 = ORIENTED_EDGE('',*,*,#4246,.F.);
#4962 = ORIENTED_EDGE('',*,*,#630,.F.);
#4963 = ORIENTED_EDGE('',*,*,#4964,.F.);
#4964 = EDGE_CURVE('',#494,#631,#4965,.T.);
#4965 = SURFACE_CURVE('',#4966,(#4970,#4999),.PCURVE_S1.);
#4966 = ( BOUNDED_CURVE() B_SPLINE_CURVE(2,(#4967,#4968,#4969),
.UNSPECIFIED.,.F.,.F.) B_SPLINE_CURVE_WITH_KNOTS((3,3),(0.,
0.268116708709),.PIECEWISE_BEZIER_KNOTS.) CURVE() 
GEOMETRIC_REPRESENTATION_ITEM() RATIONAL_B_SPLINE_CURVE((1.,
1.144227330887,1.)) REPRESENTATION_ITEM('') );
#4967 = CARTESIAN_POINT('',(15.067578559646,-12.43242146917,29.5));
#4968 = CARTESIAN_POINT('',(14.150000247359,-13.34999979513,
    28.869325863876));
#4969 = CARTESIAN_POINT('',(13.232421935072,-14.26757812109,29.5));
#4970 = PCURVE('',#538,#4971);
#4971 = DEFINITIONAL_REPRESENTATION('',(#4972),#4998);
#4972 = B_SPLINE_CURVE_WITH_KNOTS('',3,(#4973,#4974,#4975,#4976,#4977,
    #4978,#4979,#4980,#4981,#4982,#4983,#4984,#4985,#4986,#4987,#4988,
    #4989,#4990,#4991,#4992,#4993,#4994,#4995,#4996,#4997),
  .UNSPECIFIED.,.F.,.F.,(4,1,1,1,1,1,1,1,1,1,1,1,1,1,1,1,1,1,1,1,1,1,4),
  (0.,1.218712312314E-02,2.437424624628E-02,3.656136936942E-02,
    4.874849249256E-02,6.09356156157E-02,7.312273873884E-02,
    8.530986186198E-02,9.749698498512E-02,0.109684108108,0.121871231231,
    0.134058354355,0.146245477478,0.158432600601,0.170619723724,
    0.182806846847,0.19499396997,0.207181093093,0.219368216217,
    0.23155533934,0.243742462463,0.255929585586,0.268116708709),
  .QUASI_UNIFORM_KNOTS.);
#4973 = CARTESIAN_POINT('',(-1.292918765211,0.75));
#4974 = CARTESIAN_POINT('',(-1.278191351917,0.728138177785));
#4975 = CARTESIAN_POINT('',(-1.248566927213,0.686953305012));
#4976 = CARTESIAN_POINT('',(-1.203660181225,0.632373390286));
#4977 = CARTESIAN_POINT('',(-1.158321011426,0.584546257066));
#4978 = CARTESIAN_POINT('',(-1.112590603978,0.543117215797));
#4979 = CARTESIAN_POINT('',(-1.066512228345,0.507781040726));
#4980 = CARTESIAN_POINT('',(-1.020131363048,0.478285100845));
#4981 = CARTESIAN_POINT('',(-0.973495367376,0.454422292437));
#4982 = CARTESIAN_POINT('',(-0.926653237354,0.436027962169));
#4983 = CARTESIAN_POINT('',(-0.879655305842,0.422976846657));
#4984 = CARTESIAN_POINT('',(-0.832552929336,0.415180962937));
#4985 = CARTESIAN_POINT('',(-0.785398155947,0.412588103581));
#4986 = CARTESIAN_POINT('',(-0.738243382558,0.415180962937));
#4987 = CARTESIAN_POINT('',(-0.691141006052,0.422976846657));
#4988 = CARTESIAN_POINT('',(-0.644143074539,0.436027962169));
#4989 = CARTESIAN_POINT('',(-0.597300944518,0.454422292437));
#4990 = CARTESIAN_POINT('',(-0.550664948846,0.478285100845));
#4991 = CARTESIAN_POINT('',(-0.504284083549,0.507781040726));
#4992 = CARTESIAN_POINT('',(-0.458205707916,0.543117215797));
#4993 = CARTESIAN_POINT('',(-0.412475300468,0.584546257066));
#4994 = CARTESIAN_POINT('',(-0.367136130668,0.632373390286));
#4995 = CARTESIAN_POINT('',(-0.322229384681,0.686953305012));
#4996 = CARTESIAN_POINT('',(-0.292604959977,0.728138177785));
#4997 = CARTESIAN_POINT('',(-0.277877546682,0.75));
#4998 = ( GEOMETRIC_REPRESENTATION_CONTEXT(2) 
PARAMETRIC_REPRESENTATION_CONTEXT() REPRESENTATION_CONTEXT('2D SPACE',''
  ) );
#4999 = PCURVE('',#509,#5000);
#5000 = DEFINITIONAL_REPRESENTATION('',(#5001),#5005);
#5001 = ( BOUNDED_CURVE() B_SPLINE_CURVE(2,(#5002,#5003,#5004),
.UNSPECIFIED.,.F.,.F.) B_SPLINE_CURVE_WITH_KNOTS((3,3),(0.,
0.268116708709),.PIECEWISE_BEZIER_KNOTS.) CURVE() 
GEOMETRIC_REPRESENTATION_ITEM() RATIONAL_B_SPLINE_CURVE((1.,
1.144227330887,1.)) REPRESENTATION_ITEM('') );
#5002 = CARTESIAN_POINT('',(0.611536596804,0.));
#5003 = CARTESIAN_POINT('',(1.909188300247,0.630674136124));
#5004 = CARTESIAN_POINT('',(3.206840003691,0.));
#5005 = ( GEOMETRIC_REPRESENTATION_CONTEXT(2) 
PARAMETRIC_REPRESENTATION_CONTEXT() REPRESENTATION_CONTEXT('2D SPACE',''
  ) );
#5006 = ORIENTED_EDGE('',*,*,#521,.F.);
#5007 = ORIENTED_EDGE('',*,*,#4200,.F.);
#5008 = ORIENTED_EDGE('',*,*,#5009,.T.);
#5009 = EDGE_CURVE('',#4155,#5010,#5012,.T.);
#5010 = VERTEX_POINT('',#5011);
#5011 = CARTESIAN_POINT('',(16.970000268221,-14.9999997914,28.));
#5012 = SEAM_CURVE('',#5013,(#5017,#5024),.PCURVE_S1.);
#5013 = LINE('',#5014,#5015);
#5014 = CARTESIAN_POINT('',(17.720000268221,-14.9999997914,28.75));
#5015 = VECTOR('',#5016,1.);
#5016 = DIRECTION('',(-0.707106781187,-8.659560562355E-17,
    -0.707106781187));
#5017 = PCURVE('',#538,#5018);
#5018 = DEFINITIONAL_REPRESENTATION('',(#5019),#5023);
#5019 = LINE('',#5020,#5021);
#5020 = CARTESIAN_POINT('',(-3.14159265359,0.));
#5021 = VECTOR('',#5022,1.);
#5022 = DIRECTION('',(0.,-1.));
#5023 = ( GEOMETRIC_REPRESENTATION_CONTEXT(2) 
PARAMETRIC_REPRESENTATION_CONTEXT() REPRESENTATION_CONTEXT('2D SPACE',''
  ) );
#5024 = PCURVE('',#538,#5025);
#5025 = DEFINITIONAL_REPRESENTATION('',(#5026),#5030);
#5026 = LINE('',#5027,#5028);
#5027 = CARTESIAN_POINT('',(3.14159265359,0.));
#5028 = VECTOR('',#5029,1.);
#5029 = DIRECTION('',(0.,-1.));
#5030 = ( GEOMETRIC_REPRESENTATION_CONTEXT(2) 
PARAMETRIC_REPRESENTATION_CONTEXT() REPRESENTATION_CONTEXT('2D SPACE',''
  ) );
#5031 = ORIENTED_EDGE('',*,*,#5032,.F.);
#5032 = EDGE_CURVE('',#5010,#5010,#5033,.T.);
#5033 = SURFACE_CURVE('',#5034,(#5039,#5046),.PCURVE_S1.);
#5034 = CIRCLE('',#5035,1.17);
#5035 = AXIS2_PLACEMENT_3D('',#5036,#5037,#5038);
#5036 = CARTESIAN_POINT('',(15.800000268221,-14.9999997914,28.));
#5037 = DIRECTION('',(0.,0.,-1.));
#5038 = DIRECTION('',(-1.,0.,0.));
#5039 = PCURVE('',#538,#5040);
#5040 = DEFINITIONAL_REPRESENTATION('',(#5041),#5045);
#5041 = LINE('',#5042,#5043);
#5042 = CARTESIAN_POINT('',(6.28318530718,-0.75));
#5043 = VECTOR('',#5044,1.);
#5044 = DIRECTION('',(-1.,0.));
#5045 = ( GEOMETRIC_REPRESENTATION_CONTEXT(2) 
PARAMETRIC_REPRESENTATION_CONTEXT() REPRESENTATION_CONTEXT('2D SPACE',''
  ) );
#5046 = PCURVE('',#1312,#5047);
#5047 = DEFINITIONAL_REPRESENTATION('',(#5048),#5052);
#5048 = LINE('',#5049,#5050);
#5049 = CARTESIAN_POINT('',(0.,1.5));
#5050 = VECTOR('',#5051,1.);
#5051 = DIRECTION('',(1.,0.));
#5052 = ( GEOMETRIC_REPRESENTATION_CONTEXT(2) 
PARAMETRIC_REPRESENTATION_CONTEXT() REPRESENTATION_CONTEXT('2D SPACE',''
  ) );
#5053 = ORIENTED_EDGE('',*,*,#5009,.F.);
#5054 = ORIENTED_EDGE('',*,*,#4154,.F.);
#5055 = ADVANCED_FACE('',(#5056),#509,.F.);
#5056 = FACE_BOUND('',#5057,.T.);
#5057 = EDGE_LOOP('',(#5058,#5059,#5060,#5061,#5062,#5083));
#5058 = ORIENTED_EDGE('',*,*,#4964,.F.);
#5059 = ORIENTED_EDGE('',*,*,#493,.F.);
#5060 = ORIENTED_EDGE('',*,*,#1195,.F.);
#5061 = ORIENTED_EDGE('',*,*,#1267,.F.);
#5062 = ORIENTED_EDGE('',*,*,#5063,.F.);
#5063 = EDGE_CURVE('',#655,#1245,#5064,.T.);
#5064 = SURFACE_CURVE('',#5065,(#5069,#5076),.PCURVE_S1.);
#5065 = LINE('',#5066,#5067);
#5066 = CARTESIAN_POINT('',(13.000000268221,-14.4999997914,
    28.750000011176));
#5067 = VECTOR('',#5068,1.);
#5068 = DIRECTION('',(0.,0.,-1.));
#5069 = PCURVE('',#509,#5070);
#5070 = DEFINITIONAL_REPRESENTATION('',(#5071),#5075);
#5071 = LINE('',#5072,#5073);
#5072 = CARTESIAN_POINT('',(3.535533879591,0.749999988824));
#5073 = VECTOR('',#5074,1.);
#5074 = DIRECTION('',(-0.,1.));
#5075 = ( GEOMETRIC_REPRESENTATION_CONTEXT(2) 
PARAMETRIC_REPRESENTATION_CONTEXT() REPRESENTATION_CONTEXT('2D SPACE',''
  ) );
#5076 = PCURVE('',#693,#5077);
#5077 = DEFINITIONAL_REPRESENTATION('',(#5078),#5082);
#5078 = LINE('',#5079,#5080);
#5079 = CARTESIAN_POINT('',(0.749999988824,0.));
#5080 = VECTOR('',#5081,1.);
#5081 = DIRECTION('',(-1.,0.));
#5082 = ( GEOMETRIC_REPRESENTATION_CONTEXT(2) 
PARAMETRIC_REPRESENTATION_CONTEXT() REPRESENTATION_CONTEXT('2D SPACE',''
  ) );
#5083 = ORIENTED_EDGE('',*,*,#654,.F.);
#5084 = ADVANCED_FACE('',(#5085),#1312,.F.);
#5085 = FACE_BOUND('',#5086,.F.);
#5086 = EDGE_LOOP('',(#5087,#5108,#5109,#5110));
#5087 = ORIENTED_EDGE('',*,*,#5088,.T.);
#5088 = EDGE_CURVE('',#5010,#1292,#5089,.T.);
#5089 = SEAM_CURVE('',#5090,(#5094,#5101),.PCURVE_S1.);
#5090 = LINE('',#5091,#5092);
#5091 = CARTESIAN_POINT('',(16.970000268221,-14.9999997914,29.5));
#5092 = VECTOR('',#5093,1.);
#5093 = DIRECTION('',(0.,0.,-1.));
#5094 = PCURVE('',#1312,#5095);
#5095 = DEFINITIONAL_REPRESENTATION('',(#5096),#5100);
#5096 = LINE('',#5097,#5098);
#5097 = CARTESIAN_POINT('',(9.424777960769,0.));
#5098 = VECTOR('',#5099,1.);
#5099 = DIRECTION('',(0.,1.));
#5100 = ( GEOMETRIC_REPRESENTATION_CONTEXT(2) 
PARAMETRIC_REPRESENTATION_CONTEXT() REPRESENTATION_CONTEXT('2D SPACE',''
  ) );
#5101 = PCURVE('',#1312,#5102);
#5102 = DEFINITIONAL_REPRESENTATION('',(#5103),#5107);
#5103 = LINE('',#5104,#5105);
#5104 = CARTESIAN_POINT('',(3.14159265359,0.));
#5105 = VECTOR('',#5106,1.);
#5106 = DIRECTION('',(0.,1.));
#5107 = ( GEOMETRIC_REPRESENTATION_CONTEXT(2) 
PARAMETRIC_REPRESENTATION_CONTEXT() REPRESENTATION_CONTEXT('2D SPACE',''
  ) );
#5108 = ORIENTED_EDGE('',*,*,#1291,.T.);
#5109 = ORIENTED_EDGE('',*,*,#5088,.F.);
#5110 = ORIENTED_EDGE('',*,*,#5032,.T.);
#5111 = ADVANCED_FACE('',(#5112),#693,.T.);
#5112 = FACE_BOUND('',#5113,.T.);
#5113 = EDGE_LOOP('',(#5114,#5115,#5116,#5117));
#5114 = ORIENTED_EDGE('',*,*,#5063,.T.);
#5115 = ORIENTED_EDGE('',*,*,#1244,.T.);
#5116 = ORIENTED_EDGE('',*,*,#1688,.F.);
#5117 = ORIENTED_EDGE('',*,*,#677,.T.);
#5118 = ADVANCED_FACE('',(#5119),#744,.T.);
#5119 = FACE_BOUND('',#5120,.T.);
#5120 = EDGE_LOOP('',(#5121,#5122,#5123,#5124));
#5121 = ORIENTED_EDGE('',*,*,#2881,.T.);
#5122 = ORIENTED_EDGE('',*,*,#2474,.T.);
#5123 = ORIENTED_EDGE('',*,*,#728,.T.);
#5124 = ORIENTED_EDGE('',*,*,#1666,.F.);
#5125 = ADVANCED_FACE('',(#5126),#3724,.T.);
#5126 = FACE_BOUND('',#5127,.T.);
#5127 = EDGE_LOOP('',(#5128,#5129));
#5128 = ORIENTED_EDGE('',*,*,#3688,.T.);
#5129 = ORIENTED_EDGE('',*,*,#4707,.F.);
#5130 = ADVANCED_FACE('',(#5131),#293,.T.);
#5131 = FACE_BOUND('',#5132,.T.);
#5132 = EDGE_LOOP('',(#5133,#5134,#5135,#5136));
#5133 = ORIENTED_EDGE('',*,*,#4628,.F.);
#5134 = ORIENTED_EDGE('',*,*,#277,.T.);
#5135 = ORIENTED_EDGE('',*,*,#928,.F.);
#5136 = ORIENTED_EDGE('',*,*,#2633,.F.);
#5137 = ( GEOMETRIC_REPRESENTATION_CONTEXT(3) 
GLOBAL_UNCERTAINTY_ASSIGNED_CONTEXT((#5141)) 
GLOBAL_UNIT_ASSIGNED_CONTEXT((#5138,#5139,#5140)) REPRESENTATION_CONTEXT
('Context #1','3D Context with UNIT and UNCERTAINTY') );
#5138 = ( LENGTH_UNIT() NAMED_UNIT(*) SI_UNIT(.MILLI.,.METRE.) );
#5139 = ( NAMED_UNIT(*) PLANE_ANGLE_UNIT() SI_UNIT($,.RADIAN.) );
#5140 = ( NAMED_UNIT(*) SI_UNIT($,.STERADIAN.) SOLID_ANGLE_UNIT() );
#5141 = UNCERTAINTY_MEASURE_WITH_UNIT(LENGTH_MEASURE(2.E-04),#5138,
  'distance_accuracy_value','confusion accuracy');
#5142 = PRODUCT_RELATED_PRODUCT_CATEGORY('part',$,(#7));
ENDSEC;
END-ISO-10303-21;
