ISO-10303-21;
HEADER;
FILE_DESCRIPTION(('Open CASCADE Model'),'2;1');
FILE_NAME('Open CASCADE Shape Model','2026-09-22T14:54:24',('Author'),(
    'Open CASCADE'),'Open CASCADE STEP processor 7.8','Open CASCADE 7.8'
  ,'Unknown');
FILE_SCHEMA(('AUTOMOTIVE_DESIGN { 1 0 10303 214 1 1 1 1 }'));
ENDSEC;
DATA;
#1 = APPLICATION_PROTOCOL_DEFINITION('international standard',
  'automotive_design',2000,#2);
#2 = APPLICATION_CONTEXT(
  'core data for automotive mechanical design processes');
#3 = SHAPE_DEFINITION_REPRESENTATION(#4,#10);
#4 = PRODUCT_DEFINITION_SHAPE('','',#5);
#5 = PRODUCT_DEFINITION('design','',#6,#9);
#6 = PRODUCT_DEFINITION_FORMATION('','',#7);
#7 = PRODUCT('Open CASCADE STEP translator 7.8 4',
  'Open CASCADE STEP translator 7.8 4','',(#8));
#8 = PRODUCT_CONTEXT('',#2,'mechanical');
#9 = PRODUCT_DEFINITION_CONTEXT('part definition',#2,'design');
#10 = ADVANCED_BREP_SHAPE_REPRESENTATION('',(#11,#15),#4674);
#11 = AXIS2_PLACEMENT_3D('',#12,#13,#14);
#12 = CARTESIAN_POINT('',(0.,0.,0.));
#13 = DIRECTION('',(0.,0.,1.));
#14 = DIRECTION('',(1.,0.,-0.));
#15 = MANIFOLD_SOLID_BREP('',#16);
#16 = CLOSED_SHELL('',(#17,#137,#252,#602,#921,#971,#1154,#1381,#1440,
    #1582,#1781,#1835,#2017,#2252,#2307,#2414,#2611,#2661,#3068,#3294,
    #3321,#3348,#3424,#3474,#3501,#3551,#3578,#3628,#3655,#3705,#3732,
    #3781,#3836,#3897,#3924,#3931,#4009,#4164,#4191,#4241,#4268,#4318,
    #4345,#4395,#4422,#4471,#4520,#4553,#4590,#4631,#4658));
#17 = ADVANCED_FACE('',(#18),#32,.F.);
#18 = FACE_BOUND('',#19,.T.);
#19 = EDGE_LOOP('',(#20,#55,#83,#111));
#20 = ORIENTED_EDGE('',*,*,#21,.F.);
#21 = EDGE_CURVE('',#22,#24,#26,.T.);
#22 = VERTEX_POINT('',#23);
#23 = CARTESIAN_POINT('',(-19.,0.,13.));
#24 = VERTEX_POINT('',#25);
#25 = CARTESIAN_POINT('',(-19.,-12.80250078915,2.25742630967));
#26 = SURFACE_CURVE('',#27,(#31,#43),.PCURVE_S1.);
#27 = LINE('',#28,#29);
#28 = CARTESIAN_POINT('',(-19.,-2.467095086248,10.92986142305));
#29 = VECTOR('',#30,1.);
#30 = DIRECTION('',(1.873298711072E-16,-0.766044443119,-0.642787609687)
  );
#31 = PCURVE('',#32,#37);
#32 = PLANE('',#33);
#33 = AXIS2_PLACEMENT_3D('',#34,#35,#36);
#34 = CARTESIAN_POINT('',(22.,0.,13.));
#35 = DIRECTION('',(-2.381344500183E-16,0.642787609687,-0.766044443119)
  );
#36 = DIRECTION('',(-1.873298711072E-16,-0.766044443119,-0.642787609687)
  );
#37 = DEFINITIONAL_REPRESENTATION('',(#38),#42);
#38 = LINE('',#39,#40);
#39 = CARTESIAN_POINT('',(3.220563909064,41.));
#40 = VECTOR('',#41,1.);
#41 = DIRECTION('',(1.,-3.746597422143E-16));
#42 = ( GEOMETRIC_REPRESENTATION_CONTEXT(2) 
PARAMETRIC_REPRESENTATION_CONTEXT() REPRESENTATION_CONTEXT('2D SPACE',''
  ) );
#43 = PCURVE('',#44,#49);
#44 = PLANE('',#45);
#45 = AXIS2_PLACEMENT_3D('',#46,#47,#48);
#46 = CARTESIAN_POINT('',(-19.,2.5,-5.537237335318E-15));
#47 = DIRECTION('',(-1.,0.,-2.914335439641E-16));
#48 = DIRECTION('',(0.,-1.,-0.));
#49 = DEFINITIONAL_REPRESENTATION('',(#50),#54);
#50 = LINE('',#51,#52);
#51 = CARTESIAN_POINT('',(4.967095086248,10.92986142305));
#52 = VECTOR('',#53,1.);
#53 = DIRECTION('',(0.766044443119,-0.642787609687));
#54 = ( GEOMETRIC_REPRESENTATION_CONTEXT(2) 
PARAMETRIC_REPRESENTATION_CONTEXT() REPRESENTATION_CONTEXT('2D SPACE',''
  ) );
#55 = ORIENTED_EDGE('',*,*,#56,.T.);
#56 = EDGE_CURVE('',#22,#57,#59,.T.);
#57 = VERTEX_POINT('',#58);
#58 = CARTESIAN_POINT('',(-22.,0.,13.));
#59 = SURFACE_CURVE('',#60,(#64,#71),.PCURVE_S1.);
#60 = LINE('',#61,#62);
#61 = CARTESIAN_POINT('',(-19.,0.,13.));
#62 = VECTOR('',#63,1.);
#63 = DIRECTION('',(-1.,0.,-3.700743415417E-16));
#64 = PCURVE('',#32,#65);
#65 = DEFINITIONAL_REPRESENTATION('',(#66),#70);
#66 = LINE('',#67,#68);
#67 = CARTESIAN_POINT('',(7.920835427465E-15,41.));
#68 = VECTOR('',#69,1.);
#69 = DIRECTION('',(4.252090725131E-16,1.));
#70 = ( GEOMETRIC_REPRESENTATION_CONTEXT(2) 
PARAMETRIC_REPRESENTATION_CONTEXT() REPRESENTATION_CONTEXT('2D SPACE',''
  ) );
#71 = PCURVE('',#72,#77);
#72 = PLANE('',#73);
#73 = AXIS2_PLACEMENT_3D('',#74,#75,#76);
#74 = CARTESIAN_POINT('',(-19.,0.,13.));
#75 = DIRECTION('',(-3.700743415417E-16,0.,1.));
#76 = DIRECTION('',(0.,1.,0.));
#77 = DEFINITIONAL_REPRESENTATION('',(#78),#82);
#78 = LINE('',#79,#80);
#79 = CARTESIAN_POINT('',(0.,0.));
#80 = VECTOR('',#81,1.);
#81 = DIRECTION('',(0.,1.));
#82 = ( GEOMETRIC_REPRESENTATION_CONTEXT(2) 
PARAMETRIC_REPRESENTATION_CONTEXT() REPRESENTATION_CONTEXT('2D SPACE',''
  ) );
#83 = ORIENTED_EDGE('',*,*,#84,.F.);
#84 = EDGE_CURVE('',#85,#57,#87,.T.);
#85 = VERTEX_POINT('',#86);
#86 = CARTESIAN_POINT('',(-22.,-12.80250078915,2.25742630967));
#87 = SURFACE_CURVE('',#88,(#92,#99),.PCURVE_S1.);
#88 = LINE('',#89,#90);
#89 = CARTESIAN_POINT('',(-22.,-2.467095086248,10.92986142305));
#90 = VECTOR('',#91,1.);
#91 = DIRECTION('',(-1.873298711072E-16,0.766044443119,0.642787609687));
#92 = PCURVE('',#32,#93);
#93 = DEFINITIONAL_REPRESENTATION('',(#94),#98);
#94 = LINE('',#95,#96);
#95 = CARTESIAN_POINT('',(3.220563909064,44.));
#96 = VECTOR('',#97,1.);
#97 = DIRECTION('',(-1.,3.746597422143E-16));
#98 = ( GEOMETRIC_REPRESENTATION_CONTEXT(2) 
PARAMETRIC_REPRESENTATION_CONTEXT() REPRESENTATION_CONTEXT('2D SPACE',''
  ) );
#99 = PCURVE('',#100,#105);
#100 = PLANE('',#101);
#101 = AXIS2_PLACEMENT_3D('',#102,#103,#104);
#102 = CARTESIAN_POINT('',(-22.,2.5,-6.647460359943E-15));
#103 = DIRECTION('',(-1.,0.,-2.914335439641E-16));
#104 = DIRECTION('',(0.,-1.,-0.));
#105 = DEFINITIONAL_REPRESENTATION('',(#106),#110);
#106 = LINE('',#107,#108);
#107 = CARTESIAN_POINT('',(4.967095086248,10.92986142305));
#108 = VECTOR('',#109,1.);
#109 = DIRECTION('',(-0.766044443119,0.642787609687));
#110 = ( GEOMETRIC_REPRESENTATION_CONTEXT(2) 
PARAMETRIC_REPRESENTATION_CONTEXT() REPRESENTATION_CONTEXT('2D SPACE',''
  ) );
#111 = ORIENTED_EDGE('',*,*,#112,.F.);
#112 = EDGE_CURVE('',#24,#85,#113,.T.);
#113 = SURFACE_CURVE('',#114,(#118,#125),.PCURVE_S1.);
#114 = LINE('',#115,#116);
#115 = CARTESIAN_POINT('',(-19.,-12.80250078915,2.25742630967));
#116 = VECTOR('',#117,1.);
#117 = DIRECTION('',(-1.,0.,-3.700743415417E-16));
#118 = PCURVE('',#32,#119);
#119 = DEFINITIONAL_REPRESENTATION('',(#120),#124);
#120 = LINE('',#121,#122);
#121 = CARTESIAN_POINT('',(16.71247785185,41.));
#122 = VECTOR('',#123,1.);
#123 = DIRECTION('',(4.252090725131E-16,1.));
#124 = ( GEOMETRIC_REPRESENTATION_CONTEXT(2) 
PARAMETRIC_REPRESENTATION_CONTEXT() REPRESENTATION_CONTEXT('2D SPACE',''
  ) );
#125 = PCURVE('',#126,#131);
#126 = CYLINDRICAL_SURFACE('',#127,13.);
#127 = AXIS2_PLACEMENT_3D('',#128,#129,#130);
#128 = CARTESIAN_POINT('',(-19.,0.,-5.537237335318E-15));
#129 = DIRECTION('',(-1.,0.,-3.700743415417E-16));
#130 = DIRECTION('',(0.,-1.,-0.));
#131 = DEFINITIONAL_REPRESENTATION('',(#132),#136);
#132 = LINE('',#133,#134);
#133 = CARTESIAN_POINT('',(6.457718232379,0.));
#134 = VECTOR('',#135,1.);
#135 = DIRECTION('',(-9.251858538543E-18,1.));
#136 = ( GEOMETRIC_REPRESENTATION_CONTEXT(2) 
PARAMETRIC_REPRESENTATION_CONTEXT() REPRESENTATION_CONTEXT('2D SPACE',''
  ) );
#137 = ADVANCED_FACE('',(#138),#152,.F.);
#138 = FACE_BOUND('',#139,.T.);
#139 = EDGE_LOOP('',(#140,#175,#203,#231));
#140 = ORIENTED_EDGE('',*,*,#141,.F.);
#141 = EDGE_CURVE('',#142,#144,#146,.T.);
#142 = VERTEX_POINT('',#143);
#143 = CARTESIAN_POINT('',(19.,-12.80250078915,2.25742630967));
#144 = VERTEX_POINT('',#145);
#145 = CARTESIAN_POINT('',(19.,0.,13.));
#146 = SURFACE_CURVE('',#147,(#151,#163),.PCURVE_S1.);
#147 = LINE('',#148,#149);
#148 = CARTESIAN_POINT('',(19.,-2.467095086248,10.92986142305));
#149 = VECTOR('',#150,1.);
#150 = DIRECTION('',(1.873298711072E-16,0.766044443119,0.642787609687));
#151 = PCURVE('',#152,#157);
#152 = PLANE('',#153);
#153 = AXIS2_PLACEMENT_3D('',#154,#155,#156);
#154 = CARTESIAN_POINT('',(22.,0.,13.));
#155 = DIRECTION('',(-2.381344500183E-16,0.642787609687,-0.766044443119)
  );
#156 = DIRECTION('',(-1.873298711072E-16,-0.766044443119,-0.642787609687
    ));
#157 = DEFINITIONAL_REPRESENTATION('',(#158),#162);
#158 = LINE('',#159,#160);
#159 = CARTESIAN_POINT('',(3.220563909064,3.));
#160 = VECTOR('',#161,1.);
#161 = DIRECTION('',(-1.,3.697785493223E-31));
#162 = ( GEOMETRIC_REPRESENTATION_CONTEXT(2) 
PARAMETRIC_REPRESENTATION_CONTEXT() REPRESENTATION_CONTEXT('2D SPACE',''
  ) );
#163 = PCURVE('',#164,#169);
#164 = PLANE('',#165);
#165 = AXIS2_PLACEMENT_3D('',#166,#167,#168);
#166 = CARTESIAN_POINT('',(19.,2.5,-5.537237335318E-15));
#167 = DIRECTION('',(-1.,0.,2.914335439641E-16));
#168 = DIRECTION('',(0.,-1.,0.));
#169 = DEFINITIONAL_REPRESENTATION('',(#170),#174);
#170 = LINE('',#171,#172);
#171 = CARTESIAN_POINT('',(4.967095086248,10.92986142305));
#172 = VECTOR('',#173,1.);
#173 = DIRECTION('',(-0.766044443119,0.642787609687));
#174 = ( GEOMETRIC_REPRESENTATION_CONTEXT(2) 
PARAMETRIC_REPRESENTATION_CONTEXT() REPRESENTATION_CONTEXT('2D SPACE',''
  ) );
#175 = ORIENTED_EDGE('',*,*,#176,.F.);
#176 = EDGE_CURVE('',#177,#142,#179,.T.);
#177 = VERTEX_POINT('',#178);
#178 = CARTESIAN_POINT('',(22.,-12.80250078915,2.25742630967));
#179 = SURFACE_CURVE('',#180,(#184,#191),.PCURVE_S1.);
#180 = LINE('',#181,#182);
#181 = CARTESIAN_POINT('',(19.,-12.80250078915,2.25742630967));
#182 = VECTOR('',#183,1.);
#183 = DIRECTION('',(-1.,0.,3.700743415417E-16));
#184 = PCURVE('',#152,#185);
#185 = DEFINITIONAL_REPRESENTATION('',(#186),#190);
#186 = LINE('',#187,#188);
#187 = CARTESIAN_POINT('',(16.71247785185,3.));
#188 = VECTOR('',#189,1.);
#189 = DIRECTION('',(-5.054933029876E-17,1.));
#190 = ( GEOMETRIC_REPRESENTATION_CONTEXT(2) 
PARAMETRIC_REPRESENTATION_CONTEXT() REPRESENTATION_CONTEXT('2D SPACE',''
  ) );
#191 = PCURVE('',#192,#197);
#192 = CYLINDRICAL_SURFACE('',#193,13.);
#193 = AXIS2_PLACEMENT_3D('',#194,#195,#196);
#194 = CARTESIAN_POINT('',(19.,0.,-5.537237335318E-15));
#195 = DIRECTION('',(-1.,0.,3.700743415417E-16));
#196 = DIRECTION('',(0.,-1.,0.));
#197 = DEFINITIONAL_REPRESENTATION('',(#198),#202);
#198 = LINE('',#199,#200);
#199 = CARTESIAN_POINT('',(6.457718232379,0.));
#200 = VECTOR('',#201,1.);
#201 = DIRECTION('',(9.251858538543E-18,1.));
#202 = ( GEOMETRIC_REPRESENTATION_CONTEXT(2) 
PARAMETRIC_REPRESENTATION_CONTEXT() REPRESENTATION_CONTEXT('2D SPACE',''
  ) );
#203 = ORIENTED_EDGE('',*,*,#204,.F.);
#204 = EDGE_CURVE('',#205,#177,#207,.T.);
#205 = VERTEX_POINT('',#206);
#206 = CARTESIAN_POINT('',(22.,0.,13.));
#207 = SURFACE_CURVE('',#208,(#212,#219),.PCURVE_S1.);
#208 = LINE('',#209,#210);
#209 = CARTESIAN_POINT('',(22.,-2.467095086248,10.92986142305));
#210 = VECTOR('',#211,1.);
#211 = DIRECTION('',(-1.873298711072E-16,-0.766044443119,-0.642787609687
    ));
#212 = PCURVE('',#152,#213);
#213 = DEFINITIONAL_REPRESENTATION('',(#214),#218);
#214 = LINE('',#215,#216);
#215 = CARTESIAN_POINT('',(3.220563909064,-6.033078219773E-16));
#216 = VECTOR('',#217,1.);
#217 = DIRECTION('',(1.,-3.697785493223E-31));
#218 = ( GEOMETRIC_REPRESENTATION_CONTEXT(2) 
PARAMETRIC_REPRESENTATION_CONTEXT() REPRESENTATION_CONTEXT('2D SPACE',''
  ) );
#219 = PCURVE('',#220,#225);
#220 = PLANE('',#221);
#221 = AXIS2_PLACEMENT_3D('',#222,#223,#224);
#222 = CARTESIAN_POINT('',(22.,2.5,-6.647460359943E-15));
#223 = DIRECTION('',(-1.,0.,2.914335439641E-16));
#224 = DIRECTION('',(0.,-1.,0.));
#225 = DEFINITIONAL_REPRESENTATION('',(#226),#230);
#226 = LINE('',#227,#228);
#227 = CARTESIAN_POINT('',(4.967095086248,10.92986142305));
#228 = VECTOR('',#229,1.);
#229 = DIRECTION('',(0.766044443119,-0.642787609687));
#230 = ( GEOMETRIC_REPRESENTATION_CONTEXT(2) 
PARAMETRIC_REPRESENTATION_CONTEXT() REPRESENTATION_CONTEXT('2D SPACE',''
  ) );
#231 = ORIENTED_EDGE('',*,*,#232,.F.);
#232 = EDGE_CURVE('',#144,#205,#233,.T.);
#233 = SURFACE_CURVE('',#234,(#238,#245),.PCURVE_S1.);
#234 = LINE('',#235,#236);
#235 = CARTESIAN_POINT('',(19.,0.,13.));
#236 = VECTOR('',#237,1.);
#237 = DIRECTION('',(1.,0.,-3.700743415417E-16));
#238 = PCURVE('',#152,#239);
#239 = DEFINITIONAL_REPRESENTATION('',(#240),#244);
#240 = LINE('',#241,#242);
#241 = CARTESIAN_POINT('',(9.137645922775E-16,3.));
#242 = VECTOR('',#243,1.);
#243 = DIRECTION('',(5.054933029876E-17,-1.));
#244 = ( GEOMETRIC_REPRESENTATION_CONTEXT(2) 
PARAMETRIC_REPRESENTATION_CONTEXT() REPRESENTATION_CONTEXT('2D SPACE',''
  ) );
#245 = PCURVE('',#72,#246);
#246 = DEFINITIONAL_REPRESENTATION('',(#247),#251);
#247 = LINE('',#248,#249);
#248 = CARTESIAN_POINT('',(0.,-38.));
#249 = VECTOR('',#250,1.);
#250 = DIRECTION('',(0.,-1.));
#251 = ( GEOMETRIC_REPRESENTATION_CONTEXT(2) 
PARAMETRIC_REPRESENTATION_CONTEXT() REPRESENTATION_CONTEXT('2D SPACE',''
  ) );
#252 = ADVANCED_FACE('',(#253,#427,#462,#497,#532,#567),#164,.T.);
#253 = FACE_BOUND('',#254,.T.);
#254 = EDGE_LOOP('',(#255,#256,#279,#322,#377,#405));
#255 = ORIENTED_EDGE('',*,*,#141,.T.);
#256 = ORIENTED_EDGE('',*,*,#257,.F.);
#257 = EDGE_CURVE('',#258,#144,#260,.T.);
#258 = VERTEX_POINT('',#259);
#259 = CARTESIAN_POINT('',(19.,18.,13.));
#260 = SURFACE_CURVE('',#261,(#265,#272),.PCURVE_S1.);
#261 = LINE('',#262,#263);
#262 = CARTESIAN_POINT('',(19.,18.,13.));
#263 = VECTOR('',#264,1.);
#264 = DIRECTION('',(0.,-1.,0.));
#265 = PCURVE('',#164,#266);
#266 = DEFINITIONAL_REPRESENTATION('',(#267),#271);
#267 = LINE('',#268,#269);
#268 = CARTESIAN_POINT('',(-15.5,13.));
#269 = VECTOR('',#270,1.);
#270 = DIRECTION('',(1.,0.));
#271 = ( GEOMETRIC_REPRESENTATION_CONTEXT(2) 
PARAMETRIC_REPRESENTATION_CONTEXT() REPRESENTATION_CONTEXT('2D SPACE',''
  ) );
#272 = PCURVE('',#72,#273);
#273 = DEFINITIONAL_REPRESENTATION('',(#274),#278);
#274 = LINE('',#275,#276);
#275 = CARTESIAN_POINT('',(18.,-38.));
#276 = VECTOR('',#277,1.);
#277 = DIRECTION('',(-1.,-0.));
#278 = ( GEOMETRIC_REPRESENTATION_CONTEXT(2) 
PARAMETRIC_REPRESENTATION_CONTEXT() REPRESENTATION_CONTEXT('2D SPACE',''
  ) );
#279 = ORIENTED_EDGE('',*,*,#280,.T.);
#280 = EDGE_CURVE('',#258,#281,#283,.T.);
#281 = VERTEX_POINT('',#282);
#282 = CARTESIAN_POINT('',(19.,18.,-12.9948717553));
#283 = SURFACE_CURVE('',#284,(#288,#295),.PCURVE_S1.);
#284 = LINE('',#285,#286);
#285 = CARTESIAN_POINT('',(19.,18.,13.));
#286 = VECTOR('',#287,1.);
#287 = DIRECTION('',(-2.914335439641E-16,0.,-1.));
#288 = PCURVE('',#164,#289);
#289 = DEFINITIONAL_REPRESENTATION('',(#290),#294);
#290 = LINE('',#291,#292);
#291 = CARTESIAN_POINT('',(-15.5,13.));
#292 = VECTOR('',#293,1.);
#293 = DIRECTION('',(-0.,-1.));
#294 = ( GEOMETRIC_REPRESENTATION_CONTEXT(2) 
PARAMETRIC_REPRESENTATION_CONTEXT() REPRESENTATION_CONTEXT('2D SPACE',''
  ) );
#295 = PCURVE('',#296,#317);
#296 = B_SPLINE_SURFACE_WITH_KNOTS('',5,1,(
    (#297,#298)
    ,(#299,#300)
    ,(#301,#302)
    ,(#303,#304)
    ,(#305,#306)
    ,(#307,#308)
    ,(#309,#310)
    ,(#311,#312)
    ,(#313,#314)
    ,(#315,#316
    )),.UNSPECIFIED.,.F.,.F.,.F.,(6,1,1,1,1,6),(2,2),(-1.,-0.8,-0.6,-0.4
    ,-0.2,0.),(0.,2.6),.UNSPECIFIED.);
#297 = CARTESIAN_POINT('',(4.672188561964E-15,35.,13.));
#298 = CARTESIAN_POINT('',(-4.209595635037E-15,35.,-13.));
#299 = CARTESIAN_POINT('',(2.150927191108,35.,13.));
#300 = CARTESIAN_POINT('',(2.150927191108,35.,-13.));
#301 = CARTESIAN_POINT('',(6.045225369488,34.787607595667,13.));
#302 = CARTESIAN_POINT('',(6.045225369488,34.787607595667,-13.));
#303 = CARTESIAN_POINT('',(10.665105448075,33.832428228033,13.));
#304 = CARTESIAN_POINT('',(10.665105448075,33.832428228033,-13.));
#305 = CARTESIAN_POINT('',(14.720157798774,31.472780062776,13.));
#306 = CARTESIAN_POINT('',(14.720157798774,31.472780062776,-13.));
#307 = CARTESIAN_POINT('',(17.463235019295,27.399501008274,13.));
#308 = CARTESIAN_POINT('',(17.463235019295,27.399501008274,-13.));
#309 = CARTESIAN_POINT('',(18.530052646703,23.708802904386,13.));
#310 = CARTESIAN_POINT('',(18.530052646703,23.708802904386,-13.));
#311 = CARTESIAN_POINT('',(18.914536683048,20.867050304013,13.));
#312 = CARTESIAN_POINT('',(18.914536683048,20.867050304013,-13.));
#313 = CARTESIAN_POINT('',(19.,18.958087891626,13.));
#314 = CARTESIAN_POINT('',(19.,18.958087891626,-13.));
#315 = CARTESIAN_POINT('',(19.,18.,13.));
#316 = CARTESIAN_POINT('',(19.,18.,-13.));
#317 = DEFINITIONAL_REPRESENTATION('',(#318),#321);
#318 = B_SPLINE_CURVE_WITH_KNOTS('',1,(#319,#320),.UNSPECIFIED.,.F.,.F.,
  (2,2),(0.,25.994871755308),.PIECEWISE_BEZIER_KNOTS.);
#319 = CARTESIAN_POINT('',(-3.574348508312E-17,1.320016145001E-16));
#320 = CARTESIAN_POINT('',(-3.921293203508E-17,2.599487175531));
#321 = ( GEOMETRIC_REPRESENTATION_CONTEXT(2) 
PARAMETRIC_REPRESENTATION_CONTEXT() REPRESENTATION_CONTEXT('2D SPACE',''
  ) );
#322 = ORIENTED_EDGE('',*,*,#323,.T.);
#323 = EDGE_CURVE('',#281,#324,#326,.T.);
#324 = VERTEX_POINT('',#325);
#325 = CARTESIAN_POINT('',(19.,17.5,-13.));
#326 = SURFACE_CURVE('',#327,(#332,#340),.PCURVE_S1.);
#327 = B_SPLINE_CURVE_WITH_KNOTS('',3,(#328,#329,#330,#331),
  .UNSPECIFIED.,.F.,.F.,(4,4),(5.003800891856E-02,0.100054595782),
  .PIECEWISE_BEZIER_KNOTS.);
#328 = CARTESIAN_POINT('',(19.,18.,-12.9948717553));
#329 = CARTESIAN_POINT('',(19.,17.833825243564,-12.9982899413));
#330 = CARTESIAN_POINT('',(19.,17.667158735536,-13.));
#331 = CARTESIAN_POINT('',(19.,17.5,-13.));
#332 = PCURVE('',#164,#333);
#333 = DEFINITIONAL_REPRESENTATION('',(#334),#339);
#334 = B_SPLINE_CURVE_WITH_KNOTS('',3,(#335,#336,#337,#338),
  .UNSPECIFIED.,.F.,.F.,(4,4),(5.003800891856E-02,0.100054595782),
  .PIECEWISE_BEZIER_KNOTS.);
#335 = CARTESIAN_POINT('',(-15.5,-12.9948717553));
#336 = CARTESIAN_POINT('',(-15.33382524356,-12.9982899413));
#337 = CARTESIAN_POINT('',(-15.16715873553,-13.));
#338 = CARTESIAN_POINT('',(-15.,-13.));
#339 = ( GEOMETRIC_REPRESENTATION_CONTEXT(2) 
PARAMETRIC_REPRESENTATION_CONTEXT() REPRESENTATION_CONTEXT('2D SPACE',''
  ) );
#340 = PCURVE('',#341,#372);
#341 = B_SPLINE_SURFACE_WITH_KNOTS('',5,1,(
    (#342,#343)
    ,(#344,#345)
    ,(#346,#347)
    ,(#348,#349)
    ,(#350,#351)
    ,(#352,#353)
    ,(#354,#355)
    ,(#356,#357)
    ,(#358,#359)
    ,(#360,#361)
    ,(#362,#363)
    ,(#364,#365)
    ,(#366,#367)
    ,(#368,#369)
    ,(#370,#371
    )),.UNSPECIFIED.,.F.,.F.,.F.,(6,1,1,1,1,1,1,1,1,1,6),(2,2),(0.,0.1,
    0.2,0.3,0.4,0.5,0.6,0.7,0.8,0.9,1.),(0.,5.),.UNSPECIFIED.);
#342 = CARTESIAN_POINT('',(-22.,98.000001460314,2.000000029802));
#343 = CARTESIAN_POINT('',(28.,98.000001460314,2.000000029802));
#344 = CARTESIAN_POINT('',(-22.,96.02292085514,2.000000029802));
#345 = CARTESIAN_POINT('',(28.,96.02292085514,2.000000029802));
#346 = CARTESIAN_POINT('',(-22.,92.15245806164,1.998789970622));
#347 = CARTESIAN_POINT('',(28.,92.15245806164,1.998789970622));
#348 = CARTESIAN_POINT('',(-22.,86.597580354429,1.994247345115));
#349 = CARTESIAN_POINT('',(28.,86.597580354429,1.994247345115));
#350 = CARTESIAN_POINT('',(-22.,79.64155558573,2.012402333818));
#351 = CARTESIAN_POINT('',(28.,79.64155558573,2.012402333818));
#352 = CARTESIAN_POINT('',(-22.,71.429017621747,2.206705853226));
#353 = CARTESIAN_POINT('',(28.,71.429017621747,2.206705853226));
#354 = CARTESIAN_POINT('',(-22.,63.454042664236,2.448392987566));
#355 = CARTESIAN_POINT('',(28.,63.454042664236,2.448392987566));
#356 = CARTESIAN_POINT('',(-22.,55.533294373512,2.450830967105));
#357 = CARTESIAN_POINT('',(28.,55.533294373512,2.450830967105));
#358 = CARTESIAN_POINT('',(-22.,47.852113783392,0.912525723222));
#359 = CARTESIAN_POINT('',(28.,47.852113783392,0.912525723222));
#360 = CARTESIAN_POINT('',(-22.,40.60176822361,-2.986438362329));
#361 = CARTESIAN_POINT('',(28.,40.60176822361,-2.986438362329));
#362 = CARTESIAN_POINT('',(-22.,33.448137992442,-7.926921279479));
#363 = CARTESIAN_POINT('',(28.,33.448137992442,-7.926921279479));
#364 = CARTESIAN_POINT('',(-22.,27.46554906622,-11.29800843428));
#365 = CARTESIAN_POINT('',(28.,27.46554906622,-11.29800843428));
#366 = CARTESIAN_POINT('',(-22.,22.638592874102,-12.69031363184));
#367 = CARTESIAN_POINT('',(28.,22.638592874102,-12.69031363184));
#368 = CARTESIAN_POINT('',(-22.,19.242578708235,-13.));
#369 = CARTESIAN_POINT('',(28.,19.242578708235,-13.));
#370 = CARTESIAN_POINT('',(-22.,17.5,-13.));
#371 = CARTESIAN_POINT('',(28.,17.5,-13.));
#372 = DEFINITIONAL_REPRESENTATION('',(#373),#376);
#373 = B_SPLINE_CURVE_WITH_KNOTS('',1,(#374,#375),.UNSPECIFIED.,.F.,.F.,
  (2,2),(5.003800891856E-02,0.100054595782),.PIECEWISE_BEZIER_KNOTS.);
#374 = CARTESIAN_POINT('',(0.994244435511,4.1));
#375 = CARTESIAN_POINT('',(1.,4.1));
#376 = ( GEOMETRIC_REPRESENTATION_CONTEXT(2) 
PARAMETRIC_REPRESENTATION_CONTEXT() REPRESENTATION_CONTEXT('2D SPACE',''
  ) );
#377 = ORIENTED_EDGE('',*,*,#378,.F.);
#378 = EDGE_CURVE('',#379,#324,#381,.T.);
#379 = VERTEX_POINT('',#380);
#380 = CARTESIAN_POINT('',(19.,0.,-13.));
#381 = SURFACE_CURVE('',#382,(#386,#393),.PCURVE_S1.);
#382 = LINE('',#383,#384);
#383 = CARTESIAN_POINT('',(19.,0.,-13.));
#384 = VECTOR('',#385,1.);
#385 = DIRECTION('',(0.,1.,0.));
#386 = PCURVE('',#164,#387);
#387 = DEFINITIONAL_REPRESENTATION('',(#388),#392);
#388 = LINE('',#389,#390);
#389 = CARTESIAN_POINT('',(2.5,-13.));
#390 = VECTOR('',#391,1.);
#391 = DIRECTION('',(-1.,0.));
#392 = ( GEOMETRIC_REPRESENTATION_CONTEXT(2) 
PARAMETRIC_REPRESENTATION_CONTEXT() REPRESENTATION_CONTEXT('2D SPACE',''
  ) );
#393 = PCURVE('',#394,#399);
#394 = PLANE('',#395);
#395 = AXIS2_PLACEMENT_3D('',#396,#397,#398);
#396 = CARTESIAN_POINT('',(-19.,18.,-13.));
#397 = DIRECTION('',(3.700743415417E-16,0.,-1.));
#398 = DIRECTION('',(0.,-1.,0.));
#399 = DEFINITIONAL_REPRESENTATION('',(#400),#404);
#400 = LINE('',#401,#402);
#401 = CARTESIAN_POINT('',(18.,-38.));
#402 = VECTOR('',#403,1.);
#403 = DIRECTION('',(-1.,-0.));
#404 = ( GEOMETRIC_REPRESENTATION_CONTEXT(2) 
PARAMETRIC_REPRESENTATION_CONTEXT() REPRESENTATION_CONTEXT('2D SPACE',''
  ) );
#405 = ORIENTED_EDGE('',*,*,#406,.T.);
#406 = EDGE_CURVE('',#379,#142,#407,.T.);
#407 = SURFACE_CURVE('',#408,(#413,#420),.PCURVE_S1.);
#408 = CIRCLE('',#409,13.);
#409 = AXIS2_PLACEMENT_3D('',#410,#411,#412);
#410 = CARTESIAN_POINT('',(19.,0.,-5.537237335318E-15));
#411 = DIRECTION('',(-1.,0.,2.914335439641E-16));
#412 = DIRECTION('',(0.,-1.,0.));
#413 = PCURVE('',#164,#414);
#414 = DEFINITIONAL_REPRESENTATION('',(#415),#419);
#415 = CIRCLE('',#416,13.);
#416 = AXIS2_PLACEMENT_2D('',#417,#418);
#417 = CARTESIAN_POINT('',(2.5,0.));
#418 = DIRECTION('',(1.,0.));
#419 = ( GEOMETRIC_REPRESENTATION_CONTEXT(2) 
PARAMETRIC_REPRESENTATION_CONTEXT() REPRESENTATION_CONTEXT('2D SPACE',''
  ) );
#420 = PCURVE('',#192,#421);
#421 = DEFINITIONAL_REPRESENTATION('',(#422),#426);
#422 = LINE('',#423,#424);
#423 = CARTESIAN_POINT('',(0.,0.));
#424 = VECTOR('',#425,1.);
#425 = DIRECTION('',(1.,0.));
#426 = ( GEOMETRIC_REPRESENTATION_CONTEXT(2) 
PARAMETRIC_REPRESENTATION_CONTEXT() REPRESENTATION_CONTEXT('2D SPACE',''
  ) );
#427 = FACE_BOUND('',#428,.T.);
#428 = EDGE_LOOP('',(#429));
#429 = ORIENTED_EDGE('',*,*,#430,.T.);
#430 = EDGE_CURVE('',#431,#431,#433,.T.);
#431 = VERTEX_POINT('',#432);
#432 = CARTESIAN_POINT('',(19.,1.2,8.));
#433 = SURFACE_CURVE('',#434,(#439,#450),.PCURVE_S1.);
#434 = CIRCLE('',#435,1.2);
#435 = AXIS2_PLACEMENT_3D('',#436,#437,#438);
#436 = CARTESIAN_POINT('',(19.,0.,8.));
#437 = DIRECTION('',(1.,0.,-2.914335439641E-16));
#438 = DIRECTION('',(0.,-1.,0.));
#439 = PCURVE('',#164,#440);
#440 = DEFINITIONAL_REPRESENTATION('',(#441),#449);
#441 = ( BOUNDED_CURVE() B_SPLINE_CURVE(2,(#442,#443,#444,#445,#446,#447
,#448),.UNSPECIFIED.,.T.,.F.) B_SPLINE_CURVE_WITH_KNOTS((1,2,2,2,2,1),(
    -2.094395102393,0.,2.094395102393,4.188790204786,6.28318530718,
8.377580409573),.UNSPECIFIED.) CURVE() GEOMETRIC_REPRESENTATION_ITEM() 
RATIONAL_B_SPLINE_CURVE((1.,0.5,1.,0.5,1.,0.5,1.)) REPRESENTATION_ITEM(
  '') );
#442 = CARTESIAN_POINT('',(3.7,8.));
#443 = CARTESIAN_POINT('',(3.7,5.921539030917));
#444 = CARTESIAN_POINT('',(1.9,6.960769515459));
#445 = CARTESIAN_POINT('',(0.1,8.));
#446 = CARTESIAN_POINT('',(1.9,9.039230484541));
#447 = CARTESIAN_POINT('',(3.7,10.078460969083));
#448 = CARTESIAN_POINT('',(3.7,8.));
#449 = ( GEOMETRIC_REPRESENTATION_CONTEXT(2) 
PARAMETRIC_REPRESENTATION_CONTEXT() REPRESENTATION_CONTEXT('2D SPACE',''
  ) );
#450 = PCURVE('',#451,#456);
#451 = CYLINDRICAL_SURFACE('',#452,1.2);
#452 = AXIS2_PLACEMENT_3D('',#453,#454,#455);
#453 = CARTESIAN_POINT('',(19.,0.,8.));
#454 = DIRECTION('',(-1.,0.,3.700743415417E-16));
#455 = DIRECTION('',(0.,-1.,0.));
#456 = DEFINITIONAL_REPRESENTATION('',(#457),#461);
#457 = LINE('',#458,#459);
#458 = CARTESIAN_POINT('',(6.28318530718,0.));
#459 = VECTOR('',#460,1.);
#460 = DIRECTION('',(-1.,0.));
#461 = ( GEOMETRIC_REPRESENTATION_CONTEXT(2) 
PARAMETRIC_REPRESENTATION_CONTEXT() REPRESENTATION_CONTEXT('2D SPACE',''
  ) );
#462 = FACE_BOUND('',#463,.T.);
#463 = EDGE_LOOP('',(#464));
#464 = ORIENTED_EDGE('',*,*,#465,.T.);
#465 = EDGE_CURVE('',#466,#466,#468,.T.);
#466 = VERTEX_POINT('',#467);
#467 = CARTESIAN_POINT('',(19.,-6.8,-5.684194951216E-15));
#468 = SURFACE_CURVE('',#469,(#474,#485),.PCURVE_S1.);
#469 = CIRCLE('',#470,1.2);
#470 = AXIS2_PLACEMENT_3D('',#471,#472,#473);
#471 = CARTESIAN_POINT('',(19.,-8.,-5.537237335318E-15));
#472 = DIRECTION('',(1.,0.,-2.914335439641E-16));
#473 = DIRECTION('',(0.,-1.,0.));
#474 = PCURVE('',#164,#475);
#475 = DEFINITIONAL_REPRESENTATION('',(#476),#484);
#476 = ( BOUNDED_CURVE() B_SPLINE_CURVE(2,(#477,#478,#479,#480,#481,#482
,#483),.UNSPECIFIED.,.T.,.F.) B_SPLINE_CURVE_WITH_KNOTS((1,2,2,2,2,1),(
    -2.094395102393,0.,2.094395102393,4.188790204786,6.28318530718,
8.377580409573),.UNSPECIFIED.) CURVE() GEOMETRIC_REPRESENTATION_ITEM() 
RATIONAL_B_SPLINE_CURVE((1.,0.5,1.,0.5,1.,0.5,1.)) REPRESENTATION_ITEM(
  '') );
#477 = CARTESIAN_POINT('',(11.7,0.));
#478 = CARTESIAN_POINT('',(11.7,-2.078460969083));
#479 = CARTESIAN_POINT('',(9.9,-1.039230484541));
#480 = CARTESIAN_POINT('',(8.1,-2.939152317954E-16));
#481 = CARTESIAN_POINT('',(9.9,1.039230484541));
#482 = CARTESIAN_POINT('',(11.7,2.078460969083));
#483 = CARTESIAN_POINT('',(11.7,0.));
#484 = ( GEOMETRIC_REPRESENTATION_CONTEXT(2) 
PARAMETRIC_REPRESENTATION_CONTEXT() REPRESENTATION_CONTEXT('2D SPACE',''
  ) );
#485 = PCURVE('',#486,#491);
#486 = CYLINDRICAL_SURFACE('',#487,1.2);
#487 = AXIS2_PLACEMENT_3D('',#488,#489,#490);
#488 = CARTESIAN_POINT('',(19.,-8.,-5.537237335318E-15));
#489 = DIRECTION('',(-1.,0.,3.700743415417E-16));
#490 = DIRECTION('',(0.,-1.,0.));
#491 = DEFINITIONAL_REPRESENTATION('',(#492),#496);
#492 = LINE('',#493,#494);
#493 = CARTESIAN_POINT('',(6.28318530718,0.));
#494 = VECTOR('',#495,1.);
#495 = DIRECTION('',(-1.,0.));
#496 = ( GEOMETRIC_REPRESENTATION_CONTEXT(2) 
PARAMETRIC_REPRESENTATION_CONTEXT() REPRESENTATION_CONTEXT('2D SPACE',''
  ) );
#497 = FACE_BOUND('',#498,.T.);
#498 = EDGE_LOOP('',(#499));
#499 = ORIENTED_EDGE('',*,*,#500,.T.);
#500 = EDGE_CURVE('',#501,#501,#503,.T.);
#501 = VERTEX_POINT('',#502);
#502 = CARTESIAN_POINT('',(19.,9.2,-5.684194951216E-15));
#503 = SURFACE_CURVE('',#504,(#509,#520),.PCURVE_S1.);
#504 = CIRCLE('',#505,1.2);
#505 = AXIS2_PLACEMENT_3D('',#506,#507,#508);
#506 = CARTESIAN_POINT('',(19.,8.,-5.537237335318E-15));
#507 = DIRECTION('',(1.,0.,-2.914335439641E-16));
#508 = DIRECTION('',(0.,-1.,0.));
#509 = PCURVE('',#164,#510);
#510 = DEFINITIONAL_REPRESENTATION('',(#511),#519);
#511 = ( BOUNDED_CURVE() B_SPLINE_CURVE(2,(#512,#513,#514,#515,#516,#517
,#518),.UNSPECIFIED.,.T.,.F.) B_SPLINE_CURVE_WITH_KNOTS((1,2,2,2,2,1),(
    -2.094395102393,0.,2.094395102393,4.188790204786,6.28318530718,
8.377580409573),.UNSPECIFIED.) CURVE() GEOMETRIC_REPRESENTATION_ITEM() 
RATIONAL_B_SPLINE_CURVE((1.,0.5,1.,0.5,1.,0.5,1.)) REPRESENTATION_ITEM(
  '') );
#512 = CARTESIAN_POINT('',(-4.3,0.));
#513 = CARTESIAN_POINT('',(-4.3,-2.078460969083));
#514 = CARTESIAN_POINT('',(-6.1,-1.039230484541));
#515 = CARTESIAN_POINT('',(-7.9,-2.939152317954E-16));
#516 = CARTESIAN_POINT('',(-6.1,1.039230484541));
#517 = CARTESIAN_POINT('',(-4.3,2.078460969083));
#518 = CARTESIAN_POINT('',(-4.3,0.));
#519 = ( GEOMETRIC_REPRESENTATION_CONTEXT(2) 
PARAMETRIC_REPRESENTATION_CONTEXT() REPRESENTATION_CONTEXT('2D SPACE',''
  ) );
#520 = PCURVE('',#521,#526);
#521 = CYLINDRICAL_SURFACE('',#522,1.2);
#522 = AXIS2_PLACEMENT_3D('',#523,#524,#525);
#523 = CARTESIAN_POINT('',(19.,8.,-5.537237335318E-15));
#524 = DIRECTION('',(-1.,0.,3.700743415417E-16));
#525 = DIRECTION('',(0.,-1.,0.));
#526 = DEFINITIONAL_REPRESENTATION('',(#527),#531);
#527 = LINE('',#528,#529);
#528 = CARTESIAN_POINT('',(6.28318530718,0.));
#529 = VECTOR('',#530,1.);
#530 = DIRECTION('',(-1.,0.));
#531 = ( GEOMETRIC_REPRESENTATION_CONTEXT(2) 
PARAMETRIC_REPRESENTATION_CONTEXT() REPRESENTATION_CONTEXT('2D SPACE',''
  ) );
#532 = FACE_BOUND('',#533,.T.);
#533 = EDGE_LOOP('',(#534));
#534 = ORIENTED_EDGE('',*,*,#535,.T.);
#535 = EDGE_CURVE('',#536,#536,#538,.T.);
#536 = VERTEX_POINT('',#537);
#537 = CARTESIAN_POINT('',(19.,1.2,-8.));
#538 = SURFACE_CURVE('',#539,(#544,#555),.PCURVE_S1.);
#539 = CIRCLE('',#540,1.2);
#540 = AXIS2_PLACEMENT_3D('',#541,#542,#543);
#541 = CARTESIAN_POINT('',(19.,0.,-8.));
#542 = DIRECTION('',(1.,0.,-2.914335439641E-16));
#543 = DIRECTION('',(0.,-1.,0.));
#544 = PCURVE('',#164,#545);
#545 = DEFINITIONAL_REPRESENTATION('',(#546),#554);
#546 = ( BOUNDED_CURVE() B_SPLINE_CURVE(2,(#547,#548,#549,#550,#551,#552
,#553),.UNSPECIFIED.,.T.,.F.) B_SPLINE_CURVE_WITH_KNOTS((1,2,2,2,2,1),(
    -2.094395102393,0.,2.094395102393,4.188790204786,6.28318530718,
8.377580409573),.UNSPECIFIED.) CURVE() GEOMETRIC_REPRESENTATION_ITEM() 
RATIONAL_B_SPLINE_CURVE((1.,0.5,1.,0.5,1.,0.5,1.)) REPRESENTATION_ITEM(
  '') );
#547 = CARTESIAN_POINT('',(3.7,-8.));
#548 = CARTESIAN_POINT('',(3.7,-10.07846096908));
#549 = CARTESIAN_POINT('',(1.9,-9.039230484541));
#550 = CARTESIAN_POINT('',(0.1,-8.));
#551 = CARTESIAN_POINT('',(1.9,-6.960769515459));
#552 = CARTESIAN_POINT('',(3.7,-5.921539030917));
#553 = CARTESIAN_POINT('',(3.7,-8.));
#554 = ( GEOMETRIC_REPRESENTATION_CONTEXT(2) 
PARAMETRIC_REPRESENTATION_CONTEXT() REPRESENTATION_CONTEXT('2D SPACE',''
  ) );
#555 = PCURVE('',#556,#561);
#556 = CYLINDRICAL_SURFACE('',#557,1.2);
#557 = AXIS2_PLACEMENT_3D('',#558,#559,#560);
#558 = CARTESIAN_POINT('',(19.,0.,-8.));
#559 = DIRECTION('',(-1.,0.,3.700743415417E-16));
#560 = DIRECTION('',(0.,-1.,0.));
#561 = DEFINITIONAL_REPRESENTATION('',(#562),#566);
#562 = LINE('',#563,#564);
#563 = CARTESIAN_POINT('',(6.28318530718,0.));
#564 = VECTOR('',#565,1.);
#565 = DIRECTION('',(-1.,0.));
#566 = ( GEOMETRIC_REPRESENTATION_CONTEXT(2) 
PARAMETRIC_REPRESENTATION_CONTEXT() REPRESENTATION_CONTEXT('2D SPACE',''
  ) );
#567 = FACE_BOUND('',#568,.T.);
#568 = EDGE_LOOP('',(#569));
#569 = ORIENTED_EDGE('',*,*,#570,.T.);
#570 = EDGE_CURVE('',#571,#571,#573,.T.);
#571 = VERTEX_POINT('',#572);
#572 = CARTESIAN_POINT('',(19.,5.,-6.149560734892E-15));
#573 = SURFACE_CURVE('',#574,(#579,#590),.PCURVE_S1.);
#574 = CIRCLE('',#575,5.);
#575 = AXIS2_PLACEMENT_3D('',#576,#577,#578);
#576 = CARTESIAN_POINT('',(19.,0.,-5.537237335318E-15));
#577 = DIRECTION('',(1.,0.,-2.914335439641E-16));
#578 = DIRECTION('',(0.,-1.,0.));
#579 = PCURVE('',#164,#580);
#580 = DEFINITIONAL_REPRESENTATION('',(#581),#589);
#581 = ( BOUNDED_CURVE() B_SPLINE_CURVE(2,(#582,#583,#584,#585,#586,#587
,#588),.UNSPECIFIED.,.T.,.F.) B_SPLINE_CURVE_WITH_KNOTS((1,2,2,2,2,1),(
    -2.094395102393,0.,2.094395102393,4.188790204786,6.28318530718,
8.377580409573),.UNSPECIFIED.) CURVE() GEOMETRIC_REPRESENTATION_ITEM() 
RATIONAL_B_SPLINE_CURVE((1.,0.5,1.,0.5,1.,0.5,1.)) REPRESENTATION_ITEM(
  '') );
#582 = CARTESIAN_POINT('',(7.5,0.));
#583 = CARTESIAN_POINT('',(7.5,-8.660254037844));
#584 = CARTESIAN_POINT('',(8.881784197001E-16,-4.330127018922));
#585 = CARTESIAN_POINT('',(-7.5,-1.224646799147E-15));
#586 = CARTESIAN_POINT('',(-2.22044604925E-15,4.330127018922));
#587 = CARTESIAN_POINT('',(7.5,8.660254037844));
#588 = CARTESIAN_POINT('',(7.5,0.));
#589 = ( GEOMETRIC_REPRESENTATION_CONTEXT(2) 
PARAMETRIC_REPRESENTATION_CONTEXT() REPRESENTATION_CONTEXT('2D SPACE',''
  ) );
#590 = PCURVE('',#591,#596);
#591 = CYLINDRICAL_SURFACE('',#592,5.);
#592 = AXIS2_PLACEMENT_3D('',#593,#594,#595);
#593 = CARTESIAN_POINT('',(19.,0.,-5.537237335318E-15));
#594 = DIRECTION('',(-1.,0.,3.700743415417E-16));
#595 = DIRECTION('',(0.,-1.,0.));
#596 = DEFINITIONAL_REPRESENTATION('',(#597),#601);
#597 = LINE('',#598,#599);
#598 = CARTESIAN_POINT('',(6.28318530718,0.));
#599 = VECTOR('',#600,1.);
#600 = DIRECTION('',(-1.,0.));
#601 = ( GEOMETRIC_REPRESENTATION_CONTEXT(2) 
PARAMETRIC_REPRESENTATION_CONTEXT() REPRESENTATION_CONTEXT('2D SPACE',''
  ) );
#602 = ADVANCED_FACE('',(#603,#746,#781,#816,#851,#886),#44,.F.);
#603 = FACE_BOUND('',#604,.T.);
#604 = EDGE_LOOP('',(#605,#606,#630,#658,#682,#725));
#605 = ORIENTED_EDGE('',*,*,#21,.T.);
#606 = ORIENTED_EDGE('',*,*,#607,.F.);
#607 = EDGE_CURVE('',#608,#24,#610,.T.);
#608 = VERTEX_POINT('',#609);
#609 = CARTESIAN_POINT('',(-19.,0.,-13.));
#610 = SURFACE_CURVE('',#611,(#616,#623),.PCURVE_S1.);
#611 = CIRCLE('',#612,13.);
#612 = AXIS2_PLACEMENT_3D('',#613,#614,#615);
#613 = CARTESIAN_POINT('',(-19.,0.,-5.537237335318E-15));
#614 = DIRECTION('',(-1.,0.,-2.914335439641E-16));
#615 = DIRECTION('',(0.,-1.,-0.));
#616 = PCURVE('',#44,#617);
#617 = DEFINITIONAL_REPRESENTATION('',(#618),#622);
#618 = CIRCLE('',#619,13.);
#619 = AXIS2_PLACEMENT_2D('',#620,#621);
#620 = CARTESIAN_POINT('',(2.5,0.));
#621 = DIRECTION('',(1.,0.));
#622 = ( GEOMETRIC_REPRESENTATION_CONTEXT(2) 
PARAMETRIC_REPRESENTATION_CONTEXT() REPRESENTATION_CONTEXT('2D SPACE',''
  ) );
#623 = PCURVE('',#126,#624);
#624 = DEFINITIONAL_REPRESENTATION('',(#625),#629);
#625 = LINE('',#626,#627);
#626 = CARTESIAN_POINT('',(0.,0.));
#627 = VECTOR('',#628,1.);
#628 = DIRECTION('',(1.,0.));
#629 = ( GEOMETRIC_REPRESENTATION_CONTEXT(2) 
PARAMETRIC_REPRESENTATION_CONTEXT() REPRESENTATION_CONTEXT('2D SPACE',''
  ) );
#630 = ORIENTED_EDGE('',*,*,#631,.T.);
#631 = EDGE_CURVE('',#608,#632,#634,.T.);
#632 = VERTEX_POINT('',#633);
#633 = CARTESIAN_POINT('',(-19.,17.5,-13.));
#634 = SURFACE_CURVE('',#635,(#639,#646),.PCURVE_S1.);
#635 = LINE('',#636,#637);
#636 = CARTESIAN_POINT('',(-19.,0.,-13.));
#637 = VECTOR('',#638,1.);
#638 = DIRECTION('',(0.,1.,0.));
#639 = PCURVE('',#44,#640);
#640 = DEFINITIONAL_REPRESENTATION('',(#641),#645);
#641 = LINE('',#642,#643);
#642 = CARTESIAN_POINT('',(2.5,-13.));
#643 = VECTOR('',#644,1.);
#644 = DIRECTION('',(-1.,0.));
#645 = ( GEOMETRIC_REPRESENTATION_CONTEXT(2) 
PARAMETRIC_REPRESENTATION_CONTEXT() REPRESENTATION_CONTEXT('2D SPACE',''
  ) );
#646 = PCURVE('',#647,#652);
#647 = PLANE('',#648);
#648 = AXIS2_PLACEMENT_3D('',#649,#650,#651);
#649 = CARTESIAN_POINT('',(-19.,18.,-13.));
#650 = DIRECTION('',(3.700743415417E-16,0.,-1.));
#651 = DIRECTION('',(0.,-1.,0.));
#652 = DEFINITIONAL_REPRESENTATION('',(#653),#657);
#653 = LINE('',#654,#655);
#654 = CARTESIAN_POINT('',(18.,0.));
#655 = VECTOR('',#656,1.);
#656 = DIRECTION('',(-1.,-0.));
#657 = ( GEOMETRIC_REPRESENTATION_CONTEXT(2) 
PARAMETRIC_REPRESENTATION_CONTEXT() REPRESENTATION_CONTEXT('2D SPACE',''
  ) );
#658 = ORIENTED_EDGE('',*,*,#659,.T.);
#659 = EDGE_CURVE('',#632,#660,#662,.T.);
#660 = VERTEX_POINT('',#661);
#661 = CARTESIAN_POINT('',(-19.,18.,-12.9948717553));
#662 = SURFACE_CURVE('',#663,(#668,#676),.PCURVE_S1.);
#663 = B_SPLINE_CURVE_WITH_KNOTS('',3,(#664,#665,#666,#667),
  .UNSPECIFIED.,.F.,.F.,(4,4),(0.,5.001644943818E-02),
  .PIECEWISE_BEZIER_KNOTS.);
#664 = CARTESIAN_POINT('',(-19.,17.5,-13.));
#665 = CARTESIAN_POINT('',(-19.,17.667158735536,-13.));
#666 = CARTESIAN_POINT('',(-19.,17.833825243564,-12.9982899413));
#667 = CARTESIAN_POINT('',(-19.,18.,-12.9948717553));
#668 = PCURVE('',#44,#669);
#669 = DEFINITIONAL_REPRESENTATION('',(#670),#675);
#670 = B_SPLINE_CURVE_WITH_KNOTS('',3,(#671,#672,#673,#674),
  .UNSPECIFIED.,.F.,.F.,(4,4),(0.,5.001644943818E-02),
  .PIECEWISE_BEZIER_KNOTS.);
#671 = CARTESIAN_POINT('',(-15.,-13.));
#672 = CARTESIAN_POINT('',(-15.16715873553,-13.));
#673 = CARTESIAN_POINT('',(-15.33382524356,-12.9982899413));
#674 = CARTESIAN_POINT('',(-15.5,-12.9948717553));
#675 = ( GEOMETRIC_REPRESENTATION_CONTEXT(2) 
PARAMETRIC_REPRESENTATION_CONTEXT() REPRESENTATION_CONTEXT('2D SPACE',''
  ) );
#676 = PCURVE('',#341,#677);
#677 = DEFINITIONAL_REPRESENTATION('',(#678),#681);
#678 = B_SPLINE_CURVE_WITH_KNOTS('',1,(#679,#680),.UNSPECIFIED.,.F.,.F.,
  (2,2),(0.,5.001644943818E-02),.PIECEWISE_BEZIER_KNOTS.);
#679 = CARTESIAN_POINT('',(1.,0.3));
#680 = CARTESIAN_POINT('',(0.994244435511,0.3));
#681 = ( GEOMETRIC_REPRESENTATION_CONTEXT(2) 
PARAMETRIC_REPRESENTATION_CONTEXT() REPRESENTATION_CONTEXT('2D SPACE',''
  ) );
#682 = ORIENTED_EDGE('',*,*,#683,.F.);
#683 = EDGE_CURVE('',#684,#660,#686,.T.);
#684 = VERTEX_POINT('',#685);
#685 = CARTESIAN_POINT('',(-19.,18.,13.));
#686 = SURFACE_CURVE('',#687,(#691,#698),.PCURVE_S1.);
#687 = LINE('',#688,#689);
#688 = CARTESIAN_POINT('',(-19.,18.,13.));
#689 = VECTOR('',#690,1.);
#690 = DIRECTION('',(2.914335439641E-16,0.,-1.));
#691 = PCURVE('',#44,#692);
#692 = DEFINITIONAL_REPRESENTATION('',(#693),#697);
#693 = LINE('',#694,#695);
#694 = CARTESIAN_POINT('',(-15.5,13.));
#695 = VECTOR('',#696,1.);
#696 = DIRECTION('',(0.,-1.));
#697 = ( GEOMETRIC_REPRESENTATION_CONTEXT(2) 
PARAMETRIC_REPRESENTATION_CONTEXT() REPRESENTATION_CONTEXT('2D SPACE',''
  ) );
#698 = PCURVE('',#699,#720);
#699 = B_SPLINE_SURFACE_WITH_KNOTS('',5,1,(
    (#700,#701)
    ,(#702,#703)
    ,(#704,#705)
    ,(#706,#707)
    ,(#708,#709)
    ,(#710,#711)
    ,(#712,#713)
    ,(#714,#715)
    ,(#716,#717)
    ,(#718,#719
    )),.UNSPECIFIED.,.F.,.F.,.F.,(6,1,1,1,1,6),(2,2),(-1.,-0.8,-0.6,-0.4
    ,-0.2,0.),(0.,2.6),.UNSPECIFIED.);
#700 = CARTESIAN_POINT('',(-4.672188561964E-15,35.,13.));
#701 = CARTESIAN_POINT('',(4.209595635037E-15,35.,-13.));
#702 = CARTESIAN_POINT('',(-2.150927191108,35.,13.));
#703 = CARTESIAN_POINT('',(-2.150927191108,35.,-13.));
#704 = CARTESIAN_POINT('',(-6.045225369488,34.787607595667,13.));
#705 = CARTESIAN_POINT('',(-6.045225369488,34.787607595667,-13.));
#706 = CARTESIAN_POINT('',(-10.66510544807,33.832428228033,13.));
#707 = CARTESIAN_POINT('',(-10.66510544807,33.832428228033,-13.));
#708 = CARTESIAN_POINT('',(-14.72015779877,31.472780062776,13.));
#709 = CARTESIAN_POINT('',(-14.72015779877,31.472780062776,-13.));
#710 = CARTESIAN_POINT('',(-17.46323501929,27.399501008274,13.));
#711 = CARTESIAN_POINT('',(-17.46323501929,27.399501008274,-13.));
#712 = CARTESIAN_POINT('',(-18.5300526467,23.708802904386,13.));
#713 = CARTESIAN_POINT('',(-18.5300526467,23.708802904386,-13.));
#714 = CARTESIAN_POINT('',(-18.91453668304,20.867050304013,13.));
#715 = CARTESIAN_POINT('',(-18.91453668304,20.867050304013,-13.));
#716 = CARTESIAN_POINT('',(-19.,18.958087891626,13.));
#717 = CARTESIAN_POINT('',(-19.,18.958087891626,-13.));
#718 = CARTESIAN_POINT('',(-19.,18.,13.));
#719 = CARTESIAN_POINT('',(-19.,18.,-13.));
#720 = DEFINITIONAL_REPRESENTATION('',(#721),#724);
#721 = B_SPLINE_CURVE_WITH_KNOTS('',1,(#722,#723),.UNSPECIFIED.,.F.,.F.,
  (2,2),(0.,25.994871755308),.PIECEWISE_BEZIER_KNOTS.);
#722 = CARTESIAN_POINT('',(-3.574348508312E-17,1.320016145001E-16));
#723 = CARTESIAN_POINT('',(-3.921293203508E-17,2.599487175531));
#724 = ( GEOMETRIC_REPRESENTATION_CONTEXT(2) 
PARAMETRIC_REPRESENTATION_CONTEXT() REPRESENTATION_CONTEXT('2D SPACE',''
  ) );
#725 = ORIENTED_EDGE('',*,*,#726,.T.);
#726 = EDGE_CURVE('',#684,#22,#727,.T.);
#727 = SURFACE_CURVE('',#728,(#732,#739),.PCURVE_S1.);
#728 = LINE('',#729,#730);
#729 = CARTESIAN_POINT('',(-19.,18.,13.));
#730 = VECTOR('',#731,1.);
#731 = DIRECTION('',(0.,-1.,0.));
#732 = PCURVE('',#44,#733);
#733 = DEFINITIONAL_REPRESENTATION('',(#734),#738);
#734 = LINE('',#735,#736);
#735 = CARTESIAN_POINT('',(-15.5,13.));
#736 = VECTOR('',#737,1.);
#737 = DIRECTION('',(1.,0.));
#738 = ( GEOMETRIC_REPRESENTATION_CONTEXT(2) 
PARAMETRIC_REPRESENTATION_CONTEXT() REPRESENTATION_CONTEXT('2D SPACE',''
  ) );
#739 = PCURVE('',#72,#740);
#740 = DEFINITIONAL_REPRESENTATION('',(#741),#745);
#741 = LINE('',#742,#743);
#742 = CARTESIAN_POINT('',(18.,0.));
#743 = VECTOR('',#744,1.);
#744 = DIRECTION('',(-1.,-0.));
#745 = ( GEOMETRIC_REPRESENTATION_CONTEXT(2) 
PARAMETRIC_REPRESENTATION_CONTEXT() REPRESENTATION_CONTEXT('2D SPACE',''
  ) );
#746 = FACE_BOUND('',#747,.T.);
#747 = EDGE_LOOP('',(#748));
#748 = ORIENTED_EDGE('',*,*,#749,.F.);
#749 = EDGE_CURVE('',#750,#750,#752,.T.);
#750 = VERTEX_POINT('',#751);
#751 = CARTESIAN_POINT('',(-19.,5.,-6.149560734892E-15));
#752 = SURFACE_CURVE('',#753,(#758,#769),.PCURVE_S1.);
#753 = CIRCLE('',#754,5.);
#754 = AXIS2_PLACEMENT_3D('',#755,#756,#757);
#755 = CARTESIAN_POINT('',(-19.,0.,-5.537237335318E-15));
#756 = DIRECTION('',(1.,0.,2.914335439641E-16));
#757 = DIRECTION('',(0.,-1.,0.));
#758 = PCURVE('',#44,#759);
#759 = DEFINITIONAL_REPRESENTATION('',(#760),#768);
#760 = ( BOUNDED_CURVE() B_SPLINE_CURVE(2,(#761,#762,#763,#764,#765,#766
,#767),.UNSPECIFIED.,.T.,.F.) B_SPLINE_CURVE_WITH_KNOTS((1,2,2,2,2,1),(
    -2.094395102393,0.,2.094395102393,4.188790204786,6.28318530718,
8.377580409573),.UNSPECIFIED.) CURVE() GEOMETRIC_REPRESENTATION_ITEM() 
RATIONAL_B_SPLINE_CURVE((1.,0.5,1.,0.5,1.,0.5,1.)) REPRESENTATION_ITEM(
  '') );
#761 = CARTESIAN_POINT('',(7.5,0.));
#762 = CARTESIAN_POINT('',(7.5,-8.660254037844));
#763 = CARTESIAN_POINT('',(8.881784197001E-16,-4.330127018922));
#764 = CARTESIAN_POINT('',(-7.5,-1.224646799147E-15));
#765 = CARTESIAN_POINT('',(-2.22044604925E-15,4.330127018922));
#766 = CARTESIAN_POINT('',(7.5,8.660254037844));
#767 = CARTESIAN_POINT('',(7.5,0.));
#768 = ( GEOMETRIC_REPRESENTATION_CONTEXT(2) 
PARAMETRIC_REPRESENTATION_CONTEXT() REPRESENTATION_CONTEXT('2D SPACE',''
  ) );
#769 = PCURVE('',#770,#775);
#770 = CYLINDRICAL_SURFACE('',#771,5.);
#771 = AXIS2_PLACEMENT_3D('',#772,#773,#774);
#772 = CARTESIAN_POINT('',(-19.,0.,-5.537237335318E-15));
#773 = DIRECTION('',(-1.,0.,-3.700743415417E-16));
#774 = DIRECTION('',(0.,-1.,-0.));
#775 = DEFINITIONAL_REPRESENTATION('',(#776),#780);
#776 = LINE('',#777,#778);
#777 = CARTESIAN_POINT('',(6.28318530718,0.));
#778 = VECTOR('',#779,1.);
#779 = DIRECTION('',(-1.,0.));
#780 = ( GEOMETRIC_REPRESENTATION_CONTEXT(2) 
PARAMETRIC_REPRESENTATION_CONTEXT() REPRESENTATION_CONTEXT('2D SPACE',''
  ) );
#781 = FACE_BOUND('',#782,.T.);
#782 = EDGE_LOOP('',(#783));
#783 = ORIENTED_EDGE('',*,*,#784,.F.);
#784 = EDGE_CURVE('',#785,#785,#787,.T.);
#785 = VERTEX_POINT('',#786);
#786 = CARTESIAN_POINT('',(-19.,1.2,-8.));
#787 = SURFACE_CURVE('',#788,(#793,#804),.PCURVE_S1.);
#788 = CIRCLE('',#789,1.2);
#789 = AXIS2_PLACEMENT_3D('',#790,#791,#792);
#790 = CARTESIAN_POINT('',(-19.,0.,-8.));
#791 = DIRECTION('',(1.,0.,2.914335439641E-16));
#792 = DIRECTION('',(0.,-1.,0.));
#793 = PCURVE('',#44,#794);
#794 = DEFINITIONAL_REPRESENTATION('',(#795),#803);
#795 = ( BOUNDED_CURVE() B_SPLINE_CURVE(2,(#796,#797,#798,#799,#800,#801
,#802),.UNSPECIFIED.,.T.,.F.) B_SPLINE_CURVE_WITH_KNOTS((1,2,2,2,2,1),(
    -2.094395102393,0.,2.094395102393,4.188790204786,6.28318530718,
8.377580409573),.UNSPECIFIED.) CURVE() GEOMETRIC_REPRESENTATION_ITEM() 
RATIONAL_B_SPLINE_CURVE((1.,0.5,1.,0.5,1.,0.5,1.)) REPRESENTATION_ITEM(
  '') );
#796 = CARTESIAN_POINT('',(3.7,-8.));
#797 = CARTESIAN_POINT('',(3.7,-10.07846096908));
#798 = CARTESIAN_POINT('',(1.9,-9.039230484541));
#799 = CARTESIAN_POINT('',(0.1,-8.));
#800 = CARTESIAN_POINT('',(1.9,-6.960769515459));
#801 = CARTESIAN_POINT('',(3.7,-5.921539030917));
#802 = CARTESIAN_POINT('',(3.7,-8.));
#803 = ( GEOMETRIC_REPRESENTATION_CONTEXT(2) 
PARAMETRIC_REPRESENTATION_CONTEXT() REPRESENTATION_CONTEXT('2D SPACE',''
  ) );
#804 = PCURVE('',#805,#810);
#805 = CYLINDRICAL_SURFACE('',#806,1.2);
#806 = AXIS2_PLACEMENT_3D('',#807,#808,#809);
#807 = CARTESIAN_POINT('',(-19.,0.,-8.));
#808 = DIRECTION('',(-1.,0.,-3.700743415417E-16));
#809 = DIRECTION('',(0.,-1.,-0.));
#810 = DEFINITIONAL_REPRESENTATION('',(#811),#815);
#811 = LINE('',#812,#813);
#812 = CARTESIAN_POINT('',(6.28318530718,0.));
#813 = VECTOR('',#814,1.);
#814 = DIRECTION('',(-1.,0.));
#815 = ( GEOMETRIC_REPRESENTATION_CONTEXT(2) 
PARAMETRIC_REPRESENTATION_CONTEXT() REPRESENTATION_CONTEXT('2D SPACE',''
  ) );
#816 = FACE_BOUND('',#817,.T.);
#817 = EDGE_LOOP('',(#818));
#818 = ORIENTED_EDGE('',*,*,#819,.F.);
#819 = EDGE_CURVE('',#820,#820,#822,.T.);
#820 = VERTEX_POINT('',#821);
#821 = CARTESIAN_POINT('',(-19.,9.2,-5.684194951216E-15));
#822 = SURFACE_CURVE('',#823,(#828,#839),.PCURVE_S1.);
#823 = CIRCLE('',#824,1.2);
#824 = AXIS2_PLACEMENT_3D('',#825,#826,#827);
#825 = CARTESIAN_POINT('',(-19.,8.,-5.537237335318E-15));
#826 = DIRECTION('',(1.,0.,2.914335439641E-16));
#827 = DIRECTION('',(0.,-1.,0.));
#828 = PCURVE('',#44,#829);
#829 = DEFINITIONAL_REPRESENTATION('',(#830),#838);
#830 = ( BOUNDED_CURVE() B_SPLINE_CURVE(2,(#831,#832,#833,#834,#835,#836
,#837),.UNSPECIFIED.,.T.,.F.) B_SPLINE_CURVE_WITH_KNOTS((1,2,2,2,2,1),(
    -2.094395102393,0.,2.094395102393,4.188790204786,6.28318530718,
8.377580409573),.UNSPECIFIED.) CURVE() GEOMETRIC_REPRESENTATION_ITEM() 
RATIONAL_B_SPLINE_CURVE((1.,0.5,1.,0.5,1.,0.5,1.)) REPRESENTATION_ITEM(
  '') );
#831 = CARTESIAN_POINT('',(-4.3,0.));
#832 = CARTESIAN_POINT('',(-4.3,-2.078460969083));
#833 = CARTESIAN_POINT('',(-6.1,-1.039230484541));
#834 = CARTESIAN_POINT('',(-7.9,-2.939152317954E-16));
#835 = CARTESIAN_POINT('',(-6.1,1.039230484541));
#836 = CARTESIAN_POINT('',(-4.3,2.078460969083));
#837 = CARTESIAN_POINT('',(-4.3,0.));
#838 = ( GEOMETRIC_REPRESENTATION_CONTEXT(2) 
PARAMETRIC_REPRESENTATION_CONTEXT() REPRESENTATION_CONTEXT('2D SPACE',''
  ) );
#839 = PCURVE('',#840,#845);
#840 = CYLINDRICAL_SURFACE('',#841,1.2);
#841 = AXIS2_PLACEMENT_3D('',#842,#843,#844);
#842 = CARTESIAN_POINT('',(-19.,8.,-5.537237335318E-15));
#843 = DIRECTION('',(-1.,0.,-3.700743415417E-16));
#844 = DIRECTION('',(0.,-1.,-0.));
#845 = DEFINITIONAL_REPRESENTATION('',(#846),#850);
#846 = LINE('',#847,#848);
#847 = CARTESIAN_POINT('',(6.28318530718,0.));
#848 = VECTOR('',#849,1.);
#849 = DIRECTION('',(-1.,0.));
#850 = ( GEOMETRIC_REPRESENTATION_CONTEXT(2) 
PARAMETRIC_REPRESENTATION_CONTEXT() REPRESENTATION_CONTEXT('2D SPACE',''
  ) );
#851 = FACE_BOUND('',#852,.T.);
#852 = EDGE_LOOP('',(#853));
#853 = ORIENTED_EDGE('',*,*,#854,.F.);
#854 = EDGE_CURVE('',#855,#855,#857,.T.);
#855 = VERTEX_POINT('',#856);
#856 = CARTESIAN_POINT('',(-19.,-6.8,-5.684194951216E-15));
#857 = SURFACE_CURVE('',#858,(#863,#874),.PCURVE_S1.);
#858 = CIRCLE('',#859,1.2);
#859 = AXIS2_PLACEMENT_3D('',#860,#861,#862);
#860 = CARTESIAN_POINT('',(-19.,-8.,-5.537237335318E-15));
#861 = DIRECTION('',(1.,0.,2.914335439641E-16));
#862 = DIRECTION('',(0.,-1.,0.));
#863 = PCURVE('',#44,#864);
#864 = DEFINITIONAL_REPRESENTATION('',(#865),#873);
#865 = ( BOUNDED_CURVE() B_SPLINE_CURVE(2,(#866,#867,#868,#869,#870,#871
,#872),.UNSPECIFIED.,.T.,.F.) B_SPLINE_CURVE_WITH_KNOTS((1,2,2,2,2,1),(
    -2.094395102393,0.,2.094395102393,4.188790204786,6.28318530718,
8.377580409573),.UNSPECIFIED.) CURVE() GEOMETRIC_REPRESENTATION_ITEM() 
RATIONAL_B_SPLINE_CURVE((1.,0.5,1.,0.5,1.,0.5,1.)) REPRESENTATION_ITEM(
  '') );
#866 = CARTESIAN_POINT('',(11.7,0.));
#867 = CARTESIAN_POINT('',(11.7,-2.078460969083));
#868 = CARTESIAN_POINT('',(9.9,-1.039230484541));
#869 = CARTESIAN_POINT('',(8.1,-2.939152317954E-16));
#870 = CARTESIAN_POINT('',(9.9,1.039230484541));
#871 = CARTESIAN_POINT('',(11.7,2.078460969083));
#872 = CARTESIAN_POINT('',(11.7,0.));
#873 = ( GEOMETRIC_REPRESENTATION_CONTEXT(2) 
PARAMETRIC_REPRESENTATION_CONTEXT() REPRESENTATION_CONTEXT('2D SPACE',''
  ) );
#874 = PCURVE('',#875,#880);
#875 = CYLINDRICAL_SURFACE('',#876,1.2);
#876 = AXIS2_PLACEMENT_3D('',#877,#878,#879);
#877 = CARTESIAN_POINT('',(-19.,-8.,-5.537237335318E-15));
#878 = DIRECTION('',(-1.,0.,-3.700743415417E-16));
#879 = DIRECTION('',(0.,-1.,-0.));
#880 = DEFINITIONAL_REPRESENTATION('',(#881),#885);
#881 = LINE('',#882,#883);
#882 = CARTESIAN_POINT('',(6.28318530718,0.));
#883 = VECTOR('',#884,1.);
#884 = DIRECTION('',(-1.,0.));
#885 = ( GEOMETRIC_REPRESENTATION_CONTEXT(2) 
PARAMETRIC_REPRESENTATION_CONTEXT() REPRESENTATION_CONTEXT('2D SPACE',''
  ) );
#886 = FACE_BOUND('',#887,.T.);
#887 = EDGE_LOOP('',(#888));
#888 = ORIENTED_EDGE('',*,*,#889,.F.);
#889 = EDGE_CURVE('',#890,#890,#892,.T.);
#890 = VERTEX_POINT('',#891);
#891 = CARTESIAN_POINT('',(-19.,1.2,8.));
#892 = SURFACE_CURVE('',#893,(#898,#909),.PCURVE_S1.);
#893 = CIRCLE('',#894,1.2);
#894 = AXIS2_PLACEMENT_3D('',#895,#896,#897);
#895 = CARTESIAN_POINT('',(-19.,0.,8.));
#896 = DIRECTION('',(1.,0.,2.914335439641E-16));
#897 = DIRECTION('',(0.,-1.,0.));
#898 = PCURVE('',#44,#899);
#899 = DEFINITIONAL_REPRESENTATION('',(#900),#908);
#900 = ( BOUNDED_CURVE() B_SPLINE_CURVE(2,(#901,#902,#903,#904,#905,#906
,#907),.UNSPECIFIED.,.T.,.F.) B_SPLINE_CURVE_WITH_KNOTS((1,2,2,2,2,1),(
    -2.094395102393,0.,2.094395102393,4.188790204786,6.28318530718,
8.377580409573),.UNSPECIFIED.) CURVE() GEOMETRIC_REPRESENTATION_ITEM() 
RATIONAL_B_SPLINE_CURVE((1.,0.5,1.,0.5,1.,0.5,1.)) REPRESENTATION_ITEM(
  '') );
#901 = CARTESIAN_POINT('',(3.7,8.));
#902 = CARTESIAN_POINT('',(3.7,5.921539030917));
#903 = CARTESIAN_POINT('',(1.9,6.960769515459));
#904 = CARTESIAN_POINT('',(0.1,8.));
#905 = CARTESIAN_POINT('',(1.9,9.039230484541));
#906 = CARTESIAN_POINT('',(3.7,10.078460969083));
#907 = CARTESIAN_POINT('',(3.7,8.));
#908 = ( GEOMETRIC_REPRESENTATION_CONTEXT(2) 
PARAMETRIC_REPRESENTATION_CONTEXT() REPRESENTATION_CONTEXT('2D SPACE',''
  ) );
#909 = PCURVE('',#910,#915);
#910 = CYLINDRICAL_SURFACE('',#911,1.2);
#911 = AXIS2_PLACEMENT_3D('',#912,#913,#914);
#912 = CARTESIAN_POINT('',(-19.,0.,8.));
#913 = DIRECTION('',(-1.,0.,-3.700743415417E-16));
#914 = DIRECTION('',(0.,-1.,-0.));
#915 = DEFINITIONAL_REPRESENTATION('',(#916),#920);
#916 = LINE('',#917,#918);
#917 = CARTESIAN_POINT('',(6.28318530718,0.));
#918 = VECTOR('',#919,1.);
#919 = DIRECTION('',(-1.,0.));
#920 = ( GEOMETRIC_REPRESENTATION_CONTEXT(2) 
PARAMETRIC_REPRESENTATION_CONTEXT() REPRESENTATION_CONTEXT('2D SPACE',''
  ) );
#921 = ADVANCED_FACE('',(#922),#126,.T.);
#922 = FACE_BOUND('',#923,.T.);
#923 = EDGE_LOOP('',(#924,#925,#949,#970));
#924 = ORIENTED_EDGE('',*,*,#112,.T.);
#925 = ORIENTED_EDGE('',*,*,#926,.F.);
#926 = EDGE_CURVE('',#927,#85,#929,.T.);
#927 = VERTEX_POINT('',#928);
#928 = CARTESIAN_POINT('',(-22.,0.,-13.));
#929 = SURFACE_CURVE('',#930,(#935,#942),.PCURVE_S1.);
#930 = CIRCLE('',#931,13.);
#931 = AXIS2_PLACEMENT_3D('',#932,#933,#934);
#932 = CARTESIAN_POINT('',(-22.,0.,-6.647460359943E-15));
#933 = DIRECTION('',(-1.,0.,-2.914335439641E-16));
#934 = DIRECTION('',(0.,-1.,-0.));
#935 = PCURVE('',#126,#936);
#936 = DEFINITIONAL_REPRESENTATION('',(#937),#941);
#937 = LINE('',#938,#939);
#938 = CARTESIAN_POINT('',(0.,3.));
#939 = VECTOR('',#940,1.);
#940 = DIRECTION('',(1.,0.));
#941 = ( GEOMETRIC_REPRESENTATION_CONTEXT(2) 
PARAMETRIC_REPRESENTATION_CONTEXT() REPRESENTATION_CONTEXT('2D SPACE',''
  ) );
#942 = PCURVE('',#100,#943);
#943 = DEFINITIONAL_REPRESENTATION('',(#944),#948);
#944 = CIRCLE('',#945,13.);
#945 = AXIS2_PLACEMENT_2D('',#946,#947);
#946 = CARTESIAN_POINT('',(2.5,0.));
#947 = DIRECTION('',(1.,0.));
#948 = ( GEOMETRIC_REPRESENTATION_CONTEXT(2) 
PARAMETRIC_REPRESENTATION_CONTEXT() REPRESENTATION_CONTEXT('2D SPACE',''
  ) );
#949 = ORIENTED_EDGE('',*,*,#950,.F.);
#950 = EDGE_CURVE('',#608,#927,#951,.T.);
#951 = SURFACE_CURVE('',#952,(#956,#963),.PCURVE_S1.);
#952 = LINE('',#953,#954);
#953 = CARTESIAN_POINT('',(-19.,0.,-13.));
#954 = VECTOR('',#955,1.);
#955 = DIRECTION('',(-1.,0.,-3.700743415417E-16));
#956 = PCURVE('',#126,#957);
#957 = DEFINITIONAL_REPRESENTATION('',(#958),#962);
#958 = LINE('',#959,#960);
#959 = CARTESIAN_POINT('',(4.712388980385,3.552713678801E-15));
#960 = VECTOR('',#961,1.);
#961 = DIRECTION('',(0.,1.));
#962 = ( GEOMETRIC_REPRESENTATION_CONTEXT(2) 
PARAMETRIC_REPRESENTATION_CONTEXT() REPRESENTATION_CONTEXT('2D SPACE',''
  ) );
#963 = PCURVE('',#647,#964);
#964 = DEFINITIONAL_REPRESENTATION('',(#965),#969);
#965 = LINE('',#966,#967);
#966 = CARTESIAN_POINT('',(18.,0.));
#967 = VECTOR('',#968,1.);
#968 = DIRECTION('',(-0.,1.));
#969 = ( GEOMETRIC_REPRESENTATION_CONTEXT(2) 
PARAMETRIC_REPRESENTATION_CONTEXT() REPRESENTATION_CONTEXT('2D SPACE',''
  ) );
#970 = ORIENTED_EDGE('',*,*,#607,.T.);
#971 = ADVANCED_FACE('',(#972),#987,.F.);
#972 = FACE_BOUND('',#973,.F.);
#973 = EDGE_LOOP('',(#974,#1010,#1060,#1083,#1110,#1111));
#974 = ORIENTED_EDGE('',*,*,#975,.F.);
#975 = EDGE_CURVE('',#976,#978,#980,.T.);
#976 = VERTEX_POINT('',#977);
#977 = CARTESIAN_POINT('',(-14.75,119.,6.077501926041));
#978 = VERTEX_POINT('',#979);
#979 = CARTESIAN_POINT('',(-14.75,119.,9.322498073959));
#980 = SURFACE_CURVE('',#981,(#986,#998),.PCURVE_S1.);
#981 = CIRCLE('',#982,3.15);
#982 = AXIS2_PLACEMENT_3D('',#983,#984,#985);
#983 = CARTESIAN_POINT('',(-14.75,116.3,7.7));
#984 = DIRECTION('',(-1.,0.,0.));
#985 = DIRECTION('',(0.,-1.,0.));
#986 = PCURVE('',#987,#992);
#987 = CONICAL_SURFACE('',#988,2.15,0.785398163397);
#988 = AXIS2_PLACEMENT_3D('',#989,#990,#991);
#989 = CARTESIAN_POINT('',(-13.75,116.3,7.7));
#990 = DIRECTION('',(-1.,0.,0.));
#991 = DIRECTION('',(0.,-1.,0.));
#992 = DEFINITIONAL_REPRESENTATION('',(#993),#997);
#993 = LINE('',#994,#995);
#994 = CARTESIAN_POINT('',(-6.28318530718,1.));
#995 = VECTOR('',#996,1.);
#996 = DIRECTION('',(1.,4.830137613517E-16));
#997 = ( GEOMETRIC_REPRESENTATION_CONTEXT(2) 
PARAMETRIC_REPRESENTATION_CONTEXT() REPRESENTATION_CONTEXT('2D SPACE',''
  ) );
#998 = PCURVE('',#999,#1004);
#999 = PLANE('',#1000);
#1000 = AXIS2_PLACEMENT_3D('',#1001,#1002,#1003);
#1001 = CARTESIAN_POINT('',(-14.75,98.,2.));
#1002 = DIRECTION('',(-1.,0.,0.));
#1003 = DIRECTION('',(0.,0.,1.));
#1004 = DEFINITIONAL_REPRESENTATION('',(#1005),#1009);
#1005 = CIRCLE('',#1006,3.15);
#1006 = AXIS2_PLACEMENT_2D('',#1007,#1008);
#1007 = CARTESIAN_POINT('',(5.7,18.3));
#1008 = DIRECTION('',(0.,-1.));
#1009 = ( GEOMETRIC_REPRESENTATION_CONTEXT(2) 
PARAMETRIC_REPRESENTATION_CONTEXT() REPRESENTATION_CONTEXT('2D SPACE',''
  ) );
#1010 = ORIENTED_EDGE('',*,*,#1011,.F.);
#1011 = EDGE_CURVE('',#1012,#976,#1014,.T.);
#1012 = VERTEX_POINT('',#1013);
#1013 = CARTESIAN_POINT('',(-14.3,119.,7.7));
#1014 = SURFACE_CURVE('',#1015,(#1019,#1048),.PCURVE_S1.);
#1015 = ( BOUNDED_CURVE() B_SPLINE_CURVE(2,(#1016,#1017,#1018),
.UNSPECIFIED.,.F.,.F.) B_SPLINE_CURVE_WITH_KNOTS((3,3),(0.168374582405,
0.33674916481),.PIECEWISE_BEZIER_KNOTS.) CURVE() 
GEOMETRIC_REPRESENTATION_ITEM() RATIONAL_B_SPLINE_CURVE((1.083333333333,
1.083333333333,1.)) REPRESENTATION_ITEM('') );
#1016 = CARTESIAN_POINT('',(-14.3,119.,7.7));
#1017 = CARTESIAN_POINT('',(-14.3,119.,6.951154735096));
#1018 = CARTESIAN_POINT('',(-14.75,119.,6.077501926041));
#1019 = PCURVE('',#987,#1020);
#1020 = DEFINITIONAL_REPRESENTATION('',(#1021),#1047);
#1021 = B_SPLINE_CURVE_WITH_KNOTS('',3,(#1022,#1023,#1024,#1025,#1026,
    #1027,#1028,#1029,#1030,#1031,#1032,#1033,#1034,#1035,#1036,#1037,
    #1038,#1039,#1040,#1041,#1042,#1043,#1044,#1045,#1046),
  .UNSPECIFIED.,.F.,.F.,(4,1,1,1,1,1,1,1,1,1,1,1,1,1,1,1,1,1,1,1,1,1,4),
  (0.168374582405,0.176027972514,0.183681362623,0.191334752733,
    0.198988142842,0.206641532951,0.214294923061,0.22194831317,
    0.229601703279,0.237255093389,0.244908483498,0.252561873607,
    0.260215263717,0.267868653826,0.275522043935,0.283175434044,
    0.290828824154,0.298482214263,0.306135604372,0.313788994482,
    0.321442384591,0.3290957747,0.33674916481),.QUASI_UNIFORM_KNOTS.);
#1022 = CARTESIAN_POINT('',(-3.14159265359,0.55));
#1023 = CARTESIAN_POINT('',(-3.133188103636,0.550000273887));
#1024 = CARTESIAN_POINT('',(-3.116379009113,0.550571937087));
#1025 = CARTESIAN_POINT('',(-3.091173376236,0.553148023958));
#1026 = CARTESIAN_POINT('',(-3.065983755715,0.557446654106));
#1027 = CARTESIAN_POINT('',(-3.040818113569,0.563476309802));
#1028 = CARTESIAN_POINT('',(-3.015684372152,0.571248489096));
#1029 = CARTESIAN_POINT('',(-2.99059039295,0.580778178047));
#1030 = CARTESIAN_POINT('',(-2.965543962658,0.592083811506));
#1031 = CARTESIAN_POINT('',(-2.940552778807,0.605187392845));
#1032 = CARTESIAN_POINT('',(-2.915624436019,0.620114593992));
#1033 = CARTESIAN_POINT('',(-2.890766412676,0.636894884865));
#1034 = CARTESIAN_POINT('',(-2.865986058141,0.655561680503));
#1035 = CARTESIAN_POINT('',(-2.841290580548,0.676152510772));
#1036 = CARTESIAN_POINT('',(-2.816687035226,0.6987092133));
#1037 = CARTESIAN_POINT('',(-2.792182313787,0.723278151952));
#1038 = CARTESIAN_POINT('',(-2.767783133936,0.749910462357));
#1039 = CARTESIAN_POINT('',(-2.743496029959,0.778662329261));
#1040 = CARTESIAN_POINT('',(-2.719327344166,0.809595290181));
#1041 = CARTESIAN_POINT('',(-2.695283218413,0.842776599972));
#1042 = CARTESIAN_POINT('',(-2.671369589036,0.878279543177));
#1043 = CARTESIAN_POINT('',(-2.647592172814,0.916184134757));
#1044 = CARTESIAN_POINT('',(-2.623956490195,0.956576585818));
#1045 = CARTESIAN_POINT('',(-2.60829733227,0.985227939936));
#1046 = CARTESIAN_POINT('',(-2.600493127633,1.));
#1047 = ( GEOMETRIC_REPRESENTATION_CONTEXT(2) 
PARAMETRIC_REPRESENTATION_CONTEXT() REPRESENTATION_CONTEXT('2D SPACE',''
  ) );
#1048 = PCURVE('',#1049,#1054);
#1049 = PLANE('',#1050);
#1050 = AXIS2_PLACEMENT_3D('',#1051,#1052,#1053);
#1051 = CARTESIAN_POINT('',(-7.375,119.,7.5));
#1052 = DIRECTION('',(0.,1.,0.));
#1053 = DIRECTION('',(0.,-0.,1.));
#1054 = DEFINITIONAL_REPRESENTATION('',(#1055),#1059);
#1055 = ( BOUNDED_CURVE() B_SPLINE_CURVE(2,(#1056,#1057,#1058),
.UNSPECIFIED.,.F.,.F.) B_SPLINE_CURVE_WITH_KNOTS((3,3),(0.168374582405,
0.33674916481),.PIECEWISE_BEZIER_KNOTS.) CURVE() 
GEOMETRIC_REPRESENTATION_ITEM() RATIONAL_B_SPLINE_CURVE((1.083333333333,
1.083333333333,1.)) REPRESENTATION_ITEM('') );
#1056 = CARTESIAN_POINT('',(0.2,-6.925));
#1057 = CARTESIAN_POINT('',(-0.548845264904,-6.925));
#1058 = CARTESIAN_POINT('',(-1.422498073959,-7.375));
#1059 = ( GEOMETRIC_REPRESENTATION_CONTEXT(2) 
PARAMETRIC_REPRESENTATION_CONTEXT() REPRESENTATION_CONTEXT('2D SPACE',''
  ) );
#1060 = ORIENTED_EDGE('',*,*,#1061,.T.);
#1061 = EDGE_CURVE('',#1012,#1062,#1064,.T.);
#1062 = VERTEX_POINT('',#1063);
#1063 = CARTESIAN_POINT('',(-12.75,117.45,7.7));
#1064 = SEAM_CURVE('',#1065,(#1069,#1076),.PCURVE_S1.);
#1065 = LINE('',#1066,#1067);
#1066 = CARTESIAN_POINT('',(-13.75,118.45,7.7));
#1067 = VECTOR('',#1068,1.);
#1068 = DIRECTION('',(0.707106781187,-0.707106781187,8.659560562355E-17)
  );
#1069 = PCURVE('',#987,#1070);
#1070 = DEFINITIONAL_REPRESENTATION('',(#1071),#1075);
#1071 = LINE('',#1072,#1073);
#1072 = CARTESIAN_POINT('',(-3.14159265359,2.904671048565E-15));
#1073 = VECTOR('',#1074,1.);
#1074 = DIRECTION('',(0.,-1.));
#1075 = ( GEOMETRIC_REPRESENTATION_CONTEXT(2) 
PARAMETRIC_REPRESENTATION_CONTEXT() REPRESENTATION_CONTEXT('2D SPACE',''
  ) );
#1076 = PCURVE('',#987,#1077);
#1077 = DEFINITIONAL_REPRESENTATION('',(#1078),#1082);
#1078 = LINE('',#1079,#1080);
#1079 = CARTESIAN_POINT('',(3.14159265359,2.904671048565E-15));
#1080 = VECTOR('',#1081,1.);
#1081 = DIRECTION('',(0.,-1.));
#1082 = ( GEOMETRIC_REPRESENTATION_CONTEXT(2) 
PARAMETRIC_REPRESENTATION_CONTEXT() REPRESENTATION_CONTEXT('2D SPACE',''
  ) );
#1083 = ORIENTED_EDGE('',*,*,#1084,.F.);
#1084 = EDGE_CURVE('',#1062,#1062,#1085,.T.);
#1085 = SURFACE_CURVE('',#1086,(#1091,#1098),.PCURVE_S1.);
#1086 = CIRCLE('',#1087,1.15);
#1087 = AXIS2_PLACEMENT_3D('',#1088,#1089,#1090);
#1088 = CARTESIAN_POINT('',(-12.75,116.3,7.7));
#1089 = DIRECTION('',(1.,0.,0.));
#1090 = DIRECTION('',(0.,-1.,0.));
#1091 = PCURVE('',#987,#1092);
#1092 = DEFINITIONAL_REPRESENTATION('',(#1093),#1097);
#1093 = LINE('',#1094,#1095);
#1094 = CARTESIAN_POINT('',(6.28318530718,-1.));
#1095 = VECTOR('',#1096,1.);
#1096 = DIRECTION('',(-1.,0.));
#1097 = ( GEOMETRIC_REPRESENTATION_CONTEXT(2) 
PARAMETRIC_REPRESENTATION_CONTEXT() REPRESENTATION_CONTEXT('2D SPACE',''
  ) );
#1098 = PCURVE('',#1099,#1104);
#1099 = CYLINDRICAL_SURFACE('',#1100,1.15);
#1100 = AXIS2_PLACEMENT_3D('',#1101,#1102,#1103);
#1101 = CARTESIAN_POINT('',(-14.75,116.3,7.7));
#1102 = DIRECTION('',(1.,0.,0.));
#1103 = DIRECTION('',(0.,-1.,0.));
#1104 = DEFINITIONAL_REPRESENTATION('',(#1105),#1109);
#1105 = LINE('',#1106,#1107);
#1106 = CARTESIAN_POINT('',(0.,2.));
#1107 = VECTOR('',#1108,1.);
#1108 = DIRECTION('',(1.,0.));
#1109 = ( GEOMETRIC_REPRESENTATION_CONTEXT(2) 
PARAMETRIC_REPRESENTATION_CONTEXT() REPRESENTATION_CONTEXT('2D SPACE',''
  ) );
#1110 = ORIENTED_EDGE('',*,*,#1061,.F.);
#1111 = ORIENTED_EDGE('',*,*,#1112,.F.);
#1112 = EDGE_CURVE('',#978,#1012,#1113,.T.);
#1113 = SURFACE_CURVE('',#1114,(#1118,#1147),.PCURVE_S1.);
#1114 = ( BOUNDED_CURVE() B_SPLINE_CURVE(2,(#1115,#1116,#1117),
.UNSPECIFIED.,.F.,.F.) B_SPLINE_CURVE_WITH_KNOTS((3,3),(0.,
0.168374582405),.PIECEWISE_BEZIER_KNOTS.) CURVE() 
GEOMETRIC_REPRESENTATION_ITEM() RATIONAL_B_SPLINE_CURVE((1.,
1.083333333333,1.083333333333)) REPRESENTATION_ITEM('') );
#1115 = CARTESIAN_POINT('',(-14.75,119.,9.322498073959));
#1116 = CARTESIAN_POINT('',(-14.3,119.,8.448845264904));
#1117 = CARTESIAN_POINT('',(-14.3,119.,7.7));
#1118 = PCURVE('',#987,#1119);
#1119 = DEFINITIONAL_REPRESENTATION('',(#1120),#1146);
#1120 = B_SPLINE_CURVE_WITH_KNOTS('',3,(#1121,#1122,#1123,#1124,#1125,
    #1126,#1127,#1128,#1129,#1130,#1131,#1132,#1133,#1134,#1135,#1136,
    #1137,#1138,#1139,#1140,#1141,#1142,#1143,#1144,#1145),
  .UNSPECIFIED.,.F.,.F.,(4,1,1,1,1,1,1,1,1,1,1,1,1,1,1,1,1,1,1,1,1,1,4),
  (0.,7.65339010931E-03,1.530678021862E-02,2.296017032793E-02,
    3.061356043724E-02,3.826695054655E-02,4.592034065586E-02,
    5.357373076517E-02,6.122712087448E-02,6.888051098379E-02,
    7.65339010931E-02,8.418729120241E-02,9.184068131172E-02,
    9.949407142103E-02,0.10714746153,0.11480085164,0.122454241749,
    0.130107631858,0.137761021968,0.145414412077,0.153067802186,
    0.160721192296,0.168374582405),.QUASI_UNIFORM_KNOTS.);
#1121 = CARTESIAN_POINT('',(2.600493127633,1.));
#1122 = CARTESIAN_POINT('',(2.60829733227,0.985227939936));
#1123 = CARTESIAN_POINT('',(2.623956490195,0.956576585818));
#1124 = CARTESIAN_POINT('',(2.647592172814,0.916184134757));
#1125 = CARTESIAN_POINT('',(2.671369589036,0.878279543177));
#1126 = CARTESIAN_POINT('',(2.695283218413,0.842776599972));
#1127 = CARTESIAN_POINT('',(2.719327344166,0.809595290181));
#1128 = CARTESIAN_POINT('',(2.743496029959,0.778662329261));
#1129 = CARTESIAN_POINT('',(2.767783133936,0.749910462357));
#1130 = CARTESIAN_POINT('',(2.792182313787,0.723278151952));
#1131 = CARTESIAN_POINT('',(2.816687035226,0.6987092133));
#1132 = CARTESIAN_POINT('',(2.841290580548,0.676152510772));
#1133 = CARTESIAN_POINT('',(2.865986058141,0.655561680503));
#1134 = CARTESIAN_POINT('',(2.890766412676,0.636894884865));
#1135 = CARTESIAN_POINT('',(2.915624436019,0.620114593992));
#1136 = CARTESIAN_POINT('',(2.940552778807,0.605187392845));
#1137 = CARTESIAN_POINT('',(2.965543962658,0.592083811506));
#1138 = CARTESIAN_POINT('',(2.99059039295,0.580778178047));
#1139 = CARTESIAN_POINT('',(3.015684372152,0.571248489096));
#1140 = CARTESIAN_POINT('',(3.040818113569,0.563476309802));
#1141 = CARTESIAN_POINT('',(3.065983755715,0.557446654106));
#1142 = CARTESIAN_POINT('',(3.091173376236,0.553148023958));
#1143 = CARTESIAN_POINT('',(3.116379009113,0.550571937087));
#1144 = CARTESIAN_POINT('',(3.133188103636,0.550000273887));
#1145 = CARTESIAN_POINT('',(3.14159265359,0.55));
#1146 = ( GEOMETRIC_REPRESENTATION_CONTEXT(2) 
PARAMETRIC_REPRESENTATION_CONTEXT() REPRESENTATION_CONTEXT('2D SPACE',''
  ) );
#1147 = PCURVE('',#1049,#1148);
#1148 = DEFINITIONAL_REPRESENTATION('',(#1149),#1153);
#1149 = ( BOUNDED_CURVE() B_SPLINE_CURVE(2,(#1150,#1151,#1152),
.UNSPECIFIED.,.F.,.F.) B_SPLINE_CURVE_WITH_KNOTS((3,3),(0.,
0.168374582405),.PIECEWISE_BEZIER_KNOTS.) CURVE() 
GEOMETRIC_REPRESENTATION_ITEM() RATIONAL_B_SPLINE_CURVE((1.,
1.083333333333,1.083333333333)) REPRESENTATION_ITEM('') );
#1150 = CARTESIAN_POINT('',(1.822498073959,-7.375));
#1151 = CARTESIAN_POINT('',(0.948845264904,-6.925));
#1152 = CARTESIAN_POINT('',(0.2,-6.925));
#1153 = ( GEOMETRIC_REPRESENTATION_CONTEXT(2) 
PARAMETRIC_REPRESENTATION_CONTEXT() REPRESENTATION_CONTEXT('2D SPACE',''
  ) );
#1154 = ADVANCED_FACE('',(#1155),#999,.T.);
#1155 = FACE_BOUND('',#1156,.T.);
#1156 = EDGE_LOOP('',(#1157,#1158,#1181,#1209,#1262,#1291,#1315,#1337,
    #1360));
#1157 = ORIENTED_EDGE('',*,*,#975,.F.);
#1158 = ORIENTED_EDGE('',*,*,#1159,.F.);
#1159 = EDGE_CURVE('',#1160,#976,#1162,.T.);
#1160 = VERTEX_POINT('',#1161);
#1161 = CARTESIAN_POINT('',(-14.75,119.,2.));
#1162 = SURFACE_CURVE('',#1163,(#1167,#1174),.PCURVE_S1.);
#1163 = LINE('',#1164,#1165);
#1164 = CARTESIAN_POINT('',(-14.75,119.,10.));
#1165 = VECTOR('',#1166,1.);
#1166 = DIRECTION('',(0.,0.,1.));
#1167 = PCURVE('',#999,#1168);
#1168 = DEFINITIONAL_REPRESENTATION('',(#1169),#1173);
#1169 = LINE('',#1170,#1171);
#1170 = CARTESIAN_POINT('',(8.,21.));
#1171 = VECTOR('',#1172,1.);
#1172 = DIRECTION('',(1.,0.));
#1173 = ( GEOMETRIC_REPRESENTATION_CONTEXT(2) 
PARAMETRIC_REPRESENTATION_CONTEXT() REPRESENTATION_CONTEXT('2D SPACE',''
  ) );
#1174 = PCURVE('',#1049,#1175);
#1175 = DEFINITIONAL_REPRESENTATION('',(#1176),#1180);
#1176 = LINE('',#1177,#1178);
#1177 = CARTESIAN_POINT('',(2.5,-7.375));
#1178 = VECTOR('',#1179,1.);
#1179 = DIRECTION('',(1.,0.));
#1180 = ( GEOMETRIC_REPRESENTATION_CONTEXT(2) 
PARAMETRIC_REPRESENTATION_CONTEXT() REPRESENTATION_CONTEXT('2D SPACE',''
  ) );
#1181 = ORIENTED_EDGE('',*,*,#1182,.F.);
#1182 = EDGE_CURVE('',#1183,#1160,#1185,.T.);
#1183 = VERTEX_POINT('',#1184);
#1184 = CARTESIAN_POINT('',(-14.75,98.,2.));
#1185 = SURFACE_CURVE('',#1186,(#1190,#1197),.PCURVE_S1.);
#1186 = LINE('',#1187,#1188);
#1187 = CARTESIAN_POINT('',(-14.75,98.,2.));
#1188 = VECTOR('',#1189,1.);
#1189 = DIRECTION('',(0.,1.,0.));
#1190 = PCURVE('',#999,#1191);
#1191 = DEFINITIONAL_REPRESENTATION('',(#1192),#1196);
#1192 = LINE('',#1193,#1194);
#1193 = CARTESIAN_POINT('',(0.,0.));
#1194 = VECTOR('',#1195,1.);
#1195 = DIRECTION('',(0.,1.));
#1196 = ( GEOMETRIC_REPRESENTATION_CONTEXT(2) 
PARAMETRIC_REPRESENTATION_CONTEXT() REPRESENTATION_CONTEXT('2D SPACE',''
  ) );
#1197 = PCURVE('',#1198,#1203);
#1198 = PLANE('',#1199);
#1199 = AXIS2_PLACEMENT_3D('',#1200,#1201,#1202);
#1200 = CARTESIAN_POINT('',(-11.75,98.,2.));
#1201 = DIRECTION('',(-5.551115123126E-16,0.,-1.));
#1202 = DIRECTION('',(-1.,0.,5.551115123126E-16));
#1203 = DEFINITIONAL_REPRESENTATION('',(#1204),#1208);
#1204 = LINE('',#1205,#1206);
#1205 = CARTESIAN_POINT('',(3.,0.));
#1206 = VECTOR('',#1207,1.);
#1207 = DIRECTION('',(0.,1.));
#1208 = ( GEOMETRIC_REPRESENTATION_CONTEXT(2) 
PARAMETRIC_REPRESENTATION_CONTEXT() REPRESENTATION_CONTEXT('2D SPACE',''
  ) );
#1209 = ORIENTED_EDGE('',*,*,#1210,.F.);
#1210 = EDGE_CURVE('',#1211,#1183,#1213,.T.);
#1211 = VERTEX_POINT('',#1212);
#1212 = CARTESIAN_POINT('',(-14.75,98.,5.547675674997));
#1213 = SURFACE_CURVE('',#1214,(#1218,#1225),.PCURVE_S1.);
#1214 = LINE('',#1215,#1216);
#1215 = CARTESIAN_POINT('',(-14.75,98.,13.));
#1216 = VECTOR('',#1217,1.);
#1217 = DIRECTION('',(3.416070845E-16,0.,-1.));
#1218 = PCURVE('',#999,#1219);
#1219 = DEFINITIONAL_REPRESENTATION('',(#1220),#1224);
#1220 = LINE('',#1221,#1222);
#1221 = CARTESIAN_POINT('',(11.,0.));
#1222 = VECTOR('',#1223,1.);
#1223 = DIRECTION('',(-1.,0.));
#1224 = ( GEOMETRIC_REPRESENTATION_CONTEXT(2) 
PARAMETRIC_REPRESENTATION_CONTEXT() REPRESENTATION_CONTEXT('2D SPACE',''
  ) );
#1225 = PCURVE('',#1226,#1257);
#1226 = B_SPLINE_SURFACE_WITH_KNOTS('',5,1,(
    (#1227,#1228)
    ,(#1229,#1230)
    ,(#1231,#1232)
    ,(#1233,#1234)
    ,(#1235,#1236)
    ,(#1237,#1238)
    ,(#1239,#1240)
    ,(#1241,#1242)
    ,(#1243,#1244)
    ,(#1245,#1246)
    ,(#1247,#1248)
    ,(#1249,#1250)
    ,(#1251,#1252)
    ,(#1253,#1254)
    ,(#1255,#1256
    )),.UNSPECIFIED.,.F.,.F.,.F.,(6,1,1,1,1,1,1,1,1,1,6),(2,2),(0.,0.1,
    0.2,0.3,0.4,0.5,0.6,0.7,0.8,0.9,1.),(0.,2.6),.UNSPECIFIED.);
#1227 = CARTESIAN_POINT('',(-22.,35.,13.));
#1228 = CARTESIAN_POINT('',(-22.,35.,-13.));
#1229 = CARTESIAN_POINT('',(-22.,36.09753477663,13.));
#1230 = CARTESIAN_POINT('',(-22.,36.09753477663,-13.));
#1231 = CARTESIAN_POINT('',(-21.75678934388,38.359612240205,13.));
#1232 = CARTESIAN_POINT('',(-21.75678934388,38.359612240205,-13.));
#1233 = CARTESIAN_POINT('',(-20.66335817359,41.953331310778,13.));
#1234 = CARTESIAN_POINT('',(-20.66335817359,41.953331310778,-13.));
#1235 = CARTESIAN_POINT('',(-18.03290463321,47.060332670845,13.));
#1236 = CARTESIAN_POINT('',(-18.03290463321,47.060332670845,-13.));
#1237 = CARTESIAN_POINT('',(-14.29036527949,53.526873440608,13.));
#1238 = CARTESIAN_POINT('',(-14.29036527949,53.526873440608,-13.));
#1239 = CARTESIAN_POINT('',(-11.57620002372,59.687040351867,13.));
#1240 = CARTESIAN_POINT('',(-11.57620002372,59.687040351867,-13.));
#1241 = CARTESIAN_POINT('',(-10.98904115726,65.304319938066,13.));
#1242 = CARTESIAN_POINT('',(-10.98904115726,65.304319938066,-13.));
#1243 = CARTESIAN_POINT('',(-11.87145737938,70.819991846056,13.));
#1244 = CARTESIAN_POINT('',(-11.87145737938,70.819991846056,-13.));
#1245 = CARTESIAN_POINT('',(-13.01397444579,76.771778090167,13.));
#1246 = CARTESIAN_POINT('',(-13.01397444579,76.771778090167,-13.));
#1247 = CARTESIAN_POINT('',(-14.02782450268,83.267482326693,13.));
#1248 = CARTESIAN_POINT('',(-14.02782450268,83.267482326693,-13.));
#1249 = CARTESIAN_POINT('',(-14.52351774335,88.917591126784,13.));
#1250 = CARTESIAN_POINT('',(-14.52351774335,88.917591126784,-13.));
#1251 = CARTESIAN_POINT('',(-14.70896147407,93.377105559652,13.));
#1252 = CARTESIAN_POINT('',(-14.70896147407,93.377105559652,-13.));
#1253 = CARTESIAN_POINT('',(-14.75,96.443506484448,13.));
#1254 = CARTESIAN_POINT('',(-14.75,96.443506484448,-13.));
#1255 = CARTESIAN_POINT('',(-14.75,98.,13.));
#1256 = CARTESIAN_POINT('',(-14.75,98.,-13.));
#1257 = DEFINITIONAL_REPRESENTATION('',(#1258),#1261);
#1258 = B_SPLINE_CURVE_WITH_KNOTS('',1,(#1259,#1260),.UNSPECIFIED.,.F.,
  .F.,(2,2),(7.452324325003,11.),.PIECEWISE_BEZIER_KNOTS.);
#1259 = CARTESIAN_POINT('',(1.,0.7452324325));
#1260 = CARTESIAN_POINT('',(1.,1.1));
#1261 = ( GEOMETRIC_REPRESENTATION_CONTEXT(2) 
PARAMETRIC_REPRESENTATION_CONTEXT() REPRESENTATION_CONTEXT('2D SPACE',''
  ) );
#1262 = ORIENTED_EDGE('',*,*,#1263,.F.);
#1263 = EDGE_CURVE('',#1264,#1211,#1266,.T.);
#1264 = VERTEX_POINT('',#1265);
#1265 = CARTESIAN_POINT('',(-14.75,103.45,7.7));
#1266 = SURFACE_CURVE('',#1267,(#1272,#1279),.PCURVE_S1.);
#1267 = CIRCLE('',#1268,3.15);
#1268 = AXIS2_PLACEMENT_3D('',#1269,#1270,#1271);
#1269 = CARTESIAN_POINT('',(-14.75,100.3,7.7));
#1270 = DIRECTION('',(-1.,0.,0.));
#1271 = DIRECTION('',(0.,-1.,0.));
#1272 = PCURVE('',#999,#1273);
#1273 = DEFINITIONAL_REPRESENTATION('',(#1274),#1278);
#1274 = CIRCLE('',#1275,3.15);
#1275 = AXIS2_PLACEMENT_2D('',#1276,#1277);
#1276 = CARTESIAN_POINT('',(5.7,2.3));
#1277 = DIRECTION('',(0.,-1.));
#1278 = ( GEOMETRIC_REPRESENTATION_CONTEXT(2) 
PARAMETRIC_REPRESENTATION_CONTEXT() REPRESENTATION_CONTEXT('2D SPACE',''
  ) );
#1279 = PCURVE('',#1280,#1285);
#1280 = CONICAL_SURFACE('',#1281,2.15,0.785398163397);
#1281 = AXIS2_PLACEMENT_3D('',#1282,#1283,#1284);
#1282 = CARTESIAN_POINT('',(-13.75,100.3,7.7));
#1283 = DIRECTION('',(-1.,0.,0.));
#1284 = DIRECTION('',(0.,-1.,0.));
#1285 = DEFINITIONAL_REPRESENTATION('',(#1286),#1290);
#1286 = LINE('',#1287,#1288);
#1287 = CARTESIAN_POINT('',(-6.28318530718,1.));
#1288 = VECTOR('',#1289,1.);
#1289 = DIRECTION('',(1.,-7.22833114842E-16));
#1290 = ( GEOMETRIC_REPRESENTATION_CONTEXT(2) 
PARAMETRIC_REPRESENTATION_CONTEXT() REPRESENTATION_CONTEXT('2D SPACE',''
  ) );
#1291 = ORIENTED_EDGE('',*,*,#1292,.F.);
#1292 = EDGE_CURVE('',#1293,#1264,#1295,.T.);
#1293 = VERTEX_POINT('',#1294);
#1294 = CARTESIAN_POINT('',(-14.75,98.,9.852324325003));
#1295 = SURFACE_CURVE('',#1296,(#1301,#1308),.PCURVE_S1.);
#1296 = CIRCLE('',#1297,3.15);
#1297 = AXIS2_PLACEMENT_3D('',#1298,#1299,#1300);
#1298 = CARTESIAN_POINT('',(-14.75,100.3,7.7));
#1299 = DIRECTION('',(-1.,0.,0.));
#1300 = DIRECTION('',(0.,-1.,0.));
#1301 = PCURVE('',#999,#1302);
#1302 = DEFINITIONAL_REPRESENTATION('',(#1303),#1307);
#1303 = CIRCLE('',#1304,3.15);
#1304 = AXIS2_PLACEMENT_2D('',#1305,#1306);
#1305 = CARTESIAN_POINT('',(5.7,2.3));
#1306 = DIRECTION('',(0.,-1.));
#1307 = ( GEOMETRIC_REPRESENTATION_CONTEXT(2) 
PARAMETRIC_REPRESENTATION_CONTEXT() REPRESENTATION_CONTEXT('2D SPACE',''
  ) );
#1308 = PCURVE('',#1280,#1309);
#1309 = DEFINITIONAL_REPRESENTATION('',(#1310),#1314);
#1310 = LINE('',#1311,#1312);
#1311 = CARTESIAN_POINT('',(1.221245327088E-15,1.));
#1312 = VECTOR('',#1313,1.);
#1313 = DIRECTION('',(1.,2.234211445875E-15));
#1314 = ( GEOMETRIC_REPRESENTATION_CONTEXT(2) 
PARAMETRIC_REPRESENTATION_CONTEXT() REPRESENTATION_CONTEXT('2D SPACE',''
  ) );
#1315 = ORIENTED_EDGE('',*,*,#1316,.F.);
#1316 = EDGE_CURVE('',#1317,#1293,#1319,.T.);
#1317 = VERTEX_POINT('',#1318);
#1318 = CARTESIAN_POINT('',(-14.75,98.,13.));
#1319 = SURFACE_CURVE('',#1320,(#1324,#1331),.PCURVE_S1.);
#1320 = LINE('',#1321,#1322);
#1321 = CARTESIAN_POINT('',(-14.75,98.,13.));
#1322 = VECTOR('',#1323,1.);
#1323 = DIRECTION('',(3.416070845E-16,0.,-1.));
#1324 = PCURVE('',#999,#1325);
#1325 = DEFINITIONAL_REPRESENTATION('',(#1326),#1330);
#1326 = LINE('',#1327,#1328);
#1327 = CARTESIAN_POINT('',(11.,0.));
#1328 = VECTOR('',#1329,1.);
#1329 = DIRECTION('',(-1.,0.));
#1330 = ( GEOMETRIC_REPRESENTATION_CONTEXT(2) 
PARAMETRIC_REPRESENTATION_CONTEXT() REPRESENTATION_CONTEXT('2D SPACE',''
  ) );
#1331 = PCURVE('',#1226,#1332);
#1332 = DEFINITIONAL_REPRESENTATION('',(#1333),#1336);
#1333 = B_SPLINE_CURVE_WITH_KNOTS('',1,(#1334,#1335),.UNSPECIFIED.,.F.,
  .F.,(2,2),(0.,3.147675674997),.PIECEWISE_BEZIER_KNOTS.);
#1334 = CARTESIAN_POINT('',(1.,-4.324882466045E-17));
#1335 = CARTESIAN_POINT('',(1.,0.3147675675));
#1336 = ( GEOMETRIC_REPRESENTATION_CONTEXT(2) 
PARAMETRIC_REPRESENTATION_CONTEXT() REPRESENTATION_CONTEXT('2D SPACE',''
  ) );
#1337 = ORIENTED_EDGE('',*,*,#1338,.T.);
#1338 = EDGE_CURVE('',#1317,#1339,#1341,.T.);
#1339 = VERTEX_POINT('',#1340);
#1340 = CARTESIAN_POINT('',(-14.75,119.,13.));
#1341 = SURFACE_CURVE('',#1342,(#1346,#1353),.PCURVE_S1.);
#1342 = LINE('',#1343,#1344);
#1343 = CARTESIAN_POINT('',(-14.75,98.,13.));
#1344 = VECTOR('',#1345,1.);
#1345 = DIRECTION('',(0.,1.,0.));
#1346 = PCURVE('',#999,#1347);
#1347 = DEFINITIONAL_REPRESENTATION('',(#1348),#1352);
#1348 = LINE('',#1349,#1350);
#1349 = CARTESIAN_POINT('',(11.,0.));
#1350 = VECTOR('',#1351,1.);
#1351 = DIRECTION('',(0.,1.));
#1352 = ( GEOMETRIC_REPRESENTATION_CONTEXT(2) 
PARAMETRIC_REPRESENTATION_CONTEXT() REPRESENTATION_CONTEXT('2D SPACE',''
  ) );
#1353 = PCURVE('',#72,#1354);
#1354 = DEFINITIONAL_REPRESENTATION('',(#1355),#1359);
#1355 = LINE('',#1356,#1357);
#1356 = CARTESIAN_POINT('',(98.,-4.25));
#1357 = VECTOR('',#1358,1.);
#1358 = DIRECTION('',(1.,0.));
#1359 = ( GEOMETRIC_REPRESENTATION_CONTEXT(2) 
PARAMETRIC_REPRESENTATION_CONTEXT() REPRESENTATION_CONTEXT('2D SPACE',''
  ) );
#1360 = ORIENTED_EDGE('',*,*,#1361,.F.);
#1361 = EDGE_CURVE('',#978,#1339,#1362,.T.);
#1362 = SURFACE_CURVE('',#1363,(#1367,#1374),.PCURVE_S1.);
#1363 = LINE('',#1364,#1365);
#1364 = CARTESIAN_POINT('',(-14.75,119.,10.));
#1365 = VECTOR('',#1366,1.);
#1366 = DIRECTION('',(0.,0.,1.));
#1367 = PCURVE('',#999,#1368);
#1368 = DEFINITIONAL_REPRESENTATION('',(#1369),#1373);
#1369 = LINE('',#1370,#1371);
#1370 = CARTESIAN_POINT('',(8.,21.));
#1371 = VECTOR('',#1372,1.);
#1372 = DIRECTION('',(1.,0.));
#1373 = ( GEOMETRIC_REPRESENTATION_CONTEXT(2) 
PARAMETRIC_REPRESENTATION_CONTEXT() REPRESENTATION_CONTEXT('2D SPACE',''
  ) );
#1374 = PCURVE('',#1049,#1375);
#1375 = DEFINITIONAL_REPRESENTATION('',(#1376),#1380);
#1376 = LINE('',#1377,#1378);
#1377 = CARTESIAN_POINT('',(2.5,-7.375));
#1378 = VECTOR('',#1379,1.);
#1379 = DIRECTION('',(1.,0.));
#1380 = ( GEOMETRIC_REPRESENTATION_CONTEXT(2) 
PARAMETRIC_REPRESENTATION_CONTEXT() REPRESENTATION_CONTEXT('2D SPACE',''
  ) );
#1381 = ADVANCED_FACE('',(#1382),#1099,.F.);
#1382 = FACE_BOUND('',#1383,.F.);
#1383 = EDGE_LOOP('',(#1384,#1407,#1438,#1439));
#1384 = ORIENTED_EDGE('',*,*,#1385,.T.);
#1385 = EDGE_CURVE('',#1062,#1386,#1388,.T.);
#1386 = VERTEX_POINT('',#1387);
#1387 = CARTESIAN_POINT('',(-11.75,117.45,7.7));
#1388 = SEAM_CURVE('',#1389,(#1393,#1400),.PCURVE_S1.);
#1389 = LINE('',#1390,#1391);
#1390 = CARTESIAN_POINT('',(-14.75,117.45,7.7));
#1391 = VECTOR('',#1392,1.);
#1392 = DIRECTION('',(1.,0.,0.));
#1393 = PCURVE('',#1099,#1394);
#1394 = DEFINITIONAL_REPRESENTATION('',(#1395),#1399);
#1395 = LINE('',#1396,#1397);
#1396 = CARTESIAN_POINT('',(9.424777960769,0.));
#1397 = VECTOR('',#1398,1.);
#1398 = DIRECTION('',(0.,1.));
#1399 = ( GEOMETRIC_REPRESENTATION_CONTEXT(2) 
PARAMETRIC_REPRESENTATION_CONTEXT() REPRESENTATION_CONTEXT('2D SPACE',''
  ) );
#1400 = PCURVE('',#1099,#1401);
#1401 = DEFINITIONAL_REPRESENTATION('',(#1402),#1406);
#1402 = LINE('',#1403,#1404);
#1403 = CARTESIAN_POINT('',(3.14159265359,0.));
#1404 = VECTOR('',#1405,1.);
#1405 = DIRECTION('',(0.,1.));
#1406 = ( GEOMETRIC_REPRESENTATION_CONTEXT(2) 
PARAMETRIC_REPRESENTATION_CONTEXT() REPRESENTATION_CONTEXT('2D SPACE',''
  ) );
#1407 = ORIENTED_EDGE('',*,*,#1408,.T.);
#1408 = EDGE_CURVE('',#1386,#1386,#1409,.T.);
#1409 = SURFACE_CURVE('',#1410,(#1415,#1422),.PCURVE_S1.);
#1410 = CIRCLE('',#1411,1.15);
#1411 = AXIS2_PLACEMENT_3D('',#1412,#1413,#1414);
#1412 = CARTESIAN_POINT('',(-11.75,116.3,7.7));
#1413 = DIRECTION('',(-1.,0.,1.110223024625E-15));
#1414 = DIRECTION('',(0.,-1.,0.));
#1415 = PCURVE('',#1099,#1416);
#1416 = DEFINITIONAL_REPRESENTATION('',(#1417),#1421);
#1417 = LINE('',#1418,#1419);
#1418 = CARTESIAN_POINT('',(12.566370614359,3.));
#1419 = VECTOR('',#1420,1.);
#1420 = DIRECTION('',(-1.,0.));
#1421 = ( GEOMETRIC_REPRESENTATION_CONTEXT(2) 
PARAMETRIC_REPRESENTATION_CONTEXT() REPRESENTATION_CONTEXT('2D SPACE',''
  ) );
#1422 = PCURVE('',#1423,#1428);
#1423 = PLANE('',#1424);
#1424 = AXIS2_PLACEMENT_3D('',#1425,#1426,#1427);
#1425 = CARTESIAN_POINT('',(-11.75,98.,10.));
#1426 = DIRECTION('',(1.,0.,-1.110223024625E-15));
#1427 = DIRECTION('',(-1.110223024625E-15,0.,-1.));
#1428 = DEFINITIONAL_REPRESENTATION('',(#1429),#1437);
#1429 = ( BOUNDED_CURVE() B_SPLINE_CURVE(2,(#1430,#1431,#1432,#1433,
#1434,#1435,#1436),.UNSPECIFIED.,.T.,.F.) B_SPLINE_CURVE_WITH_KNOTS((1,2
    ,2,2,2,1),(-2.094395102393,0.,2.094395102393,4.188790204786,
6.28318530718,8.377580409573),.UNSPECIFIED.) CURVE() 
GEOMETRIC_REPRESENTATION_ITEM() RATIONAL_B_SPLINE_CURVE((1.,0.5,1.,0.5,
1.,0.5,1.)) REPRESENTATION_ITEM('') );
#1430 = CARTESIAN_POINT('',(2.3,17.15));
#1431 = CARTESIAN_POINT('',(0.308141571296,17.15));
#1432 = CARTESIAN_POINT('',(1.304070785648,18.875));
#1433 = CARTESIAN_POINT('',(2.3,20.6));
#1434 = CARTESIAN_POINT('',(3.295929214352,18.875));
#1435 = CARTESIAN_POINT('',(4.291858428704,17.15));
#1436 = CARTESIAN_POINT('',(2.3,17.15));
#1437 = ( GEOMETRIC_REPRESENTATION_CONTEXT(2) 
PARAMETRIC_REPRESENTATION_CONTEXT() REPRESENTATION_CONTEXT('2D SPACE',''
  ) );
#1438 = ORIENTED_EDGE('',*,*,#1385,.F.);
#1439 = ORIENTED_EDGE('',*,*,#1084,.T.);
#1440 = ADVANCED_FACE('',(#1441),#1280,.F.);
#1441 = FACE_BOUND('',#1442,.F.);
#1442 = EDGE_LOOP('',(#1443,#1444,#1467,#1494,#1495,#1496));
#1443 = ORIENTED_EDGE('',*,*,#1263,.F.);
#1444 = ORIENTED_EDGE('',*,*,#1445,.T.);
#1445 = EDGE_CURVE('',#1264,#1446,#1448,.T.);
#1446 = VERTEX_POINT('',#1447);
#1447 = CARTESIAN_POINT('',(-12.75,101.45,7.7));
#1448 = SEAM_CURVE('',#1449,(#1453,#1460),.PCURVE_S1.);
#1449 = LINE('',#1450,#1451);
#1450 = CARTESIAN_POINT('',(-13.75,102.45,7.7));
#1451 = VECTOR('',#1452,1.);
#1452 = DIRECTION('',(0.707106781187,-0.707106781187,8.659560562355E-17)
  );
#1453 = PCURVE('',#1280,#1454);
#1454 = DEFINITIONAL_REPRESENTATION('',(#1455),#1459);
#1455 = LINE('',#1456,#1457);
#1456 = CARTESIAN_POINT('',(-3.14159265359,3.768221900841E-15));
#1457 = VECTOR('',#1458,1.);
#1458 = DIRECTION('',(0.,-1.));
#1459 = ( GEOMETRIC_REPRESENTATION_CONTEXT(2) 
PARAMETRIC_REPRESENTATION_CONTEXT() REPRESENTATION_CONTEXT('2D SPACE',''
  ) );
#1460 = PCURVE('',#1280,#1461);
#1461 = DEFINITIONAL_REPRESENTATION('',(#1462),#1466);
#1462 = LINE('',#1463,#1464);
#1463 = CARTESIAN_POINT('',(3.14159265359,3.768221900841E-15));
#1464 = VECTOR('',#1465,1.);
#1465 = DIRECTION('',(0.,-1.));
#1466 = ( GEOMETRIC_REPRESENTATION_CONTEXT(2) 
PARAMETRIC_REPRESENTATION_CONTEXT() REPRESENTATION_CONTEXT('2D SPACE',''
  ) );
#1467 = ORIENTED_EDGE('',*,*,#1468,.F.);
#1468 = EDGE_CURVE('',#1446,#1446,#1469,.T.);
#1469 = SURFACE_CURVE('',#1470,(#1475,#1482),.PCURVE_S1.);
#1470 = CIRCLE('',#1471,1.15);
#1471 = AXIS2_PLACEMENT_3D('',#1472,#1473,#1474);
#1472 = CARTESIAN_POINT('',(-12.75,100.3,7.7));
#1473 = DIRECTION('',(1.,0.,0.));
#1474 = DIRECTION('',(0.,-1.,0.));
#1475 = PCURVE('',#1280,#1476);
#1476 = DEFINITIONAL_REPRESENTATION('',(#1477),#1481);
#1477 = LINE('',#1478,#1479);
#1478 = CARTESIAN_POINT('',(6.28318530718,-1.));
#1479 = VECTOR('',#1480,1.);
#1480 = DIRECTION('',(-1.,0.));
#1481 = ( GEOMETRIC_REPRESENTATION_CONTEXT(2) 
PARAMETRIC_REPRESENTATION_CONTEXT() REPRESENTATION_CONTEXT('2D SPACE',''
  ) );
#1482 = PCURVE('',#1483,#1488);
#1483 = CYLINDRICAL_SURFACE('',#1484,1.15);
#1484 = AXIS2_PLACEMENT_3D('',#1485,#1486,#1487);
#1485 = CARTESIAN_POINT('',(-14.75,100.3,7.7));
#1486 = DIRECTION('',(1.,0.,0.));
#1487 = DIRECTION('',(0.,-1.,0.));
#1488 = DEFINITIONAL_REPRESENTATION('',(#1489),#1493);
#1489 = LINE('',#1490,#1491);
#1490 = CARTESIAN_POINT('',(0.,2.));
#1491 = VECTOR('',#1492,1.);
#1492 = DIRECTION('',(1.,0.));
#1493 = ( GEOMETRIC_REPRESENTATION_CONTEXT(2) 
PARAMETRIC_REPRESENTATION_CONTEXT() REPRESENTATION_CONTEXT('2D SPACE',''
  ) );
#1494 = ORIENTED_EDGE('',*,*,#1445,.F.);
#1495 = ORIENTED_EDGE('',*,*,#1292,.F.);
#1496 = ORIENTED_EDGE('',*,*,#1497,.F.);
#1497 = EDGE_CURVE('',#1211,#1293,#1498,.T.);
#1498 = SURFACE_CURVE('',#1499,(#1525,#1531),.PCURVE_S1.);
#1499 = B_SPLINE_CURVE_WITH_KNOTS('',3,(#1500,#1501,#1502,#1503,#1504,
    #1505,#1506,#1507,#1508,#1509,#1510,#1511,#1512,#1513,#1514,#1515,
    #1516,#1517,#1518,#1519,#1520,#1521,#1522,#1523,#1524),
  .UNSPECIFIED.,.F.,.F.,(4,3,3,3,3,3,3,3,4),(-0.474667907507,
    -0.404207182226,-0.341533845803,-0.283411928673,-0.225290011542,
    -0.166811404021,-0.108332796499,-3.636917804297E-02,0.),
  .UNSPECIFIED.);
#1500 = CARTESIAN_POINT('',(-14.75,98.,5.547675674997));
#1501 = CARTESIAN_POINT('',(-14.75,97.839506517396,5.719180966138));
#1502 = CARTESIAN_POINT('',(-14.74973984701,97.698893865723,5.9082736303
    ));
#1503 = CARTESIAN_POINT('',(-14.7494022177,97.580691118377,
    6.111260394155));
#1504 = CARTESIAN_POINT('',(-14.74910190351,97.475552255257,
    6.291812860653));
#1505 = CARTESIAN_POINT('',(-14.74874297915,97.388685998312,
    6.482425382375));
#1506 = CARTESIAN_POINT('',(-14.7484304251,97.321305336627,
    6.680199899016));
#1507 = CARTESIAN_POINT('',(-14.74814056914,97.258817946325,
    6.863611772752));
#1508 = CARTESIAN_POINT('',(-14.7478928688,97.213485938419,
    7.052044915494));
#1509 = CARTESIAN_POINT('',(-14.74773749813,97.18561994507,
    7.243032741458));
#1510 = CARTESIAN_POINT('',(-14.74758212746,97.15775395172,
    7.434020567423));
#1511 = CARTESIAN_POINT('',(-14.74751926393,97.147353770684,
    7.627563076608));
#1512 = CARTESIAN_POINT('',(-14.74756220821,97.154771876998,
    7.821193683231));
#1513 = CARTESIAN_POINT('',(-14.74760541604,97.162235507743,
    8.01601258818));
#1514 = CARTESIAN_POINT('',(-14.74775530386,97.187676315426,
    8.209354806186));
#1515 = CARTESIAN_POINT('',(-14.74798106559,97.230556356338,
    8.398738654507));
#1516 = CARTESIAN_POINT('',(-14.74820682732,97.27343639725,
    8.588122502828));
#1517 = CARTESIAN_POINT('',(-14.74850818711,97.333755985135,
    8.773547981465));
#1518 = CARTESIAN_POINT('',(-14.74881884595,97.411017447734,
    8.952533407676));
#1519 = CARTESIAN_POINT('',(-14.74920114189,97.506095197554,
    9.172792395823));
#1520 = CARTESIAN_POINT('',(-14.74959314627,97.625882892699,
    9.381126276747));
#1521 = CARTESIAN_POINT('',(-14.74981716239,97.767918271018,
    9.573472819242));
#1522 = CARTESIAN_POINT('',(-14.74993037629,97.839700514231,
    9.670681461609));
#1523 = CARTESIAN_POINT('',(-14.75,97.917165855468,9.763806748814));
#1524 = CARTESIAN_POINT('',(-14.75,98.,9.852324325003));
#1525 = PCURVE('',#1280,#1526);
#1526 = DEFINITIONAL_REPRESENTATION('',(#1527),#1530);
#1527 = B_SPLINE_CURVE_WITH_KNOTS('',1,(#1528,#1529),.UNSPECIFIED.,.F.,
  .F.,(2,2),(-0.474667907507,0.),.PIECEWISE_BEZIER_KNOTS.);
#1528 = CARTESIAN_POINT('',(-0.752242097992,1.));
#1529 = CARTESIAN_POINT('',(0.752242097992,1.));
#1530 = ( GEOMETRIC_REPRESENTATION_CONTEXT(2) 
PARAMETRIC_REPRESENTATION_CONTEXT() REPRESENTATION_CONTEXT('2D SPACE',''
  ) );
#1531 = PCURVE('',#1226,#1532);
#1532 = DEFINITIONAL_REPRESENTATION('',(#1533),#1581);
#1533 = B_SPLINE_CURVE_WITH_KNOTS('',3,(#1534,#1535,#1536,#1537,#1538,
    #1539,#1540,#1541,#1542,#1543,#1544,#1545,#1546,#1547,#1548,#1549,
    #1550,#1551,#1552,#1553,#1554,#1555,#1556,#1557,#1558,#1559,#1560,
    #1561,#1562,#1563,#1564,#1565,#1566,#1567,#1568,#1569,#1570,#1571,
    #1572,#1573,#1574,#1575,#1576,#1577,#1578,#1579,#1580),
  .UNSPECIFIED.,.F.,.F.,(4,1,1,1,1,1,1,1,1,1,1,1,1,1,1,1,1,1,1,1,1,1,1,1
    ,1,1,1,1,1,1,1,1,1,1,1,1,1,1,1,1,1,1,1,1,4),(-0.474667907507,
    -0.463880000518,-0.453092093529,-0.44230418654,-0.431516279552,
    -0.420728372563,-0.409940465574,-0.399152558585,-0.388364651596,
    -0.377576744608,-0.366788837619,-0.35600093063,-0.345213023641,
    -0.334425116652,-0.323637209664,-0.312849302675,-0.302061395686,
    -0.291273488697,-0.280485581708,-0.26969767472,-0.258909767731,
    -0.248121860742,-0.237333953753,-0.226546046765,-0.215758139776,
    -0.204970232787,-0.194182325798,-0.183394418809,-0.172606511821,
    -0.161818604832,-0.151030697843,-0.140242790854,-0.129454883865,
    -0.118666976877,-0.107879069888,-9.709116289909E-02,
    -8.63032559103E-02,-7.551534892151E-02,-6.472744193273E-02,
    -5.393953494394E-02,-4.315162795515E-02,-3.236372096636E-02,
    -2.157581397758E-02,-1.078790698879E-02,0.),.UNSPECIFIED.);
#1534 = CARTESIAN_POINT('',(1.,0.7452324325));
#1535 = CARTESIAN_POINT('',(0.999684259532,0.742606596445));
#1536 = CARTESIAN_POINT('',(0.999064576194,0.737272469979));
#1537 = CARTESIAN_POINT('',(0.998171203125,0.729031874463));
#1538 = CARTESIAN_POINT('',(0.997314740397,0.720559813517));
#1539 = CARTESIAN_POINT('',(0.996495949025,0.711864286559));
#1540 = CARTESIAN_POINT('',(0.995715575183,0.702953073742));
#1541 = CARTESIAN_POINT('',(0.994974415646,0.693834773256));
#1542 = CARTESIAN_POINT('',(0.994273072444,0.684514930404));
#1543 = CARTESIAN_POINT('',(0.993613663705,0.6750214968));
#1544 = CARTESIAN_POINT('',(0.992996584435,0.665361959109));
#1545 = CARTESIAN_POINT('',(0.992422395218,0.655545536779));
#1546 = CARTESIAN_POINT('',(0.991891616214,0.645581072878));
#1547 = CARTESIAN_POINT('',(0.991404748398,0.635477183209));
#1548 = CARTESIAN_POINT('',(0.990962393778,0.625243769018));
#1549 = CARTESIAN_POINT('',(0.990566040881,0.614916636782));
#1550 = CARTESIAN_POINT('',(0.990215631354,0.604500384509));
#1551 = CARTESIAN_POINT('',(0.98991141404,0.594005779371));
#1552 = CARTESIAN_POINT('',(0.989653551145,0.583441934034));
#1553 = CARTESIAN_POINT('',(0.989442222063,0.572818410024));
#1554 = CARTESIAN_POINT('',(0.989277601903,0.562144627939));
#1555 = CARTESIAN_POINT('',(0.989159881596,0.551430123218));
#1556 = CARTESIAN_POINT('',(0.98908924612,0.54068411287));
#1557 = CARTESIAN_POINT('',(0.989065873897,0.529916972786));
#1558 = CARTESIAN_POINT('',(0.989089951824,0.519134761752));
#1559 = CARTESIAN_POINT('',(0.989161615432,0.508359648099));
#1560 = CARTESIAN_POINT('',(0.989280497344,0.497628483795));
#1561 = CARTESIAN_POINT('',(0.989446350379,0.486943595476));
#1562 = CARTESIAN_POINT('',(0.989658891561,0.476316213008));
#1563 = CARTESIAN_POINT('',(0.989917843433,0.465755178199));
#1564 = CARTESIAN_POINT('',(0.990222919467,0.455269981868));
#1565 = CARTESIAN_POINT('',(0.99057384405,0.444869906838));
#1566 = CARTESIAN_POINT('',(0.990970341658,0.434564418912));
#1567 = CARTESIAN_POINT('',(0.991412159919,0.424362459967));
#1568 = CARTESIAN_POINT('',(0.991898935145,0.414274884605));
#1569 = CARTESIAN_POINT('',(0.992430705305,0.404305420454));
#1570 = CARTESIAN_POINT('',(0.993005984288,0.394484545676));
#1571 = CARTESIAN_POINT('',(0.993623179705,0.384836380141));
#1572 = CARTESIAN_POINT('',(0.99428184574,0.375364871899));
#1573 = CARTESIAN_POINT('',(0.994981226784,0.366079374024));
#1574 = CARTESIAN_POINT('',(0.995720647711,0.356987791316));
#1575 = CARTESIAN_POINT('',(0.996499410161,0.348098416639));
#1576 = CARTESIAN_POINT('',(0.997316818152,0.339419438878));
#1577 = CARTESIAN_POINT('',(0.998172182876,0.330959074777));
#1578 = CARTESIAN_POINT('',(0.99906481425,0.322725533614));
#1579 = CARTESIAN_POINT('',(0.999684284514,0.317393195656));
#1580 = CARTESIAN_POINT('',(1.,0.3147675675));
#1581 = ( GEOMETRIC_REPRESENTATION_CONTEXT(2) 
PARAMETRIC_REPRESENTATION_CONTEXT() REPRESENTATION_CONTEXT('2D SPACE',''
  ) );
#1582 = ADVANCED_FACE('',(#1583),#1226,.T.);
#1583 = FACE_BOUND('',#1584,.T.);
#1584 = EDGE_LOOP('',(#1585,#1586,#1587,#1713,#1735,#1780));
#1585 = ORIENTED_EDGE('',*,*,#1497,.F.);
#1586 = ORIENTED_EDGE('',*,*,#1210,.T.);
#1587 = ORIENTED_EDGE('',*,*,#1588,.T.);
#1588 = EDGE_CURVE('',#1183,#1589,#1591,.T.);
#1589 = VERTEX_POINT('',#1590);
#1590 = CARTESIAN_POINT('',(-22.,35.,-6.741889978353));
#1591 = SURFACE_CURVE('',#1592,(#1611,#1662),.PCURVE_S1.);
#1592 = B_SPLINE_CURVE_WITH_KNOTS('',3,(#1593,#1594,#1595,#1596,#1597,
    #1598,#1599,#1600,#1601,#1602,#1603,#1604,#1605,#1606,#1607,#1608,
    #1609,#1610),.UNSPECIFIED.,.F.,.F.,(4,2,2,2,2,2,2,2,4),(
    1.460313789908E-07,1.358422886508,2.04600332889,3.791434208043,
    4.547181313497,5.363428374788,6.738029419246,7.269395184796,
    7.645329508935),.UNSPECIFIED.);
#1593 = CARTESIAN_POINT('',(-14.75,98.,2.000000029802));
#1594 = CARTESIAN_POINT('',(-14.75,93.471924111922,2.000000028984));
#1595 = CARTESIAN_POINT('',(-14.54174723632,88.906864620232,
    1.98871135723));
#1596 = CARTESIAN_POINT('',(-13.78159699603,82.0157545105,2.025001889336
    ));
#1597 = CARTESIAN_POINT('',(-13.47055740605,79.849252914309,
    2.046940288032));
#1598 = CARTESIAN_POINT('',(-12.10193436441,71.575814897813,
    2.18821042379));
#1599 = CARTESIAN_POINT('',(-11.16029921565,67.745832778378,
    2.341415987754));
#1600 = CARTESIAN_POINT('',(-11.47974268487,62.107355806938,
    2.39293260781));
#1601 = CARTESIAN_POINT('',(-11.79847354987,60.305049501553,
    2.395173808311));
#1602 = CARTESIAN_POINT('',(-13.26696718782,55.978064580957,
    2.159832990303));
#1603 = CARTESIAN_POINT('',(-14.35949959314,53.749216991461,
    1.905450044696));
#1604 = CARTESIAN_POINT('',(-17.55564062458,47.693095852712,
    0.504900839287));
#1605 = CARTESIAN_POINT('',(-19.39557615345,44.541675198698,
    -0.975293847875));
#1606 = CARTESIAN_POINT('',(-21.10218411219,40.145322074911,
    -3.514202136797));
#1607 = CARTESIAN_POINT('',(-21.49092084963,38.908134894685,
    -4.280966434705));
#1608 = CARTESIAN_POINT('',(-21.90278943146,36.782842374818,
    -5.618883956004));
#1609 = CARTESIAN_POINT('',(-22.,35.895312464291,-6.183330634106));
#1610 = CARTESIAN_POINT('',(-22.,35.,-6.741889978353));
#1611 = PCURVE('',#1226,#1612);
#1612 = DEFINITIONAL_REPRESENTATION('',(#1613),#1661);
#1613 = B_SPLINE_CURVE_WITH_KNOTS('',3,(#1614,#1615,#1616,#1617,#1618,
    #1619,#1620,#1621,#1622,#1623,#1624,#1625,#1626,#1627,#1628,#1629,
    #1630,#1631,#1632,#1633,#1634,#1635,#1636,#1637,#1638,#1639,#1640,
    #1641,#1642,#1643,#1644,#1645,#1646,#1647,#1648,#1649,#1650,#1651,
    #1652,#1653,#1654,#1655,#1656,#1657,#1658,#1659,#1660),
  .UNSPECIFIED.,.F.,.F.,(4,1,1,1,1,1,1,1,1,1,1,1,1,1,1,1,1,1,1,1,1,1,1,1
    ,1,1,1,1,1,1,1,1,1,1,1,1,1,1,1,1,1,1,1,1,4),(1.460313789908E-07,
    0.173757631552,0.347515117072,0.521272602593,0.695030088114,
    0.868787573634,1.042545059155,1.216302544675,1.390060030196,
    1.563817515716,1.737575001237,1.911332486757,2.085089972278,
    2.258847457798,2.432604943319,2.606362428839,2.78011991436,
    2.953877399881,3.127634885401,3.301392370922,3.475149856442,
    3.648907341963,3.822664827483,3.996422313004,4.170179798524,
    4.343937284045,4.517694769565,4.691452255086,4.865209740606,
    5.038967226127,5.212724711647,5.386482197168,5.560239682689,
    5.733997168209,5.90775465373,6.08151213925,6.255269624771,
    6.429027110291,6.602784595812,6.776542081332,6.950299566853,
    7.124057052373,7.297814537894,7.471572023414,7.645329508935),
  .QUASI_UNIFORM_KNOTS.);
#1614 = CARTESIAN_POINT('',(1.,1.09999999702));
#1615 = CARTESIAN_POINT('',(0.992557445204,1.09999999703));
#1616 = CARTESIAN_POINT('',(0.977558433232,1.100036936134));
#1617 = CARTESIAN_POINT('',(0.954702681549,1.10014456008));
#1618 = CARTESIAN_POINT('',(0.931475971289,1.100245785537));
#1619 = CARTESIAN_POINT('',(0.907858271549,1.100282040093));
#1620 = CARTESIAN_POINT('',(0.883830305437,1.100194597694));
#1621 = CARTESIAN_POINT('',(0.859351314314,1.099925305486));
#1622 = CARTESIAN_POINT('',(0.834439211956,1.099413871453));
#1623 = CARTESIAN_POINT('',(0.808873066586,1.098607987035));
#1624 = CARTESIAN_POINT('',(0.783388225011,1.097422839495));
#1625 = CARTESIAN_POINT('',(0.757672877915,1.095762650659));
#1626 = CARTESIAN_POINT('',(0.731366641493,1.093575976207));
#1627 = CARTESIAN_POINT('',(0.703216932701,1.090685490695));
#1628 = CARTESIAN_POINT('',(0.675818911358,1.087432912161));
#1629 = CARTESIAN_POINT('',(0.649757051946,1.084015029421));
#1630 = CARTESIAN_POINT('',(0.624741633171,1.08050603686));
#1631 = CARTESIAN_POINT('',(0.600711570653,1.077012995068));
#1632 = CARTESIAN_POINT('',(0.577538884346,1.073634094251));
#1633 = CARTESIAN_POINT('',(0.555108662047,1.070470139937));
#1634 = CARTESIAN_POINT('',(0.533292118326,1.06762034676));
#1635 = CARTESIAN_POINT('',(0.511961901886,1.065187677604));
#1636 = CARTESIAN_POINT('',(0.490945936942,1.063261693247));
#1637 = CARTESIAN_POINT('',(0.470191310782,1.061981814639));
#1638 = CARTESIAN_POINT('',(0.449115896724,1.061278551734));
#1639 = CARTESIAN_POINT('',(0.427435732538,1.06187076032));
#1640 = CARTESIAN_POINT('',(0.405073556506,1.064508060429));
#1641 = CARTESIAN_POINT('',(0.381752792482,1.069938418485));
#1642 = CARTESIAN_POINT('',(0.357768929707,1.078885651103));
#1643 = CARTESIAN_POINT('',(0.334497363819,1.092058240082));
#1644 = CARTESIAN_POINT('',(0.311464981152,1.110281582577));
#1645 = CARTESIAN_POINT('',(0.288726641105,1.134236159813));
#1646 = CARTESIAN_POINT('',(0.265904623843,1.165071055425));
#1647 = CARTESIAN_POINT('',(0.243890227455,1.20212385161));
#1648 = CARTESIAN_POINT('',(0.222849398031,1.244466981997));
#1649 = CARTESIAN_POINT('',(0.202473609247,1.29196407065));
#1650 = CARTESIAN_POINT('',(0.182613343666,1.344266326912));
#1651 = CARTESIAN_POINT('',(0.163094462305,1.401083428575));
#1652 = CARTESIAN_POINT('',(0.143757552461,1.462103594347));
#1653 = CARTESIAN_POINT('',(0.124431770166,1.527042410832));
#1654 = CARTESIAN_POINT('',(0.104953014966,1.59552745213));
#1655 = CARTESIAN_POINT('',(8.506302965898E-02,1.667566184712));
#1656 = CARTESIAN_POINT('',(6.470425030829E-02,1.742324469378));
#1657 = CARTESIAN_POINT('',(4.384256313952E-02,1.818858786885));
#1658 = CARTESIAN_POINT('',(2.235308802589E-02,1.896489199972));
#1659 = CARTESIAN_POINT('',(7.543303113274E-03,1.948363234783));
#1660 = CARTESIAN_POINT('',(0.,1.974188997835));
#1661 = ( GEOMETRIC_REPRESENTATION_CONTEXT(2) 
PARAMETRIC_REPRESENTATION_CONTEXT() REPRESENTATION_CONTEXT('2D SPACE',''
  ) );
#1662 = PCURVE('',#341,#1663);
#1663 = DEFINITIONAL_REPRESENTATION('',(#1664),#1712);
#1664 = B_SPLINE_CURVE_WITH_KNOTS('',3,(#1665,#1666,#1667,#1668,#1669,
    #1670,#1671,#1672,#1673,#1674,#1675,#1676,#1677,#1678,#1679,#1680,
    #1681,#1682,#1683,#1684,#1685,#1686,#1687,#1688,#1689,#1690,#1691,
    #1692,#1693,#1694,#1695,#1696,#1697,#1698,#1699,#1700,#1701,#1702,
    #1703,#1704,#1705,#1706,#1707,#1708,#1709,#1710,#1711),
  .UNSPECIFIED.,.F.,.F.,(4,1,1,1,1,1,1,1,1,1,1,1,1,1,1,1,1,1,1,1,1,1,1,1
    ,1,1,1,1,1,1,1,1,1,1,1,1,1,1,1,1,1,1,1,1,4),(1.460313789908E-07,
    0.173757631552,0.347515117072,0.521272602593,0.695030088114,
    0.868787573634,1.042545059155,1.216302544675,1.390060030196,
    1.563817515716,1.737575001237,1.911332486757,2.085089972278,
    2.258847457798,2.432604943319,2.606362428839,2.78011991436,
    2.953877399881,3.127634885401,3.301392370922,3.475149856442,
    3.648907341963,3.822664827483,3.996422313004,4.170179798524,
    4.343937284045,4.517694769565,4.691452255086,4.865209740606,
    5.038967226127,5.212724711647,5.386482197168,5.560239682689,
    5.733997168209,5.90775465373,6.08151213925,6.255269624771,
    6.429027110291,6.602784595812,6.776542081332,6.950299566853,
    7.124057052373,7.297814537894,7.471572023414,7.645329508935),
  .QUASI_UNIFORM_KNOTS.);
#1665 = CARTESIAN_POINT('',(1.477242565206E-08,0.725));
#1666 = CARTESIAN_POINT('',(5.858903456919E-03,0.725));
#1667 = CARTESIAN_POINT('',(1.767675101568E-02,0.725681446739));
#1668 = CARTESIAN_POINT('',(3.571047228514E-02,0.728858777857));
#1669 = CARTESIAN_POINT('',(5.405850301096E-02,0.7343017512));
#1670 = CARTESIAN_POINT('',(7.272603214744E-02,0.742122036499));
#1671 = CARTESIAN_POINT('',(9.171219569446E-02,0.752426889004));
#1672 = CARTESIAN_POINT('',(0.111026006203,0.765340033373));
#1673 = CARTESIAN_POINT('',(0.130624063733,0.780923731113));
#1674 = CARTESIAN_POINT('',(0.150641463766,0.79946962692));
#1675 = CARTESIAN_POINT('',(0.170464872968,0.820336199455));
#1676 = CARTESIAN_POINT('',(0.190302314811,0.843562071418));
#1677 = CARTESIAN_POINT('',(0.210396974861,0.869193041577));
#1678 = CARTESIAN_POINT('',(0.231641681396,0.898178344972));
#1679 = CARTESIAN_POINT('',(0.252033308204,0.927359642481));
#1680 = CARTESIAN_POINT('',(0.271162702153,0.955329907976));
#1681 = CARTESIAN_POINT('',(0.289279661427,0.981622276749));
#1682 = CARTESIAN_POINT('',(0.30647254852,1.005517989239));
#1683 = CARTESIAN_POINT('',(0.322885272809,1.026365703871));
#1684 = CARTESIAN_POINT('',(0.338656231885,1.043496301984));
#1685 = CARTESIAN_POINT('',(0.353935015946,1.056244355273));
#1686 = CARTESIAN_POINT('',(0.36886876971,1.063947451096));
#1687 = CARTESIAN_POINT('',(0.383633606433,1.065927423808));
#1688 = CARTESIAN_POINT('',(0.398317621316,1.061566104102));
#1689 = CARTESIAN_POINT('',(0.413384452451,1.050006035245));
#1690 = CARTESIAN_POINT('',(0.429098784075,1.029949739709));
#1691 = CARTESIAN_POINT('',(0.445586306513,1.000271713619));
#1692 = CARTESIAN_POINT('',(0.463126524306,0.959550145307));
#1693 = CARTESIAN_POINT('',(0.481558677449,0.907376480622));
#1694 = CARTESIAN_POINT('',(0.49983134494,0.847886525576));
#1695 = CARTESIAN_POINT('',(0.518275167823,0.781684286031));
#1696 = CARTESIAN_POINT('',(0.536815985037,0.710540069969));
#1697 = CARTESIAN_POINT('',(0.555726476957,0.634817310952));
#1698 = CARTESIAN_POINT('',(0.574251802431,0.559563595628));
#1699 = CARTESIAN_POINT('',(0.592158427212,0.486823132825));
#1700 = CARTESIAN_POINT('',(0.609628287867,0.416729923291));
#1701 = CARTESIAN_POINT('',(0.626730740866,0.34992995519));
#1702 = CARTESIAN_POINT('',(0.64356525128,0.286931475103));
#1703 = CARTESIAN_POINT('',(0.660221274466,0.228281708535));
#1704 = CARTESIAN_POINT('',(0.67679319996,0.17450970687));
#1705 = CARTESIAN_POINT('',(0.693356836105,0.126178239051));
#1706 = CARTESIAN_POINT('',(0.710057713035,8.370380438603E-02));
#1707 = CARTESIAN_POINT('',(0.726865505826,4.836514752731E-02));
#1708 = CARTESIAN_POINT('',(0.743729501353,2.143557025534E-02));
#1709 = CARTESIAN_POINT('',(0.760669817051,4.152015802839E-03));
#1710 = CARTESIAN_POINT('',(0.772006728935,3.483833488854E-06));
#1711 = CARTESIAN_POINT('',(0.777685643437,0.));
#1712 = ( GEOMETRIC_REPRESENTATION_CONTEXT(2) 
PARAMETRIC_REPRESENTATION_CONTEXT() REPRESENTATION_CONTEXT('2D SPACE',''
  ) );
#1713 = ORIENTED_EDGE('',*,*,#1714,.F.);
#1714 = EDGE_CURVE('',#1715,#1589,#1717,.T.);
#1715 = VERTEX_POINT('',#1716);
#1716 = CARTESIAN_POINT('',(-22.,35.,13.));
#1717 = SURFACE_CURVE('',#1718,(#1722,#1728),.PCURVE_S1.);
#1718 = LINE('',#1719,#1720);
#1719 = CARTESIAN_POINT('',(-22.,35.,13.));
#1720 = VECTOR('',#1721,1.);
#1721 = DIRECTION('',(3.416070845E-16,0.,-1.));
#1722 = PCURVE('',#1226,#1723);
#1723 = DEFINITIONAL_REPRESENTATION('',(#1724),#1727);
#1724 = B_SPLINE_CURVE_WITH_KNOTS('',1,(#1725,#1726),.UNSPECIFIED.,.F.,
  .F.,(2,2),(0.,19.741889978353),.PIECEWISE_BEZIER_KNOTS.);
#1725 = CARTESIAN_POINT('',(-9.741932765752E-18,1.343868592796E-16));
#1726 = CARTESIAN_POINT('',(0.,1.974188997835));
#1727 = ( GEOMETRIC_REPRESENTATION_CONTEXT(2) 
PARAMETRIC_REPRESENTATION_CONTEXT() REPRESENTATION_CONTEXT('2D SPACE',''
  ) );
#1728 = PCURVE('',#100,#1729);
#1729 = DEFINITIONAL_REPRESENTATION('',(#1730),#1734);
#1730 = LINE('',#1731,#1732);
#1731 = CARTESIAN_POINT('',(-32.5,13.));
#1732 = VECTOR('',#1733,1.);
#1733 = DIRECTION('',(0.,-1.));
#1734 = ( GEOMETRIC_REPRESENTATION_CONTEXT(2) 
PARAMETRIC_REPRESENTATION_CONTEXT() REPRESENTATION_CONTEXT('2D SPACE',''
  ) );
#1735 = ORIENTED_EDGE('',*,*,#1736,.T.);
#1736 = EDGE_CURVE('',#1715,#1317,#1737,.T.);
#1737 = SURFACE_CURVE('',#1738,(#1754,#1761),.PCURVE_S1.);
#1738 = B_SPLINE_CURVE_WITH_KNOTS('',5,(#1739,#1740,#1741,#1742,#1743,
    #1744,#1745,#1746,#1747,#1748,#1749,#1750,#1751,#1752,#1753),
  .UNSPECIFIED.,.F.,.F.,(6,1,1,1,1,1,1,1,1,1,6),(0.,0.1,0.2,0.3,0.4,0.5,
    0.6,0.7,0.8,0.9,1.),.QUASI_UNIFORM_KNOTS.);
#1739 = CARTESIAN_POINT('',(-22.,35.,13.));
#1740 = CARTESIAN_POINT('',(-22.,36.09753477663,13.));
#1741 = CARTESIAN_POINT('',(-21.75678934388,38.359612240205,13.));
#1742 = CARTESIAN_POINT('',(-20.66335817359,41.953331310778,13.));
#1743 = CARTESIAN_POINT('',(-18.03290463321,47.060332670845,13.));
#1744 = CARTESIAN_POINT('',(-14.29036527949,53.526873440608,13.));
#1745 = CARTESIAN_POINT('',(-11.57620002372,59.687040351867,13.));
#1746 = CARTESIAN_POINT('',(-10.98904115726,65.304319938066,13.));
#1747 = CARTESIAN_POINT('',(-11.87145737938,70.819991846056,13.));
#1748 = CARTESIAN_POINT('',(-13.01397444579,76.771778090167,13.));
#1749 = CARTESIAN_POINT('',(-14.02782450268,83.267482326693,13.));
#1750 = CARTESIAN_POINT('',(-14.52351774335,88.917591126784,13.));
#1751 = CARTESIAN_POINT('',(-14.70896147407,93.377105559652,13.));
#1752 = CARTESIAN_POINT('',(-14.75,96.443506484448,13.));
#1753 = CARTESIAN_POINT('',(-14.75,98.,13.));
#1754 = PCURVE('',#1226,#1755);
#1755 = DEFINITIONAL_REPRESENTATION('',(#1756),#1760);
#1756 = LINE('',#1757,#1758);
#1757 = CARTESIAN_POINT('',(-9.741932765752E-18,-2.208845086005E-16));
#1758 = VECTOR('',#1759,1.);
#1759 = DIRECTION('',(1.,1.7763568394E-16));
#1760 = ( GEOMETRIC_REPRESENTATION_CONTEXT(2) 
PARAMETRIC_REPRESENTATION_CONTEXT() REPRESENTATION_CONTEXT('2D SPACE',''
  ) );
#1761 = PCURVE('',#72,#1762);
#1762 = DEFINITIONAL_REPRESENTATION('',(#1763),#1779);
#1763 = B_SPLINE_CURVE_WITH_KNOTS('',5,(#1764,#1765,#1766,#1767,#1768,
    #1769,#1770,#1771,#1772,#1773,#1774,#1775,#1776,#1777,#1778),
  .UNSPECIFIED.,.F.,.F.,(6,1,1,1,1,1,1,1,1,1,6),(0.,0.1,0.2,0.3,0.4,0.5,
    0.6,0.7,0.8,0.9,1.),.QUASI_UNIFORM_KNOTS.);
#1764 = CARTESIAN_POINT('',(35.,3.));
#1765 = CARTESIAN_POINT('',(36.09753477663,3.));
#1766 = CARTESIAN_POINT('',(38.359612240205,2.756789343884));
#1767 = CARTESIAN_POINT('',(41.953331310778,1.66335817359));
#1768 = CARTESIAN_POINT('',(47.060332670845,-0.96709536679));
#1769 = CARTESIAN_POINT('',(53.526873440608,-4.709634720506));
#1770 = CARTESIAN_POINT('',(59.687040351867,-7.42379997628));
#1771 = CARTESIAN_POINT('',(65.304319938066,-8.010958842737));
#1772 = CARTESIAN_POINT('',(70.819991846056,-7.12854262062));
#1773 = CARTESIAN_POINT('',(76.771778090167,-5.986025554201));
#1774 = CARTESIAN_POINT('',(83.267482326693,-4.972175497316));
#1775 = CARTESIAN_POINT('',(88.917591126784,-4.476482256646));
#1776 = CARTESIAN_POINT('',(93.377105559652,-4.291038525921));
#1777 = CARTESIAN_POINT('',(96.443506484448,-4.25));
#1778 = CARTESIAN_POINT('',(98.,-4.25));
#1779 = ( GEOMETRIC_REPRESENTATION_CONTEXT(2) 
PARAMETRIC_REPRESENTATION_CONTEXT() REPRESENTATION_CONTEXT('2D SPACE',''
  ) );
#1780 = ORIENTED_EDGE('',*,*,#1316,.T.);
#1781 = ADVANCED_FACE('',(#1782),#1483,.F.);
#1782 = FACE_BOUND('',#1783,.F.);
#1783 = EDGE_LOOP('',(#1784,#1807,#1833,#1834));
#1784 = ORIENTED_EDGE('',*,*,#1785,.T.);
#1785 = EDGE_CURVE('',#1446,#1786,#1788,.T.);
#1786 = VERTEX_POINT('',#1787);
#1787 = CARTESIAN_POINT('',(-11.75,101.45,7.7));
#1788 = SEAM_CURVE('',#1789,(#1793,#1800),.PCURVE_S1.);
#1789 = LINE('',#1790,#1791);
#1790 = CARTESIAN_POINT('',(-14.75,101.45,7.7));
#1791 = VECTOR('',#1792,1.);
#1792 = DIRECTION('',(1.,0.,0.));
#1793 = PCURVE('',#1483,#1794);
#1794 = DEFINITIONAL_REPRESENTATION('',(#1795),#1799);
#1795 = LINE('',#1796,#1797);
#1796 = CARTESIAN_POINT('',(9.424777960769,0.));
#1797 = VECTOR('',#1798,1.);
#1798 = DIRECTION('',(0.,1.));
#1799 = ( GEOMETRIC_REPRESENTATION_CONTEXT(2) 
PARAMETRIC_REPRESENTATION_CONTEXT() REPRESENTATION_CONTEXT('2D SPACE',''
  ) );
#1800 = PCURVE('',#1483,#1801);
#1801 = DEFINITIONAL_REPRESENTATION('',(#1802),#1806);
#1802 = LINE('',#1803,#1804);
#1803 = CARTESIAN_POINT('',(3.14159265359,0.));
#1804 = VECTOR('',#1805,1.);
#1805 = DIRECTION('',(0.,1.));
#1806 = ( GEOMETRIC_REPRESENTATION_CONTEXT(2) 
PARAMETRIC_REPRESENTATION_CONTEXT() REPRESENTATION_CONTEXT('2D SPACE',''
  ) );
#1807 = ORIENTED_EDGE('',*,*,#1808,.T.);
#1808 = EDGE_CURVE('',#1786,#1786,#1809,.T.);
#1809 = SURFACE_CURVE('',#1810,(#1815,#1822),.PCURVE_S1.);
#1810 = CIRCLE('',#1811,1.15);
#1811 = AXIS2_PLACEMENT_3D('',#1812,#1813,#1814);
#1812 = CARTESIAN_POINT('',(-11.75,100.3,7.7));
#1813 = DIRECTION('',(-1.,0.,1.110223024625E-15));
#1814 = DIRECTION('',(0.,-1.,0.));
#1815 = PCURVE('',#1483,#1816);
#1816 = DEFINITIONAL_REPRESENTATION('',(#1817),#1821);
#1817 = LINE('',#1818,#1819);
#1818 = CARTESIAN_POINT('',(12.566370614359,3.));
#1819 = VECTOR('',#1820,1.);
#1820 = DIRECTION('',(-1.,0.));
#1821 = ( GEOMETRIC_REPRESENTATION_CONTEXT(2) 
PARAMETRIC_REPRESENTATION_CONTEXT() REPRESENTATION_CONTEXT('2D SPACE',''
  ) );
#1822 = PCURVE('',#1423,#1823);
#1823 = DEFINITIONAL_REPRESENTATION('',(#1824),#1832);
#1824 = ( BOUNDED_CURVE() B_SPLINE_CURVE(2,(#1825,#1826,#1827,#1828,
#1829,#1830,#1831),.UNSPECIFIED.,.T.,.F.) B_SPLINE_CURVE_WITH_KNOTS((1,2
    ,2,2,2,1),(-2.094395102393,0.,2.094395102393,4.188790204786,
6.28318530718,8.377580409573),.UNSPECIFIED.) CURVE() 
GEOMETRIC_REPRESENTATION_ITEM() RATIONAL_B_SPLINE_CURVE((1.,0.5,1.,0.5,
1.,0.5,1.)) REPRESENTATION_ITEM('') );
#1825 = CARTESIAN_POINT('',(2.3,1.15));
#1826 = CARTESIAN_POINT('',(0.308141571296,1.15));
#1827 = CARTESIAN_POINT('',(1.304070785648,2.875));
#1828 = CARTESIAN_POINT('',(2.3,4.6));
#1829 = CARTESIAN_POINT('',(3.295929214352,2.875));
#1830 = CARTESIAN_POINT('',(4.291858428704,1.15));
#1831 = CARTESIAN_POINT('',(2.3,1.15));
#1832 = ( GEOMETRIC_REPRESENTATION_CONTEXT(2) 
PARAMETRIC_REPRESENTATION_CONTEXT() REPRESENTATION_CONTEXT('2D SPACE',''
  ) );
#1833 = ORIENTED_EDGE('',*,*,#1785,.F.);
#1834 = ORIENTED_EDGE('',*,*,#1468,.T.);
#1835 = ADVANCED_FACE('',(#1836),#1851,.F.);
#1836 = FACE_BOUND('',#1837,.F.);
#1837 = EDGE_LOOP('',(#1838,#1878,#1923,#1946,#1973,#1974));
#1838 = ORIENTED_EDGE('',*,*,#1839,.F.);
#1839 = EDGE_CURVE('',#1840,#1842,#1844,.T.);
#1840 = VERTEX_POINT('',#1841);
#1841 = CARTESIAN_POINT('',(14.75,119.,9.322498073959));
#1842 = VERTEX_POINT('',#1843);
#1843 = CARTESIAN_POINT('',(14.75,119.,6.077501926041));
#1844 = SURFACE_CURVE('',#1845,(#1850,#1862),.PCURVE_S1.);
#1845 = CIRCLE('',#1846,3.15);
#1846 = AXIS2_PLACEMENT_3D('',#1847,#1848,#1849);
#1847 = CARTESIAN_POINT('',(14.75,116.3,7.7));
#1848 = DIRECTION('',(1.,0.,0.));
#1849 = DIRECTION('',(0.,-1.,0.));
#1850 = PCURVE('',#1851,#1856);
#1851 = CONICAL_SURFACE('',#1852,2.15,0.785398163397);
#1852 = AXIS2_PLACEMENT_3D('',#1853,#1854,#1855);
#1853 = CARTESIAN_POINT('',(13.75,116.3,7.7));
#1854 = DIRECTION('',(1.,0.,0.));
#1855 = DIRECTION('',(0.,-1.,0.));
#1856 = DEFINITIONAL_REPRESENTATION('',(#1857),#1861);
#1857 = LINE('',#1858,#1859);
#1858 = CARTESIAN_POINT('',(-6.28318530718,1.));
#1859 = VECTOR('',#1860,1.);
#1860 = DIRECTION('',(1.,-3.018836008448E-16));
#1861 = ( GEOMETRIC_REPRESENTATION_CONTEXT(2) 
PARAMETRIC_REPRESENTATION_CONTEXT() REPRESENTATION_CONTEXT('2D SPACE',''
  ) );
#1862 = PCURVE('',#1863,#1868);
#1863 = PLANE('',#1864);
#1864 = AXIS2_PLACEMENT_3D('',#1865,#1866,#1867);
#1865 = CARTESIAN_POINT('',(14.75,98.,2.));
#1866 = DIRECTION('',(-1.,0.,0.));
#1867 = DIRECTION('',(0.,0.,1.));
#1868 = DEFINITIONAL_REPRESENTATION('',(#1869),#1877);
#1869 = ( BOUNDED_CURVE() B_SPLINE_CURVE(2,(#1870,#1871,#1872,#1873,
#1874,#1875,#1876),.UNSPECIFIED.,.T.,.F.) B_SPLINE_CURVE_WITH_KNOTS((1,2
    ,2,2,2,1),(-2.094395102393,0.,2.094395102393,4.188790204786,
6.28318530718,8.377580409573),.UNSPECIFIED.) CURVE() 
GEOMETRIC_REPRESENTATION_ITEM() RATIONAL_B_SPLINE_CURVE((1.,0.5,1.,0.5,
1.,0.5,1.)) REPRESENTATION_ITEM('') );
#1870 = CARTESIAN_POINT('',(5.7,15.15));
#1871 = CARTESIAN_POINT('',(0.244039956158,15.15));
#1872 = CARTESIAN_POINT('',(2.972019978079,19.875));
#1873 = CARTESIAN_POINT('',(5.7,24.6));
#1874 = CARTESIAN_POINT('',(8.427980021921,19.875));
#1875 = CARTESIAN_POINT('',(11.155960043842,15.15));
#1876 = CARTESIAN_POINT('',(5.7,15.15));
#1877 = ( GEOMETRIC_REPRESENTATION_CONTEXT(2) 
PARAMETRIC_REPRESENTATION_CONTEXT() REPRESENTATION_CONTEXT('2D SPACE',''
  ) );
#1878 = ORIENTED_EDGE('',*,*,#1879,.F.);
#1879 = EDGE_CURVE('',#1880,#1840,#1882,.T.);
#1880 = VERTEX_POINT('',#1881);
#1881 = CARTESIAN_POINT('',(14.3,119.,7.7));
#1882 = SURFACE_CURVE('',#1883,(#1887,#1916),.PCURVE_S1.);
#1883 = ( BOUNDED_CURVE() B_SPLINE_CURVE(2,(#1884,#1885,#1886),
.UNSPECIFIED.,.F.,.F.) B_SPLINE_CURVE_WITH_KNOTS((3,3),(0.168374582405,
0.33674916481),.PIECEWISE_BEZIER_KNOTS.) CURVE() 
GEOMETRIC_REPRESENTATION_ITEM() RATIONAL_B_SPLINE_CURVE((1.083333333333,
1.083333333333,1.)) REPRESENTATION_ITEM('') );
#1884 = CARTESIAN_POINT('',(14.3,119.,7.7));
#1885 = CARTESIAN_POINT('',(14.3,119.,8.448845264904));
#1886 = CARTESIAN_POINT('',(14.75,119.,9.322498073959));
#1887 = PCURVE('',#1851,#1888);
#1888 = DEFINITIONAL_REPRESENTATION('',(#1889),#1915);
#1889 = B_SPLINE_CURVE_WITH_KNOTS('',3,(#1890,#1891,#1892,#1893,#1894,
    #1895,#1896,#1897,#1898,#1899,#1900,#1901,#1902,#1903,#1904,#1905,
    #1906,#1907,#1908,#1909,#1910,#1911,#1912,#1913,#1914),
  .UNSPECIFIED.,.F.,.F.,(4,1,1,1,1,1,1,1,1,1,1,1,1,1,1,1,1,1,1,1,1,1,4),
  (0.168374582405,0.176027972514,0.183681362623,0.191334752733,
    0.198988142842,0.206641532951,0.214294923061,0.22194831317,
    0.229601703279,0.237255093389,0.244908483498,0.252561873607,
    0.260215263717,0.267868653826,0.275522043935,0.283175434044,
    0.290828824154,0.298482214263,0.306135604372,0.313788994482,
    0.321442384591,0.3290957747,0.33674916481),.QUASI_UNIFORM_KNOTS.);
#1890 = CARTESIAN_POINT('',(-3.14159265359,0.55));
#1891 = CARTESIAN_POINT('',(-3.133188103636,0.550000273887));
#1892 = CARTESIAN_POINT('',(-3.116379009113,0.550571937087));
#1893 = CARTESIAN_POINT('',(-3.091173376236,0.553148023958));
#1894 = CARTESIAN_POINT('',(-3.065983755715,0.557446654106));
#1895 = CARTESIAN_POINT('',(-3.040818113569,0.563476309802));
#1896 = CARTESIAN_POINT('',(-3.015684372152,0.571248489096));
#1897 = CARTESIAN_POINT('',(-2.99059039295,0.580778178047));
#1898 = CARTESIAN_POINT('',(-2.965543962658,0.592083811506));
#1899 = CARTESIAN_POINT('',(-2.940552778807,0.605187392845));
#1900 = CARTESIAN_POINT('',(-2.915624436019,0.620114593992));
#1901 = CARTESIAN_POINT('',(-2.890766412676,0.636894884865));
#1902 = CARTESIAN_POINT('',(-2.865986058141,0.655561680503));
#1903 = CARTESIAN_POINT('',(-2.841290580548,0.676152510772));
#1904 = CARTESIAN_POINT('',(-2.816687035226,0.6987092133));
#1905 = CARTESIAN_POINT('',(-2.792182313787,0.723278151952));
#1906 = CARTESIAN_POINT('',(-2.767783133936,0.749910462357));
#1907 = CARTESIAN_POINT('',(-2.743496029959,0.778662329261));
#1908 = CARTESIAN_POINT('',(-2.719327344166,0.809595290181));
#1909 = CARTESIAN_POINT('',(-2.695283218413,0.842776599972));
#1910 = CARTESIAN_POINT('',(-2.671369589036,0.878279543177));
#1911 = CARTESIAN_POINT('',(-2.647592172814,0.916184134757));
#1912 = CARTESIAN_POINT('',(-2.623956490195,0.956576585818));
#1913 = CARTESIAN_POINT('',(-2.60829733227,0.985227939936));
#1914 = CARTESIAN_POINT('',(-2.600493127633,1.));
#1915 = ( GEOMETRIC_REPRESENTATION_CONTEXT(2) 
PARAMETRIC_REPRESENTATION_CONTEXT() REPRESENTATION_CONTEXT('2D SPACE',''
  ) );
#1916 = PCURVE('',#1049,#1917);
#1917 = DEFINITIONAL_REPRESENTATION('',(#1918),#1922);
#1918 = ( BOUNDED_CURVE() B_SPLINE_CURVE(2,(#1919,#1920,#1921),
.UNSPECIFIED.,.F.,.F.) B_SPLINE_CURVE_WITH_KNOTS((3,3),(0.168374582405,
0.33674916481),.PIECEWISE_BEZIER_KNOTS.) CURVE() 
GEOMETRIC_REPRESENTATION_ITEM() RATIONAL_B_SPLINE_CURVE((1.083333333333,
1.083333333333,1.)) REPRESENTATION_ITEM('') );
#1919 = CARTESIAN_POINT('',(0.2,21.675));
#1920 = CARTESIAN_POINT('',(0.948845264904,21.675));
#1921 = CARTESIAN_POINT('',(1.822498073959,22.125));
#1922 = ( GEOMETRIC_REPRESENTATION_CONTEXT(2) 
PARAMETRIC_REPRESENTATION_CONTEXT() REPRESENTATION_CONTEXT('2D SPACE',''
  ) );
#1923 = ORIENTED_EDGE('',*,*,#1924,.T.);
#1924 = EDGE_CURVE('',#1880,#1925,#1927,.T.);
#1925 = VERTEX_POINT('',#1926);
#1926 = CARTESIAN_POINT('',(12.75,117.45,7.7));
#1927 = SEAM_CURVE('',#1928,(#1932,#1939),.PCURVE_S1.);
#1928 = LINE('',#1929,#1930);
#1929 = CARTESIAN_POINT('',(13.75,118.45,7.7));
#1930 = VECTOR('',#1931,1.);
#1931 = DIRECTION('',(-0.707106781187,-0.707106781187,
    -8.659560562355E-17));
#1932 = PCURVE('',#1851,#1933);
#1933 = DEFINITIONAL_REPRESENTATION('',(#1934),#1938);
#1934 = LINE('',#1935,#1936);
#1935 = CARTESIAN_POINT('',(-3.14159265359,2.983175671499E-15));
#1936 = VECTOR('',#1937,1.);
#1937 = DIRECTION('',(0.,-1.));
#1938 = ( GEOMETRIC_REPRESENTATION_CONTEXT(2) 
PARAMETRIC_REPRESENTATION_CONTEXT() REPRESENTATION_CONTEXT('2D SPACE',''
  ) );
#1939 = PCURVE('',#1851,#1940);
#1940 = DEFINITIONAL_REPRESENTATION('',(#1941),#1945);
#1941 = LINE('',#1942,#1943);
#1942 = CARTESIAN_POINT('',(3.14159265359,2.983175671499E-15));
#1943 = VECTOR('',#1944,1.);
#1944 = DIRECTION('',(0.,-1.));
#1945 = ( GEOMETRIC_REPRESENTATION_CONTEXT(2) 
PARAMETRIC_REPRESENTATION_CONTEXT() REPRESENTATION_CONTEXT('2D SPACE',''
  ) );
#1946 = ORIENTED_EDGE('',*,*,#1947,.F.);
#1947 = EDGE_CURVE('',#1925,#1925,#1948,.T.);
#1948 = SURFACE_CURVE('',#1949,(#1954,#1961),.PCURVE_S1.);
#1949 = CIRCLE('',#1950,1.15);
#1950 = AXIS2_PLACEMENT_3D('',#1951,#1952,#1953);
#1951 = CARTESIAN_POINT('',(12.75,116.3,7.7));
#1952 = DIRECTION('',(-1.,0.,0.));
#1953 = DIRECTION('',(0.,-1.,0.));
#1954 = PCURVE('',#1851,#1955);
#1955 = DEFINITIONAL_REPRESENTATION('',(#1956),#1960);
#1956 = LINE('',#1957,#1958);
#1957 = CARTESIAN_POINT('',(6.28318530718,-1.));
#1958 = VECTOR('',#1959,1.);
#1959 = DIRECTION('',(-1.,0.));
#1960 = ( GEOMETRIC_REPRESENTATION_CONTEXT(2) 
PARAMETRIC_REPRESENTATION_CONTEXT() REPRESENTATION_CONTEXT('2D SPACE',''
  ) );
#1961 = PCURVE('',#1962,#1967);
#1962 = CYLINDRICAL_SURFACE('',#1963,1.15);
#1963 = AXIS2_PLACEMENT_3D('',#1964,#1965,#1966);
#1964 = CARTESIAN_POINT('',(-14.75,116.3,7.7));
#1965 = DIRECTION('',(1.,0.,0.));
#1966 = DIRECTION('',(0.,-1.,0.));
#1967 = DEFINITIONAL_REPRESENTATION('',(#1968),#1972);
#1968 = LINE('',#1969,#1970);
#1969 = CARTESIAN_POINT('',(12.566370614359,27.5));
#1970 = VECTOR('',#1971,1.);
#1971 = DIRECTION('',(-1.,0.));
#1972 = ( GEOMETRIC_REPRESENTATION_CONTEXT(2) 
PARAMETRIC_REPRESENTATION_CONTEXT() REPRESENTATION_CONTEXT('2D SPACE',''
  ) );
#1973 = ORIENTED_EDGE('',*,*,#1924,.F.);
#1974 = ORIENTED_EDGE('',*,*,#1975,.F.);
#1975 = EDGE_CURVE('',#1842,#1880,#1976,.T.);
#1976 = SURFACE_CURVE('',#1977,(#1981,#2010),.PCURVE_S1.);
#1977 = ( BOUNDED_CURVE() B_SPLINE_CURVE(2,(#1978,#1979,#1980),
.UNSPECIFIED.,.F.,.F.) B_SPLINE_CURVE_WITH_KNOTS((3,3),(0.,
0.168374582405),.PIECEWISE_BEZIER_KNOTS.) CURVE() 
GEOMETRIC_REPRESENTATION_ITEM() RATIONAL_B_SPLINE_CURVE((1.,
1.083333333333,1.083333333333)) REPRESENTATION_ITEM('') );
#1978 = CARTESIAN_POINT('',(14.75,119.,6.077501926041));
#1979 = CARTESIAN_POINT('',(14.3,119.,6.951154735096));
#1980 = CARTESIAN_POINT('',(14.3,119.,7.7));
#1981 = PCURVE('',#1851,#1982);
#1982 = DEFINITIONAL_REPRESENTATION('',(#1983),#2009);
#1983 = B_SPLINE_CURVE_WITH_KNOTS('',3,(#1984,#1985,#1986,#1987,#1988,
    #1989,#1990,#1991,#1992,#1993,#1994,#1995,#1996,#1997,#1998,#1999,
    #2000,#2001,#2002,#2003,#2004,#2005,#2006,#2007,#2008),
  .UNSPECIFIED.,.F.,.F.,(4,1,1,1,1,1,1,1,1,1,1,1,1,1,1,1,1,1,1,1,1,1,4),
  (0.,7.65339010931E-03,1.530678021862E-02,2.296017032793E-02,
    3.061356043724E-02,3.826695054655E-02,4.592034065586E-02,
    5.357373076517E-02,6.122712087448E-02,6.888051098379E-02,
    7.65339010931E-02,8.418729120241E-02,9.184068131172E-02,
    9.949407142103E-02,0.10714746153,0.11480085164,0.122454241749,
    0.130107631858,0.137761021968,0.145414412077,0.153067802186,
    0.160721192296,0.168374582405),.QUASI_UNIFORM_KNOTS.);
#1984 = CARTESIAN_POINT('',(2.600493127633,1.));
#1985 = CARTESIAN_POINT('',(2.60829733227,0.985227939936));
#1986 = CARTESIAN_POINT('',(2.623956490195,0.956576585818));
#1987 = CARTESIAN_POINT('',(2.647592172814,0.916184134757));
#1988 = CARTESIAN_POINT('',(2.671369589036,0.878279543177));
#1989 = CARTESIAN_POINT('',(2.695283218413,0.842776599972));
#1990 = CARTESIAN_POINT('',(2.719327344166,0.809595290181));
#1991 = CARTESIAN_POINT('',(2.743496029959,0.778662329261));
#1992 = CARTESIAN_POINT('',(2.767783133936,0.749910462357));
#1993 = CARTESIAN_POINT('',(2.792182313787,0.723278151952));
#1994 = CARTESIAN_POINT('',(2.816687035226,0.6987092133));
#1995 = CARTESIAN_POINT('',(2.841290580548,0.676152510772));
#1996 = CARTESIAN_POINT('',(2.865986058141,0.655561680503));
#1997 = CARTESIAN_POINT('',(2.890766412676,0.636894884865));
#1998 = CARTESIAN_POINT('',(2.915624436019,0.620114593992));
#1999 = CARTESIAN_POINT('',(2.940552778807,0.605187392845));
#2000 = CARTESIAN_POINT('',(2.965543962658,0.592083811506));
#2001 = CARTESIAN_POINT('',(2.99059039295,0.580778178047));
#2002 = CARTESIAN_POINT('',(3.015684372152,0.571248489096));
#2003 = CARTESIAN_POINT('',(3.040818113569,0.563476309802));
#2004 = CARTESIAN_POINT('',(3.065983755715,0.557446654106));
#2005 = CARTESIAN_POINT('',(3.091173376236,0.553148023958));
#2006 = CARTESIAN_POINT('',(3.116379009113,0.550571937087));
#2007 = CARTESIAN_POINT('',(3.133188103636,0.550000273887));
#2008 = CARTESIAN_POINT('',(3.14159265359,0.55));
#2009 = ( GEOMETRIC_REPRESENTATION_CONTEXT(2) 
PARAMETRIC_REPRESENTATION_CONTEXT() REPRESENTATION_CONTEXT('2D SPACE',''
  ) );
#2010 = PCURVE('',#1049,#2011);
#2011 = DEFINITIONAL_REPRESENTATION('',(#2012),#2016);
#2012 = ( BOUNDED_CURVE() B_SPLINE_CURVE(2,(#2013,#2014,#2015),
.UNSPECIFIED.,.F.,.F.) B_SPLINE_CURVE_WITH_KNOTS((3,3),(0.,
0.168374582405),.PIECEWISE_BEZIER_KNOTS.) CURVE() 
GEOMETRIC_REPRESENTATION_ITEM() RATIONAL_B_SPLINE_CURVE((1.,
1.083333333333,1.083333333333)) REPRESENTATION_ITEM('') );
#2013 = CARTESIAN_POINT('',(-1.422498073959,22.125));
#2014 = CARTESIAN_POINT('',(-0.548845264904,21.675));
#2015 = CARTESIAN_POINT('',(0.2,21.675));
#2016 = ( GEOMETRIC_REPRESENTATION_CONTEXT(2) 
PARAMETRIC_REPRESENTATION_CONTEXT() REPRESENTATION_CONTEXT('2D SPACE',''
  ) );
#2017 = ADVANCED_FACE('',(#2018),#1863,.F.);
#2018 = FACE_BOUND('',#2019,.T.);
#2019 = EDGE_LOOP('',(#2020,#2021,#2044,#2067,#2120,#2153,#2181,#2203,
    #2231));
#2020 = ORIENTED_EDGE('',*,*,#1839,.F.);
#2021 = ORIENTED_EDGE('',*,*,#2022,.T.);
#2022 = EDGE_CURVE('',#1840,#2023,#2025,.T.);
#2023 = VERTEX_POINT('',#2024);
#2024 = CARTESIAN_POINT('',(14.75,119.,13.));
#2025 = SURFACE_CURVE('',#2026,(#2030,#2037),.PCURVE_S1.);
#2026 = LINE('',#2027,#2028);
#2027 = CARTESIAN_POINT('',(14.75,119.,10.));
#2028 = VECTOR('',#2029,1.);
#2029 = DIRECTION('',(0.,0.,1.));
#2030 = PCURVE('',#1863,#2031);
#2031 = DEFINITIONAL_REPRESENTATION('',(#2032),#2036);
#2032 = LINE('',#2033,#2034);
#2033 = CARTESIAN_POINT('',(8.,21.));
#2034 = VECTOR('',#2035,1.);
#2035 = DIRECTION('',(1.,0.));
#2036 = ( GEOMETRIC_REPRESENTATION_CONTEXT(2) 
PARAMETRIC_REPRESENTATION_CONTEXT() REPRESENTATION_CONTEXT('2D SPACE',''
  ) );
#2037 = PCURVE('',#1049,#2038);
#2038 = DEFINITIONAL_REPRESENTATION('',(#2039),#2043);
#2039 = LINE('',#2040,#2041);
#2040 = CARTESIAN_POINT('',(2.5,22.125));
#2041 = VECTOR('',#2042,1.);
#2042 = DIRECTION('',(1.,0.));
#2043 = ( GEOMETRIC_REPRESENTATION_CONTEXT(2) 
PARAMETRIC_REPRESENTATION_CONTEXT() REPRESENTATION_CONTEXT('2D SPACE',''
  ) );
#2044 = ORIENTED_EDGE('',*,*,#2045,.F.);
#2045 = EDGE_CURVE('',#2046,#2023,#2048,.T.);
#2046 = VERTEX_POINT('',#2047);
#2047 = CARTESIAN_POINT('',(14.75,98.,13.));
#2048 = SURFACE_CURVE('',#2049,(#2053,#2060),.PCURVE_S1.);
#2049 = LINE('',#2050,#2051);
#2050 = CARTESIAN_POINT('',(14.75,98.,13.));
#2051 = VECTOR('',#2052,1.);
#2052 = DIRECTION('',(0.,1.,0.));
#2053 = PCURVE('',#1863,#2054);
#2054 = DEFINITIONAL_REPRESENTATION('',(#2055),#2059);
#2055 = LINE('',#2056,#2057);
#2056 = CARTESIAN_POINT('',(11.,0.));
#2057 = VECTOR('',#2058,1.);
#2058 = DIRECTION('',(0.,1.));
#2059 = ( GEOMETRIC_REPRESENTATION_CONTEXT(2) 
PARAMETRIC_REPRESENTATION_CONTEXT() REPRESENTATION_CONTEXT('2D SPACE',''
  ) );
#2060 = PCURVE('',#72,#2061);
#2061 = DEFINITIONAL_REPRESENTATION('',(#2062),#2066);
#2062 = LINE('',#2063,#2064);
#2063 = CARTESIAN_POINT('',(98.,-33.75));
#2064 = VECTOR('',#2065,1.);
#2065 = DIRECTION('',(1.,0.));
#2066 = ( GEOMETRIC_REPRESENTATION_CONTEXT(2) 
PARAMETRIC_REPRESENTATION_CONTEXT() REPRESENTATION_CONTEXT('2D SPACE',''
  ) );
#2067 = ORIENTED_EDGE('',*,*,#2068,.T.);
#2068 = EDGE_CURVE('',#2046,#2069,#2071,.T.);
#2069 = VERTEX_POINT('',#2070);
#2070 = CARTESIAN_POINT('',(14.75,98.,9.852324325003));
#2071 = SURFACE_CURVE('',#2072,(#2076,#2083),.PCURVE_S1.);
#2072 = LINE('',#2073,#2074);
#2073 = CARTESIAN_POINT('',(14.75,98.,13.));
#2074 = VECTOR('',#2075,1.);
#2075 = DIRECTION('',(-3.416070845E-16,0.,-1.));
#2076 = PCURVE('',#1863,#2077);
#2077 = DEFINITIONAL_REPRESENTATION('',(#2078),#2082);
#2078 = LINE('',#2079,#2080);
#2079 = CARTESIAN_POINT('',(11.,0.));
#2080 = VECTOR('',#2081,1.);
#2081 = DIRECTION('',(-1.,0.));
#2082 = ( GEOMETRIC_REPRESENTATION_CONTEXT(2) 
PARAMETRIC_REPRESENTATION_CONTEXT() REPRESENTATION_CONTEXT('2D SPACE',''
  ) );
#2083 = PCURVE('',#2084,#2115);
#2084 = B_SPLINE_SURFACE_WITH_KNOTS('',5,1,(
    (#2085,#2086)
    ,(#2087,#2088)
    ,(#2089,#2090)
    ,(#2091,#2092)
    ,(#2093,#2094)
    ,(#2095,#2096)
    ,(#2097,#2098)
    ,(#2099,#2100)
    ,(#2101,#2102)
    ,(#2103,#2104)
    ,(#2105,#2106)
    ,(#2107,#2108)
    ,(#2109,#2110)
    ,(#2111,#2112)
    ,(#2113,#2114
    )),.UNSPECIFIED.,.F.,.F.,.F.,(6,1,1,1,1,1,1,1,1,1,6),(2,2),(0.,0.1,
    0.2,0.3,0.4,0.5,0.6,0.7,0.8,0.9,1.),(0.,2.6),.UNSPECIFIED.);
#2085 = CARTESIAN_POINT('',(22.,35.,13.));
#2086 = CARTESIAN_POINT('',(22.,35.,-13.));
#2087 = CARTESIAN_POINT('',(22.,36.09753477663,13.));
#2088 = CARTESIAN_POINT('',(22.,36.09753477663,-13.));
#2089 = CARTESIAN_POINT('',(21.756789343884,38.359612240205,13.));
#2090 = CARTESIAN_POINT('',(21.756789343884,38.359612240205,-13.));
#2091 = CARTESIAN_POINT('',(20.66335817359,41.953331310778,13.));
#2092 = CARTESIAN_POINT('',(20.66335817359,41.953331310778,-13.));
#2093 = CARTESIAN_POINT('',(18.03290463321,47.060332670845,13.));
#2094 = CARTESIAN_POINT('',(18.03290463321,47.060332670845,-13.));
#2095 = CARTESIAN_POINT('',(14.290365279494,53.526873440608,13.));
#2096 = CARTESIAN_POINT('',(14.290365279494,53.526873440608,-13.));
#2097 = CARTESIAN_POINT('',(11.57620002372,59.687040351867,13.));
#2098 = CARTESIAN_POINT('',(11.57620002372,59.687040351867,-13.));
#2099 = CARTESIAN_POINT('',(10.989041157264,65.304319938066,13.));
#2100 = CARTESIAN_POINT('',(10.989041157264,65.304319938066,-13.));
#2101 = CARTESIAN_POINT('',(11.87145737938,70.819991846056,13.));
#2102 = CARTESIAN_POINT('',(11.87145737938,70.819991846056,-13.));
#2103 = CARTESIAN_POINT('',(13.013974445799,76.771778090167,13.));
#2104 = CARTESIAN_POINT('',(13.013974445799,76.771778090167,-13.));
#2105 = CARTESIAN_POINT('',(14.027824502684,83.267482326693,13.));
#2106 = CARTESIAN_POINT('',(14.027824502684,83.267482326693,-13.));
#2107 = CARTESIAN_POINT('',(14.523517743354,88.917591126784,13.));
#2108 = CARTESIAN_POINT('',(14.523517743354,88.917591126784,-13.));
#2109 = CARTESIAN_POINT('',(14.708961474079,93.377105559652,13.));
#2110 = CARTESIAN_POINT('',(14.708961474079,93.377105559652,-13.));
#2111 = CARTESIAN_POINT('',(14.75,96.443506484448,13.));
#2112 = CARTESIAN_POINT('',(14.75,96.443506484448,-13.));
#2113 = CARTESIAN_POINT('',(14.75,98.,13.));
#2114 = CARTESIAN_POINT('',(14.75,98.,-13.));
#2115 = DEFINITIONAL_REPRESENTATION('',(#2116),#2119);
#2116 = B_SPLINE_CURVE_WITH_KNOTS('',1,(#2117,#2118),.UNSPECIFIED.,.F.,
  .F.,(2,2),(0.,3.147675674997),.PIECEWISE_BEZIER_KNOTS.);
#2117 = CARTESIAN_POINT('',(1.,-4.324882466045E-17));
#2118 = CARTESIAN_POINT('',(1.,0.3147675675));
#2119 = ( GEOMETRIC_REPRESENTATION_CONTEXT(2) 
PARAMETRIC_REPRESENTATION_CONTEXT() REPRESENTATION_CONTEXT('2D SPACE',''
  ) );
#2120 = ORIENTED_EDGE('',*,*,#2121,.F.);
#2121 = EDGE_CURVE('',#2122,#2069,#2124,.T.);
#2122 = VERTEX_POINT('',#2123);
#2123 = CARTESIAN_POINT('',(14.75,103.45,7.7));
#2124 = SURFACE_CURVE('',#2125,(#2130,#2141),.PCURVE_S1.);
#2125 = CIRCLE('',#2126,3.15);
#2126 = AXIS2_PLACEMENT_3D('',#2127,#2128,#2129);
#2127 = CARTESIAN_POINT('',(14.75,100.3,7.7));
#2128 = DIRECTION('',(1.,0.,0.));
#2129 = DIRECTION('',(0.,-1.,0.));
#2130 = PCURVE('',#1863,#2131);
#2131 = DEFINITIONAL_REPRESENTATION('',(#2132),#2140);
#2132 = ( BOUNDED_CURVE() B_SPLINE_CURVE(2,(#2133,#2134,#2135,#2136,
#2137,#2138,#2139),.UNSPECIFIED.,.T.,.F.) B_SPLINE_CURVE_WITH_KNOTS((1,2
    ,2,2,2,1),(-2.094395102393,0.,2.094395102393,4.188790204786,
6.28318530718,8.377580409573),.UNSPECIFIED.) CURVE() 
GEOMETRIC_REPRESENTATION_ITEM() RATIONAL_B_SPLINE_CURVE((1.,0.5,1.,0.5,
1.,0.5,1.)) REPRESENTATION_ITEM('') );
#2133 = CARTESIAN_POINT('',(5.7,-0.85));
#2134 = CARTESIAN_POINT('',(0.244039956158,-0.85));
#2135 = CARTESIAN_POINT('',(2.972019978079,3.875));
#2136 = CARTESIAN_POINT('',(5.7,8.6));
#2137 = CARTESIAN_POINT('',(8.427980021921,3.875));
#2138 = CARTESIAN_POINT('',(11.155960043842,-0.85));
#2139 = CARTESIAN_POINT('',(5.7,-0.85));
#2140 = ( GEOMETRIC_REPRESENTATION_CONTEXT(2) 
PARAMETRIC_REPRESENTATION_CONTEXT() REPRESENTATION_CONTEXT('2D SPACE',''
  ) );
#2141 = PCURVE('',#2142,#2147);
#2142 = CONICAL_SURFACE('',#2143,2.15,0.785398163397);
#2143 = AXIS2_PLACEMENT_3D('',#2144,#2145,#2146);
#2144 = CARTESIAN_POINT('',(13.75,100.3,7.7));
#2145 = DIRECTION('',(1.,0.,0.));
#2146 = DIRECTION('',(0.,-1.,0.));
#2147 = DEFINITIONAL_REPRESENTATION('',(#2148),#2152);
#2148 = LINE('',#2149,#2150);
#2149 = CARTESIAN_POINT('',(-6.28318530718,1.));
#2150 = VECTOR('',#2151,1.);
#2151 = DIRECTION('',(1.,-2.234211445875E-15));
#2152 = ( GEOMETRIC_REPRESENTATION_CONTEXT(2) 
PARAMETRIC_REPRESENTATION_CONTEXT() REPRESENTATION_CONTEXT('2D SPACE',''
  ) );
#2153 = ORIENTED_EDGE('',*,*,#2154,.F.);
#2154 = EDGE_CURVE('',#2155,#2122,#2157,.T.);
#2155 = VERTEX_POINT('',#2156);
#2156 = CARTESIAN_POINT('',(14.75,98.,5.547675674997));
#2157 = SURFACE_CURVE('',#2158,(#2163,#2174),.PCURVE_S1.);
#2158 = CIRCLE('',#2159,3.15);
#2159 = AXIS2_PLACEMENT_3D('',#2160,#2161,#2162);
#2160 = CARTESIAN_POINT('',(14.75,100.3,7.7));
#2161 = DIRECTION('',(1.,0.,0.));
#2162 = DIRECTION('',(0.,-1.,0.));
#2163 = PCURVE('',#1863,#2164);
#2164 = DEFINITIONAL_REPRESENTATION('',(#2165),#2173);
#2165 = ( BOUNDED_CURVE() B_SPLINE_CURVE(2,(#2166,#2167,#2168,#2169,
#2170,#2171,#2172),.UNSPECIFIED.,.T.,.F.) B_SPLINE_CURVE_WITH_KNOTS((1,2
    ,2,2,2,1),(-2.094395102393,0.,2.094395102393,4.188790204786,
6.28318530718,8.377580409573),.UNSPECIFIED.) CURVE() 
GEOMETRIC_REPRESENTATION_ITEM() RATIONAL_B_SPLINE_CURVE((1.,0.5,1.,0.5,
1.,0.5,1.)) REPRESENTATION_ITEM('') );
#2166 = CARTESIAN_POINT('',(5.7,-0.85));
#2167 = CARTESIAN_POINT('',(0.244039956158,-0.85));
#2168 = CARTESIAN_POINT('',(2.972019978079,3.875));
#2169 = CARTESIAN_POINT('',(5.7,8.6));
#2170 = CARTESIAN_POINT('',(8.427980021921,3.875));
#2171 = CARTESIAN_POINT('',(11.155960043842,-0.85));
#2172 = CARTESIAN_POINT('',(5.7,-0.85));
#2173 = ( GEOMETRIC_REPRESENTATION_CONTEXT(2) 
PARAMETRIC_REPRESENTATION_CONTEXT() REPRESENTATION_CONTEXT('2D SPACE',''
  ) );
#2174 = PCURVE('',#2142,#2175);
#2175 = DEFINITIONAL_REPRESENTATION('',(#2176),#2180);
#2176 = LINE('',#2177,#2178);
#2177 = CARTESIAN_POINT('',(-8.881784197001E-16,1.));
#2178 = VECTOR('',#2179,1.);
#2179 = DIRECTION('',(1.,5.914089121434E-16));
#2180 = ( GEOMETRIC_REPRESENTATION_CONTEXT(2) 
PARAMETRIC_REPRESENTATION_CONTEXT() REPRESENTATION_CONTEXT('2D SPACE',''
  ) );
#2181 = ORIENTED_EDGE('',*,*,#2182,.T.);
#2182 = EDGE_CURVE('',#2155,#2183,#2185,.T.);
#2183 = VERTEX_POINT('',#2184);
#2184 = CARTESIAN_POINT('',(14.75,98.,2.));
#2185 = SURFACE_CURVE('',#2186,(#2190,#2197),.PCURVE_S1.);
#2186 = LINE('',#2187,#2188);
#2187 = CARTESIAN_POINT('',(14.75,98.,13.));
#2188 = VECTOR('',#2189,1.);
#2189 = DIRECTION('',(-3.416070845E-16,0.,-1.));
#2190 = PCURVE('',#1863,#2191);
#2191 = DEFINITIONAL_REPRESENTATION('',(#2192),#2196);
#2192 = LINE('',#2193,#2194);
#2193 = CARTESIAN_POINT('',(11.,0.));
#2194 = VECTOR('',#2195,1.);
#2195 = DIRECTION('',(-1.,0.));
#2196 = ( GEOMETRIC_REPRESENTATION_CONTEXT(2) 
PARAMETRIC_REPRESENTATION_CONTEXT() REPRESENTATION_CONTEXT('2D SPACE',''
  ) );
#2197 = PCURVE('',#2084,#2198);
#2198 = DEFINITIONAL_REPRESENTATION('',(#2199),#2202);
#2199 = B_SPLINE_CURVE_WITH_KNOTS('',1,(#2200,#2201),.UNSPECIFIED.,.F.,
  .F.,(2,2),(7.452324325003,11.),.PIECEWISE_BEZIER_KNOTS.);
#2200 = CARTESIAN_POINT('',(1.,0.7452324325));
#2201 = CARTESIAN_POINT('',(1.,1.1));
#2202 = ( GEOMETRIC_REPRESENTATION_CONTEXT(2) 
PARAMETRIC_REPRESENTATION_CONTEXT() REPRESENTATION_CONTEXT('2D SPACE',''
  ) );
#2203 = ORIENTED_EDGE('',*,*,#2204,.T.);
#2204 = EDGE_CURVE('',#2183,#2205,#2207,.T.);
#2205 = VERTEX_POINT('',#2206);
#2206 = CARTESIAN_POINT('',(14.75,119.,2.));
#2207 = SURFACE_CURVE('',#2208,(#2212,#2219),.PCURVE_S1.);
#2208 = LINE('',#2209,#2210);
#2209 = CARTESIAN_POINT('',(14.75,98.,2.));
#2210 = VECTOR('',#2211,1.);
#2211 = DIRECTION('',(0.,1.,0.));
#2212 = PCURVE('',#1863,#2213);
#2213 = DEFINITIONAL_REPRESENTATION('',(#2214),#2218);
#2214 = LINE('',#2215,#2216);
#2215 = CARTESIAN_POINT('',(0.,0.));
#2216 = VECTOR('',#2217,1.);
#2217 = DIRECTION('',(0.,1.));
#2218 = ( GEOMETRIC_REPRESENTATION_CONTEXT(2) 
PARAMETRIC_REPRESENTATION_CONTEXT() REPRESENTATION_CONTEXT('2D SPACE',''
  ) );
#2219 = PCURVE('',#2220,#2225);
#2220 = PLANE('',#2221);
#2221 = AXIS2_PLACEMENT_3D('',#2222,#2223,#2224);
#2222 = CARTESIAN_POINT('',(11.75,98.,2.));
#2223 = DIRECTION('',(-5.551115123126E-16,0.,1.));
#2224 = DIRECTION('',(1.,0.,5.551115123126E-16));
#2225 = DEFINITIONAL_REPRESENTATION('',(#2226),#2230);
#2226 = LINE('',#2227,#2228);
#2227 = CARTESIAN_POINT('',(3.,0.));
#2228 = VECTOR('',#2229,1.);
#2229 = DIRECTION('',(0.,1.));
#2230 = ( GEOMETRIC_REPRESENTATION_CONTEXT(2) 
PARAMETRIC_REPRESENTATION_CONTEXT() REPRESENTATION_CONTEXT('2D SPACE',''
  ) );
#2231 = ORIENTED_EDGE('',*,*,#2232,.T.);
#2232 = EDGE_CURVE('',#2205,#1842,#2233,.T.);
#2233 = SURFACE_CURVE('',#2234,(#2238,#2245),.PCURVE_S1.);
#2234 = LINE('',#2235,#2236);
#2235 = CARTESIAN_POINT('',(14.75,119.,10.));
#2236 = VECTOR('',#2237,1.);
#2237 = DIRECTION('',(0.,0.,1.));
#2238 = PCURVE('',#1863,#2239);
#2239 = DEFINITIONAL_REPRESENTATION('',(#2240),#2244);
#2240 = LINE('',#2241,#2242);
#2241 = CARTESIAN_POINT('',(8.,21.));
#2242 = VECTOR('',#2243,1.);
#2243 = DIRECTION('',(1.,0.));
#2244 = ( GEOMETRIC_REPRESENTATION_CONTEXT(2) 
PARAMETRIC_REPRESENTATION_CONTEXT() REPRESENTATION_CONTEXT('2D SPACE',''
  ) );
#2245 = PCURVE('',#1049,#2246);
#2246 = DEFINITIONAL_REPRESENTATION('',(#2247),#2251);
#2247 = LINE('',#2248,#2249);
#2248 = CARTESIAN_POINT('',(2.5,22.125));
#2249 = VECTOR('',#2250,1.);
#2250 = DIRECTION('',(1.,0.));
#2251 = ( GEOMETRIC_REPRESENTATION_CONTEXT(2) 
PARAMETRIC_REPRESENTATION_CONTEXT() REPRESENTATION_CONTEXT('2D SPACE',''
  ) );
#2252 = ADVANCED_FACE('',(#2253),#1962,.F.);
#2253 = FACE_BOUND('',#2254,.F.);
#2254 = EDGE_LOOP('',(#2255,#2278,#2279,#2280));
#2255 = ORIENTED_EDGE('',*,*,#2256,.T.);
#2256 = EDGE_CURVE('',#2257,#1925,#2259,.T.);
#2257 = VERTEX_POINT('',#2258);
#2258 = CARTESIAN_POINT('',(11.75,117.45,7.7));
#2259 = SEAM_CURVE('',#2260,(#2264,#2271),.PCURVE_S1.);
#2260 = LINE('',#2261,#2262);
#2261 = CARTESIAN_POINT('',(-14.75,117.45,7.7));
#2262 = VECTOR('',#2263,1.);
#2263 = DIRECTION('',(1.,0.,0.));
#2264 = PCURVE('',#1962,#2265);
#2265 = DEFINITIONAL_REPRESENTATION('',(#2266),#2270);
#2266 = LINE('',#2267,#2268);
#2267 = CARTESIAN_POINT('',(9.424777960769,0.));
#2268 = VECTOR('',#2269,1.);
#2269 = DIRECTION('',(0.,1.));
#2270 = ( GEOMETRIC_REPRESENTATION_CONTEXT(2) 
PARAMETRIC_REPRESENTATION_CONTEXT() REPRESENTATION_CONTEXT('2D SPACE',''
  ) );
#2271 = PCURVE('',#1962,#2272);
#2272 = DEFINITIONAL_REPRESENTATION('',(#2273),#2277);
#2273 = LINE('',#2274,#2275);
#2274 = CARTESIAN_POINT('',(3.14159265359,0.));
#2275 = VECTOR('',#2276,1.);
#2276 = DIRECTION('',(0.,1.));
#2277 = ( GEOMETRIC_REPRESENTATION_CONTEXT(2) 
PARAMETRIC_REPRESENTATION_CONTEXT() REPRESENTATION_CONTEXT('2D SPACE',''
  ) );
#2278 = ORIENTED_EDGE('',*,*,#1947,.T.);
#2279 = ORIENTED_EDGE('',*,*,#2256,.F.);
#2280 = ORIENTED_EDGE('',*,*,#2281,.T.);
#2281 = EDGE_CURVE('',#2257,#2257,#2282,.T.);
#2282 = SURFACE_CURVE('',#2283,(#2288,#2295),.PCURVE_S1.);
#2283 = CIRCLE('',#2284,1.15);
#2284 = AXIS2_PLACEMENT_3D('',#2285,#2286,#2287);
#2285 = CARTESIAN_POINT('',(11.75,116.3,7.7));
#2286 = DIRECTION('',(1.,0.,1.110223024625E-15));
#2287 = DIRECTION('',(0.,-1.,0.));
#2288 = PCURVE('',#1962,#2289);
#2289 = DEFINITIONAL_REPRESENTATION('',(#2290),#2294);
#2290 = LINE('',#2291,#2292);
#2291 = CARTESIAN_POINT('',(0.,26.5));
#2292 = VECTOR('',#2293,1.);
#2293 = DIRECTION('',(1.,0.));
#2294 = ( GEOMETRIC_REPRESENTATION_CONTEXT(2) 
PARAMETRIC_REPRESENTATION_CONTEXT() REPRESENTATION_CONTEXT('2D SPACE',''
  ) );
#2295 = PCURVE('',#2296,#2301);
#2296 = PLANE('',#2297);
#2297 = AXIS2_PLACEMENT_3D('',#2298,#2299,#2300);
#2298 = CARTESIAN_POINT('',(11.75,98.,10.));
#2299 = DIRECTION('',(1.,0.,1.110223024625E-15));
#2300 = DIRECTION('',(1.110223024625E-15,0.,-1.));
#2301 = DEFINITIONAL_REPRESENTATION('',(#2302),#2306);
#2302 = CIRCLE('',#2303,1.15);
#2303 = AXIS2_PLACEMENT_2D('',#2304,#2305);
#2304 = CARTESIAN_POINT('',(2.3,18.3));
#2305 = DIRECTION('',(0.,-1.));
#2306 = ( GEOMETRIC_REPRESENTATION_CONTEXT(2) 
PARAMETRIC_REPRESENTATION_CONTEXT() REPRESENTATION_CONTEXT('2D SPACE',''
  ) );
#2307 = ADVANCED_FACE('',(#2308),#2142,.F.);
#2308 = FACE_BOUND('',#2309,.F.);
#2309 = EDGE_LOOP('',(#2310,#2311,#2334,#2361,#2362,#2363));
#2310 = ORIENTED_EDGE('',*,*,#2121,.F.);
#2311 = ORIENTED_EDGE('',*,*,#2312,.T.);
#2312 = EDGE_CURVE('',#2122,#2313,#2315,.T.);
#2313 = VERTEX_POINT('',#2314);
#2314 = CARTESIAN_POINT('',(12.75,101.45,7.7));
#2315 = SEAM_CURVE('',#2316,(#2320,#2327),.PCURVE_S1.);
#2316 = LINE('',#2317,#2318);
#2317 = CARTESIAN_POINT('',(13.75,102.45,7.7));
#2318 = VECTOR('',#2319,1.);
#2319 = DIRECTION('',(-0.707106781187,-0.707106781187,
    -8.659560562355E-17));
#2320 = PCURVE('',#2142,#2321);
#2321 = DEFINITIONAL_REPRESENTATION('',(#2322),#2326);
#2322 = LINE('',#2323,#2324);
#2323 = CARTESIAN_POINT('',(-3.14159265359,3.925231146709E-15));
#2324 = VECTOR('',#2325,1.);
#2325 = DIRECTION('',(0.,-1.));
#2326 = ( GEOMETRIC_REPRESENTATION_CONTEXT(2) 
PARAMETRIC_REPRESENTATION_CONTEXT() REPRESENTATION_CONTEXT('2D SPACE',''
  ) );
#2327 = PCURVE('',#2142,#2328);
#2328 = DEFINITIONAL_REPRESENTATION('',(#2329),#2333);
#2329 = LINE('',#2330,#2331);
#2330 = CARTESIAN_POINT('',(3.14159265359,3.925231146709E-15));
#2331 = VECTOR('',#2332,1.);
#2332 = DIRECTION('',(0.,-1.));
#2333 = ( GEOMETRIC_REPRESENTATION_CONTEXT(2) 
PARAMETRIC_REPRESENTATION_CONTEXT() REPRESENTATION_CONTEXT('2D SPACE',''
  ) );
#2334 = ORIENTED_EDGE('',*,*,#2335,.F.);
#2335 = EDGE_CURVE('',#2313,#2313,#2336,.T.);
#2336 = SURFACE_CURVE('',#2337,(#2342,#2349),.PCURVE_S1.);
#2337 = CIRCLE('',#2338,1.15);
#2338 = AXIS2_PLACEMENT_3D('',#2339,#2340,#2341);
#2339 = CARTESIAN_POINT('',(12.75,100.3,7.7));
#2340 = DIRECTION('',(-1.,0.,0.));
#2341 = DIRECTION('',(0.,-1.,0.));
#2342 = PCURVE('',#2142,#2343);
#2343 = DEFINITIONAL_REPRESENTATION('',(#2344),#2348);
#2344 = LINE('',#2345,#2346);
#2345 = CARTESIAN_POINT('',(6.28318530718,-1.));
#2346 = VECTOR('',#2347,1.);
#2347 = DIRECTION('',(-1.,0.));
#2348 = ( GEOMETRIC_REPRESENTATION_CONTEXT(2) 
PARAMETRIC_REPRESENTATION_CONTEXT() REPRESENTATION_CONTEXT('2D SPACE',''
  ) );
#2349 = PCURVE('',#2350,#2355);
#2350 = CYLINDRICAL_SURFACE('',#2351,1.15);
#2351 = AXIS2_PLACEMENT_3D('',#2352,#2353,#2354);
#2352 = CARTESIAN_POINT('',(-14.75,100.3,7.7));
#2353 = DIRECTION('',(1.,0.,0.));
#2354 = DIRECTION('',(0.,-1.,0.));
#2355 = DEFINITIONAL_REPRESENTATION('',(#2356),#2360);
#2356 = LINE('',#2357,#2358);
#2357 = CARTESIAN_POINT('',(12.566370614359,27.5));
#2358 = VECTOR('',#2359,1.);
#2359 = DIRECTION('',(-1.,0.));
#2360 = ( GEOMETRIC_REPRESENTATION_CONTEXT(2) 
PARAMETRIC_REPRESENTATION_CONTEXT() REPRESENTATION_CONTEXT('2D SPACE',''
  ) );
#2361 = ORIENTED_EDGE('',*,*,#2312,.F.);
#2362 = ORIENTED_EDGE('',*,*,#2154,.F.);
#2363 = ORIENTED_EDGE('',*,*,#2364,.F.);
#2364 = EDGE_CURVE('',#2069,#2155,#2365,.T.);
#2365 = SURFACE_CURVE('',#2366,(#2379,#2385),.PCURVE_S1.);
#2366 = B_SPLINE_CURVE_WITH_KNOTS('',3,(#2367,#2368,#2369,#2370,#2371,
    #2372,#2373,#2374,#2375,#2376,#2377,#2378),.UNSPECIFIED.,.F.,.F.,(4,
    2,2,2,2,4),(-0.474667907507,-0.404207182226,-0.341533845803,
    -0.225290011543,-0.108332796499,0.),.UNSPECIFIED.);
#2367 = CARTESIAN_POINT('',(14.75,98.,9.852324325003));
#2368 = CARTESIAN_POINT('',(14.75,97.839506517396,9.680819033862));
#2369 = CARTESIAN_POINT('',(14.749739847013,97.698893865723,9.4917263697
    ));
#2370 = CARTESIAN_POINT('',(14.749101903512,97.475552255256,
    9.108187139347));
#2371 = CARTESIAN_POINT('',(14.748742979152,97.388685998312,
    8.917574617625));
#2372 = CARTESIAN_POINT('',(14.747850713178,97.196330556023,
    8.352976353512));
#2373 = CARTESIAN_POINT('',(14.747476319646,97.13993566437,
    7.966067530014));
#2374 = CARTESIAN_POINT('',(14.747648623875,97.169699138489,
    7.18916850687));
#2375 = CARTESIAN_POINT('',(14.748197528278,97.256494522536,
    6.805437444746));
#2376 = CARTESIAN_POINT('',(14.749394347702,97.554145861004,
    6.115892490689));
#2377 = CARTESIAN_POINT('',(14.75,97.75326210254,5.81134279875));
#2378 = CARTESIAN_POINT('',(14.75,98.,5.547675674997));
#2379 = PCURVE('',#2142,#2380);
#2380 = DEFINITIONAL_REPRESENTATION('',(#2381),#2384);
#2381 = B_SPLINE_CURVE_WITH_KNOTS('',1,(#2382,#2383),.UNSPECIFIED.,.F.,
  .F.,(2,2),(-0.474667907507,0.),.PIECEWISE_BEZIER_KNOTS.);
#2382 = CARTESIAN_POINT('',(-0.752242097992,1.));
#2383 = CARTESIAN_POINT('',(0.752242097992,1.));
#2384 = ( GEOMETRIC_REPRESENTATION_CONTEXT(2) 
PARAMETRIC_REPRESENTATION_CONTEXT() REPRESENTATION_CONTEXT('2D SPACE',''
  ) );
#2385 = PCURVE('',#2084,#2386);
#2386 = DEFINITIONAL_REPRESENTATION('',(#2387),#2413);
#2387 = B_SPLINE_CURVE_WITH_KNOTS('',3,(#2388,#2389,#2390,#2391,#2392,
    #2393,#2394,#2395,#2396,#2397,#2398,#2399,#2400,#2401,#2402,#2403,
    #2404,#2405,#2406,#2407,#2408,#2409,#2410,#2411,#2412),
  .UNSPECIFIED.,.F.,.F.,(4,1,1,1,1,1,1,1,1,1,1,1,1,1,1,1,1,1,1,1,1,1,4),
  (-0.474667907507,-0.453092093529,-0.431516279551,-0.409940465574,
    -0.388364651596,-0.366788837619,-0.345213023641,-0.323637209664,
    -0.302061395686,-0.280485581708,-0.258909767731,-0.237333953753,
    -0.215758139776,-0.194182325798,-0.172606511821,-0.151030697843,
    -0.129454883865,-0.107879069888,-8.630325591029E-02,
    -6.472744193272E-02,-4.315162795515E-02,-2.157581397757E-02,0.),
  .UNSPECIFIED.);
#2388 = CARTESIAN_POINT('',(1.,0.3147675675));
#2389 = CARTESIAN_POINT('',(0.999368517953,0.320019239609));
#2390 = CARTESIAN_POINT('',(0.998152739008,0.330852486327));
#2391 = CARTESIAN_POINT('',(0.996476765631,0.348027657092));
#2392 = CARTESIAN_POINT('',(0.994954310147,0.36606685181));
#2393 = CARTESIAN_POINT('',(0.99359230399,0.384897838501));
#2394 = CARTESIAN_POINT('',(0.992400785591,0.404378917475));
#2395 = CARTESIAN_POINT('',(0.991382335168,0.424461312495));
#2396 = CARTESIAN_POINT('',(0.99054287732,0.445042257812));
#2397 = CARTESIAN_POINT('',(0.98988816245,0.465958955604));
#2398 = CARTESIAN_POINT('',(0.989418701808,0.487156483748));
#2399 = CARTESIAN_POINT('',(0.989136269446,0.508554907336));
#2400 = CARTESIAN_POINT('',(0.989042095122,0.530074653225));
#2401 = CARTESIAN_POINT('',(0.989137953534,0.551659713996));
#2402 = CARTESIAN_POINT('',(0.989422946011,0.573084652847));
#2403 = CARTESIAN_POINT('',(0.989894624613,0.59428259591));
#2404 = CARTESIAN_POINT('',(0.990550983015,0.615178055842));
#2405 = CARTESIAN_POINT('',(0.991389445359,0.63569115259));
#2406 = CARTESIAN_POINT('',(0.992408922649,0.655768190412));
#2407 = CARTESIAN_POINT('',(0.993602604662,0.675254973666));
#2408 = CARTESIAN_POINT('',(0.994961140483,0.694016976785));
#2409 = CARTESIAN_POINT('',(0.996480055283,0.712006959885));
#2410 = CARTESIAN_POINT('',(0.998153533339,0.729154286923));
#2411 = CARTESIAN_POINT('',(0.999368567712,0.739981176188));
#2412 = CARTESIAN_POINT('',(1.,0.7452324325));
#2413 = ( GEOMETRIC_REPRESENTATION_CONTEXT(2) 
PARAMETRIC_REPRESENTATION_CONTEXT() REPRESENTATION_CONTEXT('2D SPACE',''
  ) );
#2414 = ADVANCED_FACE('',(#2415),#2084,.F.);
#2415 = FACE_BOUND('',#2416,.F.);
#2416 = EDGE_LOOP('',(#2417,#2418,#2542,#2564,#2609,#2610));
#2417 = ORIENTED_EDGE('',*,*,#2182,.T.);
#2418 = ORIENTED_EDGE('',*,*,#2419,.F.);
#2419 = EDGE_CURVE('',#2420,#2183,#2422,.T.);
#2420 = VERTEX_POINT('',#2421);
#2421 = CARTESIAN_POINT('',(22.,35.,-6.741889978353));
#2422 = SURFACE_CURVE('',#2423,(#2440,#2491),.PCURVE_S1.);
#2423 = B_SPLINE_CURVE_WITH_KNOTS('',3,(#2424,#2425,#2426,#2427,#2428,
    #2429,#2430,#2431,#2432,#2433,#2434,#2435,#2436,#2437,#2438,#2439),
  .UNSPECIFIED.,.F.,.F.,(4,2,2,2,2,2,2,4),(0.,0.518552328416,
    1.666068026549,2.713987039879,3.200863823988,3.714607278024,
    4.46638341202,5.195866196617),.UNSPECIFIED.);
#2424 = CARTESIAN_POINT('',(22.,35.,-6.741889978353));
#2425 = CARTESIAN_POINT('',(22.,36.4665154232,-5.826973761075));
#2426 = CARTESIAN_POINT('',(21.738777577861,37.915399635164,
    -4.894957917795));
#2427 = CARTESIAN_POINT('',(20.397784828501,42.49851251468,
    -2.07972311258));
#2428 = CARTESIAN_POINT('',(18.629532584206,45.774074865628,
    -0.232203401751));
#2429 = CARTESIAN_POINT('',(14.471774278997,53.475041629385,
    2.013382948208));
#2430 = CARTESIAN_POINT('',(12.571434514935,57.052834300152,
    2.31120445964));
#2431 = CARTESIAN_POINT('',(11.397904204886,62.666040669866,
    2.399683967129));
#2432 = CARTESIAN_POINT('',(11.288617955278,64.370050482986,
    2.377410936355));
#2433 = CARTESIAN_POINT('',(11.478915701992,68.131947557037,
    2.304187097235));
#2434 = CARTESIAN_POINT('',(11.801740198513,70.153962764364,
    2.249216509339));
#2435 = CARTESIAN_POINT('',(12.789220773073,75.806510249219,
    2.112394079231));
#2436 = CARTESIAN_POINT('',(13.509414888592,79.56359094098,
    2.038160808263));
#2437 = CARTESIAN_POINT('',(14.540617142982,88.881904192874,
    1.988606909347));
#2438 = CARTESIAN_POINT('',(14.75,93.459646277562,2.000000028981));
#2439 = CARTESIAN_POINT('',(14.75,98.,2.000000029802));
#2440 = PCURVE('',#2084,#2441);
#2441 = DEFINITIONAL_REPRESENTATION('',(#2442),#2490);
#2442 = B_SPLINE_CURVE_WITH_KNOTS('',3,(#2443,#2444,#2445,#2446,#2447,
    #2448,#2449,#2450,#2451,#2452,#2453,#2454,#2455,#2456,#2457,#2458,
    #2459,#2460,#2461,#2462,#2463,#2464,#2465,#2466,#2467,#2468,#2469,
    #2470,#2471,#2472,#2473,#2474,#2475,#2476,#2477,#2478,#2479,#2480,
    #2481,#2482,#2483,#2484,#2485,#2486,#2487,#2488,#2489),
  .UNSPECIFIED.,.F.,.F.,(4,1,1,1,1,1,1,1,1,1,1,1,1,1,1,1,1,1,1,1,1,1,1,1
    ,1,1,1,1,1,1,1,1,1,1,1,1,1,1,1,1,1,1,1,1,4),(0.,0.118087868105,
    0.23617573621,0.354263604315,0.47235147242,0.590439340525,
    0.70852720863,0.826615076734,0.944702944839,1.062790812944,
    1.180878681049,1.298966549154,1.417054417259,1.535142285364,
    1.653230153469,1.771318021574,1.889405889679,2.007493757784,
    2.125581625889,2.243669493994,2.361757362099,2.479845230203,
    2.597933098308,2.716020966413,2.834108834518,2.952196702623,
    3.070284570728,3.188372438833,3.306460306938,3.424548175043,
    3.542636043148,3.660723911253,3.778811779358,3.896899647463,
    4.014987515567,4.133075383672,4.251163251777,4.369251119882,
    4.487338987987,4.605426856092,4.723514724197,4.841602592302,
    4.959690460407,5.077778328512,5.195866196617),
  .QUASI_UNIFORM_KNOTS.);
#2443 = CARTESIAN_POINT('',(0.,1.974188997835));
#2444 = CARTESIAN_POINT('',(6.085878519968E-03,1.953353973157));
#2445 = CARTESIAN_POINT('',(1.80879629142E-02,1.911506647005));
#2446 = CARTESIAN_POINT('',(3.561464521882E-02,1.848719633227));
#2447 = CARTESIAN_POINT('',(5.269595671536E-02,1.786435194856));
#2448 = CARTESIAN_POINT('',(6.936822148349E-02,1.725162152446));
#2449 = CARTESIAN_POINT('',(8.565281952603E-02,1.66544565004));
#2450 = CARTESIAN_POINT('',(0.101907889895,1.606380947801));
#2451 = CARTESIAN_POINT('',(0.118184804923,1.548553355172));
#2452 = CARTESIAN_POINT('',(0.134581123967,1.492288741342));
#2453 = CARTESIAN_POINT('',(0.151177427565,1.437982802847));
#2454 = CARTESIAN_POINT('',(0.168058143893,1.386011367087));
#2455 = CARTESIAN_POINT('',(0.185306897115,1.336759910664));
#2456 = CARTESIAN_POINT('',(0.203021989735,1.290595182504));
#2457 = CARTESIAN_POINT('',(0.221278303805,1.247949193033));
#2458 = CARTESIAN_POINT('',(0.240284711154,1.209011634355));
#2459 = CARTESIAN_POINT('',(0.259815833416,1.174876210364));
#2460 = CARTESIAN_POINT('',(0.279215954552,1.146518904555));
#2461 = CARTESIAN_POINT('',(0.298754472449,1.123109655489));
#2462 = CARTESIAN_POINT('',(0.318463834404,1.10428667639));
#2463 = CARTESIAN_POINT('',(0.338447916516,1.089562738746));
#2464 = CARTESIAN_POINT('',(0.358795725759,1.078484106327));
#2465 = CARTESIAN_POINT('',(0.379616126779,1.070588515507));
#2466 = CARTESIAN_POINT('',(0.400962656661,1.065414319965));
#2467 = CARTESIAN_POINT('',(0.423052306829,1.062505931549));
#2468 = CARTESIAN_POINT('',(0.445391839798,1.061382884364));
#2469 = CARTESIAN_POINT('',(0.467749469282,1.0617105355));
#2470 = CARTESIAN_POINT('',(0.490481395755,1.063178589764));
#2471 = CARTESIAN_POINT('',(0.513807973506,1.065463155341));
#2472 = CARTESIAN_POINT('',(0.53782913081,1.068270379183));
#2473 = CARTESIAN_POINT('',(0.562418980016,1.071529205476));
#2474 = CARTESIAN_POINT('',(0.587735586216,1.075104550995));
#2475 = CARTESIAN_POINT('',(0.613843093428,1.078875634766));
#2476 = CARTESIAN_POINT('',(0.640867681329,1.082726058257));
#2477 = CARTESIAN_POINT('',(0.668371528424,1.08640294672));
#2478 = CARTESIAN_POINT('',(0.696564009817,1.089828763371));
#2479 = CARTESIAN_POINT('',(0.725547318039,1.09290115191));
#2480 = CARTESIAN_POINT('',(0.755487539136,1.095520538821));
#2481 = CARTESIAN_POINT('',(0.786371072619,1.097601038972));
#2482 = CARTESIAN_POINT('',(0.818805747626,1.098999230907));
#2483 = CARTESIAN_POINT('',(0.850867982494,1.099804842947));
#2484 = CARTESIAN_POINT('',(0.882018334013,1.100202725314));
#2485 = CARTESIAN_POINT('',(0.912489033617,1.100295639196));
#2486 = CARTESIAN_POINT('',(0.942291582397,1.100208342013));
#2487 = CARTESIAN_POINT('',(0.971482934548,1.100059695289));
#2488 = CARTESIAN_POINT('',(0.990555071378,1.099999997033));
#2489 = CARTESIAN_POINT('',(1.,1.09999999702));
#2490 = ( GEOMETRIC_REPRESENTATION_CONTEXT(2) 
PARAMETRIC_REPRESENTATION_CONTEXT() REPRESENTATION_CONTEXT('2D SPACE',''
  ) );
#2491 = PCURVE('',#341,#2492);
#2492 = DEFINITIONAL_REPRESENTATION('',(#2493),#2541);
#2493 = B_SPLINE_CURVE_WITH_KNOTS('',3,(#2494,#2495,#2496,#2497,#2498,
    #2499,#2500,#2501,#2502,#2503,#2504,#2505,#2506,#2507,#2508,#2509,
    #2510,#2511,#2512,#2513,#2514,#2515,#2516,#2517,#2518,#2519,#2520,
    #2521,#2522,#2523,#2524,#2525,#2526,#2527,#2528,#2529,#2530,#2531,
    #2532,#2533,#2534,#2535,#2536,#2537,#2538,#2539,#2540),
  .UNSPECIFIED.,.F.,.F.,(4,1,1,1,1,1,1,1,1,1,1,1,1,1,1,1,1,1,1,1,1,1,1,1
    ,1,1,1,1,1,1,1,1,1,1,1,1,1,1,1,1,1,1,1,1,4),(0.,0.118087868105,
    0.23617573621,0.354263604315,0.47235147242,0.590439340525,
    0.70852720863,0.826615076734,0.944702944839,1.062790812944,
    1.180878681049,1.298966549154,1.417054417259,1.535142285364,
    1.653230153469,1.771318021574,1.889405889679,2.007493757784,
    2.125581625889,2.243669493994,2.361757362099,2.479845230203,
    2.597933098308,2.716020966413,2.834108834518,2.952196702623,
    3.070284570728,3.188372438833,3.306460306938,3.424548175043,
    3.542636043148,3.660723911253,3.778811779358,3.896899647463,
    4.014987515567,4.133075383672,4.251163251777,4.369251119882,
    4.487338987987,4.605426856092,4.723514724197,4.841602592302,
    4.959690460407,5.077778328512,5.195866196617),
  .QUASI_UNIFORM_KNOTS.);
#2494 = CARTESIAN_POINT('',(0.777685643437,4.4));
#2495 = CARTESIAN_POINT('',(0.773104100055,4.4));
#2496 = CARTESIAN_POINT('',(0.76394657016,4.397290795658));
#2497 = CARTESIAN_POINT('',(0.750245450082,4.385842530247));
#2498 = CARTESIAN_POINT('',(0.736598498599,4.367758366102));
#2499 = CARTESIAN_POINT('',(0.723022995693,4.343767942255));
#2500 = CARTESIAN_POINT('',(0.709548505421,4.314671176235));
#2501 = CARTESIAN_POINT('',(0.695910284846,4.280337903847));
#2502 = CARTESIAN_POINT('',(0.682108658354,4.241112401437));
#2503 = CARTESIAN_POINT('',(0.668096378866,4.197266843913));
#2504 = CARTESIAN_POINT('',(0.653836499172,4.14909328777));
#2505 = CARTESIAN_POINT('',(0.63928641554,4.096876364595));
#2506 = CARTESIAN_POINT('',(0.624405040905,4.040910524019));
#2507 = CARTESIAN_POINT('',(0.609143219863,3.981458368412));
#2508 = CARTESIAN_POINT('',(0.593479612671,3.918900071133));
#2509 = CARTESIAN_POINT('',(0.577291658456,3.853177368852));
#2510 = CARTESIAN_POINT('',(0.560838183359,3.785868174005));
#2511 = CARTESIAN_POINT('',(0.544688879467,3.720518702091));
#2512 = CARTESIAN_POINT('',(0.528636339991,3.657313847103));
#2513 = CARTESIAN_POINT('',(0.51267400904,3.597309084295));
#2514 = CARTESIAN_POINT('',(0.496740485376,3.541325652903));
#2515 = CARTESIAN_POINT('',(0.480791685404,3.490251154958));
#2516 = CARTESIAN_POINT('',(0.46477098164,3.444941977343));
#2517 = CARTESIAN_POINT('',(0.448659770508,3.406313004735));
#2518 = CARTESIAN_POINT('',(0.432307679566,3.37507634578));
#2519 = CARTESIAN_POINT('',(0.416064022272,3.352697516699));
#2520 = CARTESIAN_POINT('',(0.400050109724,3.339179784412));
#2521 = CARTESIAN_POINT('',(0.383957126633,3.333861309498));
#2522 = CARTESIAN_POINT('',(0.3675727225,3.336247443647));
#2523 = CARTESIAN_POINT('',(0.350760229614,3.345839880442));
#2524 = CARTESIAN_POINT('',(0.333530312954,3.361621799429));
#2525 = CARTESIAN_POINT('',(0.315689130888,3.382507585762));
#2526 = CARTESIAN_POINT('',(0.29711249189,3.407427509852));
#2527 = CARTESIAN_POINT('',(0.277637525255,3.435316078442));
#2528 = CARTESIAN_POINT('',(0.257532926782,3.464683368262));
#2529 = CARTESIAN_POINT('',(0.23662362853,3.494865317848));
#2530 = CARTESIAN_POINT('',(0.214819893509,3.525058951765));
#2531 = CARTESIAN_POINT('',(0.191993295513,3.554530056799));
#2532 = CARTESIAN_POINT('',(0.168166928855,3.582408284819));
#2533 = CARTESIAN_POINT('',(0.142890616698,3.608299065139));
#2534 = CARTESIAN_POINT('',(0.117714719842,3.629878376292));
#2535 = CARTESIAN_POINT('',(9.314608669039E-02,3.646940665033));
#2536 = CARTESIAN_POINT('',(6.90658711858E-02,3.659828472958));
#2537 = CARTESIAN_POINT('',(4.551074033589E-02,3.668737476468));
#2538 = CARTESIAN_POINT('',(2.246573352723E-02,3.673902717896));
#2539 = CARTESIAN_POINT('',(7.434625774483E-03,3.675));
#2540 = CARTESIAN_POINT('',(1.477242561585E-08,3.675));
#2541 = ( GEOMETRIC_REPRESENTATION_CONTEXT(2) 
PARAMETRIC_REPRESENTATION_CONTEXT() REPRESENTATION_CONTEXT('2D SPACE',''
  ) );
#2542 = ORIENTED_EDGE('',*,*,#2543,.F.);
#2543 = EDGE_CURVE('',#2544,#2420,#2546,.T.);
#2544 = VERTEX_POINT('',#2545);
#2545 = CARTESIAN_POINT('',(22.,35.,13.));
#2546 = SURFACE_CURVE('',#2547,(#2551,#2557),.PCURVE_S1.);
#2547 = LINE('',#2548,#2549);
#2548 = CARTESIAN_POINT('',(22.,35.,13.));
#2549 = VECTOR('',#2550,1.);
#2550 = DIRECTION('',(-3.416070845E-16,0.,-1.));
#2551 = PCURVE('',#2084,#2552);
#2552 = DEFINITIONAL_REPRESENTATION('',(#2553),#2556);
#2553 = B_SPLINE_CURVE_WITH_KNOTS('',1,(#2554,#2555),.UNSPECIFIED.,.F.,
  .F.,(2,2),(0.,19.741889978353),.PIECEWISE_BEZIER_KNOTS.);
#2554 = CARTESIAN_POINT('',(-9.741932765752E-18,1.343868592796E-16));
#2555 = CARTESIAN_POINT('',(0.,1.974188997835));
#2556 = ( GEOMETRIC_REPRESENTATION_CONTEXT(2) 
PARAMETRIC_REPRESENTATION_CONTEXT() REPRESENTATION_CONTEXT('2D SPACE',''
  ) );
#2557 = PCURVE('',#220,#2558);
#2558 = DEFINITIONAL_REPRESENTATION('',(#2559),#2563);
#2559 = LINE('',#2560,#2561);
#2560 = CARTESIAN_POINT('',(-32.5,13.));
#2561 = VECTOR('',#2562,1.);
#2562 = DIRECTION('',(-0.,-1.));
#2563 = ( GEOMETRIC_REPRESENTATION_CONTEXT(2) 
PARAMETRIC_REPRESENTATION_CONTEXT() REPRESENTATION_CONTEXT('2D SPACE',''
  ) );
#2564 = ORIENTED_EDGE('',*,*,#2565,.T.);
#2565 = EDGE_CURVE('',#2544,#2046,#2566,.T.);
#2566 = SURFACE_CURVE('',#2567,(#2583,#2590),.PCURVE_S1.);
#2567 = B_SPLINE_CURVE_WITH_KNOTS('',5,(#2568,#2569,#2570,#2571,#2572,
    #2573,#2574,#2575,#2576,#2577,#2578,#2579,#2580,#2581,#2582),
  .UNSPECIFIED.,.F.,.F.,(6,1,1,1,1,1,1,1,1,1,6),(0.,0.1,0.2,0.3,0.4,0.5,
    0.6,0.7,0.8,0.9,1.),.QUASI_UNIFORM_KNOTS.);
#2568 = CARTESIAN_POINT('',(22.,35.,13.));
#2569 = CARTESIAN_POINT('',(22.,36.09753477663,13.));
#2570 = CARTESIAN_POINT('',(21.756789343884,38.359612240205,13.));
#2571 = CARTESIAN_POINT('',(20.66335817359,41.953331310778,13.));
#2572 = CARTESIAN_POINT('',(18.03290463321,47.060332670845,13.));
#2573 = CARTESIAN_POINT('',(14.290365279494,53.526873440608,13.));
#2574 = CARTESIAN_POINT('',(11.57620002372,59.687040351867,13.));
#2575 = CARTESIAN_POINT('',(10.989041157264,65.304319938066,13.));
#2576 = CARTESIAN_POINT('',(11.87145737938,70.819991846056,13.));
#2577 = CARTESIAN_POINT('',(13.013974445799,76.771778090167,13.));
#2578 = CARTESIAN_POINT('',(14.027824502684,83.267482326693,13.));
#2579 = CARTESIAN_POINT('',(14.523517743354,88.917591126784,13.));
#2580 = CARTESIAN_POINT('',(14.708961474079,93.377105559652,13.));
#2581 = CARTESIAN_POINT('',(14.75,96.443506484448,13.));
#2582 = CARTESIAN_POINT('',(14.75,98.,13.));
#2583 = PCURVE('',#2084,#2584);
#2584 = DEFINITIONAL_REPRESENTATION('',(#2585),#2589);
#2585 = LINE('',#2586,#2587);
#2586 = CARTESIAN_POINT('',(-9.741932765752E-18,-2.208845086005E-16));
#2587 = VECTOR('',#2588,1.);
#2588 = DIRECTION('',(1.,1.7763568394E-16));
#2589 = ( GEOMETRIC_REPRESENTATION_CONTEXT(2) 
PARAMETRIC_REPRESENTATION_CONTEXT() REPRESENTATION_CONTEXT('2D SPACE',''
  ) );
#2590 = PCURVE('',#72,#2591);
#2591 = DEFINITIONAL_REPRESENTATION('',(#2592),#2608);
#2592 = B_SPLINE_CURVE_WITH_KNOTS('',5,(#2593,#2594,#2595,#2596,#2597,
    #2598,#2599,#2600,#2601,#2602,#2603,#2604,#2605,#2606,#2607),
  .UNSPECIFIED.,.F.,.F.,(6,1,1,1,1,1,1,1,1,1,6),(0.,0.1,0.2,0.3,0.4,0.5,
    0.6,0.7,0.8,0.9,1.),.QUASI_UNIFORM_KNOTS.);
#2593 = CARTESIAN_POINT('',(35.,-41.));
#2594 = CARTESIAN_POINT('',(36.09753477663,-41.));
#2595 = CARTESIAN_POINT('',(38.359612240205,-40.75678934388));
#2596 = CARTESIAN_POINT('',(41.953331310778,-39.66335817359));
#2597 = CARTESIAN_POINT('',(47.060332670845,-37.03290463321));
#2598 = CARTESIAN_POINT('',(53.526873440608,-33.29036527949));
#2599 = CARTESIAN_POINT('',(59.687040351867,-30.57620002372));
#2600 = CARTESIAN_POINT('',(65.304319938066,-29.98904115726));
#2601 = CARTESIAN_POINT('',(70.819991846056,-30.87145737938));
#2602 = CARTESIAN_POINT('',(76.771778090167,-32.01397444579));
#2603 = CARTESIAN_POINT('',(83.267482326693,-33.02782450268));
#2604 = CARTESIAN_POINT('',(88.917591126784,-33.52351774335));
#2605 = CARTESIAN_POINT('',(93.377105559652,-33.70896147408));
#2606 = CARTESIAN_POINT('',(96.443506484448,-33.75));
#2607 = CARTESIAN_POINT('',(98.,-33.75));
#2608 = ( GEOMETRIC_REPRESENTATION_CONTEXT(2) 
PARAMETRIC_REPRESENTATION_CONTEXT() REPRESENTATION_CONTEXT('2D SPACE',''
  ) );
#2609 = ORIENTED_EDGE('',*,*,#2068,.T.);
#2610 = ORIENTED_EDGE('',*,*,#2364,.T.);
#2611 = ADVANCED_FACE('',(#2612),#2350,.F.);
#2612 = FACE_BOUND('',#2613,.F.);
#2613 = EDGE_LOOP('',(#2614,#2637,#2638,#2639));
#2614 = ORIENTED_EDGE('',*,*,#2615,.T.);
#2615 = EDGE_CURVE('',#2616,#2313,#2618,.T.);
#2616 = VERTEX_POINT('',#2617);
#2617 = CARTESIAN_POINT('',(11.75,101.45,7.7));
#2618 = SEAM_CURVE('',#2619,(#2623,#2630),.PCURVE_S1.);
#2619 = LINE('',#2620,#2621);
#2620 = CARTESIAN_POINT('',(-14.75,101.45,7.7));
#2621 = VECTOR('',#2622,1.);
#2622 = DIRECTION('',(1.,0.,0.));
#2623 = PCURVE('',#2350,#2624);
#2624 = DEFINITIONAL_REPRESENTATION('',(#2625),#2629);
#2625 = LINE('',#2626,#2627);
#2626 = CARTESIAN_POINT('',(9.424777960769,0.));
#2627 = VECTOR('',#2628,1.);
#2628 = DIRECTION('',(0.,1.));
#2629 = ( GEOMETRIC_REPRESENTATION_CONTEXT(2) 
PARAMETRIC_REPRESENTATION_CONTEXT() REPRESENTATION_CONTEXT('2D SPACE',''
  ) );
#2630 = PCURVE('',#2350,#2631);
#2631 = DEFINITIONAL_REPRESENTATION('',(#2632),#2636);
#2632 = LINE('',#2633,#2634);
#2633 = CARTESIAN_POINT('',(3.14159265359,0.));
#2634 = VECTOR('',#2635,1.);
#2635 = DIRECTION('',(0.,1.));
#2636 = ( GEOMETRIC_REPRESENTATION_CONTEXT(2) 
PARAMETRIC_REPRESENTATION_CONTEXT() REPRESENTATION_CONTEXT('2D SPACE',''
  ) );
#2637 = ORIENTED_EDGE('',*,*,#2335,.T.);
#2638 = ORIENTED_EDGE('',*,*,#2615,.F.);
#2639 = ORIENTED_EDGE('',*,*,#2640,.T.);
#2640 = EDGE_CURVE('',#2616,#2616,#2641,.T.);
#2641 = SURFACE_CURVE('',#2642,(#2647,#2654),.PCURVE_S1.);
#2642 = CIRCLE('',#2643,1.15);
#2643 = AXIS2_PLACEMENT_3D('',#2644,#2645,#2646);
#2644 = CARTESIAN_POINT('',(11.75,100.3,7.7));
#2645 = DIRECTION('',(1.,0.,1.110223024625E-15));
#2646 = DIRECTION('',(0.,-1.,0.));
#2647 = PCURVE('',#2350,#2648);
#2648 = DEFINITIONAL_REPRESENTATION('',(#2649),#2653);
#2649 = LINE('',#2650,#2651);
#2650 = CARTESIAN_POINT('',(0.,26.5));
#2651 = VECTOR('',#2652,1.);
#2652 = DIRECTION('',(1.,0.));
#2653 = ( GEOMETRIC_REPRESENTATION_CONTEXT(2) 
PARAMETRIC_REPRESENTATION_CONTEXT() REPRESENTATION_CONTEXT('2D SPACE',''
  ) );
#2654 = PCURVE('',#2296,#2655);
#2655 = DEFINITIONAL_REPRESENTATION('',(#2656),#2660);
#2656 = CIRCLE('',#2657,1.15);
#2657 = AXIS2_PLACEMENT_2D('',#2658,#2659);
#2658 = CARTESIAN_POINT('',(2.3,2.3));
#2659 = DIRECTION('',(0.,-1.));
#2660 = ( GEOMETRIC_REPRESENTATION_CONTEXT(2) 
PARAMETRIC_REPRESENTATION_CONTEXT() REPRESENTATION_CONTEXT('2D SPACE',''
  ) );
#2661 = ADVANCED_FACE('',(#2662),#341,.F.);
#2662 = FACE_BOUND('',#2663,.F.);
#2663 = EDGE_LOOP('',(#2664,#2686,#2792,#2793,#2815,#2842,#2862,#2863,
    #2896,#2916,#2917,#2993,#3067));
#2664 = ORIENTED_EDGE('',*,*,#2665,.T.);
#2665 = EDGE_CURVE('',#324,#2666,#2668,.T.);
#2666 = VERTEX_POINT('',#2667);
#2667 = CARTESIAN_POINT('',(22.,17.5,-13.));
#2668 = SURFACE_CURVE('',#2669,(#2673,#2679),.PCURVE_S1.);
#2669 = LINE('',#2670,#2671);
#2670 = CARTESIAN_POINT('',(-22.,17.5,-13.));
#2671 = VECTOR('',#2672,1.);
#2672 = DIRECTION('',(1.,0.,2.886579864025E-16));
#2673 = PCURVE('',#341,#2674);
#2674 = DEFINITIONAL_REPRESENTATION('',(#2675),#2678);
#2675 = B_SPLINE_CURVE_WITH_KNOTS('',1,(#2676,#2677),.UNSPECIFIED.,.F.,
  .F.,(2,2),(41.,44.),.PIECEWISE_BEZIER_KNOTS.);
#2676 = CARTESIAN_POINT('',(1.,4.1));
#2677 = CARTESIAN_POINT('',(1.,4.4));
#2678 = ( GEOMETRIC_REPRESENTATION_CONTEXT(2) 
PARAMETRIC_REPRESENTATION_CONTEXT() REPRESENTATION_CONTEXT('2D SPACE',''
  ) );
#2679 = PCURVE('',#394,#2680);
#2680 = DEFINITIONAL_REPRESENTATION('',(#2681),#2685);
#2681 = LINE('',#2682,#2683);
#2682 = CARTESIAN_POINT('',(0.5,3.));
#2683 = VECTOR('',#2684,1.);
#2684 = DIRECTION('',(0.,-1.));
#2685 = ( GEOMETRIC_REPRESENTATION_CONTEXT(2) 
PARAMETRIC_REPRESENTATION_CONTEXT() REPRESENTATION_CONTEXT('2D SPACE',''
  ) );
#2686 = ORIENTED_EDGE('',*,*,#2687,.T.);
#2687 = EDGE_CURVE('',#2666,#2420,#2688,.T.);
#2688 = SURFACE_CURVE('',#2689,(#2736,#2742),.PCURVE_S1.);
#2689 = B_SPLINE_CURVE_WITH_KNOTS('',3,(#2690,#2691,#2692,#2693,#2694,
    #2695,#2696,#2697,#2698,#2699,#2700,#2701,#2702,#2703,#2704,#2705,
    #2706,#2707,#2708,#2709,#2710,#2711,#2712,#2713,#2714,#2715,#2716,
    #2717,#2718,#2719,#2720,#2721,#2722,#2723,#2724,#2725,#2726,#2727,
    #2728,#2729,#2730,#2731,#2732,#2733,#2734,#2735),.UNSPECIFIED.,.F.,
  .F.,(4,3,3,3,3,3,3,3,3,3,3,3,3,3,3,4),(0.,9.982202700447E-02,
    0.200956942818,0.307006631145,0.411995597774,0.518718596238,
    0.627361590434,0.738150530578,0.851374226498,0.967966664839,
    1.091996162162,1.222410083185,1.361802057047,1.518212936134,
    1.857425660463,1.897751956053),.UNSPECIFIED.);
#2690 = CARTESIAN_POINT('',(22.,17.5,-13.));
#2691 = CARTESIAN_POINT('',(22.,17.839621830971,-13.));
#2692 = CARTESIAN_POINT('',(22.,18.177211015336,-12.99293776062));
#2693 = CARTESIAN_POINT('',(22.,18.512774613354,-12.97884245978));
#2694 = CARTESIAN_POINT('',(22.,18.852751643014,-12.96456177337));
#2695 = CARTESIAN_POINT('',(22.,19.190649469725,-12.94306188112));
#2696 = CARTESIAN_POINT('',(22.,19.526487732726,-12.91442508541));
#2697 = CARTESIAN_POINT('',(22.,19.878646458851,-12.88439665027));
#2698 = CARTESIAN_POINT('',(22.,20.228540527941,-12.84652057835));
#2699 = CARTESIAN_POINT('',(22.,20.576206423089,-12.80095012286));
#2700 = CARTESIAN_POINT('',(22.,20.920394922267,-12.75583546853));
#2701 = CARTESIAN_POINT('',(22.,21.262399672419,-12.70317990522));
#2702 = CARTESIAN_POINT('',(22.,21.602268966415,-12.6431863812));
#2703 = CARTESIAN_POINT('',(22.,21.947751651939,-12.58220198467));
#2704 = CARTESIAN_POINT('',(22.,22.291027779976,-12.51363533135));
#2705 = CARTESIAN_POINT('',(22.,22.632160823319,-12.43775308431));
#2706 = CARTESIAN_POINT('',(22.,22.979431006701,-12.36050568082));
#2707 = CARTESIAN_POINT('',(22.,23.324480324529,-12.27567720153));
#2708 = CARTESIAN_POINT('',(22.,23.66738850876,-12.18360239322));
#2709 = CARTESIAN_POINT('',(22.,24.017069908642,-12.08970889827));
#2710 = CARTESIAN_POINT('',(22.,24.364524780314,-11.98828010323));
#2711 = CARTESIAN_POINT('',(22.,24.709850474059,-11.87972434354));
#2712 = CARTESIAN_POINT('',(22.,25.062765226117,-11.76878290562));
#2713 = CARTESIAN_POINT('',(22.,25.413456216044,-11.65039794185));
#2714 = CARTESIAN_POINT('',(22.,25.762040191406,-11.52505858957));
#2715 = CARTESIAN_POINT('',(22.,26.120995579001,-11.39599001799));
#2716 = CARTESIAN_POINT('',(22.,26.477716746364,-11.2595472449));
#2717 = CARTESIAN_POINT('',(22.,26.832344202528,-11.11631822905));
#2718 = CARTESIAN_POINT('',(22.,27.209592210641,-10.96395309208));
#2719 = CARTESIAN_POINT('',(22.,27.584470901764,-10.8039084108));
#2720 = CARTESIAN_POINT('',(22.,27.957163578381,-10.63695052549));
#2721 = CARTESIAN_POINT('',(22.,28.349040626529,-10.46139847587));
#2722 = CARTESIAN_POINT('',(22.,28.738500905504,-10.27820354182));
#2723 = CARTESIAN_POINT('',(22.,29.125771841714,-10.08831604449));
#2724 = CARTESIAN_POINT('',(22.,29.539703573803,-9.885356169833));
#2725 = CARTESIAN_POINT('',(22.,29.951134271401,-9.67475104361));
#2726 = CARTESIAN_POINT('',(22.,30.360355992898,-9.457720851859));
#2727 = CARTESIAN_POINT('',(22.,30.819541177145,-9.214192604576));
#2728 = CARTESIAN_POINT('',(22.,31.275945239057,-8.96257532696));
#2729 = CARTESIAN_POINT('',(22.,31.729995995639,-8.704656732058));
#2730 = CARTESIAN_POINT('',(22.,32.714708791984,-8.145301335918));
#2731 = CARTESIAN_POINT('',(22.,33.688355112948,-7.556314421525));
#2732 = CARTESIAN_POINT('',(22.,34.655385560305,-6.95631397459));
#2733 = CARTESIAN_POINT('',(22.,34.770348098172,-6.884984706428));
#2734 = CARTESIAN_POINT('',(22.,34.885217102447,-6.813499681719));
#2735 = CARTESIAN_POINT('',(22.,35.,-6.741889978353));
#2736 = PCURVE('',#341,#2737);
#2737 = DEFINITIONAL_REPRESENTATION('',(#2738),#2741);
#2738 = B_SPLINE_CURVE_WITH_KNOTS('',1,(#2739,#2740),.UNSPECIFIED.,.F.,
  .F.,(2,2),(0.,1.897751956053),.PIECEWISE_BEZIER_KNOTS.);
#2739 = CARTESIAN_POINT('',(1.,4.4));
#2740 = CARTESIAN_POINT('',(0.777685643437,4.4));
#2741 = ( GEOMETRIC_REPRESENTATION_CONTEXT(2) 
PARAMETRIC_REPRESENTATION_CONTEXT() REPRESENTATION_CONTEXT('2D SPACE',''
  ) );
#2742 = PCURVE('',#220,#2743);
#2743 = DEFINITIONAL_REPRESENTATION('',(#2744),#2791);
#2744 = B_SPLINE_CURVE_WITH_KNOTS('',3,(#2745,#2746,#2747,#2748,#2749,
    #2750,#2751,#2752,#2753,#2754,#2755,#2756,#2757,#2758,#2759,#2760,
    #2761,#2762,#2763,#2764,#2765,#2766,#2767,#2768,#2769,#2770,#2771,
    #2772,#2773,#2774,#2775,#2776,#2777,#2778,#2779,#2780,#2781,#2782,
    #2783,#2784,#2785,#2786,#2787,#2788,#2789,#2790),.UNSPECIFIED.,.F.,
  .F.,(4,3,3,3,3,3,3,3,3,3,3,3,3,3,3,4),(0.,9.982202700447E-02,
    0.200956942818,0.307006631145,0.411995597774,0.518718596238,
    0.627361590434,0.738150530578,0.851374226498,0.967966664839,
    1.091996162162,1.222410083185,1.361802057047,1.518212936134,
    1.857425660463,1.897751956053),.UNSPECIFIED.);
#2745 = CARTESIAN_POINT('',(-15.,-13.));
#2746 = CARTESIAN_POINT('',(-15.33962183097,-13.));
#2747 = CARTESIAN_POINT('',(-15.67721101533,-12.99293776062));
#2748 = CARTESIAN_POINT('',(-16.01277461335,-12.97884245978));
#2749 = CARTESIAN_POINT('',(-16.35275164301,-12.96456177337));
#2750 = CARTESIAN_POINT('',(-16.69064946972,-12.94306188112));
#2751 = CARTESIAN_POINT('',(-17.02648773272,-12.91442508541));
#2752 = CARTESIAN_POINT('',(-17.37864645885,-12.88439665027));
#2753 = CARTESIAN_POINT('',(-17.72854052794,-12.84652057835));
#2754 = CARTESIAN_POINT('',(-18.07620642308,-12.80095012286));
#2755 = CARTESIAN_POINT('',(-18.42039492226,-12.75583546853));
#2756 = CARTESIAN_POINT('',(-18.76239967241,-12.70317990522));
#2757 = CARTESIAN_POINT('',(-19.10226896641,-12.6431863812));
#2758 = CARTESIAN_POINT('',(-19.44775165193,-12.58220198467));
#2759 = CARTESIAN_POINT('',(-19.79102777997,-12.51363533135));
#2760 = CARTESIAN_POINT('',(-20.13216082331,-12.43775308431));
#2761 = CARTESIAN_POINT('',(-20.4794310067,-12.36050568082));
#2762 = CARTESIAN_POINT('',(-20.82448032452,-12.27567720153));
#2763 = CARTESIAN_POINT('',(-21.16738850876,-12.18360239322));
#2764 = CARTESIAN_POINT('',(-21.51706990864,-12.08970889827));
#2765 = CARTESIAN_POINT('',(-21.86452478031,-11.98828010323));
#2766 = CARTESIAN_POINT('',(-22.20985047405,-11.87972434354));
#2767 = CARTESIAN_POINT('',(-22.56276522611,-11.76878290562));
#2768 = CARTESIAN_POINT('',(-22.91345621604,-11.65039794185));
#2769 = CARTESIAN_POINT('',(-23.2620401914,-11.52505858957));
#2770 = CARTESIAN_POINT('',(-23.620995579,-11.39599001799));
#2771 = CARTESIAN_POINT('',(-23.97771674636,-11.2595472449));
#2772 = CARTESIAN_POINT('',(-24.33234420252,-11.11631822905));
#2773 = CARTESIAN_POINT('',(-24.70959221064,-10.96395309208));
#2774 = CARTESIAN_POINT('',(-25.08447090176,-10.8039084108));
#2775 = CARTESIAN_POINT('',(-25.45716357838,-10.63695052549));
#2776 = CARTESIAN_POINT('',(-25.84904062652,-10.46139847587));
#2777 = CARTESIAN_POINT('',(-26.2385009055,-10.27820354182));
#2778 = CARTESIAN_POINT('',(-26.62577184171,-10.08831604449));
#2779 = CARTESIAN_POINT('',(-27.0397035738,-9.885356169833));
#2780 = CARTESIAN_POINT('',(-27.4511342714,-9.67475104361));
#2781 = CARTESIAN_POINT('',(-27.86035599289,-9.457720851859));
#2782 = CARTESIAN_POINT('',(-28.31954117714,-9.214192604576));
#2783 = CARTESIAN_POINT('',(-28.77594523905,-8.96257532696));
#2784 = CARTESIAN_POINT('',(-29.22999599563,-8.704656732058));
#2785 = CARTESIAN_POINT('',(-30.21470879198,-8.145301335918));
#2786 = CARTESIAN_POINT('',(-31.18835511294,-7.556314421525));
#2787 = CARTESIAN_POINT('',(-32.1553855603,-6.95631397459));
#2788 = CARTESIAN_POINT('',(-32.27034809817,-6.884984706428));
#2789 = CARTESIAN_POINT('',(-32.38521710244,-6.813499681719));
#2790 = CARTESIAN_POINT('',(-32.5,-6.741889978353));
#2791 = ( GEOMETRIC_REPRESENTATION_CONTEXT(2) 
PARAMETRIC_REPRESENTATION_CONTEXT() REPRESENTATION_CONTEXT('2D SPACE',''
  ) );
#2792 = ORIENTED_EDGE('',*,*,#2419,.T.);
#2793 = ORIENTED_EDGE('',*,*,#2794,.T.);
#2794 = EDGE_CURVE('',#2183,#2795,#2797,.T.);
#2795 = VERTEX_POINT('',#2796);
#2796 = CARTESIAN_POINT('',(11.75,98.,2.));
#2797 = SURFACE_CURVE('',#2798,(#2802,#2808),.PCURVE_S1.);
#2798 = LINE('',#2799,#2800);
#2799 = CARTESIAN_POINT('',(13.25,98.,2.));
#2800 = VECTOR('',#2801,1.);
#2801 = DIRECTION('',(-1.,0.,-5.551115123126E-16));
#2802 = PCURVE('',#341,#2803);
#2803 = DEFINITIONAL_REPRESENTATION('',(#2804),#2807);
#2804 = B_SPLINE_CURVE_WITH_KNOTS('',1,(#2805,#2806),.UNSPECIFIED.,.F.,
  .F.,(2,2),(-1.5,1.5),.PIECEWISE_BEZIER_KNOTS.);
#2805 = CARTESIAN_POINT('',(1.477242561591E-08,3.675));
#2806 = CARTESIAN_POINT('',(1.477242565208E-08,3.375));
#2807 = ( GEOMETRIC_REPRESENTATION_CONTEXT(2) 
PARAMETRIC_REPRESENTATION_CONTEXT() REPRESENTATION_CONTEXT('2D SPACE',''
  ) );
#2808 = PCURVE('',#2220,#2809);
#2809 = DEFINITIONAL_REPRESENTATION('',(#2810),#2814);
#2810 = LINE('',#2811,#2812);
#2811 = CARTESIAN_POINT('',(1.5,0.));
#2812 = VECTOR('',#2813,1.);
#2813 = DIRECTION('',(-1.,0.));
#2814 = ( GEOMETRIC_REPRESENTATION_CONTEXT(2) 
PARAMETRIC_REPRESENTATION_CONTEXT() REPRESENTATION_CONTEXT('2D SPACE',''
  ) );
#2815 = ORIENTED_EDGE('',*,*,#2816,.T.);
#2816 = EDGE_CURVE('',#2795,#2817,#2819,.T.);
#2817 = VERTEX_POINT('',#2818);
#2818 = CARTESIAN_POINT('',(-11.75,98.,2.));
#2819 = SURFACE_CURVE('',#2820,(#2824,#2830),.PCURVE_S1.);
#2820 = LINE('',#2821,#2822);
#2821 = CARTESIAN_POINT('',(-22.,98.000001460314,2.000000029802));
#2822 = VECTOR('',#2823,1.);
#2823 = DIRECTION('',(-1.,0.,-2.886579864025E-16));
#2824 = PCURVE('',#341,#2825);
#2825 = DEFINITIONAL_REPRESENTATION('',(#2826),#2829);
#2826 = B_SPLINE_CURVE_WITH_KNOTS('',1,(#2827,#2828),.UNSPECIFIED.,.F.,
  .F.,(2,2),(-33.75,-10.25),.PIECEWISE_BEZIER_KNOTS.);
#2827 = CARTESIAN_POINT('',(7.384025072503E-17,3.375));
#2828 = CARTESIAN_POINT('',(-2.002137760035E-17,1.025));
#2829 = ( GEOMETRIC_REPRESENTATION_CONTEXT(2) 
PARAMETRIC_REPRESENTATION_CONTEXT() REPRESENTATION_CONTEXT('2D SPACE',''
  ) );
#2830 = PCURVE('',#2831,#2836);
#2831 = PLANE('',#2832);
#2832 = AXIS2_PLACEMENT_3D('',#2833,#2834,#2835);
#2833 = CARTESIAN_POINT('',(-14.75,98.,13.));
#2834 = DIRECTION('',(0.,1.,0.));
#2835 = DIRECTION('',(1.,-0.,3.700743415417E-16));
#2836 = DEFINITIONAL_REPRESENTATION('',(#2837),#2841);
#2837 = LINE('',#2838,#2839);
#2838 = CARTESIAN_POINT('',(-7.25,10.999999970198));
#2839 = VECTOR('',#2840,1.);
#2840 = DIRECTION('',(-1.,-8.141635513918E-17));
#2841 = ( GEOMETRIC_REPRESENTATION_CONTEXT(2) 
PARAMETRIC_REPRESENTATION_CONTEXT() REPRESENTATION_CONTEXT('2D SPACE',''
  ) );
#2842 = ORIENTED_EDGE('',*,*,#2843,.F.);
#2843 = EDGE_CURVE('',#1183,#2817,#2844,.T.);
#2844 = SURFACE_CURVE('',#2845,(#2849,#2855),.PCURVE_S1.);
#2845 = LINE('',#2846,#2847);
#2846 = CARTESIAN_POINT('',(-13.25,98.,2.));
#2847 = VECTOR('',#2848,1.);
#2848 = DIRECTION('',(1.,0.,-5.551115123126E-16));
#2849 = PCURVE('',#341,#2850);
#2850 = DEFINITIONAL_REPRESENTATION('',(#2851),#2854);
#2851 = B_SPLINE_CURVE_WITH_KNOTS('',1,(#2852,#2853),.UNSPECIFIED.,.F.,
  .F.,(2,2),(-1.5,1.5),.PIECEWISE_BEZIER_KNOTS.);
#2852 = CARTESIAN_POINT('',(1.477242565206E-08,0.725));
#2853 = CARTESIAN_POINT('',(1.47724257228E-08,1.025));
#2854 = ( GEOMETRIC_REPRESENTATION_CONTEXT(2) 
PARAMETRIC_REPRESENTATION_CONTEXT() REPRESENTATION_CONTEXT('2D SPACE',''
  ) );
#2855 = PCURVE('',#1198,#2856);
#2856 = DEFINITIONAL_REPRESENTATION('',(#2857),#2861);
#2857 = LINE('',#2858,#2859);
#2858 = CARTESIAN_POINT('',(1.5,0.));
#2859 = VECTOR('',#2860,1.);
#2860 = DIRECTION('',(-1.,0.));
#2861 = ( GEOMETRIC_REPRESENTATION_CONTEXT(2) 
PARAMETRIC_REPRESENTATION_CONTEXT() REPRESENTATION_CONTEXT('2D SPACE',''
  ) );
#2862 = ORIENTED_EDGE('',*,*,#1588,.T.);
#2863 = ORIENTED_EDGE('',*,*,#2864,.T.);
#2864 = EDGE_CURVE('',#1589,#2865,#2867,.T.);
#2865 = VERTEX_POINT('',#2866);
#2866 = CARTESIAN_POINT('',(-22.,17.5,-13.));
#2867 = SURFACE_CURVE('',#2868,(#2877,#2884),.PCURVE_S1.);
#2868 = B_SPLINE_CURVE_WITH_KNOTS('',5,(#2869,#2870,#2871,#2872,#2873,
    #2874,#2875,#2876),.UNSPECIFIED.,.F.,.F.,(6,1,1,6),(0.777685643437,
    0.8,0.9,1.),.UNSPECIFIED.);
#2869 = CARTESIAN_POINT('',(-22.,35.,-6.741889978353));
#2870 = CARTESIAN_POINT('',(-22.,34.674690750456,-6.944840934974));
#2871 = CARTESIAN_POINT('',(-22.,32.888374840042,-8.052725553453));
#2872 = CARTESIAN_POINT('',(-22.,29.605884325456,-10.00294190153));
#2873 = CARTESIAN_POINT('',(-22.,26.215598407462,-11.65854885139));
#2874 = CARTESIAN_POINT('',(-22.,22.638592874102,-12.69031363184));
#2875 = CARTESIAN_POINT('',(-22.,19.242578708235,-13.));
#2876 = CARTESIAN_POINT('',(-22.,17.5,-13.));
#2877 = PCURVE('',#341,#2878);
#2878 = DEFINITIONAL_REPRESENTATION('',(#2879),#2883);
#2879 = LINE('',#2880,#2881);
#2880 = CARTESIAN_POINT('',(0.,-9.455165260413E-17));
#2881 = VECTOR('',#2882,1.);
#2882 = DIRECTION('',(1.,1.215808127642E-16));
#2883 = ( GEOMETRIC_REPRESENTATION_CONTEXT(2) 
PARAMETRIC_REPRESENTATION_CONTEXT() REPRESENTATION_CONTEXT('2D SPACE',''
  ) );
#2884 = PCURVE('',#100,#2885);
#2885 = DEFINITIONAL_REPRESENTATION('',(#2886),#2895);
#2886 = B_SPLINE_CURVE_WITH_KNOTS('',5,(#2887,#2888,#2889,#2890,#2891,
    #2892,#2893,#2894),.UNSPECIFIED.,.F.,.F.,(6,1,1,6),(0.777685643437,
    0.8,0.9,1.),.UNSPECIFIED.);
#2887 = CARTESIAN_POINT('',(-32.5,-6.741889978353));
#2888 = CARTESIAN_POINT('',(-32.17469075045,-6.944840934974));
#2889 = CARTESIAN_POINT('',(-30.38837484004,-8.052725553453));
#2890 = CARTESIAN_POINT('',(-27.10588432545,-10.00294190153));
#2891 = CARTESIAN_POINT('',(-23.71559840746,-11.65854885139));
#2892 = CARTESIAN_POINT('',(-20.1385928741,-12.69031363184));
#2893 = CARTESIAN_POINT('',(-16.74257870823,-13.));
#2894 = CARTESIAN_POINT('',(-15.,-13.));
#2895 = ( GEOMETRIC_REPRESENTATION_CONTEXT(2) 
PARAMETRIC_REPRESENTATION_CONTEXT() REPRESENTATION_CONTEXT('2D SPACE',''
  ) );
#2896 = ORIENTED_EDGE('',*,*,#2897,.T.);
#2897 = EDGE_CURVE('',#2865,#632,#2898,.T.);
#2898 = SURFACE_CURVE('',#2899,(#2903,#2909),.PCURVE_S1.);
#2899 = LINE('',#2900,#2901);
#2900 = CARTESIAN_POINT('',(-22.,17.5,-13.));
#2901 = VECTOR('',#2902,1.);
#2902 = DIRECTION('',(1.,0.,2.886579864025E-16));
#2903 = PCURVE('',#341,#2904);
#2904 = DEFINITIONAL_REPRESENTATION('',(#2905),#2908);
#2905 = B_SPLINE_CURVE_WITH_KNOTS('',1,(#2906,#2907),.UNSPECIFIED.,.F.,
  .F.,(2,2),(0.,3.),.PIECEWISE_BEZIER_KNOTS.);
#2906 = CARTESIAN_POINT('',(1.,2.702916016006E-17));
#2907 = CARTESIAN_POINT('',(1.,0.3));
#2908 = ( GEOMETRIC_REPRESENTATION_CONTEXT(2) 
PARAMETRIC_REPRESENTATION_CONTEXT() REPRESENTATION_CONTEXT('2D SPACE',''
  ) );
#2909 = PCURVE('',#647,#2910);
#2910 = DEFINITIONAL_REPRESENTATION('',(#2911),#2915);
#2911 = LINE('',#2912,#2913);
#2912 = CARTESIAN_POINT('',(0.5,3.));
#2913 = VECTOR('',#2914,1.);
#2914 = DIRECTION('',(0.,-1.));
#2915 = ( GEOMETRIC_REPRESENTATION_CONTEXT(2) 
PARAMETRIC_REPRESENTATION_CONTEXT() REPRESENTATION_CONTEXT('2D SPACE',''
  ) );
#2916 = ORIENTED_EDGE('',*,*,#659,.T.);
#2917 = ORIENTED_EDGE('',*,*,#2918,.T.);
#2918 = EDGE_CURVE('',#660,#2919,#2921,.T.);
#2919 = VERTEX_POINT('',#2920);
#2920 = CARTESIAN_POINT('',(2.071780916062E-15,35.,-6.741889978353));
#2921 = SURFACE_CURVE('',#2922,(#2935,#2964),.PCURVE_S1.);
#2922 = B_SPLINE_CURVE_WITH_KNOTS('',3,(#2923,#2924,#2925,#2926,#2927,
    #2928,#2929,#2930,#2931,#2932,#2933,#2934),.UNSPECIFIED.,.F.,.F.,(4,
    2,2,2,2,4),(-3.817993589441,-3.14863989633,-2.459353374174,
    -1.8353624523,-1.104218990141,0.),.UNSPECIFIED.);
#2923 = CARTESIAN_POINT('',(-19.,18.,-12.9948717553));
#2924 = CARTESIAN_POINT('',(-19.,19.80895326243,-12.95766189954));
#2925 = CARTESIAN_POINT('',(-18.82348064135,21.580202398397,
    -12.71200160664));
#2926 = CARTESIAN_POINT('',(-18.06801879041,25.044736934756,
    -11.84024207364));
#2927 = CARTESIAN_POINT('',(-17.49139945779,26.641494473571,
    -11.23023315792));
#2928 = CARTESIAN_POINT('',(-15.98717317964,29.293298678091,
    -10.03465953845));
#2929 = CARTESIAN_POINT('',(-15.08519493994,30.406496162226,
    -9.445412712653));
#2930 = CARTESIAN_POINT('',(-12.62612153653,32.448388573976,
    -8.305496898276));
#2931 = CARTESIAN_POINT('',(-11.08754019947,33.230311665063,
    -7.829632102418));
#2932 = CARTESIAN_POINT('',(-6.791212203274,34.629624318009,
    -6.977160149754));
#2933 = CARTESIAN_POINT('',(-3.680729967135,35.,-6.741889978353));
#2934 = CARTESIAN_POINT('',(1.665334536938E-15,35.,-6.741889978353));
#2935 = PCURVE('',#341,#2936);
#2936 = DEFINITIONAL_REPRESENTATION('',(#2937),#2963);
#2937 = B_SPLINE_CURVE_WITH_KNOTS('',3,(#2938,#2939,#2940,#2941,#2942,
    #2943,#2944,#2945,#2946,#2947,#2948,#2949,#2950,#2951,#2952,#2953,
    #2954,#2955,#2956,#2957,#2958,#2959,#2960,#2961,#2962),
  .UNSPECIFIED.,.F.,.F.,(4,1,1,1,1,1,1,1,1,1,1,1,1,1,1,1,1,1,1,1,1,1,4),
  (-3.817993589441,-3.644448426285,-3.470903263128,-3.297358099972,
    -3.123812936815,-2.950267773659,-2.776722610503,-2.603177447346,
    -2.42963228419,-2.256087121033,-2.082541957877,-1.908996794721,
    -1.735451631564,-1.561906468408,-1.388361305251,-1.214816142095,
    -1.041270978938,-0.867725815782,-0.694180652626,-0.520635489469,
    -0.347090326313,-0.173545163156,0.),.UNSPECIFIED.);
#2938 = CARTESIAN_POINT('',(0.994244435511,0.3));
#2939 = CARTESIAN_POINT('',(0.988830199929,0.3));
#2940 = CARTESIAN_POINT('',(0.977968187747,0.302371985213));
#2941 = CARTESIAN_POINT('',(0.961604750532,0.313257198324));
#2942 = CARTESIAN_POINT('',(0.945236216435,0.331636860181));
#2943 = CARTESIAN_POINT('',(0.928804994665,0.357832415937));
#2944 = CARTESIAN_POINT('',(0.912749847707,0.391559367857));
#2945 = CARTESIAN_POINT('',(0.89732306567,0.432805857421));
#2946 = CARTESIAN_POINT('',(0.882570126079,0.481849198303));
#2947 = CARTESIAN_POINT('',(0.868625680613,0.538714807319));
#2948 = CARTESIAN_POINT('',(0.855464321452,0.604200617214));
#2949 = CARTESIAN_POINT('',(0.843122660353,0.679086550052));
#2950 = CARTESIAN_POINT('',(0.831686027571,0.763804713197));
#2951 = CARTESIAN_POINT('',(0.821232412883,0.859182965544));
#2952 = CARTESIAN_POINT('',(0.812188195127,0.961138786565));
#2953 = CARTESIAN_POINT('',(0.804382994062,1.069849202747));
#2954 = CARTESIAN_POINT('',(0.797748739174,1.184975929905));
#2955 = CARTESIAN_POINT('',(0.792211513182,1.305822340151));
#2956 = CARTESIAN_POINT('',(0.787607131076,1.434428034801));
#2957 = CARTESIAN_POINT('',(0.783907806318,1.570984329631));
#2958 = CARTESIAN_POINT('',(0.78108275106,1.715571649878));
#2959 = CARTESIAN_POINT('',(0.779102601407,1.868300134543));
#2960 = CARTESIAN_POINT('',(0.777937941756,2.029271958113));
#2961 = CARTESIAN_POINT('',(0.777685643435,2.142151612281));
#2962 = CARTESIAN_POINT('',(0.777685643437,2.2));
#2963 = ( GEOMETRIC_REPRESENTATION_CONTEXT(2) 
PARAMETRIC_REPRESENTATION_CONTEXT() REPRESENTATION_CONTEXT('2D SPACE',''
  ) );
#2964 = PCURVE('',#699,#2965);
#2965 = DEFINITIONAL_REPRESENTATION('',(#2966),#2992);
#2966 = B_SPLINE_CURVE_WITH_KNOTS('',3,(#2967,#2968,#2969,#2970,#2971,
    #2972,#2973,#2974,#2975,#2976,#2977,#2978,#2979,#2980,#2981,#2982,
    #2983,#2984,#2985,#2986,#2987,#2988,#2989,#2990,#2991),
  .UNSPECIFIED.,.F.,.F.,(4,1,1,1,1,1,1,1,1,1,1,1,1,1,1,1,1,1,1,1,1,1,4),
  (-3.817993589441,-3.644448426285,-3.470903263128,-3.297358099972,
    -3.123812936815,-2.950267773659,-2.776722610503,-2.603177447346,
    -2.42963228419,-2.256087121033,-2.082541957877,-1.908996794721,
    -1.735451631564,-1.561906468408,-1.388361305251,-1.214816142095,
    -1.041270978938,-0.867725815782,-0.694180652626,-0.520635489469,
    -0.347090326313,-0.173545163156,0.),.UNSPECIFIED.);
#2967 = CARTESIAN_POINT('',(0.,2.599487175531));
#2968 = CARTESIAN_POINT('',(-1.958814748499E-02,2.598522425421));
#2969 = CARTESIAN_POINT('',(-5.860881640592E-02,2.593793121594));
#2970 = CARTESIAN_POINT('',(-0.116712466978,2.578532957081));
#2971 = CARTESIAN_POINT('',(-0.17427910147,2.555437061528));
#2972 = CARTESIAN_POINT('',(-0.231721216741,2.524495447781));
#2973 = CARTESIAN_POINT('',(-0.287767684091,2.487029691327));
#2974 = CARTESIAN_POINT('',(-0.341927998821,2.444927061788));
#2975 = CARTESIAN_POINT('',(-0.394408710818,2.399484878773));
#2976 = CARTESIAN_POINT('',(-0.445073522825,2.352258583544));
#2977 = CARTESIAN_POINT('',(-0.494385975428,2.304331466168));
#2978 = CARTESIAN_POINT('',(-0.542564117941,2.256691622537));
#2979 = CARTESIAN_POINT('',(-0.589605153259,2.210464342325));
#2980 = CARTESIAN_POINT('',(-0.635616686535,2.16678504842));
#2981 = CARTESIAN_POINT('',(-0.678816634566,2.128103943392));
#2982 = CARTESIAN_POINT('',(-0.71978248966,2.094013649815));
#2983 = CARTESIAN_POINT('',(-0.758718424612,2.064567950797));
#2984 = CARTESIAN_POINT('',(-0.79575981249,2.039819938172));
#2985 = CARTESIAN_POINT('',(-0.831744499312,2.019166439841));
#2986 = CARTESIAN_POINT('',(-0.866806521248,2.002488580253));
#2987 = CARTESIAN_POINT('',(-0.901062583849,1.989693173326));
#2988 = CARTESIAN_POINT('',(-0.93462350736,1.980680149337));
#2989 = CARTESIAN_POINT('',(-0.967592743584,1.975351283663));
#2990 = CARTESIAN_POINT('',(-0.989241759191,1.974188997835));
#2991 = CARTESIAN_POINT('',(-1.,1.974188997835));
#2992 = ( GEOMETRIC_REPRESENTATION_CONTEXT(2) 
PARAMETRIC_REPRESENTATION_CONTEXT() REPRESENTATION_CONTEXT('2D SPACE',''
  ) );
#2993 = ORIENTED_EDGE('',*,*,#2994,.T.);
#2994 = EDGE_CURVE('',#2919,#281,#2995,.T.);
#2995 = SURFACE_CURVE('',#2996,(#3009,#3038),.PCURVE_S1.);
#2996 = B_SPLINE_CURVE_WITH_KNOTS('',3,(#2997,#2998,#2999,#3000,#3001,
    #3002,#3003,#3004,#3005,#3006,#3007,#3008),.UNSPECIFIED.,.F.,.F.,(4,
    2,2,2,2,4),(-4.059974445452,-2.883325895912,-2.071375311304,
    -1.717595038225,-0.827371005524,0.),.UNSPECIFIED.);
#2997 = CARTESIAN_POINT('',(-3.330669073875E-15,35.,-6.741889978353));
#2998 = CARTESIAN_POINT('',(3.571656691457,35.,-6.741889978353));
#2999 = CARTESIAN_POINT('',(6.605282501237,34.651053182248,
    -6.963189445917));
#3000 = CARTESIAN_POINT('',(10.894002983474,33.317423852173,
    -7.777125042405));
#3001 = CARTESIAN_POINT('',(12.476234352109,32.543561183134,
    -8.249627701278));
#3002 = CARTESIAN_POINT('',(14.436906464816,30.955911996703,
    -9.139730552416));
#3003 = CARTESIAN_POINT('',(14.973080703902,30.424891998563,
    -9.428719019222));
#3004 = CARTESIAN_POINT('',(16.669158476762,28.38439728832,-10.478089183
    ));
#3005 = CARTESIAN_POINT('',(17.502086176069,26.660480075395,
    -11.26003470281));
#3006 = CARTESIAN_POINT('',(18.586930178893,23.047553007457,
    -12.40806014448));
#3007 = CARTESIAN_POINT('',(19.,20.757320077856,-12.93815415816));
#3008 = CARTESIAN_POINT('',(19.,18.,-12.9948717553));
#3009 = PCURVE('',#341,#3010);
#3010 = DEFINITIONAL_REPRESENTATION('',(#3011),#3037);
#3011 = B_SPLINE_CURVE_WITH_KNOTS('',3,(#3012,#3013,#3014,#3015,#3016,
    #3017,#3018,#3019,#3020,#3021,#3022,#3023,#3024,#3025,#3026,#3027,
    #3028,#3029,#3030,#3031,#3032,#3033,#3034,#3035,#3036),
  .UNSPECIFIED.,.F.,.F.,(4,1,1,1,1,1,1,1,1,1,1,1,1,1,1,1,1,1,1,1,1,1,4),
  (-4.059974445452,-3.875430152477,-3.690885859502,-3.506341566527,
    -3.321797273552,-3.137252980577,-2.952708687602,-2.768164394627,
    -2.583620101652,-2.399075808676,-2.214531515701,-2.029987222726,
    -1.845442929751,-1.660898636776,-1.476354343801,-1.291810050826,
    -1.107265757851,-0.922721464876,-0.7381771719,-0.553632878925,
    -0.36908858595,-0.184544292975,0.),.UNSPECIFIED.);
#3012 = CARTESIAN_POINT('',(0.777685643437,2.2));
#3013 = CARTESIAN_POINT('',(0.777685643236,2.256017479402));
#3014 = CARTESIAN_POINT('',(0.777922248564,2.365405505065));
#3015 = CARTESIAN_POINT('',(0.779013370273,2.521643926363));
#3016 = CARTESIAN_POINT('',(0.780867057335,2.67013633805));
#3017 = CARTESIAN_POINT('',(0.783509818496,2.81097885897));
#3018 = CARTESIAN_POINT('',(0.786967938573,2.944273137575));
#3019 = CARTESIAN_POINT('',(0.791269527267,3.070100192625));
#3020 = CARTESIAN_POINT('',(0.796437752185,3.188618032038));
#3021 = CARTESIAN_POINT('',(0.802635675839,3.302029573382));
#3022 = CARTESIAN_POINT('',(0.809934290323,3.409604839215));
#3023 = CARTESIAN_POINT('',(0.818397211392,3.510951364487));
#3024 = CARTESIAN_POINT('',(0.828191587496,3.606351685347));
#3025 = CARTESIAN_POINT('',(0.83905180778,3.692622461751));
#3026 = CARTESIAN_POINT('',(0.850914216214,3.769863251696));
#3027 = CARTESIAN_POINT('',(0.863562762213,3.837556519161));
#3028 = CARTESIAN_POINT('',(0.876862679711,3.896179566583));
#3029 = CARTESIAN_POINT('',(0.890699478559,3.946336229291));
#3030 = CARTESIAN_POINT('',(0.905015381405,3.988666398861));
#3031 = CARTESIAN_POINT('',(0.91950341958,4.023539208993));
#3032 = CARTESIAN_POINT('',(0.935901063328,4.054676002188));
#3033 = CARTESIAN_POINT('',(0.953880413646,4.079409418748));
#3034 = CARTESIAN_POINT('',(0.973322982764,4.095891634892));
#3035 = CARTESIAN_POINT('',(0.98714477183,4.1));
#3036 = CARTESIAN_POINT('',(0.994244435511,4.1));
#3037 = ( GEOMETRIC_REPRESENTATION_CONTEXT(2) 
PARAMETRIC_REPRESENTATION_CONTEXT() REPRESENTATION_CONTEXT('2D SPACE',''
  ) );
#3038 = PCURVE('',#296,#3039);
#3039 = DEFINITIONAL_REPRESENTATION('',(#3040),#3066);
#3040 = B_SPLINE_CURVE_WITH_KNOTS('',3,(#3041,#3042,#3043,#3044,#3045,
    #3046,#3047,#3048,#3049,#3050,#3051,#3052,#3053,#3054,#3055,#3056,
    #3057,#3058,#3059,#3060,#3061,#3062,#3063,#3064,#3065),
  .UNSPECIFIED.,.F.,.F.,(4,1,1,1,1,1,1,1,1,1,1,1,1,1,1,1,1,1,1,1,1,1,4),
  (-4.059974445452,-3.875430152477,-3.690885859502,-3.506341566527,
    -3.321797273552,-3.137252980577,-2.952708687602,-2.768164394627,
    -2.583620101652,-2.399075808676,-2.214531515701,-2.029987222726,
    -1.845442929751,-1.660898636776,-1.476354343801,-1.291810050826,
    -1.107265757851,-0.922721464876,-0.7381771719,-0.553632878925,
    -0.36908858595,-0.184544292975,0.),.UNSPECIFIED.);
#3041 = CARTESIAN_POINT('',(-1.,1.974188997835));
#3042 = CARTESIAN_POINT('',(-0.989582298617,1.974188997835));
#3043 = CARTESIAN_POINT('',(-0.9686235053,1.97527772425));
#3044 = CARTESIAN_POINT('',(-0.936726234568,1.980267265115));
#3045 = CARTESIAN_POINT('',(-0.904282869759,1.988703590979));
#3046 = CARTESIAN_POINT('',(-0.871199762291,2.00067681946));
#3047 = CARTESIAN_POINT('',(-0.837377578613,2.016277870959));
#3048 = CARTESIAN_POINT('',(-0.802709477693,2.035594670895));
#3049 = CARTESIAN_POINT('',(-0.767082805038,2.058726321819));
#3050 = CARTESIAN_POINT('',(-0.729637974949,2.086308109734));
#3051 = CARTESIAN_POINT('',(-0.690263721641,2.118319337758));
#3052 = CARTESIAN_POINT('',(-0.648788849335,2.154731246657));
#3053 = CARTESIAN_POINT('',(-0.604636138692,2.195988046418));
#3054 = CARTESIAN_POINT('',(-0.559000106051,2.240415341957));
#3055 = CARTESIAN_POINT('',(-0.511888064298,2.287003694892));
#3056 = CARTESIAN_POINT('',(-0.46383759997,2.33413748845));
#3057 = CARTESIAN_POINT('',(-0.414983025951,2.380525089385));
#3058 = CARTESIAN_POINT('',(-0.365381148079,2.425012066819));
#3059 = CARTESIAN_POINT('',(-0.314878925436,2.466518592758));
#3060 = CARTESIAN_POINT('',(-0.26418169143,2.503529225303));
#3061 = CARTESIAN_POINT('',(-0.206932911953,2.53888760976));
#3062 = CARTESIAN_POINT('',(-0.143957476416,2.568984168713));
#3063 = CARTESIAN_POINT('',(-7.522708521934E-02,2.590983410881));
#3064 = CARTESIAN_POINT('',(-2.568362284062E-02,2.598222095078));
#3065 = CARTESIAN_POINT('',(0.,2.599487175531));
#3066 = ( GEOMETRIC_REPRESENTATION_CONTEXT(2) 
PARAMETRIC_REPRESENTATION_CONTEXT() REPRESENTATION_CONTEXT('2D SPACE',''
  ) );
#3067 = ORIENTED_EDGE('',*,*,#323,.T.);
#3068 = ADVANCED_FACE('',(#3069,#3140,#3171,#3202,#3232,#3263),#220,.F.
  );
#3069 = FACE_BOUND('',#3070,.T.);
#3070 = EDGE_LOOP('',(#3071,#3072,#3096,#3117,#3118,#3119));
#3071 = ORIENTED_EDGE('',*,*,#204,.T.);
#3072 = ORIENTED_EDGE('',*,*,#3073,.F.);
#3073 = EDGE_CURVE('',#3074,#177,#3076,.T.);
#3074 = VERTEX_POINT('',#3075);
#3075 = CARTESIAN_POINT('',(22.,0.,-13.));
#3076 = SURFACE_CURVE('',#3077,(#3082,#3089),.PCURVE_S1.);
#3077 = CIRCLE('',#3078,13.);
#3078 = AXIS2_PLACEMENT_3D('',#3079,#3080,#3081);
#3079 = CARTESIAN_POINT('',(22.,0.,-6.647460359943E-15));
#3080 = DIRECTION('',(-1.,0.,2.914335439641E-16));
#3081 = DIRECTION('',(0.,-1.,0.));
#3082 = PCURVE('',#220,#3083);
#3083 = DEFINITIONAL_REPRESENTATION('',(#3084),#3088);
#3084 = CIRCLE('',#3085,13.);
#3085 = AXIS2_PLACEMENT_2D('',#3086,#3087);
#3086 = CARTESIAN_POINT('',(2.5,0.));
#3087 = DIRECTION('',(1.,0.));
#3088 = ( GEOMETRIC_REPRESENTATION_CONTEXT(2) 
PARAMETRIC_REPRESENTATION_CONTEXT() REPRESENTATION_CONTEXT('2D SPACE',''
  ) );
#3089 = PCURVE('',#192,#3090);
#3090 = DEFINITIONAL_REPRESENTATION('',(#3091),#3095);
#3091 = LINE('',#3092,#3093);
#3092 = CARTESIAN_POINT('',(0.,-3.));
#3093 = VECTOR('',#3094,1.);
#3094 = DIRECTION('',(1.,0.));
#3095 = ( GEOMETRIC_REPRESENTATION_CONTEXT(2) 
PARAMETRIC_REPRESENTATION_CONTEXT() REPRESENTATION_CONTEXT('2D SPACE',''
  ) );
#3096 = ORIENTED_EDGE('',*,*,#3097,.T.);
#3097 = EDGE_CURVE('',#3074,#2666,#3098,.T.);
#3098 = SURFACE_CURVE('',#3099,(#3103,#3110),.PCURVE_S1.);
#3099 = LINE('',#3100,#3101);
#3100 = CARTESIAN_POINT('',(22.,18.,-13.));
#3101 = VECTOR('',#3102,1.);
#3102 = DIRECTION('',(2.523455801082E-48,1.,6.818780763263E-33));
#3103 = PCURVE('',#220,#3104);
#3104 = DEFINITIONAL_REPRESENTATION('',(#3105),#3109);
#3105 = LINE('',#3106,#3107);
#3106 = CARTESIAN_POINT('',(-15.5,-13.));
#3107 = VECTOR('',#3108,1.);
#3108 = DIRECTION('',(-1.,6.818780763263E-33));
#3109 = ( GEOMETRIC_REPRESENTATION_CONTEXT(2) 
PARAMETRIC_REPRESENTATION_CONTEXT() REPRESENTATION_CONTEXT('2D SPACE',''
  ) );
#3110 = PCURVE('',#394,#3111);
#3111 = DEFINITIONAL_REPRESENTATION('',(#3112),#3116);
#3112 = LINE('',#3113,#3114);
#3113 = CARTESIAN_POINT('',(0.,-41.));
#3114 = VECTOR('',#3115,1.);
#3115 = DIRECTION('',(-1.,-5.046911602164E-48));
#3116 = ( GEOMETRIC_REPRESENTATION_CONTEXT(2) 
PARAMETRIC_REPRESENTATION_CONTEXT() REPRESENTATION_CONTEXT('2D SPACE',''
  ) );
#3117 = ORIENTED_EDGE('',*,*,#2687,.T.);
#3118 = ORIENTED_EDGE('',*,*,#2543,.F.);
#3119 = ORIENTED_EDGE('',*,*,#3120,.F.);
#3120 = EDGE_CURVE('',#205,#2544,#3121,.T.);
#3121 = SURFACE_CURVE('',#3122,(#3126,#3133),.PCURVE_S1.);
#3122 = LINE('',#3123,#3124);
#3123 = CARTESIAN_POINT('',(22.,18.,13.));
#3124 = VECTOR('',#3125,1.);
#3125 = DIRECTION('',(0.,1.,0.));
#3126 = PCURVE('',#220,#3127);
#3127 = DEFINITIONAL_REPRESENTATION('',(#3128),#3132);
#3128 = LINE('',#3129,#3130);
#3129 = CARTESIAN_POINT('',(-15.5,13.));
#3130 = VECTOR('',#3131,1.);
#3131 = DIRECTION('',(-1.,0.));
#3132 = ( GEOMETRIC_REPRESENTATION_CONTEXT(2) 
PARAMETRIC_REPRESENTATION_CONTEXT() REPRESENTATION_CONTEXT('2D SPACE',''
  ) );
#3133 = PCURVE('',#72,#3134);
#3134 = DEFINITIONAL_REPRESENTATION('',(#3135),#3139);
#3135 = LINE('',#3136,#3137);
#3136 = CARTESIAN_POINT('',(18.,-41.));
#3137 = VECTOR('',#3138,1.);
#3138 = DIRECTION('',(1.,0.));
#3139 = ( GEOMETRIC_REPRESENTATION_CONTEXT(2) 
PARAMETRIC_REPRESENTATION_CONTEXT() REPRESENTATION_CONTEXT('2D SPACE',''
  ) );
#3140 = FACE_BOUND('',#3141,.T.);
#3141 = EDGE_LOOP('',(#3142));
#3142 = ORIENTED_EDGE('',*,*,#3143,.T.);
#3143 = EDGE_CURVE('',#3144,#3144,#3146,.T.);
#3144 = VERTEX_POINT('',#3145);
#3145 = CARTESIAN_POINT('',(22.,2.2,-8.));
#3146 = SURFACE_CURVE('',#3147,(#3152,#3159),.PCURVE_S1.);
#3147 = CIRCLE('',#3148,2.2);
#3148 = AXIS2_PLACEMENT_3D('',#3149,#3150,#3151);
#3149 = CARTESIAN_POINT('',(22.,0.,-8.));
#3150 = DIRECTION('',(-1.,0.,2.914335439641E-16));
#3151 = DIRECTION('',(0.,-1.,0.));
#3152 = PCURVE('',#220,#3153);
#3153 = DEFINITIONAL_REPRESENTATION('',(#3154),#3158);
#3154 = CIRCLE('',#3155,2.2);
#3155 = AXIS2_PLACEMENT_2D('',#3156,#3157);
#3156 = CARTESIAN_POINT('',(2.5,-8.));
#3157 = DIRECTION('',(1.,0.));
#3158 = ( GEOMETRIC_REPRESENTATION_CONTEXT(2) 
PARAMETRIC_REPRESENTATION_CONTEXT() REPRESENTATION_CONTEXT('2D SPACE',''
  ) );
#3159 = PCURVE('',#3160,#3165);
#3160 = CONICAL_SURFACE('',#3161,1.7,0.785398163397);
#3161 = AXIS2_PLACEMENT_3D('',#3162,#3163,#3164);
#3162 = CARTESIAN_POINT('',(21.5,0.,-8.));
#3163 = DIRECTION('',(1.,0.,0.));
#3164 = DIRECTION('',(0.,-1.,0.));
#3165 = DEFINITIONAL_REPRESENTATION('',(#3166),#3170);
#3166 = LINE('',#3167,#3168);
#3167 = CARTESIAN_POINT('',(6.28318530718,0.5));
#3168 = VECTOR('',#3169,1.);
#3169 = DIRECTION('',(-1.,0.));
#3170 = ( GEOMETRIC_REPRESENTATION_CONTEXT(2) 
PARAMETRIC_REPRESENTATION_CONTEXT() REPRESENTATION_CONTEXT('2D SPACE',''
  ) );
#3171 = FACE_BOUND('',#3172,.T.);
#3172 = EDGE_LOOP('',(#3173));
#3173 = ORIENTED_EDGE('',*,*,#3174,.T.);
#3174 = EDGE_CURVE('',#3175,#3175,#3177,.T.);
#3175 = VERTEX_POINT('',#3176);
#3176 = CARTESIAN_POINT('',(22.,-5.8,-6.838241858178E-15));
#3177 = SURFACE_CURVE('',#3178,(#3183,#3190),.PCURVE_S1.);
#3178 = CIRCLE('',#3179,2.2);
#3179 = AXIS2_PLACEMENT_3D('',#3180,#3181,#3182);
#3180 = CARTESIAN_POINT('',(22.,-8.,-6.568819562366E-15));
#3181 = DIRECTION('',(-1.,0.,2.914335439641E-16));
#3182 = DIRECTION('',(0.,-1.,0.));
#3183 = PCURVE('',#220,#3184);
#3184 = DEFINITIONAL_REPRESENTATION('',(#3185),#3189);
#3185 = CIRCLE('',#3186,2.2);
#3186 = AXIS2_PLACEMENT_2D('',#3187,#3188);
#3187 = CARTESIAN_POINT('',(10.5,7.864079757762E-17));
#3188 = DIRECTION('',(1.,0.));
#3189 = ( GEOMETRIC_REPRESENTATION_CONTEXT(2) 
PARAMETRIC_REPRESENTATION_CONTEXT() REPRESENTATION_CONTEXT('2D SPACE',''
  ) );
#3190 = PCURVE('',#3191,#3196);
#3191 = CONICAL_SURFACE('',#3192,1.7,0.785398163397);
#3192 = AXIS2_PLACEMENT_3D('',#3193,#3194,#3195);
#3193 = CARTESIAN_POINT('',(21.5,-8.,-6.423102790383E-15));
#3194 = DIRECTION('',(1.,0.,-2.914335439641E-16));
#3195 = DIRECTION('',(0.,-1.,0.));
#3196 = DEFINITIONAL_REPRESENTATION('',(#3197),#3201);
#3197 = LINE('',#3198,#3199);
#3198 = CARTESIAN_POINT('',(6.28318530718,0.5));
#3199 = VECTOR('',#3200,1.);
#3200 = DIRECTION('',(-1.,0.));
#3201 = ( GEOMETRIC_REPRESENTATION_CONTEXT(2) 
PARAMETRIC_REPRESENTATION_CONTEXT() REPRESENTATION_CONTEXT('2D SPACE',''
  ) );
#3202 = FACE_BOUND('',#3203,.T.);
#3203 = EDGE_LOOP('',(#3204));
#3204 = ORIENTED_EDGE('',*,*,#3205,.F.);
#3205 = EDGE_CURVE('',#3206,#3206,#3208,.T.);
#3206 = VERTEX_POINT('',#3207);
#3207 = CARTESIAN_POINT('',(22.,5.,-7.771561172376E-15));
#3208 = SURFACE_CURVE('',#3209,(#3214,#3225),.PCURVE_S1.);
#3209 = CIRCLE('',#3210,5.);
#3210 = AXIS2_PLACEMENT_3D('',#3211,#3212,#3213);
#3211 = CARTESIAN_POINT('',(22.,0.,-6.647460359943E-15));
#3212 = DIRECTION('',(1.,0.,-2.914335439641E-16));
#3213 = DIRECTION('',(0.,-1.,0.));
#3214 = PCURVE('',#220,#3215);
#3215 = DEFINITIONAL_REPRESENTATION('',(#3216),#3224);
#3216 = ( BOUNDED_CURVE() B_SPLINE_CURVE(2,(#3217,#3218,#3219,#3220,
#3221,#3222,#3223),.UNSPECIFIED.,.T.,.F.) B_SPLINE_CURVE_WITH_KNOTS((1,2
    ,2,2,2,1),(-2.094395102393,0.,2.094395102393,4.188790204786,
6.28318530718,8.377580409573),.UNSPECIFIED.) CURVE() 
GEOMETRIC_REPRESENTATION_ITEM() RATIONAL_B_SPLINE_CURVE((1.,0.5,1.,0.5,
1.,0.5,1.)) REPRESENTATION_ITEM('') );
#3217 = CARTESIAN_POINT('',(7.5,0.));
#3218 = CARTESIAN_POINT('',(7.5,-8.660254037844));
#3219 = CARTESIAN_POINT('',(8.881784197001E-16,-4.330127018922));
#3220 = CARTESIAN_POINT('',(-7.5,-1.224646799147E-15));
#3221 = CARTESIAN_POINT('',(-2.22044604925E-15,4.330127018922));
#3222 = CARTESIAN_POINT('',(7.5,8.660254037844));
#3223 = CARTESIAN_POINT('',(7.5,0.));
#3224 = ( GEOMETRIC_REPRESENTATION_CONTEXT(2) 
PARAMETRIC_REPRESENTATION_CONTEXT() REPRESENTATION_CONTEXT('2D SPACE',''
  ) );
#3225 = PCURVE('',#591,#3226);
#3226 = DEFINITIONAL_REPRESENTATION('',(#3227),#3231);
#3227 = LINE('',#3228,#3229);
#3228 = CARTESIAN_POINT('',(6.28318530718,-3.));
#3229 = VECTOR('',#3230,1.);
#3230 = DIRECTION('',(-1.,0.));
#3231 = ( GEOMETRIC_REPRESENTATION_CONTEXT(2) 
PARAMETRIC_REPRESENTATION_CONTEXT() REPRESENTATION_CONTEXT('2D SPACE',''
  ) );
#3232 = FACE_BOUND('',#3233,.T.);
#3233 = EDGE_LOOP('',(#3234));
#3234 = ORIENTED_EDGE('',*,*,#3235,.T.);
#3235 = EDGE_CURVE('',#3236,#3236,#3238,.T.);
#3236 = VERTEX_POINT('',#3237);
#3237 = CARTESIAN_POINT('',(22.,2.2,8.));
#3238 = SURFACE_CURVE('',#3239,(#3244,#3251),.PCURVE_S1.);
#3239 = CIRCLE('',#3240,2.2);
#3240 = AXIS2_PLACEMENT_3D('',#3241,#3242,#3243);
#3241 = CARTESIAN_POINT('',(22.,0.,8.));
#3242 = DIRECTION('',(-1.,0.,2.914335439641E-16));
#3243 = DIRECTION('',(0.,-1.,0.));
#3244 = PCURVE('',#220,#3245);
#3245 = DEFINITIONAL_REPRESENTATION('',(#3246),#3250);
#3246 = CIRCLE('',#3247,2.2);
#3247 = AXIS2_PLACEMENT_2D('',#3248,#3249);
#3248 = CARTESIAN_POINT('',(2.5,8.));
#3249 = DIRECTION('',(1.,0.));
#3250 = ( GEOMETRIC_REPRESENTATION_CONTEXT(2) 
PARAMETRIC_REPRESENTATION_CONTEXT() REPRESENTATION_CONTEXT('2D SPACE',''
  ) );
#3251 = PCURVE('',#3252,#3257);
#3252 = CONICAL_SURFACE('',#3253,1.7,0.785398163397);
#3253 = AXIS2_PLACEMENT_3D('',#3254,#3255,#3256);
#3254 = CARTESIAN_POINT('',(21.5,0.,8.));
#3255 = DIRECTION('',(1.,0.,0.));
#3256 = DIRECTION('',(0.,-1.,0.));
#3257 = DEFINITIONAL_REPRESENTATION('',(#3258),#3262);
#3258 = LINE('',#3259,#3260);
#3259 = CARTESIAN_POINT('',(6.28318530718,0.5));
#3260 = VECTOR('',#3261,1.);
#3261 = DIRECTION('',(-1.,0.));
#3262 = ( GEOMETRIC_REPRESENTATION_CONTEXT(2) 
PARAMETRIC_REPRESENTATION_CONTEXT() REPRESENTATION_CONTEXT('2D SPACE',''
  ) );
#3263 = FACE_BOUND('',#3264,.T.);
#3264 = EDGE_LOOP('',(#3265));
#3265 = ORIENTED_EDGE('',*,*,#3266,.T.);
#3266 = EDGE_CURVE('',#3267,#3267,#3269,.T.);
#3267 = VERTEX_POINT('',#3268);
#3268 = CARTESIAN_POINT('',(22.,10.2,-6.838241858178E-15));
#3269 = SURFACE_CURVE('',#3270,(#3275,#3282),.PCURVE_S1.);
#3270 = CIRCLE('',#3271,2.2);
#3271 = AXIS2_PLACEMENT_3D('',#3272,#3273,#3274);
#3272 = CARTESIAN_POINT('',(22.,8.,-6.568819562366E-15));
#3273 = DIRECTION('',(-1.,0.,2.914335439641E-16));
#3274 = DIRECTION('',(0.,-1.,0.));
#3275 = PCURVE('',#220,#3276);
#3276 = DEFINITIONAL_REPRESENTATION('',(#3277),#3281);
#3277 = CIRCLE('',#3278,2.2);
#3278 = AXIS2_PLACEMENT_2D('',#3279,#3280);
#3279 = CARTESIAN_POINT('',(-5.5,7.864079757762E-17));
#3280 = DIRECTION('',(1.,0.));
#3281 = ( GEOMETRIC_REPRESENTATION_CONTEXT(2) 
PARAMETRIC_REPRESENTATION_CONTEXT() REPRESENTATION_CONTEXT('2D SPACE',''
  ) );
#3282 = PCURVE('',#3283,#3288);
#3283 = CONICAL_SURFACE('',#3284,1.7,0.785398163397);
#3284 = AXIS2_PLACEMENT_3D('',#3285,#3286,#3287);
#3285 = CARTESIAN_POINT('',(21.5,8.,-6.423102790383E-15));
#3286 = DIRECTION('',(1.,0.,-2.914335439641E-16));
#3287 = DIRECTION('',(0.,-1.,0.));
#3288 = DEFINITIONAL_REPRESENTATION('',(#3289),#3293);
#3289 = LINE('',#3290,#3291);
#3290 = CARTESIAN_POINT('',(6.28318530718,0.5));
#3291 = VECTOR('',#3292,1.);
#3292 = DIRECTION('',(-1.,0.));
#3293 = ( GEOMETRIC_REPRESENTATION_CONTEXT(2) 
PARAMETRIC_REPRESENTATION_CONTEXT() REPRESENTATION_CONTEXT('2D SPACE',''
  ) );
#3294 = ADVANCED_FACE('',(#3295),#647,.T.);
#3295 = FACE_BOUND('',#3296,.T.);
#3296 = EDGE_LOOP('',(#3297,#3298,#3299,#3300));
#3297 = ORIENTED_EDGE('',*,*,#2897,.T.);
#3298 = ORIENTED_EDGE('',*,*,#631,.F.);
#3299 = ORIENTED_EDGE('',*,*,#950,.T.);
#3300 = ORIENTED_EDGE('',*,*,#3301,.T.);
#3301 = EDGE_CURVE('',#927,#2865,#3302,.T.);
#3302 = SURFACE_CURVE('',#3303,(#3307,#3314),.PCURVE_S1.);
#3303 = LINE('',#3304,#3305);
#3304 = CARTESIAN_POINT('',(-22.,18.,-13.));
#3305 = VECTOR('',#3306,1.);
#3306 = DIRECTION('',(-2.523455801082E-48,1.,6.818780763263E-33));
#3307 = PCURVE('',#647,#3308);
#3308 = DEFINITIONAL_REPRESENTATION('',(#3309),#3313);
#3309 = LINE('',#3310,#3311);
#3310 = CARTESIAN_POINT('',(-0.,3.));
#3311 = VECTOR('',#3312,1.);
#3312 = DIRECTION('',(-1.,9.115745035929E-64));
#3313 = ( GEOMETRIC_REPRESENTATION_CONTEXT(2) 
PARAMETRIC_REPRESENTATION_CONTEXT() REPRESENTATION_CONTEXT('2D SPACE',''
  ) );
#3314 = PCURVE('',#100,#3315);
#3315 = DEFINITIONAL_REPRESENTATION('',(#3316),#3320);
#3316 = LINE('',#3317,#3318);
#3317 = CARTESIAN_POINT('',(-15.5,-13.));
#3318 = VECTOR('',#3319,1.);
#3319 = DIRECTION('',(-1.,6.818780763263E-33));
#3320 = ( GEOMETRIC_REPRESENTATION_CONTEXT(2) 
PARAMETRIC_REPRESENTATION_CONTEXT() REPRESENTATION_CONTEXT('2D SPACE',''
  ) );
#3321 = ADVANCED_FACE('',(#3322),#394,.T.);
#3322 = FACE_BOUND('',#3323,.T.);
#3323 = EDGE_LOOP('',(#3324,#3325,#3326,#3347));
#3324 = ORIENTED_EDGE('',*,*,#2665,.T.);
#3325 = ORIENTED_EDGE('',*,*,#3097,.F.);
#3326 = ORIENTED_EDGE('',*,*,#3327,.F.);
#3327 = EDGE_CURVE('',#379,#3074,#3328,.T.);
#3328 = SURFACE_CURVE('',#3329,(#3333,#3340),.PCURVE_S1.);
#3329 = LINE('',#3330,#3331);
#3330 = CARTESIAN_POINT('',(19.,0.,-13.));
#3331 = VECTOR('',#3332,1.);
#3332 = DIRECTION('',(1.,0.,-3.700743415417E-16));
#3333 = PCURVE('',#394,#3334);
#3334 = DEFINITIONAL_REPRESENTATION('',(#3335),#3339);
#3335 = LINE('',#3336,#3337);
#3336 = CARTESIAN_POINT('',(18.,-38.));
#3337 = VECTOR('',#3338,1.);
#3338 = DIRECTION('',(0.,-1.));
#3339 = ( GEOMETRIC_REPRESENTATION_CONTEXT(2) 
PARAMETRIC_REPRESENTATION_CONTEXT() REPRESENTATION_CONTEXT('2D SPACE',''
  ) );
#3340 = PCURVE('',#192,#3341);
#3341 = DEFINITIONAL_REPRESENTATION('',(#3342),#3346);
#3342 = LINE('',#3343,#3344);
#3343 = CARTESIAN_POINT('',(4.712388980385,-3.552713678801E-15));
#3344 = VECTOR('',#3345,1.);
#3345 = DIRECTION('',(0.,-1.));
#3346 = ( GEOMETRIC_REPRESENTATION_CONTEXT(2) 
PARAMETRIC_REPRESENTATION_CONTEXT() REPRESENTATION_CONTEXT('2D SPACE',''
  ) );
#3347 = ORIENTED_EDGE('',*,*,#378,.T.);
#3348 = ADVANCED_FACE('',(#3349),#2831,.T.);
#3349 = FACE_BOUND('',#3350,.T.);
#3350 = EDGE_LOOP('',(#3351,#3352,#3375,#3403));
#3351 = ORIENTED_EDGE('',*,*,#2816,.T.);
#3352 = ORIENTED_EDGE('',*,*,#3353,.T.);
#3353 = EDGE_CURVE('',#2817,#3354,#3356,.T.);
#3354 = VERTEX_POINT('',#3355);
#3355 = CARTESIAN_POINT('',(-11.75,98.,10.));
#3356 = SURFACE_CURVE('',#3357,(#3361,#3368),.PCURVE_S1.);
#3357 = LINE('',#3358,#3359);
#3358 = CARTESIAN_POINT('',(-11.75,98.,11.5));
#3359 = VECTOR('',#3360,1.);
#3360 = DIRECTION('',(1.110223024625E-15,0.,1.));
#3361 = PCURVE('',#2831,#3362);
#3362 = DEFINITIONAL_REPRESENTATION('',(#3363),#3367);
#3363 = LINE('',#3364,#3365);
#3364 = CARTESIAN_POINT('',(3.,1.5));
#3365 = VECTOR('',#3366,1.);
#3366 = DIRECTION('',(1.480297366167E-15,-1.));
#3367 = ( GEOMETRIC_REPRESENTATION_CONTEXT(2) 
PARAMETRIC_REPRESENTATION_CONTEXT() REPRESENTATION_CONTEXT('2D SPACE',''
  ) );
#3368 = PCURVE('',#1423,#3369);
#3369 = DEFINITIONAL_REPRESENTATION('',(#3370),#3374);
#3370 = LINE('',#3371,#3372);
#3371 = CARTESIAN_POINT('',(-1.5,0.));
#3372 = VECTOR('',#3373,1.);
#3373 = DIRECTION('',(-1.,0.));
#3374 = ( GEOMETRIC_REPRESENTATION_CONTEXT(2) 
PARAMETRIC_REPRESENTATION_CONTEXT() REPRESENTATION_CONTEXT('2D SPACE',''
  ) );
#3375 = ORIENTED_EDGE('',*,*,#3376,.F.);
#3376 = EDGE_CURVE('',#3377,#3354,#3379,.T.);
#3377 = VERTEX_POINT('',#3378);
#3378 = CARTESIAN_POINT('',(11.75,98.,10.));
#3379 = SURFACE_CURVE('',#3380,(#3384,#3391),.PCURVE_S1.);
#3380 = LINE('',#3381,#3382);
#3381 = CARTESIAN_POINT('',(7.375,98.,10.));
#3382 = VECTOR('',#3383,1.);
#3383 = DIRECTION('',(-1.,0.,-7.526935760171E-17));
#3384 = PCURVE('',#2831,#3385);
#3385 = DEFINITIONAL_REPRESENTATION('',(#3386),#3390);
#3386 = LINE('',#3387,#3388);
#3387 = CARTESIAN_POINT('',(22.125,3.));
#3388 = VECTOR('',#3389,1.);
#3389 = DIRECTION('',(-1.,-2.9480498394E-16));
#3390 = ( GEOMETRIC_REPRESENTATION_CONTEXT(2) 
PARAMETRIC_REPRESENTATION_CONTEXT() REPRESENTATION_CONTEXT('2D SPACE',''
  ) );
#3391 = PCURVE('',#3392,#3397);
#3392 = PLANE('',#3393);
#3393 = AXIS2_PLACEMENT_3D('',#3394,#3395,#3396);
#3394 = CARTESIAN_POINT('',(0.,98.,10.));
#3395 = DIRECTION('',(-7.526935760171E-17,0.,-1.));
#3396 = DIRECTION('',(-1.,0.,7.526935760171E-17));
#3397 = DEFINITIONAL_REPRESENTATION('',(#3398),#3402);
#3398 = LINE('',#3399,#3400);
#3399 = CARTESIAN_POINT('',(-7.375,0.));
#3400 = VECTOR('',#3401,1.);
#3401 = DIRECTION('',(1.,0.));
#3402 = ( GEOMETRIC_REPRESENTATION_CONTEXT(2) 
PARAMETRIC_REPRESENTATION_CONTEXT() REPRESENTATION_CONTEXT('2D SPACE',''
  ) );
#3403 = ORIENTED_EDGE('',*,*,#3404,.F.);
#3404 = EDGE_CURVE('',#2795,#3377,#3405,.T.);
#3405 = SURFACE_CURVE('',#3406,(#3410,#3417),.PCURVE_S1.);
#3406 = LINE('',#3407,#3408);
#3407 = CARTESIAN_POINT('',(11.75,98.,11.5));
#3408 = VECTOR('',#3409,1.);
#3409 = DIRECTION('',(-1.110223024625E-15,0.,1.));
#3410 = PCURVE('',#2831,#3411);
#3411 = DEFINITIONAL_REPRESENTATION('',(#3412),#3416);
#3412 = LINE('',#3413,#3414);
#3413 = CARTESIAN_POINT('',(26.5,1.5));
#3414 = VECTOR('',#3415,1.);
#3415 = DIRECTION('',(-7.401486830834E-16,-1.));
#3416 = ( GEOMETRIC_REPRESENTATION_CONTEXT(2) 
PARAMETRIC_REPRESENTATION_CONTEXT() REPRESENTATION_CONTEXT('2D SPACE',''
  ) );
#3417 = PCURVE('',#2296,#3418);
#3418 = DEFINITIONAL_REPRESENTATION('',(#3419),#3423);
#3419 = LINE('',#3420,#3421);
#3420 = CARTESIAN_POINT('',(-1.5,0.));
#3421 = VECTOR('',#3422,1.);
#3422 = DIRECTION('',(-1.,0.));
#3423 = ( GEOMETRIC_REPRESENTATION_CONTEXT(2) 
PARAMETRIC_REPRESENTATION_CONTEXT() REPRESENTATION_CONTEXT('2D SPACE',''
  ) );
#3424 = ADVANCED_FACE('',(#3425),#3160,.F.);
#3425 = FACE_BOUND('',#3426,.F.);
#3426 = EDGE_LOOP('',(#3427,#3450,#3472,#3473));
#3427 = ORIENTED_EDGE('',*,*,#3428,.T.);
#3428 = EDGE_CURVE('',#3144,#3429,#3431,.T.);
#3429 = VERTEX_POINT('',#3430);
#3430 = CARTESIAN_POINT('',(21.,1.2,-8.));
#3431 = SEAM_CURVE('',#3432,(#3436,#3443),.PCURVE_S1.);
#3432 = LINE('',#3433,#3434);
#3433 = CARTESIAN_POINT('',(21.5,1.7,-8.));
#3434 = VECTOR('',#3435,1.);
#3435 = DIRECTION('',(-0.707106781187,-0.707106781187,8.659560562355E-17
    ));
#3436 = PCURVE('',#3160,#3437);
#3437 = DEFINITIONAL_REPRESENTATION('',(#3438),#3442);
#3438 = LINE('',#3439,#3440);
#3439 = CARTESIAN_POINT('',(-3.14159265359,-2.355138688026E-16));
#3440 = VECTOR('',#3441,1.);
#3441 = DIRECTION('',(0.,-1.));
#3442 = ( GEOMETRIC_REPRESENTATION_CONTEXT(2) 
PARAMETRIC_REPRESENTATION_CONTEXT() REPRESENTATION_CONTEXT('2D SPACE',''
  ) );
#3443 = PCURVE('',#3160,#3444);
#3444 = DEFINITIONAL_REPRESENTATION('',(#3445),#3449);
#3445 = LINE('',#3446,#3447);
#3446 = CARTESIAN_POINT('',(3.14159265359,-2.355138688026E-16));
#3447 = VECTOR('',#3448,1.);
#3448 = DIRECTION('',(0.,-1.));
#3449 = ( GEOMETRIC_REPRESENTATION_CONTEXT(2) 
PARAMETRIC_REPRESENTATION_CONTEXT() REPRESENTATION_CONTEXT('2D SPACE',''
  ) );
#3450 = ORIENTED_EDGE('',*,*,#3451,.T.);
#3451 = EDGE_CURVE('',#3429,#3429,#3452,.T.);
#3452 = SURFACE_CURVE('',#3453,(#3458,#3465),.PCURVE_S1.);
#3453 = CIRCLE('',#3454,1.2);
#3454 = AXIS2_PLACEMENT_3D('',#3455,#3456,#3457);
#3455 = CARTESIAN_POINT('',(21.,0.,-8.));
#3456 = DIRECTION('',(1.,0.,-2.914335439641E-16));
#3457 = DIRECTION('',(0.,-1.,0.));
#3458 = PCURVE('',#3160,#3459);
#3459 = DEFINITIONAL_REPRESENTATION('',(#3460),#3464);
#3460 = LINE('',#3461,#3462);
#3461 = CARTESIAN_POINT('',(-6.28318530718,-0.5));
#3462 = VECTOR('',#3463,1.);
#3463 = DIRECTION('',(1.,0.));
#3464 = ( GEOMETRIC_REPRESENTATION_CONTEXT(2) 
PARAMETRIC_REPRESENTATION_CONTEXT() REPRESENTATION_CONTEXT('2D SPACE',''
  ) );
#3465 = PCURVE('',#556,#3466);
#3466 = DEFINITIONAL_REPRESENTATION('',(#3467),#3471);
#3467 = LINE('',#3468,#3469);
#3468 = CARTESIAN_POINT('',(6.28318530718,-2.));
#3469 = VECTOR('',#3470,1.);
#3470 = DIRECTION('',(-1.,0.));
#3471 = ( GEOMETRIC_REPRESENTATION_CONTEXT(2) 
PARAMETRIC_REPRESENTATION_CONTEXT() REPRESENTATION_CONTEXT('2D SPACE',''
  ) );
#3472 = ORIENTED_EDGE('',*,*,#3428,.F.);
#3473 = ORIENTED_EDGE('',*,*,#3143,.T.);
#3474 = ADVANCED_FACE('',(#3475),#556,.F.);
#3475 = FACE_BOUND('',#3476,.F.);
#3476 = EDGE_LOOP('',(#3477,#3498,#3499,#3500));
#3477 = ORIENTED_EDGE('',*,*,#3478,.T.);
#3478 = EDGE_CURVE('',#3429,#536,#3479,.T.);
#3479 = SEAM_CURVE('',#3480,(#3484,#3491),.PCURVE_S1.);
#3480 = LINE('',#3481,#3482);
#3481 = CARTESIAN_POINT('',(19.,1.2,-8.));
#3482 = VECTOR('',#3483,1.);
#3483 = DIRECTION('',(-1.,0.,3.700743415417E-16));
#3484 = PCURVE('',#556,#3485);
#3485 = DEFINITIONAL_REPRESENTATION('',(#3486),#3490);
#3486 = LINE('',#3487,#3488);
#3487 = CARTESIAN_POINT('',(3.14159265359,0.));
#3488 = VECTOR('',#3489,1.);
#3489 = DIRECTION('',(0.,1.));
#3490 = ( GEOMETRIC_REPRESENTATION_CONTEXT(2) 
PARAMETRIC_REPRESENTATION_CONTEXT() REPRESENTATION_CONTEXT('2D SPACE',''
  ) );
#3491 = PCURVE('',#556,#3492);
#3492 = DEFINITIONAL_REPRESENTATION('',(#3493),#3497);
#3493 = LINE('',#3494,#3495);
#3494 = CARTESIAN_POINT('',(-3.14159265359,0.));
#3495 = VECTOR('',#3496,1.);
#3496 = DIRECTION('',(0.,1.));
#3497 = ( GEOMETRIC_REPRESENTATION_CONTEXT(2) 
PARAMETRIC_REPRESENTATION_CONTEXT() REPRESENTATION_CONTEXT('2D SPACE',''
  ) );
#3498 = ORIENTED_EDGE('',*,*,#535,.T.);
#3499 = ORIENTED_EDGE('',*,*,#3478,.F.);
#3500 = ORIENTED_EDGE('',*,*,#3451,.F.);
#3501 = ADVANCED_FACE('',(#3502),#3283,.F.);
#3502 = FACE_BOUND('',#3503,.F.);
#3503 = EDGE_LOOP('',(#3504,#3527,#3549,#3550));
#3504 = ORIENTED_EDGE('',*,*,#3505,.T.);
#3505 = EDGE_CURVE('',#3267,#3506,#3508,.T.);
#3506 = VERTEX_POINT('',#3507);
#3507 = CARTESIAN_POINT('',(21.,9.2,-6.130428402504E-15));
#3508 = SEAM_CURVE('',#3509,(#3513,#3520),.PCURVE_S1.);
#3509 = LINE('',#3510,#3511);
#3510 = CARTESIAN_POINT('',(21.5,9.7,-6.631292746239E-15));
#3511 = VECTOR('',#3512,1.);
#3512 = DIRECTION('',(-0.707106781187,-0.707106781187,2.926702408258E-16
    ));
#3513 = PCURVE('',#3283,#3514);
#3514 = DEFINITIONAL_REPRESENTATION('',(#3515),#3519);
#3515 = LINE('',#3516,#3517);
#3516 = CARTESIAN_POINT('',(-3.14159265359,-3.140184917368E-16));
#3517 = VECTOR('',#3518,1.);
#3518 = DIRECTION('',(0.,-1.));
#3519 = ( GEOMETRIC_REPRESENTATION_CONTEXT(2) 
PARAMETRIC_REPRESENTATION_CONTEXT() REPRESENTATION_CONTEXT('2D SPACE',''
  ) );
#3520 = PCURVE('',#3283,#3521);
#3521 = DEFINITIONAL_REPRESENTATION('',(#3522),#3526);
#3522 = LINE('',#3523,#3524);
#3523 = CARTESIAN_POINT('',(3.14159265359,-3.140184917368E-16));
#3524 = VECTOR('',#3525,1.);
#3525 = DIRECTION('',(0.,-1.));
#3526 = ( GEOMETRIC_REPRESENTATION_CONTEXT(2) 
PARAMETRIC_REPRESENTATION_CONTEXT() REPRESENTATION_CONTEXT('2D SPACE',''
  ) );
#3527 = ORIENTED_EDGE('',*,*,#3528,.T.);
#3528 = EDGE_CURVE('',#3506,#3506,#3529,.T.);
#3529 = SURFACE_CURVE('',#3530,(#3535,#3542),.PCURVE_S1.);
#3530 = CIRCLE('',#3531,1.2);
#3531 = AXIS2_PLACEMENT_3D('',#3532,#3533,#3534);
#3532 = CARTESIAN_POINT('',(21.,8.,-6.277386018401E-15));
#3533 = DIRECTION('',(1.,0.,-2.914335439641E-16));
#3534 = DIRECTION('',(0.,-1.,0.));
#3535 = PCURVE('',#3283,#3536);
#3536 = DEFINITIONAL_REPRESENTATION('',(#3537),#3541);
#3537 = LINE('',#3538,#3539);
#3538 = CARTESIAN_POINT('',(-6.28318530718,-0.5));
#3539 = VECTOR('',#3540,1.);
#3540 = DIRECTION('',(1.,0.));
#3541 = ( GEOMETRIC_REPRESENTATION_CONTEXT(2) 
PARAMETRIC_REPRESENTATION_CONTEXT() REPRESENTATION_CONTEXT('2D SPACE',''
  ) );
#3542 = PCURVE('',#521,#3543);
#3543 = DEFINITIONAL_REPRESENTATION('',(#3544),#3548);
#3544 = LINE('',#3545,#3546);
#3545 = CARTESIAN_POINT('',(6.28318530718,-2.));
#3546 = VECTOR('',#3547,1.);
#3547 = DIRECTION('',(-1.,0.));
#3548 = ( GEOMETRIC_REPRESENTATION_CONTEXT(2) 
PARAMETRIC_REPRESENTATION_CONTEXT() REPRESENTATION_CONTEXT('2D SPACE',''
  ) );
#3549 = ORIENTED_EDGE('',*,*,#3505,.F.);
#3550 = ORIENTED_EDGE('',*,*,#3266,.T.);
#3551 = ADVANCED_FACE('',(#3552),#521,.F.);
#3552 = FACE_BOUND('',#3553,.F.);
#3553 = EDGE_LOOP('',(#3554,#3575,#3576,#3577));
#3554 = ORIENTED_EDGE('',*,*,#3555,.T.);
#3555 = EDGE_CURVE('',#3506,#501,#3556,.T.);
#3556 = SEAM_CURVE('',#3557,(#3561,#3568),.PCURVE_S1.);
#3557 = LINE('',#3558,#3559);
#3558 = CARTESIAN_POINT('',(19.,9.2,-5.684194951216E-15));
#3559 = VECTOR('',#3560,1.);
#3560 = DIRECTION('',(-1.,0.,3.700743415417E-16));
#3561 = PCURVE('',#521,#3562);
#3562 = DEFINITIONAL_REPRESENTATION('',(#3563),#3567);
#3563 = LINE('',#3564,#3565);
#3564 = CARTESIAN_POINT('',(3.14159265359,0.));
#3565 = VECTOR('',#3566,1.);
#3566 = DIRECTION('',(0.,1.));
#3567 = ( GEOMETRIC_REPRESENTATION_CONTEXT(2) 
PARAMETRIC_REPRESENTATION_CONTEXT() REPRESENTATION_CONTEXT('2D SPACE',''
  ) );
#3568 = PCURVE('',#521,#3569);
#3569 = DEFINITIONAL_REPRESENTATION('',(#3570),#3574);
#3570 = LINE('',#3571,#3572);
#3571 = CARTESIAN_POINT('',(-3.14159265359,0.));
#3572 = VECTOR('',#3573,1.);
#3573 = DIRECTION('',(0.,1.));
#3574 = ( GEOMETRIC_REPRESENTATION_CONTEXT(2) 
PARAMETRIC_REPRESENTATION_CONTEXT() REPRESENTATION_CONTEXT('2D SPACE',''
  ) );
#3575 = ORIENTED_EDGE('',*,*,#500,.T.);
#3576 = ORIENTED_EDGE('',*,*,#3555,.F.);
#3577 = ORIENTED_EDGE('',*,*,#3528,.F.);
#3578 = ADVANCED_FACE('',(#3579),#3191,.F.);
#3579 = FACE_BOUND('',#3580,.F.);
#3580 = EDGE_LOOP('',(#3581,#3604,#3626,#3627));
#3581 = ORIENTED_EDGE('',*,*,#3582,.T.);
#3582 = EDGE_CURVE('',#3175,#3583,#3585,.T.);
#3583 = VERTEX_POINT('',#3584);
#3584 = CARTESIAN_POINT('',(21.,-6.8,-6.130428402504E-15));
#3585 = SEAM_CURVE('',#3586,(#3590,#3597),.PCURVE_S1.);
#3586 = LINE('',#3587,#3588);
#3587 = CARTESIAN_POINT('',(21.5,-6.3,-6.631292746239E-15));
#3588 = VECTOR('',#3589,1.);
#3589 = DIRECTION('',(-0.707106781187,-0.707106781187,2.926702408258E-16
    ));
#3590 = PCURVE('',#3191,#3591);
#3591 = DEFINITIONAL_REPRESENTATION('',(#3592),#3596);
#3592 = LINE('',#3593,#3594);
#3593 = CARTESIAN_POINT('',(-3.14159265359,7.850462293419E-17));
#3594 = VECTOR('',#3595,1.);
#3595 = DIRECTION('',(0.,-1.));
#3596 = ( GEOMETRIC_REPRESENTATION_CONTEXT(2) 
PARAMETRIC_REPRESENTATION_CONTEXT() REPRESENTATION_CONTEXT('2D SPACE',''
  ) );
#3597 = PCURVE('',#3191,#3598);
#3598 = DEFINITIONAL_REPRESENTATION('',(#3599),#3603);
#3599 = LINE('',#3600,#3601);
#3600 = CARTESIAN_POINT('',(3.14159265359,7.850462293419E-17));
#3601 = VECTOR('',#3602,1.);
#3602 = DIRECTION('',(0.,-1.));
#3603 = ( GEOMETRIC_REPRESENTATION_CONTEXT(2) 
PARAMETRIC_REPRESENTATION_CONTEXT() REPRESENTATION_CONTEXT('2D SPACE',''
  ) );
#3604 = ORIENTED_EDGE('',*,*,#3605,.T.);
#3605 = EDGE_CURVE('',#3583,#3583,#3606,.T.);
#3606 = SURFACE_CURVE('',#3607,(#3612,#3619),.PCURVE_S1.);
#3607 = CIRCLE('',#3608,1.2);
#3608 = AXIS2_PLACEMENT_3D('',#3609,#3610,#3611);
#3609 = CARTESIAN_POINT('',(21.,-8.,-6.277386018401E-15));
#3610 = DIRECTION('',(1.,0.,-2.914335439641E-16));
#3611 = DIRECTION('',(0.,-1.,0.));
#3612 = PCURVE('',#3191,#3613);
#3613 = DEFINITIONAL_REPRESENTATION('',(#3614),#3618);
#3614 = LINE('',#3615,#3616);
#3615 = CARTESIAN_POINT('',(-6.28318530718,-0.5));
#3616 = VECTOR('',#3617,1.);
#3617 = DIRECTION('',(1.,0.));
#3618 = ( GEOMETRIC_REPRESENTATION_CONTEXT(2) 
PARAMETRIC_REPRESENTATION_CONTEXT() REPRESENTATION_CONTEXT('2D SPACE',''
  ) );
#3619 = PCURVE('',#486,#3620);
#3620 = DEFINITIONAL_REPRESENTATION('',(#3621),#3625);
#3621 = LINE('',#3622,#3623);
#3622 = CARTESIAN_POINT('',(6.28318530718,-2.));
#3623 = VECTOR('',#3624,1.);
#3624 = DIRECTION('',(-1.,0.));
#3625 = ( GEOMETRIC_REPRESENTATION_CONTEXT(2) 
PARAMETRIC_REPRESENTATION_CONTEXT() REPRESENTATION_CONTEXT('2D SPACE',''
  ) );
#3626 = ORIENTED_EDGE('',*,*,#3582,.F.);
#3627 = ORIENTED_EDGE('',*,*,#3174,.T.);
#3628 = ADVANCED_FACE('',(#3629),#486,.F.);
#3629 = FACE_BOUND('',#3630,.F.);
#3630 = EDGE_LOOP('',(#3631,#3652,#3653,#3654));
#3631 = ORIENTED_EDGE('',*,*,#3632,.T.);
#3632 = EDGE_CURVE('',#3583,#466,#3633,.T.);
#3633 = SEAM_CURVE('',#3634,(#3638,#3645),.PCURVE_S1.);
#3634 = LINE('',#3635,#3636);
#3635 = CARTESIAN_POINT('',(19.,-6.8,-5.684194951216E-15));
#3636 = VECTOR('',#3637,1.);
#3637 = DIRECTION('',(-1.,0.,3.700743415417E-16));
#3638 = PCURVE('',#486,#3639);
#3639 = DEFINITIONAL_REPRESENTATION('',(#3640),#3644);
#3640 = LINE('',#3641,#3642);
#3641 = CARTESIAN_POINT('',(3.14159265359,0.));
#3642 = VECTOR('',#3643,1.);
#3643 = DIRECTION('',(0.,1.));
#3644 = ( GEOMETRIC_REPRESENTATION_CONTEXT(2) 
PARAMETRIC_REPRESENTATION_CONTEXT() REPRESENTATION_CONTEXT('2D SPACE',''
  ) );
#3645 = PCURVE('',#486,#3646);
#3646 = DEFINITIONAL_REPRESENTATION('',(#3647),#3651);
#3647 = LINE('',#3648,#3649);
#3648 = CARTESIAN_POINT('',(-3.14159265359,0.));
#3649 = VECTOR('',#3650,1.);
#3650 = DIRECTION('',(0.,1.));
#3651 = ( GEOMETRIC_REPRESENTATION_CONTEXT(2) 
PARAMETRIC_REPRESENTATION_CONTEXT() REPRESENTATION_CONTEXT('2D SPACE',''
  ) );
#3652 = ORIENTED_EDGE('',*,*,#465,.T.);
#3653 = ORIENTED_EDGE('',*,*,#3632,.F.);
#3654 = ORIENTED_EDGE('',*,*,#3605,.F.);
#3655 = ADVANCED_FACE('',(#3656),#3252,.F.);
#3656 = FACE_BOUND('',#3657,.F.);
#3657 = EDGE_LOOP('',(#3658,#3681,#3703,#3704));
#3658 = ORIENTED_EDGE('',*,*,#3659,.T.);
#3659 = EDGE_CURVE('',#3236,#3660,#3662,.T.);
#3660 = VERTEX_POINT('',#3661);
#3661 = CARTESIAN_POINT('',(21.,1.2,8.));
#3662 = SEAM_CURVE('',#3663,(#3667,#3674),.PCURVE_S1.);
#3663 = LINE('',#3664,#3665);
#3664 = CARTESIAN_POINT('',(21.5,1.7,8.));
#3665 = VECTOR('',#3666,1.);
#3666 = DIRECTION('',(-0.707106781187,-0.707106781187,8.659560562355E-17
    ));
#3667 = PCURVE('',#3252,#3668);
#3668 = DEFINITIONAL_REPRESENTATION('',(#3669),#3673);
#3669 = LINE('',#3670,#3671);
#3670 = CARTESIAN_POINT('',(-3.14159265359,-6.280369834735E-16));
#3671 = VECTOR('',#3672,1.);
#3672 = DIRECTION('',(0.,-1.));
#3673 = ( GEOMETRIC_REPRESENTATION_CONTEXT(2) 
PARAMETRIC_REPRESENTATION_CONTEXT() REPRESENTATION_CONTEXT('2D SPACE',''
  ) );
#3674 = PCURVE('',#3252,#3675);
#3675 = DEFINITIONAL_REPRESENTATION('',(#3676),#3680);
#3676 = LINE('',#3677,#3678);
#3677 = CARTESIAN_POINT('',(3.14159265359,-6.280369834735E-16));
#3678 = VECTOR('',#3679,1.);
#3679 = DIRECTION('',(0.,-1.));
#3680 = ( GEOMETRIC_REPRESENTATION_CONTEXT(2) 
PARAMETRIC_REPRESENTATION_CONTEXT() REPRESENTATION_CONTEXT('2D SPACE',''
  ) );
#3681 = ORIENTED_EDGE('',*,*,#3682,.T.);
#3682 = EDGE_CURVE('',#3660,#3660,#3683,.T.);
#3683 = SURFACE_CURVE('',#3684,(#3689,#3696),.PCURVE_S1.);
#3684 = CIRCLE('',#3685,1.2);
#3685 = AXIS2_PLACEMENT_3D('',#3686,#3687,#3688);
#3686 = CARTESIAN_POINT('',(21.,0.,8.));
#3687 = DIRECTION('',(1.,0.,-2.914335439641E-16));
#3688 = DIRECTION('',(0.,-1.,0.));
#3689 = PCURVE('',#3252,#3690);
#3690 = DEFINITIONAL_REPRESENTATION('',(#3691),#3695);
#3691 = LINE('',#3692,#3693);
#3692 = CARTESIAN_POINT('',(-6.28318530718,-0.5));
#3693 = VECTOR('',#3694,1.);
#3694 = DIRECTION('',(1.,0.));
#3695 = ( GEOMETRIC_REPRESENTATION_CONTEXT(2) 
PARAMETRIC_REPRESENTATION_CONTEXT() REPRESENTATION_CONTEXT('2D SPACE',''
  ) );
#3696 = PCURVE('',#451,#3697);
#3697 = DEFINITIONAL_REPRESENTATION('',(#3698),#3702);
#3698 = LINE('',#3699,#3700);
#3699 = CARTESIAN_POINT('',(6.28318530718,-2.));
#3700 = VECTOR('',#3701,1.);
#3701 = DIRECTION('',(-1.,0.));
#3702 = ( GEOMETRIC_REPRESENTATION_CONTEXT(2) 
PARAMETRIC_REPRESENTATION_CONTEXT() REPRESENTATION_CONTEXT('2D SPACE',''
  ) );
#3703 = ORIENTED_EDGE('',*,*,#3659,.F.);
#3704 = ORIENTED_EDGE('',*,*,#3235,.T.);
#3705 = ADVANCED_FACE('',(#3706),#451,.F.);
#3706 = FACE_BOUND('',#3707,.F.);
#3707 = EDGE_LOOP('',(#3708,#3729,#3730,#3731));
#3708 = ORIENTED_EDGE('',*,*,#3709,.T.);
#3709 = EDGE_CURVE('',#3660,#431,#3710,.T.);
#3710 = SEAM_CURVE('',#3711,(#3715,#3722),.PCURVE_S1.);
#3711 = LINE('',#3712,#3713);
#3712 = CARTESIAN_POINT('',(19.,1.2,8.));
#3713 = VECTOR('',#3714,1.);
#3714 = DIRECTION('',(-1.,0.,3.700743415417E-16));
#3715 = PCURVE('',#451,#3716);
#3716 = DEFINITIONAL_REPRESENTATION('',(#3717),#3721);
#3717 = LINE('',#3718,#3719);
#3718 = CARTESIAN_POINT('',(3.14159265359,0.));
#3719 = VECTOR('',#3720,1.);
#3720 = DIRECTION('',(0.,1.));
#3721 = ( GEOMETRIC_REPRESENTATION_CONTEXT(2) 
PARAMETRIC_REPRESENTATION_CONTEXT() REPRESENTATION_CONTEXT('2D SPACE',''
  ) );
#3722 = PCURVE('',#451,#3723);
#3723 = DEFINITIONAL_REPRESENTATION('',(#3724),#3728);
#3724 = LINE('',#3725,#3726);
#3725 = CARTESIAN_POINT('',(-3.14159265359,0.));
#3726 = VECTOR('',#3727,1.);
#3727 = DIRECTION('',(0.,1.));
#3728 = ( GEOMETRIC_REPRESENTATION_CONTEXT(2) 
PARAMETRIC_REPRESENTATION_CONTEXT() REPRESENTATION_CONTEXT('2D SPACE',''
  ) );
#3729 = ORIENTED_EDGE('',*,*,#430,.T.);
#3730 = ORIENTED_EDGE('',*,*,#3709,.F.);
#3731 = ORIENTED_EDGE('',*,*,#3682,.F.);
#3732 = ADVANCED_FACE('',(#3733),#2220,.F.);
#3733 = FACE_BOUND('',#3734,.T.);
#3734 = EDGE_LOOP('',(#3735,#3736,#3759,#3780));
#3735 = ORIENTED_EDGE('',*,*,#2794,.T.);
#3736 = ORIENTED_EDGE('',*,*,#3737,.T.);
#3737 = EDGE_CURVE('',#2795,#3738,#3740,.T.);
#3738 = VERTEX_POINT('',#3739);
#3739 = CARTESIAN_POINT('',(11.75,119.,2.));
#3740 = SURFACE_CURVE('',#3741,(#3745,#3752),.PCURVE_S1.);
#3741 = LINE('',#3742,#3743);
#3742 = CARTESIAN_POINT('',(11.75,98.,2.));
#3743 = VECTOR('',#3744,1.);
#3744 = DIRECTION('',(0.,1.,0.));
#3745 = PCURVE('',#2220,#3746);
#3746 = DEFINITIONAL_REPRESENTATION('',(#3747),#3751);
#3747 = LINE('',#3748,#3749);
#3748 = CARTESIAN_POINT('',(0.,0.));
#3749 = VECTOR('',#3750,1.);
#3750 = DIRECTION('',(0.,1.));
#3751 = ( GEOMETRIC_REPRESENTATION_CONTEXT(2) 
PARAMETRIC_REPRESENTATION_CONTEXT() REPRESENTATION_CONTEXT('2D SPACE',''
  ) );
#3752 = PCURVE('',#2296,#3753);
#3753 = DEFINITIONAL_REPRESENTATION('',(#3754),#3758);
#3754 = LINE('',#3755,#3756);
#3755 = CARTESIAN_POINT('',(8.,0.));
#3756 = VECTOR('',#3757,1.);
#3757 = DIRECTION('',(0.,1.));
#3758 = ( GEOMETRIC_REPRESENTATION_CONTEXT(2) 
PARAMETRIC_REPRESENTATION_CONTEXT() REPRESENTATION_CONTEXT('2D SPACE',''
  ) );
#3759 = ORIENTED_EDGE('',*,*,#3760,.T.);
#3760 = EDGE_CURVE('',#3738,#2205,#3761,.T.);
#3761 = SURFACE_CURVE('',#3762,(#3766,#3773),.PCURVE_S1.);
#3762 = LINE('',#3763,#3764);
#3763 = CARTESIAN_POINT('',(14.75,119.,2.));
#3764 = VECTOR('',#3765,1.);
#3765 = DIRECTION('',(1.,0.,5.551115123126E-16));
#3766 = PCURVE('',#2220,#3767);
#3767 = DEFINITIONAL_REPRESENTATION('',(#3768),#3772);
#3768 = LINE('',#3769,#3770);
#3769 = CARTESIAN_POINT('',(3.,21.));
#3770 = VECTOR('',#3771,1.);
#3771 = DIRECTION('',(1.,0.));
#3772 = ( GEOMETRIC_REPRESENTATION_CONTEXT(2) 
PARAMETRIC_REPRESENTATION_CONTEXT() REPRESENTATION_CONTEXT('2D SPACE',''
  ) );
#3773 = PCURVE('',#1049,#3774);
#3774 = DEFINITIONAL_REPRESENTATION('',(#3775),#3779);
#3775 = LINE('',#3776,#3777);
#3776 = CARTESIAN_POINT('',(-5.5,22.125));
#3777 = VECTOR('',#3778,1.);
#3778 = DIRECTION('',(5.551115123126E-16,1.));
#3779 = ( GEOMETRIC_REPRESENTATION_CONTEXT(2) 
PARAMETRIC_REPRESENTATION_CONTEXT() REPRESENTATION_CONTEXT('2D SPACE',''
  ) );
#3780 = ORIENTED_EDGE('',*,*,#2204,.F.);
#3781 = ADVANCED_FACE('',(#3782,#3830,#3833),#2296,.F.);
#3782 = FACE_BOUND('',#3783,.T.);
#3783 = EDGE_LOOP('',(#3784,#3785,#3808,#3829));
#3784 = ORIENTED_EDGE('',*,*,#3404,.T.);
#3785 = ORIENTED_EDGE('',*,*,#3786,.T.);
#3786 = EDGE_CURVE('',#3377,#3787,#3789,.T.);
#3787 = VERTEX_POINT('',#3788);
#3788 = CARTESIAN_POINT('',(11.75,119.,10.));
#3789 = SURFACE_CURVE('',#3790,(#3794,#3801),.PCURVE_S1.);
#3790 = LINE('',#3791,#3792);
#3791 = CARTESIAN_POINT('',(11.75,98.,10.));
#3792 = VECTOR('',#3793,1.);
#3793 = DIRECTION('',(0.,1.,0.));
#3794 = PCURVE('',#2296,#3795);
#3795 = DEFINITIONAL_REPRESENTATION('',(#3796),#3800);
#3796 = LINE('',#3797,#3798);
#3797 = CARTESIAN_POINT('',(0.,0.));
#3798 = VECTOR('',#3799,1.);
#3799 = DIRECTION('',(0.,1.));
#3800 = ( GEOMETRIC_REPRESENTATION_CONTEXT(2) 
PARAMETRIC_REPRESENTATION_CONTEXT() REPRESENTATION_CONTEXT('2D SPACE',''
  ) );
#3801 = PCURVE('',#3392,#3802);
#3802 = DEFINITIONAL_REPRESENTATION('',(#3803),#3807);
#3803 = LINE('',#3804,#3805);
#3804 = CARTESIAN_POINT('',(-11.75,0.));
#3805 = VECTOR('',#3806,1.);
#3806 = DIRECTION('',(0.,1.));
#3807 = ( GEOMETRIC_REPRESENTATION_CONTEXT(2) 
PARAMETRIC_REPRESENTATION_CONTEXT() REPRESENTATION_CONTEXT('2D SPACE',''
  ) );
#3808 = ORIENTED_EDGE('',*,*,#3809,.T.);
#3809 = EDGE_CURVE('',#3787,#3738,#3810,.T.);
#3810 = SURFACE_CURVE('',#3811,(#3815,#3822),.PCURVE_S1.);
#3811 = LINE('',#3812,#3813);
#3812 = CARTESIAN_POINT('',(11.75,119.,2.));
#3813 = VECTOR('',#3814,1.);
#3814 = DIRECTION('',(1.110223024625E-15,0.,-1.));
#3815 = PCURVE('',#2296,#3816);
#3816 = DEFINITIONAL_REPRESENTATION('',(#3817),#3821);
#3817 = LINE('',#3818,#3819);
#3818 = CARTESIAN_POINT('',(8.,21.));
#3819 = VECTOR('',#3820,1.);
#3820 = DIRECTION('',(1.,0.));
#3821 = ( GEOMETRIC_REPRESENTATION_CONTEXT(2) 
PARAMETRIC_REPRESENTATION_CONTEXT() REPRESENTATION_CONTEXT('2D SPACE',''
  ) );
#3822 = PCURVE('',#1049,#3823);
#3823 = DEFINITIONAL_REPRESENTATION('',(#3824),#3828);
#3824 = LINE('',#3825,#3826);
#3825 = CARTESIAN_POINT('',(-5.5,19.125));
#3826 = VECTOR('',#3827,1.);
#3827 = DIRECTION('',(-1.,1.110223024625E-15));
#3828 = ( GEOMETRIC_REPRESENTATION_CONTEXT(2) 
PARAMETRIC_REPRESENTATION_CONTEXT() REPRESENTATION_CONTEXT('2D SPACE',''
  ) );
#3829 = ORIENTED_EDGE('',*,*,#3737,.F.);
#3830 = FACE_BOUND('',#3831,.T.);
#3831 = EDGE_LOOP('',(#3832));
#3832 = ORIENTED_EDGE('',*,*,#2281,.T.);
#3833 = FACE_BOUND('',#3834,.T.);
#3834 = EDGE_LOOP('',(#3835));
#3835 = ORIENTED_EDGE('',*,*,#2640,.T.);
#3836 = ADVANCED_FACE('',(#3837),#296,.F.);
#3837 = FACE_BOUND('',#3838,.F.);
#3838 = EDGE_LOOP('',(#3839,#3860,#3895,#3896));
#3839 = ORIENTED_EDGE('',*,*,#3840,.F.);
#3840 = EDGE_CURVE('',#3841,#2919,#3843,.T.);
#3841 = VERTEX_POINT('',#3842);
#3842 = CARTESIAN_POINT('',(-4.672188561964E-15,35.,13.));
#3843 = SURFACE_CURVE('',#3844,(#3848,#3854),.PCURVE_S1.);
#3844 = LINE('',#3845,#3846);
#3845 = CARTESIAN_POINT('',(-4.672188561964E-15,35.,13.));
#3846 = VECTOR('',#3847,1.);
#3847 = DIRECTION('',(3.416070845E-16,0.,-1.));
#3848 = PCURVE('',#296,#3849);
#3849 = DEFINITIONAL_REPRESENTATION('',(#3850),#3853);
#3850 = B_SPLINE_CURVE_WITH_KNOTS('',1,(#3851,#3852),.UNSPECIFIED.,.F.,
  .F.,(2,2),(0.,19.741889978353),.PIECEWISE_BEZIER_KNOTS.);
#3851 = CARTESIAN_POINT('',(-1.,1.544174944146E-16));
#3852 = CARTESIAN_POINT('',(-1.,1.974188997835));
#3853 = ( GEOMETRIC_REPRESENTATION_CONTEXT(2) 
PARAMETRIC_REPRESENTATION_CONTEXT() REPRESENTATION_CONTEXT('2D SPACE',''
  ) );
#3854 = PCURVE('',#699,#3855);
#3855 = DEFINITIONAL_REPRESENTATION('',(#3856),#3859);
#3856 = B_SPLINE_CURVE_WITH_KNOTS('',1,(#3857,#3858),.UNSPECIFIED.,.F.,
  .F.,(2,2),(0.,19.741889978353),.PIECEWISE_BEZIER_KNOTS.);
#3857 = CARTESIAN_POINT('',(-1.,1.544174944146E-16));
#3858 = CARTESIAN_POINT('',(-1.,1.974188997835));
#3859 = ( GEOMETRIC_REPRESENTATION_CONTEXT(2) 
PARAMETRIC_REPRESENTATION_CONTEXT() REPRESENTATION_CONTEXT('2D SPACE',''
  ) );
#3860 = ORIENTED_EDGE('',*,*,#3861,.F.);
#3861 = EDGE_CURVE('',#258,#3841,#3862,.T.);
#3862 = SURFACE_CURVE('',#3863,(#3874,#3881),.PCURVE_S1.);
#3863 = B_SPLINE_CURVE_WITH_KNOTS('',5,(#3864,#3865,#3866,#3867,#3868,
    #3869,#3870,#3871,#3872,#3873),.UNSPECIFIED.,.F.,.F.,(6,1,1,1,1,6),(
    0.,0.2,0.4,0.6,0.8,1.),.QUASI_UNIFORM_KNOTS.);
#3864 = CARTESIAN_POINT('',(19.,18.,13.));
#3865 = CARTESIAN_POINT('',(19.,18.958087891626,13.));
#3866 = CARTESIAN_POINT('',(18.914536683048,20.867050304013,13.));
#3867 = CARTESIAN_POINT('',(18.530052646703,23.708802904386,13.));
#3868 = CARTESIAN_POINT('',(17.463235019295,27.399501008274,13.));
#3869 = CARTESIAN_POINT('',(14.720157798774,31.472780062776,13.));
#3870 = CARTESIAN_POINT('',(10.665105448075,33.832428228033,13.));
#3871 = CARTESIAN_POINT('',(6.045225369488,34.787607595667,13.));
#3872 = CARTESIAN_POINT('',(2.150927191108,35.,13.));
#3873 = CARTESIAN_POINT('',(4.672188561964E-15,35.,13.));
#3874 = PCURVE('',#296,#3875);
#3875 = DEFINITIONAL_REPRESENTATION('',(#3876),#3880);
#3876 = LINE('',#3877,#3878);
#3877 = CARTESIAN_POINT('',(-3.574348508312E-17,-2.232697533799E-16));
#3878 = VECTOR('',#3879,1.);
#3879 = DIRECTION('',(-1.,2.241587991449E-17));
#3880 = ( GEOMETRIC_REPRESENTATION_CONTEXT(2) 
PARAMETRIC_REPRESENTATION_CONTEXT() REPRESENTATION_CONTEXT('2D SPACE',''
  ) );
#3881 = PCURVE('',#72,#3882);
#3882 = DEFINITIONAL_REPRESENTATION('',(#3883),#3894);
#3883 = B_SPLINE_CURVE_WITH_KNOTS('',5,(#3884,#3885,#3886,#3887,#3888,
    #3889,#3890,#3891,#3892,#3893),.UNSPECIFIED.,.F.,.F.,(6,1,1,1,1,6),(
    0.,0.2,0.4,0.6,0.8,1.),.QUASI_UNIFORM_KNOTS.);
#3884 = CARTESIAN_POINT('',(18.,-38.));
#3885 = CARTESIAN_POINT('',(18.958087891626,-38.));
#3886 = CARTESIAN_POINT('',(20.867050304013,-37.91453668304));
#3887 = CARTESIAN_POINT('',(23.708802904386,-37.5300526467));
#3888 = CARTESIAN_POINT('',(27.399501008274,-36.46323501929));
#3889 = CARTESIAN_POINT('',(31.472780062776,-33.72015779877));
#3890 = CARTESIAN_POINT('',(33.832428228033,-29.66510544807));
#3891 = CARTESIAN_POINT('',(34.787607595667,-25.04522536948));
#3892 = CARTESIAN_POINT('',(35.,-21.1509271911));
#3893 = CARTESIAN_POINT('',(35.,-19.));
#3894 = ( GEOMETRIC_REPRESENTATION_CONTEXT(2) 
PARAMETRIC_REPRESENTATION_CONTEXT() REPRESENTATION_CONTEXT('2D SPACE',''
  ) );
#3895 = ORIENTED_EDGE('',*,*,#280,.T.);
#3896 = ORIENTED_EDGE('',*,*,#2994,.F.);
#3897 = ADVANCED_FACE('',(#3898),#591,.F.);
#3898 = FACE_BOUND('',#3899,.F.);
#3899 = EDGE_LOOP('',(#3900,#3921,#3922,#3923));
#3900 = ORIENTED_EDGE('',*,*,#3901,.T.);
#3901 = EDGE_CURVE('',#3206,#571,#3902,.T.);
#3902 = SEAM_CURVE('',#3903,(#3907,#3914),.PCURVE_S1.);
#3903 = LINE('',#3904,#3905);
#3904 = CARTESIAN_POINT('',(19.,5.,-6.149560734892E-15));
#3905 = VECTOR('',#3906,1.);
#3906 = DIRECTION('',(-1.,0.,3.700743415417E-16));
#3907 = PCURVE('',#591,#3908);
#3908 = DEFINITIONAL_REPRESENTATION('',(#3909),#3913);
#3909 = LINE('',#3910,#3911);
#3910 = CARTESIAN_POINT('',(3.14159265359,0.));
#3911 = VECTOR('',#3912,1.);
#3912 = DIRECTION('',(0.,1.));
#3913 = ( GEOMETRIC_REPRESENTATION_CONTEXT(2) 
PARAMETRIC_REPRESENTATION_CONTEXT() REPRESENTATION_CONTEXT('2D SPACE',''
  ) );
#3914 = PCURVE('',#591,#3915);
#3915 = DEFINITIONAL_REPRESENTATION('',(#3916),#3920);
#3916 = LINE('',#3917,#3918);
#3917 = CARTESIAN_POINT('',(-3.14159265359,0.));
#3918 = VECTOR('',#3919,1.);
#3919 = DIRECTION('',(0.,1.));
#3920 = ( GEOMETRIC_REPRESENTATION_CONTEXT(2) 
PARAMETRIC_REPRESENTATION_CONTEXT() REPRESENTATION_CONTEXT('2D SPACE',''
  ) );
#3921 = ORIENTED_EDGE('',*,*,#570,.T.);
#3922 = ORIENTED_EDGE('',*,*,#3901,.F.);
#3923 = ORIENTED_EDGE('',*,*,#3205,.F.);
#3924 = ADVANCED_FACE('',(#3925),#192,.T.);
#3925 = FACE_BOUND('',#3926,.T.);
#3926 = EDGE_LOOP('',(#3927,#3928,#3929,#3930));
#3927 = ORIENTED_EDGE('',*,*,#176,.T.);
#3928 = ORIENTED_EDGE('',*,*,#406,.F.);
#3929 = ORIENTED_EDGE('',*,*,#3327,.T.);
#3930 = ORIENTED_EDGE('',*,*,#3073,.T.);
#3931 = ADVANCED_FACE('',(#3932),#3946,.F.);
#3932 = FACE_BOUND('',#3933,.F.);
#3933 = EDGE_LOOP('',(#3934,#3964,#3986,#3987));
#3934 = ORIENTED_EDGE('',*,*,#3935,.T.);
#3935 = EDGE_CURVE('',#3936,#3938,#3940,.T.);
#3936 = VERTEX_POINT('',#3937);
#3937 = CARTESIAN_POINT('',(-22.,2.2,-8.));
#3938 = VERTEX_POINT('',#3939);
#3939 = CARTESIAN_POINT('',(-21.,1.2,-8.));
#3940 = SEAM_CURVE('',#3941,(#3945,#3957),.PCURVE_S1.);
#3941 = LINE('',#3942,#3943);
#3942 = CARTESIAN_POINT('',(-21.5,1.7,-8.));
#3943 = VECTOR('',#3944,1.);
#3944 = DIRECTION('',(0.707106781187,-0.707106781187,8.659560562355E-17)
  );
#3945 = PCURVE('',#3946,#3951);
#3946 = CONICAL_SURFACE('',#3947,1.7,0.785398163397);
#3947 = AXIS2_PLACEMENT_3D('',#3948,#3949,#3950);
#3948 = CARTESIAN_POINT('',(-21.5,0.,-8.));
#3949 = DIRECTION('',(-1.,0.,0.));
#3950 = DIRECTION('',(0.,-1.,0.));
#3951 = DEFINITIONAL_REPRESENTATION('',(#3952),#3956);
#3952 = LINE('',#3953,#3954);
#3953 = CARTESIAN_POINT('',(3.14159265359,-2.355138688026E-16));
#3954 = VECTOR('',#3955,1.);
#3955 = DIRECTION('',(0.,-1.));
#3956 = ( GEOMETRIC_REPRESENTATION_CONTEXT(2) 
PARAMETRIC_REPRESENTATION_CONTEXT() REPRESENTATION_CONTEXT('2D SPACE',''
  ) );
#3957 = PCURVE('',#3946,#3958);
#3958 = DEFINITIONAL_REPRESENTATION('',(#3959),#3963);
#3959 = LINE('',#3960,#3961);
#3960 = CARTESIAN_POINT('',(9.424777960769,-2.355138688026E-16));
#3961 = VECTOR('',#3962,1.);
#3962 = DIRECTION('',(0.,-1.));
#3963 = ( GEOMETRIC_REPRESENTATION_CONTEXT(2) 
PARAMETRIC_REPRESENTATION_CONTEXT() REPRESENTATION_CONTEXT('2D SPACE',''
  ) );
#3964 = ORIENTED_EDGE('',*,*,#3965,.F.);
#3965 = EDGE_CURVE('',#3938,#3938,#3966,.T.);
#3966 = SURFACE_CURVE('',#3967,(#3972,#3979),.PCURVE_S1.);
#3967 = CIRCLE('',#3968,1.2);
#3968 = AXIS2_PLACEMENT_3D('',#3969,#3970,#3971);
#3969 = CARTESIAN_POINT('',(-21.,0.,-8.));
#3970 = DIRECTION('',(1.,0.,2.914335439641E-16));
#3971 = DIRECTION('',(0.,-1.,0.));
#3972 = PCURVE('',#3946,#3973);
#3973 = DEFINITIONAL_REPRESENTATION('',(#3974),#3978);
#3974 = LINE('',#3975,#3976);
#3975 = CARTESIAN_POINT('',(12.566370614359,-0.5));
#3976 = VECTOR('',#3977,1.);
#3977 = DIRECTION('',(-1.,0.));
#3978 = ( GEOMETRIC_REPRESENTATION_CONTEXT(2) 
PARAMETRIC_REPRESENTATION_CONTEXT() REPRESENTATION_CONTEXT('2D SPACE',''
  ) );
#3979 = PCURVE('',#805,#3980);
#3980 = DEFINITIONAL_REPRESENTATION('',(#3981),#3985);
#3981 = LINE('',#3982,#3983);
#3982 = CARTESIAN_POINT('',(6.28318530718,2.));
#3983 = VECTOR('',#3984,1.);
#3984 = DIRECTION('',(-1.,0.));
#3985 = ( GEOMETRIC_REPRESENTATION_CONTEXT(2) 
PARAMETRIC_REPRESENTATION_CONTEXT() REPRESENTATION_CONTEXT('2D SPACE',''
  ) );
#3986 = ORIENTED_EDGE('',*,*,#3935,.F.);
#3987 = ORIENTED_EDGE('',*,*,#3988,.F.);
#3988 = EDGE_CURVE('',#3936,#3936,#3989,.T.);
#3989 = SURFACE_CURVE('',#3990,(#3995,#4002),.PCURVE_S1.);
#3990 = CIRCLE('',#3991,2.2);
#3991 = AXIS2_PLACEMENT_3D('',#3992,#3993,#3994);
#3992 = CARTESIAN_POINT('',(-22.,0.,-8.));
#3993 = DIRECTION('',(-1.,0.,-2.914335439641E-16));
#3994 = DIRECTION('',(0.,-1.,-0.));
#3995 = PCURVE('',#3946,#3996);
#3996 = DEFINITIONAL_REPRESENTATION('',(#3997),#4001);
#3997 = LINE('',#3998,#3999);
#3998 = CARTESIAN_POINT('',(0.,0.5));
#3999 = VECTOR('',#4000,1.);
#4000 = DIRECTION('',(1.,0.));
#4001 = ( GEOMETRIC_REPRESENTATION_CONTEXT(2) 
PARAMETRIC_REPRESENTATION_CONTEXT() REPRESENTATION_CONTEXT('2D SPACE',''
  ) );
#4002 = PCURVE('',#100,#4003);
#4003 = DEFINITIONAL_REPRESENTATION('',(#4004),#4008);
#4004 = CIRCLE('',#4005,2.2);
#4005 = AXIS2_PLACEMENT_2D('',#4006,#4007);
#4006 = CARTESIAN_POINT('',(2.5,-8.));
#4007 = DIRECTION('',(1.,0.));
#4008 = ( GEOMETRIC_REPRESENTATION_CONTEXT(2) 
PARAMETRIC_REPRESENTATION_CONTEXT() REPRESENTATION_CONTEXT('2D SPACE',''
  ) );
#4009 = ADVANCED_FACE('',(#4010,#4038,#4069,#4100,#4130,#4161),#100,.T.
  );
#4010 = FACE_BOUND('',#4011,.T.);
#4011 = EDGE_LOOP('',(#4012,#4013,#4034,#4035,#4036,#4037));
#4012 = ORIENTED_EDGE('',*,*,#84,.T.);
#4013 = ORIENTED_EDGE('',*,*,#4014,.T.);
#4014 = EDGE_CURVE('',#57,#1715,#4015,.T.);
#4015 = SURFACE_CURVE('',#4016,(#4020,#4027),.PCURVE_S1.);
#4016 = LINE('',#4017,#4018);
#4017 = CARTESIAN_POINT('',(-22.,18.,13.));
#4018 = VECTOR('',#4019,1.);
#4019 = DIRECTION('',(0.,1.,0.));
#4020 = PCURVE('',#100,#4021);
#4021 = DEFINITIONAL_REPRESENTATION('',(#4022),#4026);
#4022 = LINE('',#4023,#4024);
#4023 = CARTESIAN_POINT('',(-15.5,13.));
#4024 = VECTOR('',#4025,1.);
#4025 = DIRECTION('',(-1.,0.));
#4026 = ( GEOMETRIC_REPRESENTATION_CONTEXT(2) 
PARAMETRIC_REPRESENTATION_CONTEXT() REPRESENTATION_CONTEXT('2D SPACE',''
  ) );
#4027 = PCURVE('',#72,#4028);
#4028 = DEFINITIONAL_REPRESENTATION('',(#4029),#4033);
#4029 = LINE('',#4030,#4031);
#4030 = CARTESIAN_POINT('',(18.,3.));
#4031 = VECTOR('',#4032,1.);
#4032 = DIRECTION('',(1.,0.));
#4033 = ( GEOMETRIC_REPRESENTATION_CONTEXT(2) 
PARAMETRIC_REPRESENTATION_CONTEXT() REPRESENTATION_CONTEXT('2D SPACE',''
  ) );
#4034 = ORIENTED_EDGE('',*,*,#1714,.T.);
#4035 = ORIENTED_EDGE('',*,*,#2864,.T.);
#4036 = ORIENTED_EDGE('',*,*,#3301,.F.);
#4037 = ORIENTED_EDGE('',*,*,#926,.T.);
#4038 = FACE_BOUND('',#4039,.T.);
#4039 = EDGE_LOOP('',(#4040));
#4040 = ORIENTED_EDGE('',*,*,#4041,.F.);
#4041 = EDGE_CURVE('',#4042,#4042,#4044,.T.);
#4042 = VERTEX_POINT('',#4043);
#4043 = CARTESIAN_POINT('',(-22.,10.2,-6.838241858178E-15));
#4044 = SURFACE_CURVE('',#4045,(#4050,#4057),.PCURVE_S1.);
#4045 = CIRCLE('',#4046,2.2);
#4046 = AXIS2_PLACEMENT_3D('',#4047,#4048,#4049);
#4047 = CARTESIAN_POINT('',(-22.,8.,-6.568819562366E-15));
#4048 = DIRECTION('',(-1.,0.,-2.914335439641E-16));
#4049 = DIRECTION('',(0.,-1.,-0.));
#4050 = PCURVE('',#100,#4051);
#4051 = DEFINITIONAL_REPRESENTATION('',(#4052),#4056);
#4052 = CIRCLE('',#4053,2.2);
#4053 = AXIS2_PLACEMENT_2D('',#4054,#4055);
#4054 = CARTESIAN_POINT('',(-5.5,7.864079757762E-17));
#4055 = DIRECTION('',(1.,0.));
#4056 = ( GEOMETRIC_REPRESENTATION_CONTEXT(2) 
PARAMETRIC_REPRESENTATION_CONTEXT() REPRESENTATION_CONTEXT('2D SPACE',''
  ) );
#4057 = PCURVE('',#4058,#4063);
#4058 = CONICAL_SURFACE('',#4059,1.7,0.785398163397);
#4059 = AXIS2_PLACEMENT_3D('',#4060,#4061,#4062);
#4060 = CARTESIAN_POINT('',(-21.5,8.,-6.423102790383E-15));
#4061 = DIRECTION('',(-1.,0.,-2.914335439641E-16));
#4062 = DIRECTION('',(0.,-1.,-0.));
#4063 = DEFINITIONAL_REPRESENTATION('',(#4064),#4068);
#4064 = LINE('',#4065,#4066);
#4065 = CARTESIAN_POINT('',(0.,0.5));
#4066 = VECTOR('',#4067,1.);
#4067 = DIRECTION('',(1.,0.));
#4068 = ( GEOMETRIC_REPRESENTATION_CONTEXT(2) 
PARAMETRIC_REPRESENTATION_CONTEXT() REPRESENTATION_CONTEXT('2D SPACE',''
  ) );
#4069 = FACE_BOUND('',#4070,.T.);
#4070 = EDGE_LOOP('',(#4071));
#4071 = ORIENTED_EDGE('',*,*,#4072,.F.);
#4072 = EDGE_CURVE('',#4073,#4073,#4075,.T.);
#4073 = VERTEX_POINT('',#4074);
#4074 = CARTESIAN_POINT('',(-22.,2.2,8.));
#4075 = SURFACE_CURVE('',#4076,(#4081,#4088),.PCURVE_S1.);
#4076 = CIRCLE('',#4077,2.2);
#4077 = AXIS2_PLACEMENT_3D('',#4078,#4079,#4080);
#4078 = CARTESIAN_POINT('',(-22.,0.,8.));
#4079 = DIRECTION('',(-1.,0.,-2.914335439641E-16));
#4080 = DIRECTION('',(0.,-1.,-0.));
#4081 = PCURVE('',#100,#4082);
#4082 = DEFINITIONAL_REPRESENTATION('',(#4083),#4087);
#4083 = CIRCLE('',#4084,2.2);
#4084 = AXIS2_PLACEMENT_2D('',#4085,#4086);
#4085 = CARTESIAN_POINT('',(2.5,8.));
#4086 = DIRECTION('',(1.,0.));
#4087 = ( GEOMETRIC_REPRESENTATION_CONTEXT(2) 
PARAMETRIC_REPRESENTATION_CONTEXT() REPRESENTATION_CONTEXT('2D SPACE',''
  ) );
#4088 = PCURVE('',#4089,#4094);
#4089 = CONICAL_SURFACE('',#4090,1.7,0.785398163397);
#4090 = AXIS2_PLACEMENT_3D('',#4091,#4092,#4093);
#4091 = CARTESIAN_POINT('',(-21.5,0.,8.));
#4092 = DIRECTION('',(-1.,0.,0.));
#4093 = DIRECTION('',(0.,-1.,0.));
#4094 = DEFINITIONAL_REPRESENTATION('',(#4095),#4099);
#4095 = LINE('',#4096,#4097);
#4096 = CARTESIAN_POINT('',(0.,0.5));
#4097 = VECTOR('',#4098,1.);
#4098 = DIRECTION('',(1.,0.));
#4099 = ( GEOMETRIC_REPRESENTATION_CONTEXT(2) 
PARAMETRIC_REPRESENTATION_CONTEXT() REPRESENTATION_CONTEXT('2D SPACE',''
  ) );
#4100 = FACE_BOUND('',#4101,.T.);
#4101 = EDGE_LOOP('',(#4102));
#4102 = ORIENTED_EDGE('',*,*,#4103,.T.);
#4103 = EDGE_CURVE('',#4104,#4104,#4106,.T.);
#4104 = VERTEX_POINT('',#4105);
#4105 = CARTESIAN_POINT('',(-22.,5.,-7.771561172376E-15));
#4106 = SURFACE_CURVE('',#4107,(#4112,#4123),.PCURVE_S1.);
#4107 = CIRCLE('',#4108,5.);
#4108 = AXIS2_PLACEMENT_3D('',#4109,#4110,#4111);
#4109 = CARTESIAN_POINT('',(-22.,0.,-6.647460359943E-15));
#4110 = DIRECTION('',(1.,0.,2.914335439641E-16));
#4111 = DIRECTION('',(0.,-1.,0.));
#4112 = PCURVE('',#100,#4113);
#4113 = DEFINITIONAL_REPRESENTATION('',(#4114),#4122);
#4114 = ( BOUNDED_CURVE() B_SPLINE_CURVE(2,(#4115,#4116,#4117,#4118,
#4119,#4120,#4121),.UNSPECIFIED.,.T.,.F.) B_SPLINE_CURVE_WITH_KNOTS((1,2
    ,2,2,2,1),(-2.094395102393,0.,2.094395102393,4.188790204786,
6.28318530718,8.377580409573),.UNSPECIFIED.) CURVE() 
GEOMETRIC_REPRESENTATION_ITEM() RATIONAL_B_SPLINE_CURVE((1.,0.5,1.,0.5,
1.,0.5,1.)) REPRESENTATION_ITEM('') );
#4115 = CARTESIAN_POINT('',(7.5,0.));
#4116 = CARTESIAN_POINT('',(7.5,-8.660254037844));
#4117 = CARTESIAN_POINT('',(8.881784197001E-16,-4.330127018922));
#4118 = CARTESIAN_POINT('',(-7.5,-1.224646799147E-15));
#4119 = CARTESIAN_POINT('',(-2.22044604925E-15,4.330127018922));
#4120 = CARTESIAN_POINT('',(7.5,8.660254037844));
#4121 = CARTESIAN_POINT('',(7.5,0.));
#4122 = ( GEOMETRIC_REPRESENTATION_CONTEXT(2) 
PARAMETRIC_REPRESENTATION_CONTEXT() REPRESENTATION_CONTEXT('2D SPACE',''
  ) );
#4123 = PCURVE('',#770,#4124);
#4124 = DEFINITIONAL_REPRESENTATION('',(#4125),#4129);
#4125 = LINE('',#4126,#4127);
#4126 = CARTESIAN_POINT('',(6.28318530718,3.));
#4127 = VECTOR('',#4128,1.);
#4128 = DIRECTION('',(-1.,0.));
#4129 = ( GEOMETRIC_REPRESENTATION_CONTEXT(2) 
PARAMETRIC_REPRESENTATION_CONTEXT() REPRESENTATION_CONTEXT('2D SPACE',''
  ) );
#4130 = FACE_BOUND('',#4131,.T.);
#4131 = EDGE_LOOP('',(#4132));
#4132 = ORIENTED_EDGE('',*,*,#4133,.F.);
#4133 = EDGE_CURVE('',#4134,#4134,#4136,.T.);
#4134 = VERTEX_POINT('',#4135);
#4135 = CARTESIAN_POINT('',(-22.,-5.8,-6.838241858178E-15));
#4136 = SURFACE_CURVE('',#4137,(#4142,#4149),.PCURVE_S1.);
#4137 = CIRCLE('',#4138,2.2);
#4138 = AXIS2_PLACEMENT_3D('',#4139,#4140,#4141);
#4139 = CARTESIAN_POINT('',(-22.,-8.,-6.568819562366E-15));
#4140 = DIRECTION('',(-1.,0.,-2.914335439641E-16));
#4141 = DIRECTION('',(0.,-1.,-0.));
#4142 = PCURVE('',#100,#4143);
#4143 = DEFINITIONAL_REPRESENTATION('',(#4144),#4148);
#4144 = CIRCLE('',#4145,2.2);
#4145 = AXIS2_PLACEMENT_2D('',#4146,#4147);
#4146 = CARTESIAN_POINT('',(10.5,7.864079757762E-17));
#4147 = DIRECTION('',(1.,0.));
#4148 = ( GEOMETRIC_REPRESENTATION_CONTEXT(2) 
PARAMETRIC_REPRESENTATION_CONTEXT() REPRESENTATION_CONTEXT('2D SPACE',''
  ) );
#4149 = PCURVE('',#4150,#4155);
#4150 = CONICAL_SURFACE('',#4151,1.7,0.785398163397);
#4151 = AXIS2_PLACEMENT_3D('',#4152,#4153,#4154);
#4152 = CARTESIAN_POINT('',(-21.5,-8.,-6.423102790383E-15));
#4153 = DIRECTION('',(-1.,0.,-2.914335439641E-16));
#4154 = DIRECTION('',(0.,-1.,-0.));
#4155 = DEFINITIONAL_REPRESENTATION('',(#4156),#4160);
#4156 = LINE('',#4157,#4158);
#4157 = CARTESIAN_POINT('',(0.,0.5));
#4158 = VECTOR('',#4159,1.);
#4159 = DIRECTION('',(1.,0.));
#4160 = ( GEOMETRIC_REPRESENTATION_CONTEXT(2) 
PARAMETRIC_REPRESENTATION_CONTEXT() REPRESENTATION_CONTEXT('2D SPACE',''
  ) );
#4161 = FACE_BOUND('',#4162,.T.);
#4162 = EDGE_LOOP('',(#4163));
#4163 = ORIENTED_EDGE('',*,*,#3988,.F.);
#4164 = ADVANCED_FACE('',(#4165),#805,.F.);
#4165 = FACE_BOUND('',#4166,.F.);
#4166 = EDGE_LOOP('',(#4167,#4188,#4189,#4190));
#4167 = ORIENTED_EDGE('',*,*,#4168,.T.);
#4168 = EDGE_CURVE('',#3938,#785,#4169,.T.);
#4169 = SEAM_CURVE('',#4170,(#4174,#4181),.PCURVE_S1.);
#4170 = LINE('',#4171,#4172);
#4171 = CARTESIAN_POINT('',(-19.,1.2,-8.));
#4172 = VECTOR('',#4173,1.);
#4173 = DIRECTION('',(1.,0.,3.700743415417E-16));
#4174 = PCURVE('',#805,#4175);
#4175 = DEFINITIONAL_REPRESENTATION('',(#4176),#4180);
#4176 = LINE('',#4177,#4178);
#4177 = CARTESIAN_POINT('',(-3.14159265359,0.));
#4178 = VECTOR('',#4179,1.);
#4179 = DIRECTION('',(0.,-1.));
#4180 = ( GEOMETRIC_REPRESENTATION_CONTEXT(2) 
PARAMETRIC_REPRESENTATION_CONTEXT() REPRESENTATION_CONTEXT('2D SPACE',''
  ) );
#4181 = PCURVE('',#805,#4182);
#4182 = DEFINITIONAL_REPRESENTATION('',(#4183),#4187);
#4183 = LINE('',#4184,#4185);
#4184 = CARTESIAN_POINT('',(3.14159265359,0.));
#4185 = VECTOR('',#4186,1.);
#4186 = DIRECTION('',(0.,-1.));
#4187 = ( GEOMETRIC_REPRESENTATION_CONTEXT(2) 
PARAMETRIC_REPRESENTATION_CONTEXT() REPRESENTATION_CONTEXT('2D SPACE',''
  ) );
#4188 = ORIENTED_EDGE('',*,*,#784,.F.);
#4189 = ORIENTED_EDGE('',*,*,#4168,.F.);
#4190 = ORIENTED_EDGE('',*,*,#3965,.T.);
#4191 = ADVANCED_FACE('',(#4192),#4058,.F.);
#4192 = FACE_BOUND('',#4193,.F.);
#4193 = EDGE_LOOP('',(#4194,#4217,#4239,#4240));
#4194 = ORIENTED_EDGE('',*,*,#4195,.T.);
#4195 = EDGE_CURVE('',#4042,#4196,#4198,.T.);
#4196 = VERTEX_POINT('',#4197);
#4197 = CARTESIAN_POINT('',(-21.,9.2,-6.130428402504E-15));
#4198 = SEAM_CURVE('',#4199,(#4203,#4210),.PCURVE_S1.);
#4199 = LINE('',#4200,#4201);
#4200 = CARTESIAN_POINT('',(-21.5,9.7,-6.631292746239E-15));
#4201 = VECTOR('',#4202,1.);
#4202 = DIRECTION('',(0.707106781187,-0.707106781187,2.926702408258E-16)
  );
#4203 = PCURVE('',#4058,#4204);
#4204 = DEFINITIONAL_REPRESENTATION('',(#4205),#4209);
#4205 = LINE('',#4206,#4207);
#4206 = CARTESIAN_POINT('',(3.14159265359,-3.140184917368E-16));
#4207 = VECTOR('',#4208,1.);
#4208 = DIRECTION('',(0.,-1.));
#4209 = ( GEOMETRIC_REPRESENTATION_CONTEXT(2) 
PARAMETRIC_REPRESENTATION_CONTEXT() REPRESENTATION_CONTEXT('2D SPACE',''
  ) );
#4210 = PCURVE('',#4058,#4211);
#4211 = DEFINITIONAL_REPRESENTATION('',(#4212),#4216);
#4212 = LINE('',#4213,#4214);
#4213 = CARTESIAN_POINT('',(9.424777960769,-3.140184917368E-16));
#4214 = VECTOR('',#4215,1.);
#4215 = DIRECTION('',(0.,-1.));
#4216 = ( GEOMETRIC_REPRESENTATION_CONTEXT(2) 
PARAMETRIC_REPRESENTATION_CONTEXT() REPRESENTATION_CONTEXT('2D SPACE',''
  ) );
#4217 = ORIENTED_EDGE('',*,*,#4218,.F.);
#4218 = EDGE_CURVE('',#4196,#4196,#4219,.T.);
#4219 = SURFACE_CURVE('',#4220,(#4225,#4232),.PCURVE_S1.);
#4220 = CIRCLE('',#4221,1.2);
#4221 = AXIS2_PLACEMENT_3D('',#4222,#4223,#4224);
#4222 = CARTESIAN_POINT('',(-21.,8.,-6.277386018401E-15));
#4223 = DIRECTION('',(1.,0.,2.914335439641E-16));
#4224 = DIRECTION('',(0.,-1.,0.));
#4225 = PCURVE('',#4058,#4226);
#4226 = DEFINITIONAL_REPRESENTATION('',(#4227),#4231);
#4227 = LINE('',#4228,#4229);
#4228 = CARTESIAN_POINT('',(12.566370614359,-0.5));
#4229 = VECTOR('',#4230,1.);
#4230 = DIRECTION('',(-1.,0.));
#4231 = ( GEOMETRIC_REPRESENTATION_CONTEXT(2) 
PARAMETRIC_REPRESENTATION_CONTEXT() REPRESENTATION_CONTEXT('2D SPACE',''
  ) );
#4232 = PCURVE('',#840,#4233);
#4233 = DEFINITIONAL_REPRESENTATION('',(#4234),#4238);
#4234 = LINE('',#4235,#4236);
#4235 = CARTESIAN_POINT('',(6.28318530718,2.));
#4236 = VECTOR('',#4237,1.);
#4237 = DIRECTION('',(-1.,0.));
#4238 = ( GEOMETRIC_REPRESENTATION_CONTEXT(2) 
PARAMETRIC_REPRESENTATION_CONTEXT() REPRESENTATION_CONTEXT('2D SPACE',''
  ) );
#4239 = ORIENTED_EDGE('',*,*,#4195,.F.);
#4240 = ORIENTED_EDGE('',*,*,#4041,.F.);
#4241 = ADVANCED_FACE('',(#4242),#840,.F.);
#4242 = FACE_BOUND('',#4243,.F.);
#4243 = EDGE_LOOP('',(#4244,#4265,#4266,#4267));
#4244 = ORIENTED_EDGE('',*,*,#4245,.T.);
#4245 = EDGE_CURVE('',#4196,#820,#4246,.T.);
#4246 = SEAM_CURVE('',#4247,(#4251,#4258),.PCURVE_S1.);
#4247 = LINE('',#4248,#4249);
#4248 = CARTESIAN_POINT('',(-19.,9.2,-5.684194951216E-15));
#4249 = VECTOR('',#4250,1.);
#4250 = DIRECTION('',(1.,0.,3.700743415417E-16));
#4251 = PCURVE('',#840,#4252);
#4252 = DEFINITIONAL_REPRESENTATION('',(#4253),#4257);
#4253 = LINE('',#4254,#4255);
#4254 = CARTESIAN_POINT('',(-3.14159265359,0.));
#4255 = VECTOR('',#4256,1.);
#4256 = DIRECTION('',(0.,-1.));
#4257 = ( GEOMETRIC_REPRESENTATION_CONTEXT(2) 
PARAMETRIC_REPRESENTATION_CONTEXT() REPRESENTATION_CONTEXT('2D SPACE',''
  ) );
#4258 = PCURVE('',#840,#4259);
#4259 = DEFINITIONAL_REPRESENTATION('',(#4260),#4264);
#4260 = LINE('',#4261,#4262);
#4261 = CARTESIAN_POINT('',(3.14159265359,0.));
#4262 = VECTOR('',#4263,1.);
#4263 = DIRECTION('',(0.,-1.));
#4264 = ( GEOMETRIC_REPRESENTATION_CONTEXT(2) 
PARAMETRIC_REPRESENTATION_CONTEXT() REPRESENTATION_CONTEXT('2D SPACE',''
  ) );
#4265 = ORIENTED_EDGE('',*,*,#819,.F.);
#4266 = ORIENTED_EDGE('',*,*,#4245,.F.);
#4267 = ORIENTED_EDGE('',*,*,#4218,.T.);
#4268 = ADVANCED_FACE('',(#4269),#4150,.F.);
#4269 = FACE_BOUND('',#4270,.F.);
#4270 = EDGE_LOOP('',(#4271,#4294,#4316,#4317));
#4271 = ORIENTED_EDGE('',*,*,#4272,.T.);
#4272 = EDGE_CURVE('',#4134,#4273,#4275,.T.);
#4273 = VERTEX_POINT('',#4274);
#4274 = CARTESIAN_POINT('',(-21.,-6.8,-6.130428402504E-15));
#4275 = SEAM_CURVE('',#4276,(#4280,#4287),.PCURVE_S1.);
#4276 = LINE('',#4277,#4278);
#4277 = CARTESIAN_POINT('',(-21.5,-6.3,-6.631292746239E-15));
#4278 = VECTOR('',#4279,1.);
#4279 = DIRECTION('',(0.707106781187,-0.707106781187,2.926702408258E-16)
  );
#4280 = PCURVE('',#4150,#4281);
#4281 = DEFINITIONAL_REPRESENTATION('',(#4282),#4286);
#4282 = LINE('',#4283,#4284);
#4283 = CARTESIAN_POINT('',(3.14159265359,7.850462293419E-17));
#4284 = VECTOR('',#4285,1.);
#4285 = DIRECTION('',(0.,-1.));
#4286 = ( GEOMETRIC_REPRESENTATION_CONTEXT(2) 
PARAMETRIC_REPRESENTATION_CONTEXT() REPRESENTATION_CONTEXT('2D SPACE',''
  ) );
#4287 = PCURVE('',#4150,#4288);
#4288 = DEFINITIONAL_REPRESENTATION('',(#4289),#4293);
#4289 = LINE('',#4290,#4291);
#4290 = CARTESIAN_POINT('',(9.424777960769,7.850462293419E-17));
#4291 = VECTOR('',#4292,1.);
#4292 = DIRECTION('',(0.,-1.));
#4293 = ( GEOMETRIC_REPRESENTATION_CONTEXT(2) 
PARAMETRIC_REPRESENTATION_CONTEXT() REPRESENTATION_CONTEXT('2D SPACE',''
  ) );
#4294 = ORIENTED_EDGE('',*,*,#4295,.F.);
#4295 = EDGE_CURVE('',#4273,#4273,#4296,.T.);
#4296 = SURFACE_CURVE('',#4297,(#4302,#4309),.PCURVE_S1.);
#4297 = CIRCLE('',#4298,1.2);
#4298 = AXIS2_PLACEMENT_3D('',#4299,#4300,#4301);
#4299 = CARTESIAN_POINT('',(-21.,-8.,-6.277386018401E-15));
#4300 = DIRECTION('',(1.,0.,2.914335439641E-16));
#4301 = DIRECTION('',(0.,-1.,0.));
#4302 = PCURVE('',#4150,#4303);
#4303 = DEFINITIONAL_REPRESENTATION('',(#4304),#4308);
#4304 = LINE('',#4305,#4306);
#4305 = CARTESIAN_POINT('',(12.566370614359,-0.5));
#4306 = VECTOR('',#4307,1.);
#4307 = DIRECTION('',(-1.,0.));
#4308 = ( GEOMETRIC_REPRESENTATION_CONTEXT(2) 
PARAMETRIC_REPRESENTATION_CONTEXT() REPRESENTATION_CONTEXT('2D SPACE',''
  ) );
#4309 = PCURVE('',#875,#4310);
#4310 = DEFINITIONAL_REPRESENTATION('',(#4311),#4315);
#4311 = LINE('',#4312,#4313);
#4312 = CARTESIAN_POINT('',(6.28318530718,2.));
#4313 = VECTOR('',#4314,1.);
#4314 = DIRECTION('',(-1.,0.));
#4315 = ( GEOMETRIC_REPRESENTATION_CONTEXT(2) 
PARAMETRIC_REPRESENTATION_CONTEXT() REPRESENTATION_CONTEXT('2D SPACE',''
  ) );
#4316 = ORIENTED_EDGE('',*,*,#4272,.F.);
#4317 = ORIENTED_EDGE('',*,*,#4133,.F.);
#4318 = ADVANCED_FACE('',(#4319),#875,.F.);
#4319 = FACE_BOUND('',#4320,.F.);
#4320 = EDGE_LOOP('',(#4321,#4342,#4343,#4344));
#4321 = ORIENTED_EDGE('',*,*,#4322,.T.);
#4322 = EDGE_CURVE('',#4273,#855,#4323,.T.);
#4323 = SEAM_CURVE('',#4324,(#4328,#4335),.PCURVE_S1.);
#4324 = LINE('',#4325,#4326);
#4325 = CARTESIAN_POINT('',(-19.,-6.8,-5.684194951216E-15));
#4326 = VECTOR('',#4327,1.);
#4327 = DIRECTION('',(1.,0.,3.700743415417E-16));
#4328 = PCURVE('',#875,#4329);
#4329 = DEFINITIONAL_REPRESENTATION('',(#4330),#4334);
#4330 = LINE('',#4331,#4332);
#4331 = CARTESIAN_POINT('',(-3.14159265359,0.));
#4332 = VECTOR('',#4333,1.);
#4333 = DIRECTION('',(0.,-1.));
#4334 = ( GEOMETRIC_REPRESENTATION_CONTEXT(2) 
PARAMETRIC_REPRESENTATION_CONTEXT() REPRESENTATION_CONTEXT('2D SPACE',''
  ) );
#4335 = PCURVE('',#875,#4336);
#4336 = DEFINITIONAL_REPRESENTATION('',(#4337),#4341);
#4337 = LINE('',#4338,#4339);
#4338 = CARTESIAN_POINT('',(3.14159265359,0.));
#4339 = VECTOR('',#4340,1.);
#4340 = DIRECTION('',(0.,-1.));
#4341 = ( GEOMETRIC_REPRESENTATION_CONTEXT(2) 
PARAMETRIC_REPRESENTATION_CONTEXT() REPRESENTATION_CONTEXT('2D SPACE',''
  ) );
#4342 = ORIENTED_EDGE('',*,*,#854,.F.);
#4343 = ORIENTED_EDGE('',*,*,#4322,.F.);
#4344 = ORIENTED_EDGE('',*,*,#4295,.T.);
#4345 = ADVANCED_FACE('',(#4346),#4089,.F.);
#4346 = FACE_BOUND('',#4347,.F.);
#4347 = EDGE_LOOP('',(#4348,#4371,#4393,#4394));
#4348 = ORIENTED_EDGE('',*,*,#4349,.T.);
#4349 = EDGE_CURVE('',#4073,#4350,#4352,.T.);
#4350 = VERTEX_POINT('',#4351);
#4351 = CARTESIAN_POINT('',(-21.,1.2,8.));
#4352 = SEAM_CURVE('',#4353,(#4357,#4364),.PCURVE_S1.);
#4353 = LINE('',#4354,#4355);
#4354 = CARTESIAN_POINT('',(-21.5,1.7,8.));
#4355 = VECTOR('',#4356,1.);
#4356 = DIRECTION('',(0.707106781187,-0.707106781187,8.659560562355E-17)
  );
#4357 = PCURVE('',#4089,#4358);
#4358 = DEFINITIONAL_REPRESENTATION('',(#4359),#4363);
#4359 = LINE('',#4360,#4361);
#4360 = CARTESIAN_POINT('',(3.14159265359,-6.280369834735E-16));
#4361 = VECTOR('',#4362,1.);
#4362 = DIRECTION('',(0.,-1.));
#4363 = ( GEOMETRIC_REPRESENTATION_CONTEXT(2) 
PARAMETRIC_REPRESENTATION_CONTEXT() REPRESENTATION_CONTEXT('2D SPACE',''
  ) );
#4364 = PCURVE('',#4089,#4365);
#4365 = DEFINITIONAL_REPRESENTATION('',(#4366),#4370);
#4366 = LINE('',#4367,#4368);
#4367 = CARTESIAN_POINT('',(9.424777960769,-6.280369834735E-16));
#4368 = VECTOR('',#4369,1.);
#4369 = DIRECTION('',(0.,-1.));
#4370 = ( GEOMETRIC_REPRESENTATION_CONTEXT(2) 
PARAMETRIC_REPRESENTATION_CONTEXT() REPRESENTATION_CONTEXT('2D SPACE',''
  ) );
#4371 = ORIENTED_EDGE('',*,*,#4372,.F.);
#4372 = EDGE_CURVE('',#4350,#4350,#4373,.T.);
#4373 = SURFACE_CURVE('',#4374,(#4379,#4386),.PCURVE_S1.);
#4374 = CIRCLE('',#4375,1.2);
#4375 = AXIS2_PLACEMENT_3D('',#4376,#4377,#4378);
#4376 = CARTESIAN_POINT('',(-21.,0.,8.));
#4377 = DIRECTION('',(1.,0.,2.914335439641E-16));
#4378 = DIRECTION('',(0.,-1.,0.));
#4379 = PCURVE('',#4089,#4380);
#4380 = DEFINITIONAL_REPRESENTATION('',(#4381),#4385);
#4381 = LINE('',#4382,#4383);
#4382 = CARTESIAN_POINT('',(12.566370614359,-0.5));
#4383 = VECTOR('',#4384,1.);
#4384 = DIRECTION('',(-1.,0.));
#4385 = ( GEOMETRIC_REPRESENTATION_CONTEXT(2) 
PARAMETRIC_REPRESENTATION_CONTEXT() REPRESENTATION_CONTEXT('2D SPACE',''
  ) );
#4386 = PCURVE('',#910,#4387);
#4387 = DEFINITIONAL_REPRESENTATION('',(#4388),#4392);
#4388 = LINE('',#4389,#4390);
#4389 = CARTESIAN_POINT('',(6.28318530718,2.));
#4390 = VECTOR('',#4391,1.);
#4391 = DIRECTION('',(-1.,0.));
#4392 = ( GEOMETRIC_REPRESENTATION_CONTEXT(2) 
PARAMETRIC_REPRESENTATION_CONTEXT() REPRESENTATION_CONTEXT('2D SPACE',''
  ) );
#4393 = ORIENTED_EDGE('',*,*,#4349,.F.);
#4394 = ORIENTED_EDGE('',*,*,#4072,.F.);
#4395 = ADVANCED_FACE('',(#4396),#910,.F.);
#4396 = FACE_BOUND('',#4397,.F.);
#4397 = EDGE_LOOP('',(#4398,#4419,#4420,#4421));
#4398 = ORIENTED_EDGE('',*,*,#4399,.T.);
#4399 = EDGE_CURVE('',#4350,#890,#4400,.T.);
#4400 = SEAM_CURVE('',#4401,(#4405,#4412),.PCURVE_S1.);
#4401 = LINE('',#4402,#4403);
#4402 = CARTESIAN_POINT('',(-19.,1.2,8.));
#4403 = VECTOR('',#4404,1.);
#4404 = DIRECTION('',(1.,0.,3.700743415417E-16));
#4405 = PCURVE('',#910,#4406);
#4406 = DEFINITIONAL_REPRESENTATION('',(#4407),#4411);
#4407 = LINE('',#4408,#4409);
#4408 = CARTESIAN_POINT('',(-3.14159265359,0.));
#4409 = VECTOR('',#4410,1.);
#4410 = DIRECTION('',(0.,-1.));
#4411 = ( GEOMETRIC_REPRESENTATION_CONTEXT(2) 
PARAMETRIC_REPRESENTATION_CONTEXT() REPRESENTATION_CONTEXT('2D SPACE',''
  ) );
#4412 = PCURVE('',#910,#4413);
#4413 = DEFINITIONAL_REPRESENTATION('',(#4414),#4418);
#4414 = LINE('',#4415,#4416);
#4415 = CARTESIAN_POINT('',(3.14159265359,0.));
#4416 = VECTOR('',#4417,1.);
#4417 = DIRECTION('',(0.,-1.));
#4418 = ( GEOMETRIC_REPRESENTATION_CONTEXT(2) 
PARAMETRIC_REPRESENTATION_CONTEXT() REPRESENTATION_CONTEXT('2D SPACE',''
  ) );
#4419 = ORIENTED_EDGE('',*,*,#889,.F.);
#4420 = ORIENTED_EDGE('',*,*,#4399,.F.);
#4421 = ORIENTED_EDGE('',*,*,#4372,.T.);
#4422 = ADVANCED_FACE('',(#4423),#3392,.T.);
#4423 = FACE_BOUND('',#4424,.T.);
#4424 = EDGE_LOOP('',(#4425,#4426,#4449,#4470));
#4425 = ORIENTED_EDGE('',*,*,#3376,.T.);
#4426 = ORIENTED_EDGE('',*,*,#4427,.T.);
#4427 = EDGE_CURVE('',#3354,#4428,#4430,.T.);
#4428 = VERTEX_POINT('',#4429);
#4429 = CARTESIAN_POINT('',(-11.75,119.,10.));
#4430 = SURFACE_CURVE('',#4431,(#4435,#4442),.PCURVE_S1.);
#4431 = LINE('',#4432,#4433);
#4432 = CARTESIAN_POINT('',(-11.75,98.,10.));
#4433 = VECTOR('',#4434,1.);
#4434 = DIRECTION('',(0.,1.,0.));
#4435 = PCURVE('',#3392,#4436);
#4436 = DEFINITIONAL_REPRESENTATION('',(#4437),#4441);
#4437 = LINE('',#4438,#4439);
#4438 = CARTESIAN_POINT('',(11.75,0.));
#4439 = VECTOR('',#4440,1.);
#4440 = DIRECTION('',(0.,1.));
#4441 = ( GEOMETRIC_REPRESENTATION_CONTEXT(2) 
PARAMETRIC_REPRESENTATION_CONTEXT() REPRESENTATION_CONTEXT('2D SPACE',''
  ) );
#4442 = PCURVE('',#1423,#4443);
#4443 = DEFINITIONAL_REPRESENTATION('',(#4444),#4448);
#4444 = LINE('',#4445,#4446);
#4445 = CARTESIAN_POINT('',(0.,0.));
#4446 = VECTOR('',#4447,1.);
#4447 = DIRECTION('',(0.,1.));
#4448 = ( GEOMETRIC_REPRESENTATION_CONTEXT(2) 
PARAMETRIC_REPRESENTATION_CONTEXT() REPRESENTATION_CONTEXT('2D SPACE',''
  ) );
#4449 = ORIENTED_EDGE('',*,*,#4450,.T.);
#4450 = EDGE_CURVE('',#4428,#3787,#4451,.T.);
#4451 = SURFACE_CURVE('',#4452,(#4456,#4463),.PCURVE_S1.);
#4452 = LINE('',#4453,#4454);
#4453 = CARTESIAN_POINT('',(14.75,119.,10.));
#4454 = VECTOR('',#4455,1.);
#4455 = DIRECTION('',(1.,0.,7.526935760171E-17));
#4456 = PCURVE('',#3392,#4457);
#4457 = DEFINITIONAL_REPRESENTATION('',(#4458),#4462);
#4458 = LINE('',#4459,#4460);
#4459 = CARTESIAN_POINT('',(-14.75,21.));
#4460 = VECTOR('',#4461,1.);
#4461 = DIRECTION('',(-1.,0.));
#4462 = ( GEOMETRIC_REPRESENTATION_CONTEXT(2) 
PARAMETRIC_REPRESENTATION_CONTEXT() REPRESENTATION_CONTEXT('2D SPACE',''
  ) );
#4463 = PCURVE('',#1049,#4464);
#4464 = DEFINITIONAL_REPRESENTATION('',(#4465),#4469);
#4465 = LINE('',#4466,#4467);
#4466 = CARTESIAN_POINT('',(2.5,22.125));
#4467 = VECTOR('',#4468,1.);
#4468 = DIRECTION('',(7.526935760171E-17,1.));
#4469 = ( GEOMETRIC_REPRESENTATION_CONTEXT(2) 
PARAMETRIC_REPRESENTATION_CONTEXT() REPRESENTATION_CONTEXT('2D SPACE',''
  ) );
#4470 = ORIENTED_EDGE('',*,*,#3786,.F.);
#4471 = ADVANCED_FACE('',(#4472),#1198,.T.);
#4472 = FACE_BOUND('',#4473,.T.);
#4473 = EDGE_LOOP('',(#4474,#4475,#4476,#4499));
#4474 = ORIENTED_EDGE('',*,*,#2843,.F.);
#4475 = ORIENTED_EDGE('',*,*,#1182,.T.);
#4476 = ORIENTED_EDGE('',*,*,#4477,.F.);
#4477 = EDGE_CURVE('',#4478,#1160,#4480,.T.);
#4478 = VERTEX_POINT('',#4479);
#4479 = CARTESIAN_POINT('',(-11.75,119.,2.));
#4480 = SURFACE_CURVE('',#4481,(#4485,#4492),.PCURVE_S1.);
#4481 = LINE('',#4482,#4483);
#4482 = CARTESIAN_POINT('',(-14.75,119.,2.));
#4483 = VECTOR('',#4484,1.);
#4484 = DIRECTION('',(-1.,0.,5.551115123126E-16));
#4485 = PCURVE('',#1198,#4486);
#4486 = DEFINITIONAL_REPRESENTATION('',(#4487),#4491);
#4487 = LINE('',#4488,#4489);
#4488 = CARTESIAN_POINT('',(3.,21.));
#4489 = VECTOR('',#4490,1.);
#4490 = DIRECTION('',(1.,0.));
#4491 = ( GEOMETRIC_REPRESENTATION_CONTEXT(2) 
PARAMETRIC_REPRESENTATION_CONTEXT() REPRESENTATION_CONTEXT('2D SPACE',''
  ) );
#4492 = PCURVE('',#1049,#4493);
#4493 = DEFINITIONAL_REPRESENTATION('',(#4494),#4498);
#4494 = LINE('',#4495,#4496);
#4495 = CARTESIAN_POINT('',(-5.5,-7.375));
#4496 = VECTOR('',#4497,1.);
#4497 = DIRECTION('',(5.551115123126E-16,-1.));
#4498 = ( GEOMETRIC_REPRESENTATION_CONTEXT(2) 
PARAMETRIC_REPRESENTATION_CONTEXT() REPRESENTATION_CONTEXT('2D SPACE',''
  ) );
#4499 = ORIENTED_EDGE('',*,*,#4500,.F.);
#4500 = EDGE_CURVE('',#2817,#4478,#4501,.T.);
#4501 = SURFACE_CURVE('',#4502,(#4506,#4513),.PCURVE_S1.);
#4502 = LINE('',#4503,#4504);
#4503 = CARTESIAN_POINT('',(-11.75,98.,2.));
#4504 = VECTOR('',#4505,1.);
#4505 = DIRECTION('',(0.,1.,0.));
#4506 = PCURVE('',#1198,#4507);
#4507 = DEFINITIONAL_REPRESENTATION('',(#4508),#4512);
#4508 = LINE('',#4509,#4510);
#4509 = CARTESIAN_POINT('',(0.,0.));
#4510 = VECTOR('',#4511,1.);
#4511 = DIRECTION('',(0.,1.));
#4512 = ( GEOMETRIC_REPRESENTATION_CONTEXT(2) 
PARAMETRIC_REPRESENTATION_CONTEXT() REPRESENTATION_CONTEXT('2D SPACE',''
  ) );
#4513 = PCURVE('',#1423,#4514);
#4514 = DEFINITIONAL_REPRESENTATION('',(#4515),#4519);
#4515 = LINE('',#4516,#4517);
#4516 = CARTESIAN_POINT('',(8.,0.));
#4517 = VECTOR('',#4518,1.);
#4518 = DIRECTION('',(0.,1.));
#4519 = ( GEOMETRIC_REPRESENTATION_CONTEXT(2) 
PARAMETRIC_REPRESENTATION_CONTEXT() REPRESENTATION_CONTEXT('2D SPACE',''
  ) );
#4520 = ADVANCED_FACE('',(#4521,#4547,#4550),#1423,.T.);
#4521 = FACE_BOUND('',#4522,.T.);
#4522 = EDGE_LOOP('',(#4523,#4524,#4525,#4546));
#4523 = ORIENTED_EDGE('',*,*,#3353,.F.);
#4524 = ORIENTED_EDGE('',*,*,#4500,.T.);
#4525 = ORIENTED_EDGE('',*,*,#4526,.F.);
#4526 = EDGE_CURVE('',#4428,#4478,#4527,.T.);
#4527 = SURFACE_CURVE('',#4528,(#4532,#4539),.PCURVE_S1.);
#4528 = LINE('',#4529,#4530);
#4529 = CARTESIAN_POINT('',(-11.75,119.,2.));
#4530 = VECTOR('',#4531,1.);
#4531 = DIRECTION('',(-1.110223024625E-15,0.,-1.));
#4532 = PCURVE('',#1423,#4533);
#4533 = DEFINITIONAL_REPRESENTATION('',(#4534),#4538);
#4534 = LINE('',#4535,#4536);
#4535 = CARTESIAN_POINT('',(8.,21.));
#4536 = VECTOR('',#4537,1.);
#4537 = DIRECTION('',(1.,0.));
#4538 = ( GEOMETRIC_REPRESENTATION_CONTEXT(2) 
PARAMETRIC_REPRESENTATION_CONTEXT() REPRESENTATION_CONTEXT('2D SPACE',''
  ) );
#4539 = PCURVE('',#1049,#4540);
#4540 = DEFINITIONAL_REPRESENTATION('',(#4541),#4545);
#4541 = LINE('',#4542,#4543);
#4542 = CARTESIAN_POINT('',(-5.5,-4.375));
#4543 = VECTOR('',#4544,1.);
#4544 = DIRECTION('',(-1.,-1.110223024625E-15));
#4545 = ( GEOMETRIC_REPRESENTATION_CONTEXT(2) 
PARAMETRIC_REPRESENTATION_CONTEXT() REPRESENTATION_CONTEXT('2D SPACE',''
  ) );
#4546 = ORIENTED_EDGE('',*,*,#4427,.F.);
#4547 = FACE_BOUND('',#4548,.T.);
#4548 = EDGE_LOOP('',(#4549));
#4549 = ORIENTED_EDGE('',*,*,#1408,.T.);
#4550 = FACE_BOUND('',#4551,.T.);
#4551 = EDGE_LOOP('',(#4552));
#4552 = ORIENTED_EDGE('',*,*,#1808,.T.);
#4553 = ADVANCED_FACE('',(#4554),#1049,.T.);
#4554 = FACE_BOUND('',#4555,.T.);
#4555 = EDGE_LOOP('',(#4556,#4557,#4558,#4579,#4580,#4581,#4582,#4583,
    #4584,#4585,#4586,#4587,#4588,#4589));
#4556 = ORIENTED_EDGE('',*,*,#1112,.F.);
#4557 = ORIENTED_EDGE('',*,*,#1361,.T.);
#4558 = ORIENTED_EDGE('',*,*,#4559,.T.);
#4559 = EDGE_CURVE('',#1339,#2023,#4560,.T.);
#4560 = SURFACE_CURVE('',#4561,(#4565,#4572),.PCURVE_S1.);
#4561 = LINE('',#4562,#4563);
#4562 = CARTESIAN_POINT('',(-1.734723475977E-16,119.,13.));
#4563 = VECTOR('',#4564,1.);
#4564 = DIRECTION('',(1.,0.,0.));
#4565 = PCURVE('',#1049,#4566);
#4566 = DEFINITIONAL_REPRESENTATION('',(#4567),#4571);
#4567 = LINE('',#4568,#4569);
#4568 = CARTESIAN_POINT('',(5.5,7.375));
#4569 = VECTOR('',#4570,1.);
#4570 = DIRECTION('',(0.,1.));
#4571 = ( GEOMETRIC_REPRESENTATION_CONTEXT(2) 
PARAMETRIC_REPRESENTATION_CONTEXT() REPRESENTATION_CONTEXT('2D SPACE',''
  ) );
#4572 = PCURVE('',#72,#4573);
#4573 = DEFINITIONAL_REPRESENTATION('',(#4574),#4578);
#4574 = LINE('',#4575,#4576);
#4575 = CARTESIAN_POINT('',(119.,-19.));
#4576 = VECTOR('',#4577,1.);
#4577 = DIRECTION('',(0.,-1.));
#4578 = ( GEOMETRIC_REPRESENTATION_CONTEXT(2) 
PARAMETRIC_REPRESENTATION_CONTEXT() REPRESENTATION_CONTEXT('2D SPACE',''
  ) );
#4579 = ORIENTED_EDGE('',*,*,#2022,.F.);
#4580 = ORIENTED_EDGE('',*,*,#1879,.F.);
#4581 = ORIENTED_EDGE('',*,*,#1975,.F.);
#4582 = ORIENTED_EDGE('',*,*,#2232,.F.);
#4583 = ORIENTED_EDGE('',*,*,#3760,.F.);
#4584 = ORIENTED_EDGE('',*,*,#3809,.F.);
#4585 = ORIENTED_EDGE('',*,*,#4450,.F.);
#4586 = ORIENTED_EDGE('',*,*,#4526,.T.);
#4587 = ORIENTED_EDGE('',*,*,#4477,.T.);
#4588 = ORIENTED_EDGE('',*,*,#1159,.T.);
#4589 = ORIENTED_EDGE('',*,*,#1011,.F.);
#4590 = ADVANCED_FACE('',(#4591),#699,.T.);
#4591 = FACE_BOUND('',#4592,.T.);
#4592 = EDGE_LOOP('',(#4593,#4594,#4595,#4630));
#4593 = ORIENTED_EDGE('',*,*,#2918,.T.);
#4594 = ORIENTED_EDGE('',*,*,#3840,.F.);
#4595 = ORIENTED_EDGE('',*,*,#4596,.F.);
#4596 = EDGE_CURVE('',#684,#3841,#4597,.T.);
#4597 = SURFACE_CURVE('',#4598,(#4609,#4616),.PCURVE_S1.);
#4598 = B_SPLINE_CURVE_WITH_KNOTS('',5,(#4599,#4600,#4601,#4602,#4603,
    #4604,#4605,#4606,#4607,#4608),.UNSPECIFIED.,.F.,.F.,(6,1,1,1,1,6),(
    0.,0.2,0.4,0.6,0.8,1.),.QUASI_UNIFORM_KNOTS.);
#4599 = CARTESIAN_POINT('',(-19.,18.,13.));
#4600 = CARTESIAN_POINT('',(-19.,18.958087891626,13.));
#4601 = CARTESIAN_POINT('',(-18.91453668304,20.867050304013,13.));
#4602 = CARTESIAN_POINT('',(-18.5300526467,23.708802904386,13.));
#4603 = CARTESIAN_POINT('',(-17.46323501929,27.399501008274,13.));
#4604 = CARTESIAN_POINT('',(-14.72015779877,31.472780062776,13.));
#4605 = CARTESIAN_POINT('',(-10.66510544807,33.832428228033,13.));
#4606 = CARTESIAN_POINT('',(-6.045225369488,34.787607595667,13.));
#4607 = CARTESIAN_POINT('',(-2.150927191108,35.,13.));
#4608 = CARTESIAN_POINT('',(-4.672188561964E-15,35.,13.));
#4609 = PCURVE('',#699,#4610);
#4610 = DEFINITIONAL_REPRESENTATION('',(#4611),#4615);
#4611 = LINE('',#4612,#4613);
#4612 = CARTESIAN_POINT('',(-3.574348508312E-17,-2.232697533799E-16));
#4613 = VECTOR('',#4614,1.);
#4614 = DIRECTION('',(-1.,2.241587991449E-17));
#4615 = ( GEOMETRIC_REPRESENTATION_CONTEXT(2) 
PARAMETRIC_REPRESENTATION_CONTEXT() REPRESENTATION_CONTEXT('2D SPACE',''
  ) );
#4616 = PCURVE('',#72,#4617);
#4617 = DEFINITIONAL_REPRESENTATION('',(#4618),#4629);
#4618 = B_SPLINE_CURVE_WITH_KNOTS('',5,(#4619,#4620,#4621,#4622,#4623,
    #4624,#4625,#4626,#4627,#4628),.UNSPECIFIED.,.F.,.F.,(6,1,1,1,1,6),(
    0.,0.2,0.4,0.6,0.8,1.),.QUASI_UNIFORM_KNOTS.);
#4619 = CARTESIAN_POINT('',(18.,0.));
#4620 = CARTESIAN_POINT('',(18.958087891626,0.));
#4621 = CARTESIAN_POINT('',(20.867050304013,-8.54633169518E-02));
#4622 = CARTESIAN_POINT('',(23.708802904386,-0.469947353297));
#4623 = CARTESIAN_POINT('',(27.399501008274,-1.536764980705));
#4624 = CARTESIAN_POINT('',(31.472780062776,-4.279842201226));
#4625 = CARTESIAN_POINT('',(33.832428228033,-8.334894551925));
#4626 = CARTESIAN_POINT('',(34.787607595667,-12.95477463051));
#4627 = CARTESIAN_POINT('',(35.,-16.84907280889));
#4628 = CARTESIAN_POINT('',(35.,-19.));
#4629 = ( GEOMETRIC_REPRESENTATION_CONTEXT(2) 
PARAMETRIC_REPRESENTATION_CONTEXT() REPRESENTATION_CONTEXT('2D SPACE',''
  ) );
#4630 = ORIENTED_EDGE('',*,*,#683,.T.);
#4631 = ADVANCED_FACE('',(#4632),#770,.F.);
#4632 = FACE_BOUND('',#4633,.F.);
#4633 = EDGE_LOOP('',(#4634,#4655,#4656,#4657));
#4634 = ORIENTED_EDGE('',*,*,#4635,.T.);
#4635 = EDGE_CURVE('',#4104,#750,#4636,.T.);
#4636 = SEAM_CURVE('',#4637,(#4641,#4648),.PCURVE_S1.);
#4637 = LINE('',#4638,#4639);
#4638 = CARTESIAN_POINT('',(-19.,5.,-6.149560734892E-15));
#4639 = VECTOR('',#4640,1.);
#4640 = DIRECTION('',(1.,0.,3.700743415417E-16));
#4641 = PCURVE('',#770,#4642);
#4642 = DEFINITIONAL_REPRESENTATION('',(#4643),#4647);
#4643 = LINE('',#4644,#4645);
#4644 = CARTESIAN_POINT('',(-3.14159265359,0.));
#4645 = VECTOR('',#4646,1.);
#4646 = DIRECTION('',(0.,-1.));
#4647 = ( GEOMETRIC_REPRESENTATION_CONTEXT(2) 
PARAMETRIC_REPRESENTATION_CONTEXT() REPRESENTATION_CONTEXT('2D SPACE',''
  ) );
#4648 = PCURVE('',#770,#4649);
#4649 = DEFINITIONAL_REPRESENTATION('',(#4650),#4654);
#4650 = LINE('',#4651,#4652);
#4651 = CARTESIAN_POINT('',(3.14159265359,0.));
#4652 = VECTOR('',#4653,1.);
#4653 = DIRECTION('',(0.,-1.));
#4654 = ( GEOMETRIC_REPRESENTATION_CONTEXT(2) 
PARAMETRIC_REPRESENTATION_CONTEXT() REPRESENTATION_CONTEXT('2D SPACE',''
  ) );
#4655 = ORIENTED_EDGE('',*,*,#749,.F.);
#4656 = ORIENTED_EDGE('',*,*,#4635,.F.);
#4657 = ORIENTED_EDGE('',*,*,#4103,.T.);
#4658 = ADVANCED_FACE('',(#4659),#72,.T.);
#4659 = FACE_BOUND('',#4660,.T.);
#4660 = EDGE_LOOP('',(#4661,#4662,#4663,#4664,#4665,#4666,#4667,#4668,
    #4669,#4670,#4671,#4672,#4673));
#4661 = ORIENTED_EDGE('',*,*,#726,.F.);
#4662 = ORIENTED_EDGE('',*,*,#4596,.T.);
#4663 = ORIENTED_EDGE('',*,*,#3861,.F.);
#4664 = ORIENTED_EDGE('',*,*,#257,.T.);
#4665 = ORIENTED_EDGE('',*,*,#232,.T.);
#4666 = ORIENTED_EDGE('',*,*,#3120,.T.);
#4667 = ORIENTED_EDGE('',*,*,#2565,.T.);
#4668 = ORIENTED_EDGE('',*,*,#2045,.T.);
#4669 = ORIENTED_EDGE('',*,*,#4559,.F.);
#4670 = ORIENTED_EDGE('',*,*,#1338,.F.);
#4671 = ORIENTED_EDGE('',*,*,#1736,.F.);
#4672 = ORIENTED_EDGE('',*,*,#4014,.F.);
#4673 = ORIENTED_EDGE('',*,*,#56,.F.);
#4674 = ( GEOMETRIC_REPRESENTATION_CONTEXT(3) 
GLOBAL_UNCERTAINTY_ASSIGNED_CONTEXT((#4678)) 
GLOBAL_UNIT_ASSIGNED_CONTEXT((#4675,#4676,#4677)) REPRESENTATION_CONTEXT
('Context #1','3D Context with UNIT and UNCERTAINTY') );
#4675 = ( LENGTH_UNIT() NAMED_UNIT(*) SI_UNIT(.MILLI.,.METRE.) );
#4676 = ( NAMED_UNIT(*) PLANE_ANGLE_UNIT() SI_UNIT($,.RADIAN.) );
#4677 = ( NAMED_UNIT(*) SI_UNIT($,.STERADIAN.) SOLID_ANGLE_UNIT() );
#4678 = UNCERTAINTY_MEASURE_WITH_UNIT(LENGTH_MEASURE(5.E-04),#4675,
  'distance_accuracy_value','confusion accuracy');
#4679 = PRODUCT_RELATED_PRODUCT_CATEGORY('part',$,(#7));
ENDSEC;
END-ISO-10303-21;
