ISO-10303-21;
HEADER;
FILE_DESCRIPTION(('Open CASCADE Model'),'2;1');
FILE_NAME('Open CASCADE Shape Model','2026-09-22T14:54:24',('Author'),(
    'Open CASCADE'),'Open CASCADE STEP processor 7.8','Open CASCADE 7.8'
  ,'Unknown');
FILE_SCHEMA(('AUTOMOTIVE_DESIGN { 1 0 10303 214 1 1 1 1 }'));
ENDSEC;
DATA;
#1 = APPLICATION_PROTOCOL_DEFINITION('international standard',
  'automotive_design',2000,#2);
#2 = APPLICATION_CONTEXT(
  'core data for automotive mechanical design processes');
#3 = SHAPE_DEFINITION_REPRESENTATION(#4,#10);
#4 = PRODUCT_DEFINITION_SHAPE('','',#5);
#5 = PRODUCT_DEFINITION('design','',#6,#9);
#6 = PRODUCT_DEFINITION_FORMATION('','',#7);
#7 = PRODUCT('Open CASCADE STEP translator 7.8 3',
  'Open CASCADE STEP translator 7.8 3','',(#8));
#8 = PRODUCT_CONTEXT('',#2,'mechanical');
#9 = PRODUCT_DEFINITION_CONTEXT('part definition',#2,'design');
#10 = ADVANCED_BREP_SHAPE_REPRESENTATION('',(#11,#15),#4168);
#11 = AXIS2_PLACEMENT_3D('',#12,#13,#14);
#12 = CARTESIAN_POINT('',(0.,0.,0.));
#13 = DIRECTION('',(0.,0.,1.));
#14 = DIRECTION('',(1.,0.,-0.));
#15 = MANIFOLD_SOLID_BREP('',#16);
#16 = CLOSED_SHELL('',(#17,#105,#373,#432,#520,#1039,#1098,#1186,#1422,
    #1476,#1531,#1585,#1640,#1694,#1749,#1803,#1900,#2163,#2336,#2389,
    #2860,#2952,#3187,#3673,#3705,#3810,#3837,#3891,#3969,#3996,#4003,
    #4034,#4088,#4119,#4146));
#17 = ADVANCED_FACE('',(#18),#32,.F.);
#18 = FACE_BOUND('',#19,.F.);
#19 = EDGE_LOOP('',(#20,#50,#77,#78));
#20 = ORIENTED_EDGE('',*,*,#21,.T.);
#21 = EDGE_CURVE('',#22,#24,#26,.T.);
#22 = VERTEX_POINT('',#23);
#23 = CARTESIAN_POINT('',(20.,-28.25,25.3));
#24 = VERTEX_POINT('',#25);
#25 = CARTESIAN_POINT('',(18.,-30.25,25.3));
#26 = SEAM_CURVE('',#27,(#31,#43),.PCURVE_S1.);
#27 = LINE('',#28,#29);
#28 = CARTESIAN_POINT('',(19.,-29.25,25.3));
#29 = VECTOR('',#30,1.);
#30 = DIRECTION('',(-0.707106781187,-0.707106781187,-8.659560562355E-17)
  );
#31 = PCURVE('',#32,#37);
#32 = CONICAL_SURFACE('',#33,2.75,0.785398163397);
#33 = AXIS2_PLACEMENT_3D('',#34,#35,#36);
#34 = CARTESIAN_POINT('',(19.,-32.,25.3));
#35 = DIRECTION('',(1.,0.,0.));
#36 = DIRECTION('',(0.,-1.,0.));
#37 = DEFINITIONAL_REPRESENTATION('',(#38),#42);
#38 = LINE('',#39,#40);
#39 = CARTESIAN_POINT('',(3.14159265359,0.));
#40 = VECTOR('',#41,1.);
#41 = DIRECTION('',(0.,-1.));
#42 = ( GEOMETRIC_REPRESENTATION_CONTEXT(2) 
PARAMETRIC_REPRESENTATION_CONTEXT() REPRESENTATION_CONTEXT('2D SPACE',''
  ) );
#43 = PCURVE('',#32,#44);
#44 = DEFINITIONAL_REPRESENTATION('',(#45),#49);
#45 = LINE('',#46,#47);
#46 = CARTESIAN_POINT('',(9.424777960769,0.));
#47 = VECTOR('',#48,1.);
#48 = DIRECTION('',(0.,-1.));
#49 = ( GEOMETRIC_REPRESENTATION_CONTEXT(2) 
PARAMETRIC_REPRESENTATION_CONTEXT() REPRESENTATION_CONTEXT('2D SPACE',''
  ) );
#50 = ORIENTED_EDGE('',*,*,#51,.F.);
#51 = EDGE_CURVE('',#24,#24,#52,.T.);
#52 = SURFACE_CURVE('',#53,(#58,#65),.PCURVE_S1.);
#53 = CIRCLE('',#54,1.75);
#54 = AXIS2_PLACEMENT_3D('',#55,#56,#57);
#55 = CARTESIAN_POINT('',(18.,-32.,25.3));
#56 = DIRECTION('',(-1.,-8.458842092382E-17,0.));
#57 = DIRECTION('',(8.458842092382E-17,-1.,0.));
#58 = PCURVE('',#32,#59);
#59 = DEFINITIONAL_REPRESENTATION('',(#60),#64);
#60 = LINE('',#61,#62);
#61 = CARTESIAN_POINT('',(12.566370614359,-1.));
#62 = VECTOR('',#63,1.);
#63 = DIRECTION('',(-1.,0.));
#64 = ( GEOMETRIC_REPRESENTATION_CONTEXT(2) 
PARAMETRIC_REPRESENTATION_CONTEXT() REPRESENTATION_CONTEXT('2D SPACE',''
  ) );
#65 = PCURVE('',#66,#71);
#66 = CYLINDRICAL_SURFACE('',#67,1.75);
#67 = AXIS2_PLACEMENT_3D('',#68,#69,#70);
#68 = CARTESIAN_POINT('',(-20.,-32.,25.3));
#69 = DIRECTION('',(1.,-8.881784197001E-17,0.));
#70 = DIRECTION('',(-8.881784197001E-17,-1.,0.));
#71 = DEFINITIONAL_REPRESENTATION('',(#72),#76);
#72 = LINE('',#73,#74);
#73 = CARTESIAN_POINT('',(12.566370614359,38.));
#74 = VECTOR('',#75,1.);
#75 = DIRECTION('',(-1.,0.));
#76 = ( GEOMETRIC_REPRESENTATION_CONTEXT(2) 
PARAMETRIC_REPRESENTATION_CONTEXT() REPRESENTATION_CONTEXT('2D SPACE',''
  ) );
#77 = ORIENTED_EDGE('',*,*,#21,.F.);
#78 = ORIENTED_EDGE('',*,*,#79,.F.);
#79 = EDGE_CURVE('',#22,#22,#80,.T.);
#80 = SURFACE_CURVE('',#81,(#86,#93),.PCURVE_S1.);
#81 = CIRCLE('',#82,3.75);
#82 = AXIS2_PLACEMENT_3D('',#83,#84,#85);
#83 = CARTESIAN_POINT('',(20.,-32.,25.3));
#84 = DIRECTION('',(1.,8.458842092382E-17,0.));
#85 = DIRECTION('',(8.458842092382E-17,-1.,0.));
#86 = PCURVE('',#32,#87);
#87 = DEFINITIONAL_REPRESENTATION('',(#88),#92);
#88 = LINE('',#89,#90);
#89 = CARTESIAN_POINT('',(0.,1.));
#90 = VECTOR('',#91,1.);
#91 = DIRECTION('',(1.,0.));
#92 = ( GEOMETRIC_REPRESENTATION_CONTEXT(2) 
PARAMETRIC_REPRESENTATION_CONTEXT() REPRESENTATION_CONTEXT('2D SPACE',''
  ) );
#93 = PCURVE('',#94,#99);
#94 = PLANE('',#95);
#95 = AXIS2_PLACEMENT_3D('',#96,#97,#98);
#96 = CARTESIAN_POINT('',(20.,-38.25,19.));
#97 = DIRECTION('',(1.,8.458842092382E-17,0.));
#98 = DIRECTION('',(-8.458842092382E-17,1.,0.));
#99 = DEFINITIONAL_REPRESENTATION('',(#100),#104);
#100 = CIRCLE('',#101,3.75);
#101 = AXIS2_PLACEMENT_2D('',#102,#103);
#102 = CARTESIAN_POINT('',(6.25,6.3));
#103 = DIRECTION('',(-1.,0.));
#104 = ( GEOMETRIC_REPRESENTATION_CONTEXT(2) 
PARAMETRIC_REPRESENTATION_CONTEXT() REPRESENTATION_CONTEXT('2D SPACE',''
  ) );
#105 = ADVANCED_FACE('',(#106,#370),#94,.T.);
#106 = FACE_BOUND('',#107,.T.);
#107 = EDGE_LOOP('',(#108,#188,#260,#288,#316,#344));
#108 = ORIENTED_EDGE('',*,*,#109,.T.);
#109 = EDGE_CURVE('',#110,#112,#114,.T.);
#110 = VERTEX_POINT('',#111);
#111 = CARTESIAN_POINT('',(20.,14.25,21.024049314854));
#112 = VERTEX_POINT('',#113);
#113 = CARTESIAN_POINT('',(20.,-10.58759311224,23.606355253738));
#114 = SURFACE_CURVE('',#115,(#131,#150),.PCURVE_S1.);
#115 = B_SPLINE_CURVE_WITH_KNOTS('',5,(#116,#117,#118,#119,#120,#121,
    #122,#123,#124,#125,#126,#127,#128,#129,#130),.UNSPECIFIED.,.F.,.F.,
  (6,1,1,1,1,1,1,1,1,1,6),(-1.,-0.9,-0.8,-0.7,-0.6,-0.5,-0.4,-0.3,-0.2,
    -0.1,-4.883563124677E-02),.UNSPECIFIED.);
#116 = CARTESIAN_POINT('',(20.,14.25,21.024049314854));
#117 = CARTESIAN_POINT('',(20.,14.043028614944,20.961470122093));
#118 = CARTESIAN_POINT('',(20.,13.59401139828,20.855066723496));
#119 = CARTESIAN_POINT('',(20.,12.815277910496,20.751715478694));
#120 = CARTESIAN_POINT('',(20.,11.562952201028,20.728370329067));
#121 = CARTESIAN_POINT('',(20.,9.624508280738,20.894177135552));
#122 = CARTESIAN_POINT('',(20.,7.300893443232,21.248153730513));
#123 = CARTESIAN_POINT('',(20.,4.606735356917,21.754472029272));
#124 = CARTESIAN_POINT('',(20.,1.594070176621,22.340163784261));
#125 = CARTESIAN_POINT('',(20.,-1.671755107749,22.914350240458));
#126 = CARTESIAN_POINT('',(20.,-4.786205028475,23.334000253826));
#127 = CARTESIAN_POINT('',(20.,-7.288962829625,23.537351279893));
#128 = CARTESIAN_POINT('',(20.,-9.108380782369,23.601249845329));
#129 = CARTESIAN_POINT('',(20.,-10.21275812801,23.607837892476));
#130 = CARTESIAN_POINT('',(20.,-10.58759311224,23.606355253738));
#131 = PCURVE('',#94,#132);
#132 = DEFINITIONAL_REPRESENTATION('',(#133),#149);
#133 = B_SPLINE_CURVE_WITH_KNOTS('',5,(#134,#135,#136,#137,#138,#139,
    #140,#141,#142,#143,#144,#145,#146,#147,#148),.UNSPECIFIED.,.F.,.F.,
  (6,1,1,1,1,1,1,1,1,1,6),(-1.,-0.9,-0.8,-0.7,-0.6,-0.5,-0.4,-0.3,-0.2,
    -0.1,-4.883563124677E-02),.UNSPECIFIED.);
#134 = CARTESIAN_POINT('',(52.5,2.024049314854));
#135 = CARTESIAN_POINT('',(52.293028614944,1.961470122093));
#136 = CARTESIAN_POINT('',(51.84401139828,1.855066723496));
#137 = CARTESIAN_POINT('',(51.065277910496,1.751715478694));
#138 = CARTESIAN_POINT('',(49.812952201028,1.728370329067));
#139 = CARTESIAN_POINT('',(47.874508280738,1.894177135552));
#140 = CARTESIAN_POINT('',(45.550893443232,2.248153730513));
#141 = CARTESIAN_POINT('',(42.856735356917,2.754472029272));
#142 = CARTESIAN_POINT('',(39.844070176621,3.340163784261));
#143 = CARTESIAN_POINT('',(36.578244892251,3.914350240458));
#144 = CARTESIAN_POINT('',(33.463794971525,4.334000253826));
#145 = CARTESIAN_POINT('',(30.961037170375,4.537351279893));
#146 = CARTESIAN_POINT('',(29.141619217631,4.601249845329));
#147 = CARTESIAN_POINT('',(28.037241871986,4.607837892476));
#148 = CARTESIAN_POINT('',(27.662406887753,4.606355253738));
#149 = ( GEOMETRIC_REPRESENTATION_CONTEXT(2) 
PARAMETRIC_REPRESENTATION_CONTEXT() REPRESENTATION_CONTEXT('2D SPACE',''
  ) );
#150 = PCURVE('',#151,#182);
#151 = B_SPLINE_SURFACE_WITH_KNOTS('',5,1,(
    (#152,#153)
    ,(#154,#155)
    ,(#156,#157)
    ,(#158,#159)
    ,(#160,#161)
    ,(#162,#163)
    ,(#164,#165)
    ,(#166,#167)
    ,(#168,#169)
    ,(#170,#171)
    ,(#172,#173)
    ,(#174,#175)
    ,(#176,#177)
    ,(#178,#179)
    ,(#180,#181
    )),.UNSPECIFIED.,.F.,.F.,.F.,(6,1,1,1,1,1,1,1,1,1,6),(2,2),(-1.,-0.9
    ,-0.8,-0.7,-0.6,-0.5,-0.4,-0.3,-0.2,-0.1,-4.883563124677E-02),(0.,
    0.15),.UNSPECIFIED.);
#152 = CARTESIAN_POINT('',(20.,14.25,21.024049314854));
#153 = CARTESIAN_POINT('',(18.5,14.25,21.024049314854));
#154 = CARTESIAN_POINT('',(20.,14.043028614944,20.961470122093));
#155 = CARTESIAN_POINT('',(18.5,14.043028614944,20.961470122093));
#156 = CARTESIAN_POINT('',(20.,13.59401139828,20.855066723496));
#157 = CARTESIAN_POINT('',(18.5,13.59401139828,20.855066723496));
#158 = CARTESIAN_POINT('',(20.,12.815277910496,20.751715478694));
#159 = CARTESIAN_POINT('',(18.5,12.815277910496,20.751715478694));
#160 = CARTESIAN_POINT('',(20.,11.562952201028,20.728370329067));
#161 = CARTESIAN_POINT('',(18.5,11.562952201028,20.728370329067));
#162 = CARTESIAN_POINT('',(20.,9.624508280738,20.894177135552));
#163 = CARTESIAN_POINT('',(18.5,9.624508280738,20.894177135552));
#164 = CARTESIAN_POINT('',(20.,7.300893443232,21.248153730513));
#165 = CARTESIAN_POINT('',(18.5,7.300893443232,21.248153730513));
#166 = CARTESIAN_POINT('',(20.,4.606735356917,21.754472029272));
#167 = CARTESIAN_POINT('',(18.5,4.606735356917,21.754472029272));
#168 = CARTESIAN_POINT('',(20.,1.594070176621,22.340163784261));
#169 = CARTESIAN_POINT('',(18.5,1.594070176621,22.340163784261));
#170 = CARTESIAN_POINT('',(20.,-1.671755107749,22.914350240458));
#171 = CARTESIAN_POINT('',(18.5,-1.671755107749,22.914350240458));
#172 = CARTESIAN_POINT('',(20.,-4.786205028475,23.334000253826));
#173 = CARTESIAN_POINT('',(18.5,-4.786205028475,23.334000253826));
#174 = CARTESIAN_POINT('',(20.,-7.288962829625,23.537351279893));
#175 = CARTESIAN_POINT('',(18.5,-7.288962829625,23.537351279893));
#176 = CARTESIAN_POINT('',(20.,-9.108380782369,23.601249845329));
#177 = CARTESIAN_POINT('',(18.5,-9.108380782369,23.601249845329));
#178 = CARTESIAN_POINT('',(20.,-10.21275812801,23.607837892476));
#179 = CARTESIAN_POINT('',(18.5,-10.21275812801,23.607837892476));
#180 = CARTESIAN_POINT('',(20.,-10.58759311224,23.606355253738));
#181 = CARTESIAN_POINT('',(18.5,-10.58759311224,23.606355253738));
#182 = DEFINITIONAL_REPRESENTATION('',(#183),#187);
#183 = LINE('',#184,#185);
#184 = CARTESIAN_POINT('',(-2.22044604925E-16,-1.183948772354E-16));
#185 = VECTOR('',#186,1.);
#186 = DIRECTION('',(1.,0.));
#187 = ( GEOMETRIC_REPRESENTATION_CONTEXT(2) 
PARAMETRIC_REPRESENTATION_CONTEXT() REPRESENTATION_CONTEXT('2D SPACE',''
  ) );
#188 = ORIENTED_EDGE('',*,*,#189,.T.);
#189 = EDGE_CURVE('',#112,#190,#192,.T.);
#190 = VERTEX_POINT('',#191);
#191 = CARTESIAN_POINT('',(20.,-27.19576010268,29.9));
#192 = SURFACE_CURVE('',#193,(#206,#222),.PCURVE_S1.);
#193 = B_SPLINE_CURVE_WITH_KNOTS('',5,(#194,#195,#196,#197,#198,#199,
    #200,#201,#202,#203,#204,#205),.UNSPECIFIED.,.F.,.F.,(6,1,1,1,1,1,1,
    6),(-0.605011489443,-0.6,-0.5,-0.4,-0.3,-0.2,-0.1,0.),
  .UNSPECIFIED.);
#194 = CARTESIAN_POINT('',(20.,-10.58759311224,23.606355253738));
#195 = CARTESIAN_POINT('',(20.,-10.62664424524,23.604472889955));
#196 = CARTESIAN_POINT('',(20.,-11.44752230184,23.566080532877));
#197 = CARTESIAN_POINT('',(20.,-13.15625650068,23.534469373035));
#198 = CARTESIAN_POINT('',(20.,-16.00574057453,23.63436489762));
#199 = CARTESIAN_POINT('',(20.,-20.29869015261,24.126220312022));
#200 = CARTESIAN_POINT('',(20.,-23.78713724608,25.625593575977));
#201 = CARTESIAN_POINT('',(20.,-24.73508685768,27.701216619408));
#202 = CARTESIAN_POINT('',(20.,-24.92901387327,29.154792521192));
#203 = CARTESIAN_POINT('',(20.,-25.6793856204,29.764573999683));
#204 = CARTESIAN_POINT('',(20.,-26.61760468917,29.9));
#205 = CARTESIAN_POINT('',(20.,-27.19576010268,29.9));
#206 = PCURVE('',#94,#207);
#207 = DEFINITIONAL_REPRESENTATION('',(#208),#221);
#208 = B_SPLINE_CURVE_WITH_KNOTS('',5,(#209,#210,#211,#212,#213,#214,
    #215,#216,#217,#218,#219,#220),.UNSPECIFIED.,.F.,.F.,(6,1,1,1,1,1,1,
    6),(-0.605011489443,-0.6,-0.5,-0.4,-0.3,-0.2,-0.1,0.),
  .UNSPECIFIED.);
#209 = CARTESIAN_POINT('',(27.662406887753,4.606355253738));
#210 = CARTESIAN_POINT('',(27.62335575476,4.604472889955));
#211 = CARTESIAN_POINT('',(26.80247769816,4.566080532877));
#212 = CARTESIAN_POINT('',(25.093743499313,4.534469373035));
#213 = CARTESIAN_POINT('',(22.244259425464,4.63436489762));
#214 = CARTESIAN_POINT('',(17.951309847385,5.126220312022));
#215 = CARTESIAN_POINT('',(14.462862753915,6.625593575977));
#216 = CARTESIAN_POINT('',(13.514913142311,8.701216619408));
#217 = CARTESIAN_POINT('',(13.32098612673,10.154792521192));
#218 = CARTESIAN_POINT('',(12.5706143796,10.764573999683));
#219 = CARTESIAN_POINT('',(11.632395310826,10.9));
#220 = CARTESIAN_POINT('',(11.054239897319,10.9));
#221 = ( GEOMETRIC_REPRESENTATION_CONTEXT(2) 
PARAMETRIC_REPRESENTATION_CONTEXT() REPRESENTATION_CONTEXT('2D SPACE',''
  ) );
#222 = PCURVE('',#223,#254);
#223 = B_SPLINE_SURFACE_WITH_KNOTS('',5,1,(
    (#224,#225)
    ,(#226,#227)
    ,(#228,#229)
    ,(#230,#231)
    ,(#232,#233)
    ,(#234,#235)
    ,(#236,#237)
    ,(#238,#239)
    ,(#240,#241)
    ,(#242,#243)
    ,(#244,#245)
    ,(#246,#247)
    ,(#248,#249)
    ,(#250,#251)
    ,(#252,#253
    )),.UNSPECIFIED.,.F.,.F.,.F.,(6,1,1,1,1,1,1,1,1,1,6),(2,2),(-1.,-0.9
    ,-0.8,-0.7,-0.6,-0.5,-0.4,-0.3,-0.2,-0.1,0.),(0.,5.),.UNSPECIFIED.);
#224 = CARTESIAN_POINT('',(20.,1.389700421721,25.631969638302));
#225 = CARTESIAN_POINT('',(-30.,1.389700421721,25.631969638302));
#226 = CARTESIAN_POINT('',(20.,0.64406668224,25.534350768796));
#227 = CARTESIAN_POINT('',(-30.,0.64406668224,25.534350768796));
#228 = CARTESIAN_POINT('',(20.,-0.751202338068,25.327912080367));
#229 = CARTESIAN_POINT('',(-30.,-0.751202338068,25.327912080367));
#230 = CARTESIAN_POINT('',(20.,-2.555291052705,24.984788746144));
#231 = CARTESIAN_POINT('',(-30.,-2.555291052705,24.984788746144));
#232 = CARTESIAN_POINT('',(20.,-4.550188389331,24.478309128474));
#233 = CARTESIAN_POINT('',(-30.,-4.550188389331,24.478309128474));
#234 = CARTESIAN_POINT('',(20.,-7.104377406499,23.885911640163));
#235 = CARTESIAN_POINT('',(-30.,-7.104377406499,23.885911640163));
#236 = CARTESIAN_POINT('',(20.,-10.52358002538,23.493354970272));
#237 = CARTESIAN_POINT('',(-30.,-10.52358002538,23.493354970272));
#238 = CARTESIAN_POINT('',(20.,-14.99890275154,23.519008631338));
#239 = CARTESIAN_POINT('',(-30.,-14.99890275154,23.519008631338));
#240 = CARTESIAN_POINT('',(20.,-20.29869015261,24.126220312022));
#241 = CARTESIAN_POINT('',(-30.,-20.29869015261,24.126220312022));
#242 = CARTESIAN_POINT('',(20.,-23.78713724608,25.625593575977));
#243 = CARTESIAN_POINT('',(-30.,-23.78713724608,25.625593575977));
#244 = CARTESIAN_POINT('',(20.,-24.73508685768,27.701216619408));
#245 = CARTESIAN_POINT('',(-30.,-24.73508685768,27.701216619408));
#246 = CARTESIAN_POINT('',(20.,-24.92901387327,29.154792521192));
#247 = CARTESIAN_POINT('',(-30.,-24.92901387327,29.154792521192));
#248 = CARTESIAN_POINT('',(20.,-25.6793856204,29.764573999683));
#249 = CARTESIAN_POINT('',(-30.,-25.6793856204,29.764573999683));
#250 = CARTESIAN_POINT('',(20.,-26.61760468917,29.9));
#251 = CARTESIAN_POINT('',(-30.,-26.61760468917,29.9));
#252 = CARTESIAN_POINT('',(20.,-27.19576010268,29.9));
#253 = CARTESIAN_POINT('',(-30.,-27.19576010268,29.9));
#254 = DEFINITIONAL_REPRESENTATION('',(#255),#259);
#255 = LINE('',#256,#257);
#256 = CARTESIAN_POINT('',(3.330669073875E-16,2.681231972557E-17));
#257 = VECTOR('',#258,1.);
#258 = DIRECTION('',(1.,6.468692311906E-24));
#259 = ( GEOMETRIC_REPRESENTATION_CONTEXT(2) 
PARAMETRIC_REPRESENTATION_CONTEXT() REPRESENTATION_CONTEXT('2D SPACE',''
  ) );
#260 = ORIENTED_EDGE('',*,*,#261,.F.);
#261 = EDGE_CURVE('',#262,#190,#264,.T.);
#262 = VERTEX_POINT('',#263);
#263 = CARTESIAN_POINT('',(20.,-38.25,29.9));
#264 = SURFACE_CURVE('',#265,(#269,#276),.PCURVE_S1.);
#265 = LINE('',#266,#267);
#266 = CARTESIAN_POINT('',(20.,-38.25,29.9));
#267 = VECTOR('',#268,1.);
#268 = DIRECTION('',(-8.458842092382E-17,1.,0.));
#269 = PCURVE('',#94,#270);
#270 = DEFINITIONAL_REPRESENTATION('',(#271),#275);
#271 = LINE('',#272,#273);
#272 = CARTESIAN_POINT('',(0.,10.9));
#273 = VECTOR('',#274,1.);
#274 = DIRECTION('',(1.,0.));
#275 = ( GEOMETRIC_REPRESENTATION_CONTEXT(2) 
PARAMETRIC_REPRESENTATION_CONTEXT() REPRESENTATION_CONTEXT('2D SPACE',''
  ) );
#276 = PCURVE('',#277,#282);
#277 = PLANE('',#278);
#278 = AXIS2_PLACEMENT_3D('',#279,#280,#281);
#279 = CARTESIAN_POINT('',(0.,-12.,29.9));
#280 = DIRECTION('',(0.,0.,1.));
#281 = DIRECTION('',(1.,0.,-0.));
#282 = DEFINITIONAL_REPRESENTATION('',(#283),#287);
#283 = LINE('',#284,#285);
#284 = CARTESIAN_POINT('',(20.,-26.25));
#285 = VECTOR('',#286,1.);
#286 = DIRECTION('',(-8.458842092382E-17,1.));
#287 = ( GEOMETRIC_REPRESENTATION_CONTEXT(2) 
PARAMETRIC_REPRESENTATION_CONTEXT() REPRESENTATION_CONTEXT('2D SPACE',''
  ) );
#288 = ORIENTED_EDGE('',*,*,#289,.F.);
#289 = EDGE_CURVE('',#290,#262,#292,.T.);
#290 = VERTEX_POINT('',#291);
#291 = CARTESIAN_POINT('',(20.,-38.25,19.));
#292 = SURFACE_CURVE('',#293,(#297,#304),.PCURVE_S1.);
#293 = LINE('',#294,#295);
#294 = CARTESIAN_POINT('',(20.,-38.25,19.));
#295 = VECTOR('',#296,1.);
#296 = DIRECTION('',(0.,0.,1.));
#297 = PCURVE('',#94,#298);
#298 = DEFINITIONAL_REPRESENTATION('',(#299),#303);
#299 = LINE('',#300,#301);
#300 = CARTESIAN_POINT('',(0.,0.));
#301 = VECTOR('',#302,1.);
#302 = DIRECTION('',(0.,1.));
#303 = ( GEOMETRIC_REPRESENTATION_CONTEXT(2) 
PARAMETRIC_REPRESENTATION_CONTEXT() REPRESENTATION_CONTEXT('2D SPACE',''
  ) );
#304 = PCURVE('',#305,#310);
#305 = PLANE('',#306);
#306 = AXIS2_PLACEMENT_3D('',#307,#308,#309);
#307 = CARTESIAN_POINT('',(-20.,-38.25,19.));
#308 = DIRECTION('',(0.,-1.,0.));
#309 = DIRECTION('',(1.,0.,0.));
#310 = DEFINITIONAL_REPRESENTATION('',(#311),#315);
#311 = LINE('',#312,#313);
#312 = CARTESIAN_POINT('',(40.,0.));
#313 = VECTOR('',#314,1.);
#314 = DIRECTION('',(0.,1.));
#315 = ( GEOMETRIC_REPRESENTATION_CONTEXT(2) 
PARAMETRIC_REPRESENTATION_CONTEXT() REPRESENTATION_CONTEXT('2D SPACE',''
  ) );
#316 = ORIENTED_EDGE('',*,*,#317,.F.);
#317 = EDGE_CURVE('',#318,#290,#320,.T.);
#318 = VERTEX_POINT('',#319);
#319 = CARTESIAN_POINT('',(20.,14.25,19.));
#320 = SURFACE_CURVE('',#321,(#325,#332),.PCURVE_S1.);
#321 = LINE('',#322,#323);
#322 = CARTESIAN_POINT('',(20.,14.25,19.));
#323 = VECTOR('',#324,1.);
#324 = DIRECTION('',(8.458842092382E-17,-1.,0.));
#325 = PCURVE('',#94,#326);
#326 = DEFINITIONAL_REPRESENTATION('',(#327),#331);
#327 = LINE('',#328,#329);
#328 = CARTESIAN_POINT('',(52.5,0.));
#329 = VECTOR('',#330,1.);
#330 = DIRECTION('',(-1.,0.));
#331 = ( GEOMETRIC_REPRESENTATION_CONTEXT(2) 
PARAMETRIC_REPRESENTATION_CONTEXT() REPRESENTATION_CONTEXT('2D SPACE',''
  ) );
#332 = PCURVE('',#333,#338);
#333 = PLANE('',#334);
#334 = AXIS2_PLACEMENT_3D('',#335,#336,#337);
#335 = CARTESIAN_POINT('',(0.,-12.,19.));
#336 = DIRECTION('',(0.,0.,1.));
#337 = DIRECTION('',(-1.,0.,0.));
#338 = DEFINITIONAL_REPRESENTATION('',(#339),#343);
#339 = LINE('',#340,#341);
#340 = CARTESIAN_POINT('',(-20.,-26.25));
#341 = VECTOR('',#342,1.);
#342 = DIRECTION('',(-8.458842092382E-17,1.));
#343 = ( GEOMETRIC_REPRESENTATION_CONTEXT(2) 
PARAMETRIC_REPRESENTATION_CONTEXT() REPRESENTATION_CONTEXT('2D SPACE',''
  ) );
#344 = ORIENTED_EDGE('',*,*,#345,.T.);
#345 = EDGE_CURVE('',#318,#110,#346,.T.);
#346 = SURFACE_CURVE('',#347,(#351,#358),.PCURVE_S1.);
#347 = LINE('',#348,#349);
#348 = CARTESIAN_POINT('',(20.,14.25,19.));
#349 = VECTOR('',#350,1.);
#350 = DIRECTION('',(0.,0.,1.));
#351 = PCURVE('',#94,#352);
#352 = DEFINITIONAL_REPRESENTATION('',(#353),#357);
#353 = LINE('',#354,#355);
#354 = CARTESIAN_POINT('',(52.5,0.));
#355 = VECTOR('',#356,1.);
#356 = DIRECTION('',(0.,1.));
#357 = ( GEOMETRIC_REPRESENTATION_CONTEXT(2) 
PARAMETRIC_REPRESENTATION_CONTEXT() REPRESENTATION_CONTEXT('2D SPACE',''
  ) );
#358 = PCURVE('',#359,#364);
#359 = PLANE('',#360);
#360 = AXIS2_PLACEMENT_3D('',#361,#362,#363);
#361 = CARTESIAN_POINT('',(20.,14.25,19.));
#362 = DIRECTION('',(0.,1.,0.));
#363 = DIRECTION('',(-1.,0.,0.));
#364 = DEFINITIONAL_REPRESENTATION('',(#365),#369);
#365 = LINE('',#366,#367);
#366 = CARTESIAN_POINT('',(0.,0.));
#367 = VECTOR('',#368,1.);
#368 = DIRECTION('',(0.,1.));
#369 = ( GEOMETRIC_REPRESENTATION_CONTEXT(2) 
PARAMETRIC_REPRESENTATION_CONTEXT() REPRESENTATION_CONTEXT('2D SPACE',''
  ) );
#370 = FACE_BOUND('',#371,.T.);
#371 = EDGE_LOOP('',(#372));
#372 = ORIENTED_EDGE('',*,*,#79,.F.);
#373 = ADVANCED_FACE('',(#374),#66,.F.);
#374 = FACE_BOUND('',#375,.F.);
#375 = EDGE_LOOP('',(#376,#399,#400,#401));
#376 = ORIENTED_EDGE('',*,*,#377,.T.);
#377 = EDGE_CURVE('',#378,#24,#380,.T.);
#378 = VERTEX_POINT('',#379);
#379 = CARTESIAN_POINT('',(17.2,-30.25,25.3));
#380 = SEAM_CURVE('',#381,(#385,#392),.PCURVE_S1.);
#381 = LINE('',#382,#383);
#382 = CARTESIAN_POINT('',(-20.,-30.25,25.3));
#383 = VECTOR('',#384,1.);
#384 = DIRECTION('',(1.,-8.881784197001E-17,0.));
#385 = PCURVE('',#66,#386);
#386 = DEFINITIONAL_REPRESENTATION('',(#387),#391);
#387 = LINE('',#388,#389);
#388 = CARTESIAN_POINT('',(9.424777960769,0.));
#389 = VECTOR('',#390,1.);
#390 = DIRECTION('',(0.,1.));
#391 = ( GEOMETRIC_REPRESENTATION_CONTEXT(2) 
PARAMETRIC_REPRESENTATION_CONTEXT() REPRESENTATION_CONTEXT('2D SPACE',''
  ) );
#392 = PCURVE('',#66,#393);
#393 = DEFINITIONAL_REPRESENTATION('',(#394),#398);
#394 = LINE('',#395,#396);
#395 = CARTESIAN_POINT('',(3.14159265359,0.));
#396 = VECTOR('',#397,1.);
#397 = DIRECTION('',(0.,1.));
#398 = ( GEOMETRIC_REPRESENTATION_CONTEXT(2) 
PARAMETRIC_REPRESENTATION_CONTEXT() REPRESENTATION_CONTEXT('2D SPACE',''
  ) );
#399 = ORIENTED_EDGE('',*,*,#51,.T.);
#400 = ORIENTED_EDGE('',*,*,#377,.F.);
#401 = ORIENTED_EDGE('',*,*,#402,.T.);
#402 = EDGE_CURVE('',#378,#378,#403,.T.);
#403 = SURFACE_CURVE('',#404,(#409,#416),.PCURVE_S1.);
#404 = CIRCLE('',#405,1.75);
#405 = AXIS2_PLACEMENT_3D('',#406,#407,#408);
#406 = CARTESIAN_POINT('',(17.2,-32.,25.3));
#407 = DIRECTION('',(1.,0.,0.));
#408 = DIRECTION('',(0.,-1.,0.));
#409 = PCURVE('',#66,#410);
#410 = DEFINITIONAL_REPRESENTATION('',(#411),#415);
#411 = LINE('',#412,#413);
#412 = CARTESIAN_POINT('',(0.,37.2));
#413 = VECTOR('',#414,1.);
#414 = DIRECTION('',(1.,0.));
#415 = ( GEOMETRIC_REPRESENTATION_CONTEXT(2) 
PARAMETRIC_REPRESENTATION_CONTEXT() REPRESENTATION_CONTEXT('2D SPACE',''
  ) );
#416 = PCURVE('',#417,#422);
#417 = PLANE('',#418);
#418 = AXIS2_PLACEMENT_3D('',#419,#420,#421);
#419 = CARTESIAN_POINT('',(17.2,11.45,20.9));
#420 = DIRECTION('',(-1.,0.,0.));
#421 = DIRECTION('',(0.,-1.,0.));
#422 = DEFINITIONAL_REPRESENTATION('',(#423),#431);
#423 = ( BOUNDED_CURVE() B_SPLINE_CURVE(2,(#424,#425,#426,#427,#428,#429
,#430),.UNSPECIFIED.,.T.,.F.) B_SPLINE_CURVE_WITH_KNOTS((1,2,2,2,2,1),(
    -2.094395102393,0.,2.094395102393,4.188790204786,6.28318530718,
8.377580409573),.UNSPECIFIED.) CURVE() GEOMETRIC_REPRESENTATION_ITEM() 
RATIONAL_B_SPLINE_CURVE((1.,0.5,1.,0.5,1.,0.5,1.)) REPRESENTATION_ITEM(
  '') );
#424 = CARTESIAN_POINT('',(45.2,4.4));
#425 = CARTESIAN_POINT('',(45.2,1.368911086754));
#426 = CARTESIAN_POINT('',(42.575,2.884455543377));
#427 = CARTESIAN_POINT('',(39.95,4.4));
#428 = CARTESIAN_POINT('',(42.575,5.915544456623));
#429 = CARTESIAN_POINT('',(45.2,7.431088913246));
#430 = CARTESIAN_POINT('',(45.2,4.4));
#431 = ( GEOMETRIC_REPRESENTATION_CONTEXT(2) 
PARAMETRIC_REPRESENTATION_CONTEXT() REPRESENTATION_CONTEXT('2D SPACE',''
  ) );
#432 = ADVANCED_FACE('',(#433),#447,.F.);
#433 = FACE_BOUND('',#434,.F.);
#434 = EDGE_LOOP('',(#435,#465,#492,#493));
#435 = ORIENTED_EDGE('',*,*,#436,.T.);
#436 = EDGE_CURVE('',#437,#439,#441,.T.);
#437 = VERTEX_POINT('',#438);
#438 = CARTESIAN_POINT('',(-20.,-28.25,25.3));
#439 = VERTEX_POINT('',#440);
#440 = CARTESIAN_POINT('',(-18.,-30.25,25.3));
#441 = SEAM_CURVE('',#442,(#446,#458),.PCURVE_S1.);
#442 = LINE('',#443,#444);
#443 = CARTESIAN_POINT('',(-19.,-29.25,25.3));
#444 = VECTOR('',#445,1.);
#445 = DIRECTION('',(0.707106781187,-0.707106781187,8.659560562355E-17)
  );
#446 = PCURVE('',#447,#452);
#447 = CONICAL_SURFACE('',#448,2.75,0.785398163397);
#448 = AXIS2_PLACEMENT_3D('',#449,#450,#451);
#449 = CARTESIAN_POINT('',(-19.,-32.,25.3));
#450 = DIRECTION('',(-1.,0.,0.));
#451 = DIRECTION('',(-0.,-1.,0.));
#452 = DEFINITIONAL_REPRESENTATION('',(#453),#457);
#453 = LINE('',#454,#455);
#454 = CARTESIAN_POINT('',(3.14159265359,1.570092458684E-16));
#455 = VECTOR('',#456,1.);
#456 = DIRECTION('',(0.,-1.));
#457 = ( GEOMETRIC_REPRESENTATION_CONTEXT(2) 
PARAMETRIC_REPRESENTATION_CONTEXT() REPRESENTATION_CONTEXT('2D SPACE',''
  ) );
#458 = PCURVE('',#447,#459);
#459 = DEFINITIONAL_REPRESENTATION('',(#460),#464);
#460 = LINE('',#461,#462);
#461 = CARTESIAN_POINT('',(9.424777960769,1.570092458684E-16));
#462 = VECTOR('',#463,1.);
#463 = DIRECTION('',(0.,-1.));
#464 = ( GEOMETRIC_REPRESENTATION_CONTEXT(2) 
PARAMETRIC_REPRESENTATION_CONTEXT() REPRESENTATION_CONTEXT('2D SPACE',''
  ) );
#465 = ORIENTED_EDGE('',*,*,#466,.F.);
#466 = EDGE_CURVE('',#439,#439,#467,.T.);
#467 = SURFACE_CURVE('',#468,(#473,#480),.PCURVE_S1.);
#468 = CIRCLE('',#469,1.75);
#469 = AXIS2_PLACEMENT_3D('',#470,#471,#472);
#470 = CARTESIAN_POINT('',(-18.,-32.,25.3));
#471 = DIRECTION('',(1.,-8.458842092382E-17,0.));
#472 = DIRECTION('',(-8.458842092382E-17,-1.,0.));
#473 = PCURVE('',#447,#474);
#474 = DEFINITIONAL_REPRESENTATION('',(#475),#479);
#475 = LINE('',#476,#477);
#476 = CARTESIAN_POINT('',(12.566370614359,-1.));
#477 = VECTOR('',#478,1.);
#478 = DIRECTION('',(-1.,0.));
#479 = ( GEOMETRIC_REPRESENTATION_CONTEXT(2) 
PARAMETRIC_REPRESENTATION_CONTEXT() REPRESENTATION_CONTEXT('2D SPACE',''
  ) );
#480 = PCURVE('',#481,#486);
#481 = CYLINDRICAL_SURFACE('',#482,1.75);
#482 = AXIS2_PLACEMENT_3D('',#483,#484,#485);
#483 = CARTESIAN_POINT('',(-20.,-32.,25.3));
#484 = DIRECTION('',(1.,-8.881784197001E-17,0.));
#485 = DIRECTION('',(-8.881784197001E-17,-1.,0.));
#486 = DEFINITIONAL_REPRESENTATION('',(#487),#491);
#487 = LINE('',#488,#489);
#488 = CARTESIAN_POINT('',(0.,2.));
#489 = VECTOR('',#490,1.);
#490 = DIRECTION('',(1.,0.));
#491 = ( GEOMETRIC_REPRESENTATION_CONTEXT(2) 
PARAMETRIC_REPRESENTATION_CONTEXT() REPRESENTATION_CONTEXT('2D SPACE',''
  ) );
#492 = ORIENTED_EDGE('',*,*,#436,.F.);
#493 = ORIENTED_EDGE('',*,*,#494,.F.);
#494 = EDGE_CURVE('',#437,#437,#495,.T.);
#495 = SURFACE_CURVE('',#496,(#501,#508),.PCURVE_S1.);
#496 = CIRCLE('',#497,3.75);
#497 = AXIS2_PLACEMENT_3D('',#498,#499,#500);
#498 = CARTESIAN_POINT('',(-20.,-32.,25.3));
#499 = DIRECTION('',(-1.,8.458842092382E-17,0.));
#500 = DIRECTION('',(-8.458842092382E-17,-1.,0.));
#501 = PCURVE('',#447,#502);
#502 = DEFINITIONAL_REPRESENTATION('',(#503),#507);
#503 = LINE('',#504,#505);
#504 = CARTESIAN_POINT('',(0.,1.));
#505 = VECTOR('',#506,1.);
#506 = DIRECTION('',(1.,0.));
#507 = ( GEOMETRIC_REPRESENTATION_CONTEXT(2) 
PARAMETRIC_REPRESENTATION_CONTEXT() REPRESENTATION_CONTEXT('2D SPACE',''
  ) );
#508 = PCURVE('',#509,#514);
#509 = PLANE('',#510);
#510 = AXIS2_PLACEMENT_3D('',#511,#512,#513);
#511 = CARTESIAN_POINT('',(-20.,14.25,19.));
#512 = DIRECTION('',(-1.,8.458842092382E-17,0.));
#513 = DIRECTION('',(-8.458842092382E-17,-1.,0.));
#514 = DEFINITIONAL_REPRESENTATION('',(#515),#519);
#515 = CIRCLE('',#516,3.75);
#516 = AXIS2_PLACEMENT_2D('',#517,#518);
#517 = CARTESIAN_POINT('',(46.25,6.3));
#518 = DIRECTION('',(1.,0.));
#519 = ( GEOMETRIC_REPRESENTATION_CONTEXT(2) 
PARAMETRIC_REPRESENTATION_CONTEXT() REPRESENTATION_CONTEXT('2D SPACE',''
  ) );
#520 = ADVANCED_FACE('',(#521,#1036),#509,.T.);
#521 = FACE_BOUND('',#522,.T.);
#522 = EDGE_LOOP('',(#523,#603,#626,#649,#672,#695));
#523 = ORIENTED_EDGE('',*,*,#524,.T.);
#524 = EDGE_CURVE('',#525,#527,#529,.T.);
#525 = VERTEX_POINT('',#526);
#526 = CARTESIAN_POINT('',(-20.,-10.02154801746,23.638432566183));
#527 = VERTEX_POINT('',#528);
#528 = CARTESIAN_POINT('',(-20.,14.25,20.557632460923));
#529 = SURFACE_CURVE('',#530,(#546,#565),.PCURVE_S1.);
#530 = B_SPLINE_CURVE_WITH_KNOTS('',5,(#531,#532,#533,#534,#535,#536,
    #537,#538,#539,#540,#541,#542,#543,#544,#545),.UNSPECIFIED.,.F.,.F.,
  (6,1,1,1,1,1,1,1,1,1,6),(0.,0.1,0.2,0.3,0.4,0.5,0.6,0.7,0.8,0.9,1.),
  .QUASI_UNIFORM_KNOTS.);
#531 = CARTESIAN_POINT('',(-20.,-10.02154801746,23.638432566183));
#532 = CARTESIAN_POINT('',(-20.,-9.347594318307,23.638432566183));
#533 = CARTESIAN_POINT('',(-20.,-8.014289886473,23.593694049187));
#534 = CARTESIAN_POINT('',(-20.,-6.058147881768,23.392371017279));
#535 = CARTESIAN_POINT('',(-20.,-3.532657804552,22.890513274552));
#536 = CARTESIAN_POINT('',(-20.,-0.495349668023,22.061557498853));
#537 = CARTESIAN_POINT('',(-20.,2.432054630626,21.255832401665));
#538 = CARTESIAN_POINT('',(-20.,5.233084870822,20.671412393498));
#539 = CARTESIAN_POINT('',(-20.,7.856705522381,20.427432839839));
#540 = CARTESIAN_POINT('',(-20.,10.188447652789,20.474234499717));
#541 = CARTESIAN_POINT('',(-20.,12.066223922785,20.558469881008));
#542 = CARTESIAN_POINT('',(-20.,13.181024956052,20.595365905619));
#543 = CARTESIAN_POINT('',(-20.,13.798678431531,20.588866334939));
#544 = CARTESIAN_POINT('',(-20.,14.115416781979,20.57042724518));
#545 = CARTESIAN_POINT('',(-20.,14.25,20.557632460923));
#546 = PCURVE('',#509,#547);
#547 = DEFINITIONAL_REPRESENTATION('',(#548),#564);
#548 = B_SPLINE_CURVE_WITH_KNOTS('',5,(#549,#550,#551,#552,#553,#554,
    #555,#556,#557,#558,#559,#560,#561,#562,#563),.UNSPECIFIED.,.F.,.F.,
  (6,1,1,1,1,1,1,1,1,1,6),(0.,0.1,0.2,0.3,0.4,0.5,0.6,0.7,0.8,0.9,1.),
  .QUASI_UNIFORM_KNOTS.);
#549 = CARTESIAN_POINT('',(24.271548017461,4.638432566183));
#550 = CARTESIAN_POINT('',(23.597594318307,4.638432566183));
#551 = CARTESIAN_POINT('',(22.264289886473,4.593694049187));
#552 = CARTESIAN_POINT('',(20.308147881768,4.392371017279));
#553 = CARTESIAN_POINT('',(17.782657804552,3.890513274552));
#554 = CARTESIAN_POINT('',(14.745349668023,3.061557498853));
#555 = CARTESIAN_POINT('',(11.817945369374,2.255832401665));
#556 = CARTESIAN_POINT('',(9.016915129178,1.671412393498));
#557 = CARTESIAN_POINT('',(6.393294477619,1.427432839839));
#558 = CARTESIAN_POINT('',(4.061552347211,1.474234499717));
#559 = CARTESIAN_POINT('',(2.183776077215,1.558469881008));
#560 = CARTESIAN_POINT('',(1.068975043948,1.595365905619));
#561 = CARTESIAN_POINT('',(0.451321568469,1.588866334939));
#562 = CARTESIAN_POINT('',(0.134583218021,1.57042724518));
#563 = CARTESIAN_POINT('',(0.,1.557632460923));
#564 = ( GEOMETRIC_REPRESENTATION_CONTEXT(2) 
PARAMETRIC_REPRESENTATION_CONTEXT() REPRESENTATION_CONTEXT('2D SPACE',''
  ) );
#565 = PCURVE('',#566,#597);
#566 = B_SPLINE_SURFACE_WITH_KNOTS('',5,1,(
    (#567,#568)
    ,(#569,#570)
    ,(#571,#572)
    ,(#573,#574)
    ,(#575,#576)
    ,(#577,#578)
    ,(#579,#580)
    ,(#581,#582)
    ,(#583,#584)
    ,(#585,#586)
    ,(#587,#588)
    ,(#589,#590)
    ,(#591,#592)
    ,(#593,#594)
    ,(#595,#596
    )),.UNSPECIFIED.,.F.,.F.,.F.,(6,1,1,1,1,1,1,1,1,1,6),(2,2),(0.,0.1,
    0.2,0.3,0.4,0.5,0.6,0.7,0.8,0.9,1.),(0.,0.15),.UNSPECIFIED.);
#567 = CARTESIAN_POINT('',(-20.,-10.02154801746,23.638432566183));
#568 = CARTESIAN_POINT('',(-18.5,-10.02154801746,23.638432566183));
#569 = CARTESIAN_POINT('',(-20.,-9.347594318307,23.638432566183));
#570 = CARTESIAN_POINT('',(-18.5,-9.347594318307,23.638432566183));
#571 = CARTESIAN_POINT('',(-20.,-8.014289886473,23.593694049187));
#572 = CARTESIAN_POINT('',(-18.5,-8.014289886473,23.593694049187));
#573 = CARTESIAN_POINT('',(-20.,-6.058147881768,23.392371017279));
#574 = CARTESIAN_POINT('',(-18.5,-6.058147881768,23.392371017279));
#575 = CARTESIAN_POINT('',(-20.,-3.532657804552,22.890513274552));
#576 = CARTESIAN_POINT('',(-18.5,-3.532657804552,22.890513274552));
#577 = CARTESIAN_POINT('',(-20.,-0.495349668023,22.061557498853));
#578 = CARTESIAN_POINT('',(-18.5,-0.495349668023,22.061557498853));
#579 = CARTESIAN_POINT('',(-20.,2.432054630626,21.255832401665));
#580 = CARTESIAN_POINT('',(-18.5,2.432054630626,21.255832401665));
#581 = CARTESIAN_POINT('',(-20.,5.233084870822,20.671412393498));
#582 = CARTESIAN_POINT('',(-18.5,5.233084870822,20.671412393498));
#583 = CARTESIAN_POINT('',(-20.,7.856705522381,20.427432839839));
#584 = CARTESIAN_POINT('',(-18.5,7.856705522381,20.427432839839));
#585 = CARTESIAN_POINT('',(-20.,10.188447652789,20.474234499717));
#586 = CARTESIAN_POINT('',(-18.5,10.188447652789,20.474234499717));
#587 = CARTESIAN_POINT('',(-20.,12.066223922785,20.558469881008));
#588 = CARTESIAN_POINT('',(-18.5,12.066223922785,20.558469881008));
#589 = CARTESIAN_POINT('',(-20.,13.181024956052,20.595365905619));
#590 = CARTESIAN_POINT('',(-18.5,13.181024956052,20.595365905619));
#591 = CARTESIAN_POINT('',(-20.,13.798678431531,20.588866334939));
#592 = CARTESIAN_POINT('',(-18.5,13.798678431531,20.588866334939));
#593 = CARTESIAN_POINT('',(-20.,14.115416781979,20.57042724518));
#594 = CARTESIAN_POINT('',(-18.5,14.115416781979,20.57042724518));
#595 = CARTESIAN_POINT('',(-20.,14.25,20.557632460923));
#596 = CARTESIAN_POINT('',(-18.5,14.25,20.557632460923));
#597 = DEFINITIONAL_REPRESENTATION('',(#598),#602);
#598 = LINE('',#599,#600);
#599 = CARTESIAN_POINT('',(-6.486196382882E-17,-1.183948772354E-16));
#600 = VECTOR('',#601,1.);
#601 = DIRECTION('',(1.,0.));
#602 = ( GEOMETRIC_REPRESENTATION_CONTEXT(2) 
PARAMETRIC_REPRESENTATION_CONTEXT() REPRESENTATION_CONTEXT('2D SPACE',''
  ) );
#603 = ORIENTED_EDGE('',*,*,#604,.F.);
#604 = EDGE_CURVE('',#605,#527,#607,.T.);
#605 = VERTEX_POINT('',#606);
#606 = CARTESIAN_POINT('',(-20.,14.25,19.));
#607 = SURFACE_CURVE('',#608,(#612,#619),.PCURVE_S1.);
#608 = LINE('',#609,#610);
#609 = CARTESIAN_POINT('',(-20.,14.25,19.));
#610 = VECTOR('',#611,1.);
#611 = DIRECTION('',(0.,0.,1.));
#612 = PCURVE('',#509,#613);
#613 = DEFINITIONAL_REPRESENTATION('',(#614),#618);
#614 = LINE('',#615,#616);
#615 = CARTESIAN_POINT('',(0.,0.));
#616 = VECTOR('',#617,1.);
#617 = DIRECTION('',(0.,1.));
#618 = ( GEOMETRIC_REPRESENTATION_CONTEXT(2) 
PARAMETRIC_REPRESENTATION_CONTEXT() REPRESENTATION_CONTEXT('2D SPACE',''
  ) );
#619 = PCURVE('',#359,#620);
#620 = DEFINITIONAL_REPRESENTATION('',(#621),#625);
#621 = LINE('',#622,#623);
#622 = CARTESIAN_POINT('',(40.,0.));
#623 = VECTOR('',#624,1.);
#624 = DIRECTION('',(0.,1.));
#625 = ( GEOMETRIC_REPRESENTATION_CONTEXT(2) 
PARAMETRIC_REPRESENTATION_CONTEXT() REPRESENTATION_CONTEXT('2D SPACE',''
  ) );
#626 = ORIENTED_EDGE('',*,*,#627,.F.);
#627 = EDGE_CURVE('',#628,#605,#630,.T.);
#628 = VERTEX_POINT('',#629);
#629 = CARTESIAN_POINT('',(-20.,-38.25,19.));
#630 = SURFACE_CURVE('',#631,(#635,#642),.PCURVE_S1.);
#631 = LINE('',#632,#633);
#632 = CARTESIAN_POINT('',(-20.,-38.25,19.));
#633 = VECTOR('',#634,1.);
#634 = DIRECTION('',(8.458842092382E-17,1.,0.));
#635 = PCURVE('',#509,#636);
#636 = DEFINITIONAL_REPRESENTATION('',(#637),#641);
#637 = LINE('',#638,#639);
#638 = CARTESIAN_POINT('',(52.5,0.));
#639 = VECTOR('',#640,1.);
#640 = DIRECTION('',(-1.,0.));
#641 = ( GEOMETRIC_REPRESENTATION_CONTEXT(2) 
PARAMETRIC_REPRESENTATION_CONTEXT() REPRESENTATION_CONTEXT('2D SPACE',''
  ) );
#642 = PCURVE('',#333,#643);
#643 = DEFINITIONAL_REPRESENTATION('',(#644),#648);
#644 = LINE('',#645,#646);
#645 = CARTESIAN_POINT('',(20.,26.25));
#646 = VECTOR('',#647,1.);
#647 = DIRECTION('',(-8.458842092382E-17,-1.));
#648 = ( GEOMETRIC_REPRESENTATION_CONTEXT(2) 
PARAMETRIC_REPRESENTATION_CONTEXT() REPRESENTATION_CONTEXT('2D SPACE',''
  ) );
#649 = ORIENTED_EDGE('',*,*,#650,.T.);
#650 = EDGE_CURVE('',#628,#651,#653,.T.);
#651 = VERTEX_POINT('',#652);
#652 = CARTESIAN_POINT('',(-20.,-38.25,29.9));
#653 = SURFACE_CURVE('',#654,(#658,#665),.PCURVE_S1.);
#654 = LINE('',#655,#656);
#655 = CARTESIAN_POINT('',(-20.,-38.25,19.));
#656 = VECTOR('',#657,1.);
#657 = DIRECTION('',(0.,0.,1.));
#658 = PCURVE('',#509,#659);
#659 = DEFINITIONAL_REPRESENTATION('',(#660),#664);
#660 = LINE('',#661,#662);
#661 = CARTESIAN_POINT('',(52.5,0.));
#662 = VECTOR('',#663,1.);
#663 = DIRECTION('',(0.,1.));
#664 = ( GEOMETRIC_REPRESENTATION_CONTEXT(2) 
PARAMETRIC_REPRESENTATION_CONTEXT() REPRESENTATION_CONTEXT('2D SPACE',''
  ) );
#665 = PCURVE('',#305,#666);
#666 = DEFINITIONAL_REPRESENTATION('',(#667),#671);
#667 = LINE('',#668,#669);
#668 = CARTESIAN_POINT('',(0.,0.));
#669 = VECTOR('',#670,1.);
#670 = DIRECTION('',(0.,1.));
#671 = ( GEOMETRIC_REPRESENTATION_CONTEXT(2) 
PARAMETRIC_REPRESENTATION_CONTEXT() REPRESENTATION_CONTEXT('2D SPACE',''
  ) );
#672 = ORIENTED_EDGE('',*,*,#673,.F.);
#673 = EDGE_CURVE('',#674,#651,#676,.T.);
#674 = VERTEX_POINT('',#675);
#675 = CARTESIAN_POINT('',(-20.,-27.19576010268,29.9));
#676 = SURFACE_CURVE('',#677,(#681,#688),.PCURVE_S1.);
#677 = LINE('',#678,#679);
#678 = CARTESIAN_POINT('',(-20.,14.25,29.9));
#679 = VECTOR('',#680,1.);
#680 = DIRECTION('',(-8.458842092382E-17,-1.,0.));
#681 = PCURVE('',#509,#682);
#682 = DEFINITIONAL_REPRESENTATION('',(#683),#687);
#683 = LINE('',#684,#685);
#684 = CARTESIAN_POINT('',(0.,10.9));
#685 = VECTOR('',#686,1.);
#686 = DIRECTION('',(1.,0.));
#687 = ( GEOMETRIC_REPRESENTATION_CONTEXT(2) 
PARAMETRIC_REPRESENTATION_CONTEXT() REPRESENTATION_CONTEXT('2D SPACE',''
  ) );
#688 = PCURVE('',#277,#689);
#689 = DEFINITIONAL_REPRESENTATION('',(#690),#694);
#690 = LINE('',#691,#692);
#691 = CARTESIAN_POINT('',(-20.,26.25));
#692 = VECTOR('',#693,1.);
#693 = DIRECTION('',(-8.458842092382E-17,-1.));
#694 = ( GEOMETRIC_REPRESENTATION_CONTEXT(2) 
PARAMETRIC_REPRESENTATION_CONTEXT() REPRESENTATION_CONTEXT('2D SPACE',''
  ) );
#695 = ORIENTED_EDGE('',*,*,#696,.T.);
#696 = EDGE_CURVE('',#674,#525,#697,.T.);
#697 = SURFACE_CURVE('',#698,(#847,#999),.PCURVE_S1.);
#698 = B_SPLINE_CURVE_WITH_KNOTS('',3,(#699,#700,#701,#702,#703,#704,
    #705,#706,#707,#708,#709,#710,#711,#712,#713,#714,#715,#716,#717,
    #718,#719,#720,#721,#722,#723,#724,#725,#726,#727,#728,#729,#730,
    #731,#732,#733,#734,#735,#736,#737,#738,#739,#740,#741,#742,#743,
    #744,#745,#746,#747,#748,#749,#750,#751,#752,#753,#754,#755,#756,
    #757,#758,#759,#760,#761,#762,#763,#764,#765,#766,#767,#768,#769,
    #770,#771,#772,#773,#774,#775,#776,#777,#778,#779,#780,#781,#782,
    #783,#784,#785,#786,#787,#788,#789,#790,#791,#792,#793,#794,#795,
    #796,#797,#798,#799,#800,#801,#802,#803,#804,#805,#806,#807,#808,
    #809,#810,#811,#812,#813,#814,#815,#816,#817,#818,#819,#820,#821,
    #822,#823,#824,#825,#826,#827,#828,#829,#830,#831,#832,#833,#834,
    #835,#836,#837,#838,#839,#840,#841,#842,#843,#844,#845,#846),
  .UNSPECIFIED.,.F.,.F.,(4,3,3,3,3,3,3,3,3,3,3,3,3,3,3,3,3,3,3,3,3,3,3,3
    ,3,3,3,3,3,3,3,3,3,3,3,3,3,3,3,3,3,3,3,3,3,3,3,3,3,4),(0.,
    3.287374908404E-02,6.64032044708E-02,0.100674485091,0.135796797523,
    0.171912610357,0.209214599603,0.247975934042,0.288609696885,
    0.331616141137,0.376734839266,0.426405015645,0.481157707967,
    0.546043884544,0.616394394615,0.666765691959,0.710210053684,
    0.750240789716,0.788042700308,0.824209384088,0.859095166083,
    0.892934274359,0.925949552536,0.958756206689,0.991756661636,
    1.024968097393,1.058397891997,1.09205383948,1.125944175688,
    1.160077604331,1.194463322585,1.229111045235,1.264293894541,
    1.301747420319,1.343443316663,1.395688312405,1.442858256558,
    1.482669062134,1.519059532937,1.553302712945,1.587015901106,
    1.621484904451,1.656849043116,1.693889858805,1.732245551009,
    1.77224979778,1.816027344413,1.863155102583,1.914103120913,
    1.936465832762),.UNSPECIFIED.);
#699 = CARTESIAN_POINT('',(-20.,-27.19576010268,29.9));
#700 = CARTESIAN_POINT('',(-20.,-27.0943698557,29.9));
#701 = CARTESIAN_POINT('',(-20.,-26.99700821991,29.897499608775));
#702 = CARTESIAN_POINT('',(-20.,-26.90365452512,29.892506856919));
#703 = CARTESIAN_POINT('',(-20.,-26.80843877906,29.887414518646));
#704 = CARTESIAN_POINT('',(-20.,-26.71739234828,29.879729419369));
#705 = CARTESIAN_POINT('',(-20.,-26.63044078253,29.86947800467));
#706 = CARTESIAN_POINT('',(-20.,-26.54156544962,29.85899978169));
#707 = CARTESIAN_POINT('',(-20.,-26.45696806142,29.845840448206));
#708 = CARTESIAN_POINT('',(-20.,-26.37651649139,29.830046521575));
#709 = CARTESIAN_POINT('',(-20.,-26.29406713066,29.813860396761));
#710 = CARTESIAN_POINT('',(-20.,-26.21597190939,29.794907228102));
#711 = CARTESIAN_POINT('',(-20.,-26.14203586066,29.77325579394));
#712 = CARTESIAN_POINT('',(-20.,-26.06600839229,29.750991908403));
#713 = CARTESIAN_POINT('',(-20.,-25.99437856894,29.725874967799));
#714 = CARTESIAN_POINT('',(-20.,-25.92688150256,29.697999004104));
#715 = CARTESIAN_POINT('',(-20.,-25.85716758374,29.669207491015));
#716 = CARTESIAN_POINT('',(-20.,-25.79186216651,29.637472766858));
#717 = CARTESIAN_POINT('',(-20.,-25.73062030417,29.602918389003));
#718 = CARTESIAN_POINT('',(-20.,-25.66698251016,29.567012159243));
#719 = CARTESIAN_POINT('',(-20.,-25.60773221962,29.528061357837));
#720 = CARTESIAN_POINT('',(-20.,-25.5524290647,29.486225522221));
#721 = CARTESIAN_POINT('',(-20.,-25.49445440221,29.442368739492));
#722 = CARTESIAN_POINT('',(-20.,-25.44081714604,29.395341477261));
#723 = CARTESIAN_POINT('',(-20.,-25.39095633655,29.345349799933));
#724 = CARTESIAN_POINT('',(-20.,-25.33818406114,29.292439015067));
#725 = CARTESIAN_POINT('',(-20.,-25.28964172868,29.236207537444));
#726 = CARTESIAN_POINT('',(-20.,-25.24461095177,29.176923752345));
#727 = CARTESIAN_POINT('',(-20.,-25.19736849623,29.114728254663));
#728 = CARTESIAN_POINT('',(-20.,-25.15399071643,29.049173298459));
#729 = CARTESIAN_POINT('',(-20.,-25.11359710138,28.980593927724));
#730 = CARTESIAN_POINT('',(-20.,-25.0691286644,28.905096416014));
#731 = CARTESIAN_POINT('',(-20.,-25.02827674321,28.825933392921));
#732 = CARTESIAN_POINT('',(-20.,-24.98980845424,28.743582678233));
#733 = CARTESIAN_POINT('',(-20.,-24.94740388587,28.652805401555));
#734 = CARTESIAN_POINT('',(-20.,-24.90789509058,28.558154679247));
#735 = CARTESIAN_POINT('',(-20.,-24.86956873941,28.460307597788));
#736 = CARTESIAN_POINT('',(-20.,-24.824149048,28.344351235902));
#737 = CARTESIAN_POINT('',(-20.,-24.78038837811,28.223905691993));
#738 = CARTESIAN_POINT('',(-20.,-24.7353683802,28.100150471202));
#739 = CARTESIAN_POINT('',(-20.,-24.68655706193,27.965973311046));
#740 = CARTESIAN_POINT('',(-20.,-24.63625985391,27.827906962568));
#741 = CARTESIAN_POINT('',(-20.,-24.58074441503,27.687501138703));
#742 = CARTESIAN_POINT('',(-20.,-24.54099509869,27.586969905941));
#743 = CARTESIAN_POINT('',(-20.,-24.4985695288,27.485240489639));
#744 = CARTESIAN_POINT('',(-20.,-24.45212242018,27.382887159272));
#745 = CARTESIAN_POINT('',(-20.,-24.41206260249,27.294609204513));
#746 = CARTESIAN_POINT('',(-20.,-24.36901047109,27.205867453407));
#747 = CARTESIAN_POINT('',(-20.,-24.32213753227,27.117027419144));
#748 = CARTESIAN_POINT('',(-20.,-24.27894761841,27.035167959839));
#749 = CARTESIAN_POINT('',(-20.,-24.23251328824,26.953225212109));
#750 = CARTESIAN_POINT('',(-20.,-24.18222616408,26.871479449269));
#751 = CARTESIAN_POINT('',(-20.,-24.13473891904,26.794285115002));
#752 = CARTESIAN_POINT('',(-20.,-24.08381564485,26.717266542999));
#753 = CARTESIAN_POINT('',(-20.,-24.02898641904,26.640652705267));
#754 = CARTESIAN_POINT('',(-20.,-23.97652898393,26.567353012236));
#755 = CARTESIAN_POINT('',(-20.,-23.92049596531,26.494423870167));
#756 = CARTESIAN_POINT('',(-20.,-23.86051984412,26.422057912788));
#757 = CARTESIAN_POINT('',(-20.,-23.80266787458,26.352254913201));
#758 = CARTESIAN_POINT('',(-20.,-23.74114695698,26.282975971694));
#759 = CARTESIAN_POINT('',(-20.,-23.67567240007,26.214385499085));
#760 = CARTESIAN_POINT('',(-20.,-23.61216226803,26.147852937776));
#761 = CARTESIAN_POINT('',(-20.,-23.54493200838,26.081968201655));
#762 = CARTESIAN_POINT('',(-20.,-23.47376776867,26.016872443696));
#763 = CARTESIAN_POINT('',(-20.,-23.40433605814,25.953361474685));
#764 = CARTESIAN_POINT('',(-20.,-23.33115942334,25.890601579536));
#765 = CARTESIAN_POINT('',(-20.,-23.25408615499,25.82871456646));
#766 = CARTESIAN_POINT('',(-20.,-23.17749991374,25.76721861832));
#767 = CARTESIAN_POINT('',(-20.,-23.09706590557,25.706584614237));
#768 = CARTESIAN_POINT('',(-20.,-23.01268544385,25.646921953354));
#769 = CARTESIAN_POINT('',(-20.,-22.92780651617,25.586906843513));
#770 = CARTESIAN_POINT('',(-20.,-22.8389344091,25.527874614034));
#771 = CARTESIAN_POINT('',(-20.,-22.7460207592,25.469925728302));
#772 = CARTESIAN_POINT('',(-20.,-22.65251308728,25.411606359714));
#773 = CARTESIAN_POINT('',(-20.,-22.55491207319,25.354384259513));
#774 = CARTESIAN_POINT('',(-20.,-22.45322038122,25.298350421948));
#775 = CARTESIAN_POINT('',(-20.,-22.3508600858,25.241948172603));
#776 = CARTESIAN_POINT('',(-20.,-22.24435518987,25.186749892071));
#777 = CARTESIAN_POINT('',(-20.,-22.13376022517,25.13283642202));
#778 = CARTESIAN_POINT('',(-20.,-22.02241708448,25.078558226829));
#779 = CARTESIAN_POINT('',(-20.,-21.9069283962,25.025582315633));
#780 = CARTESIAN_POINT('',(-20.,-21.78740145843,24.973978639548));
#781 = CARTESIAN_POINT('',(-20.,-21.66704210415,24.922015582113));
#782 = CARTESIAN_POINT('',(-20.,-21.54258810697,24.871443972474));
#783 = CARTESIAN_POINT('',(-20.,-21.41420049445,24.82232207289));
#784 = CARTESIAN_POINT('',(-20.,-21.28489196875,24.772847826192));
#785 = CARTESIAN_POINT('',(-20.,-21.151593246,24.724844196224));
#786 = CARTESIAN_POINT('',(-20.,-21.01452011558,24.678356891182));
#787 = CARTESIAN_POINT('',(-20.,-20.87643383975,24.631525985612));
#788 = CARTESIAN_POINT('',(-20.,-20.73451720891,24.586233939791));
#789 = CARTESIAN_POINT('',(-20.,-20.58904188123,24.542512968372));
#790 = CARTESIAN_POINT('',(-20.,-20.44245809407,24.498458861939));
#791 = CARTESIAN_POINT('',(-20.,-20.2922612291,24.455999901988));
#792 = CARTESIAN_POINT('',(-20.,-20.13878000052,24.415153787604));
#793 = CARTESIAN_POINT('',(-20.,-19.98292828723,24.373676813732));
#794 = CARTESIAN_POINT('',(-20.,-19.82368999256,24.333862948258));
#795 = CARTESIAN_POINT('',(-20.,-19.66146108912,24.295714261584));
#796 = CARTESIAN_POINT('',(-20.,-19.4887620458,24.255103485371));
#797 = CARTESIAN_POINT('',(-20.,-19.31267434331,24.216379786495));
#798 = CARTESIAN_POINT('',(-20.,-19.13373198409,24.17952608526));
#799 = CARTESIAN_POINT('',(-20.,-18.93452077749,24.138497955739));
#800 = CARTESIAN_POINT('',(-20.,-18.73177233046,24.099787556005));
#801 = CARTESIAN_POINT('',(-20.,-18.5262821986,24.06334650634));
#802 = CARTESIAN_POINT('',(-20.,-18.26880287796,24.01768583823));
#803 = CARTESIAN_POINT('',(-20.,-18.00702138687,23.97558878239));
#804 = CARTESIAN_POINT('',(-20.,-17.74256949767,23.936914876868));
#805 = CARTESIAN_POINT('',(-20.,-17.50380632681,23.901997734321));
#806 = CARTESIAN_POINT('',(-20.,-17.26287061735,23.869869768094));
#807 = CARTESIAN_POINT('',(-20.,-17.02095540284,23.840403077876));
#808 = CARTESIAN_POINT('',(-20.,-16.8167821789,23.815533583194));
#809 = CARTESIAN_POINT('',(-20.,-16.61191226137,23.792559147775));
#810 = CARTESIAN_POINT('',(-20.,-16.40702793492,23.771395506976));
#811 = CARTESIAN_POINT('',(-20.,-16.21974619089,23.752050134747));
#812 = CARTESIAN_POINT('',(-20.,-16.03245293515,23.734217537606));
#813 = CARTESIAN_POINT('',(-20.,-15.84562772323,23.717831684488));
#814 = CARTESIAN_POINT('',(-20.,-15.66982649778,23.702412710633));
#815 = CARTESIAN_POINT('',(-20.,-15.49444007432,23.688274643115));
#816 = CARTESIAN_POINT('',(-20.,-15.31982335055,23.675363430956));
#817 = CARTESIAN_POINT('',(-20.,-15.14790922156,23.662652049454));
#818 = CARTESIAN_POINT('',(-20.,-14.97674152069,23.651129751893));
#819 = CARTESIAN_POINT('',(-20.,-14.80660779172,23.64074768085));
#820 = CARTESIAN_POINT('',(-20.,-14.63265983862,23.630132854397));
#821 = CARTESIAN_POINT('',(-20.,-14.45979259578,23.620709976006));
#822 = CARTESIAN_POINT('',(-20.,-14.28825857498,23.612430024591));
#823 = CARTESIAN_POINT('',(-20.,-14.11226993855,23.60393504877));
#824 = CARTESIAN_POINT('',(-20.,-13.93768450607,23.596643160523));
#825 = CARTESIAN_POINT('',(-20.,-13.76472024745,23.590504354671));
#826 = CARTESIAN_POINT('',(-20.,-13.58355544418,23.584074497061));
#827 = CARTESIAN_POINT('',(-20.,-13.40416914011,23.578909681596));
#828 = CARTESIAN_POINT('',(-20.,-13.22675386204,23.57495520312));
#829 = CARTESIAN_POINT('',(-20.,-13.04304068858,23.570860348392));
#830 = CARTESIAN_POINT('',(-20.,-12.86144070999,23.568063331398));
#831 = CARTESIAN_POINT('',(-20.,-12.68210941914,23.566505707576));
#832 = CARTESIAN_POINT('',(-20.,-12.49507034357,23.56488113599));
#833 = CARTESIAN_POINT('',(-20.,-12.31049885295,23.564604848718));
#834 = CARTESIAN_POINT('',(-20.,-12.12851335153,23.565612151123));
#835 = CARTESIAN_POINT('',(-20.,-11.92936252585,23.566714464792));
#836 = CARTESIAN_POINT('',(-20.,-11.73330842816,23.569354027736));
#837 = CARTESIAN_POINT('',(-20.,-11.5404407881,23.573446702189));
#838 = CARTESIAN_POINT('',(-20.,-11.3328133581,23.577852581156));
#839 = CARTESIAN_POINT('',(-20.,-11.12887798839,23.583942664516));
#840 = CARTESIAN_POINT('',(-20.,-10.92868108197,23.591610502024));
#841 = CARTESIAN_POINT('',(-20.,-10.71225585713,23.59989990812));
#842 = CARTESIAN_POINT('',(-20.,-10.50019885669,23.610033428289));
#843 = CARTESIAN_POINT('',(-20.,-10.29251075972,23.621871461933));
#844 = CARTESIAN_POINT('',(-20.,-10.20134982317,23.627067552849));
#845 = CARTESIAN_POINT('',(-20.,-10.1110299463,23.632591960394));
#846 = CARTESIAN_POINT('',(-20.,-10.02154801746,23.638432566183));
#847 = PCURVE('',#509,#848);
#848 = DEFINITIONAL_REPRESENTATION('',(#849),#998);
#849 = B_SPLINE_CURVE_WITH_KNOTS('',3,(#850,#851,#852,#853,#854,#855,
    #856,#857,#858,#859,#860,#861,#862,#863,#864,#865,#866,#867,#868,
    #869,#870,#871,#872,#873,#874,#875,#876,#877,#878,#879,#880,#881,
    #882,#883,#884,#885,#886,#887,#888,#889,#890,#891,#892,#893,#894,
    #895,#896,#897,#898,#899,#900,#901,#902,#903,#904,#905,#906,#907,
    #908,#909,#910,#911,#912,#913,#914,#915,#916,#917,#918,#919,#920,
    #921,#922,#923,#924,#925,#926,#927,#928,#929,#930,#931,#932,#933,
    #934,#935,#936,#937,#938,#939,#940,#941,#942,#943,#944,#945,#946,
    #947,#948,#949,#950,#951,#952,#953,#954,#955,#956,#957,#958,#959,
    #960,#961,#962,#963,#964,#965,#966,#967,#968,#969,#970,#971,#972,
    #973,#974,#975,#976,#977,#978,#979,#980,#981,#982,#983,#984,#985,
    #986,#987,#988,#989,#990,#991,#992,#993,#994,#995,#996,#997),
  .UNSPECIFIED.,.F.,.F.,(4,3,3,3,3,3,3,3,3,3,3,3,3,3,3,3,3,3,3,3,3,3,3,3
    ,3,3,3,3,3,3,3,3,3,3,3,3,3,3,3,3,3,3,3,3,3,3,3,3,3,4),(0.,
    3.287374908404E-02,6.64032044708E-02,0.100674485091,0.135796797523,
    0.171912610357,0.209214599603,0.247975934042,0.288609696885,
    0.331616141137,0.376734839266,0.426405015645,0.481157707967,
    0.546043884544,0.616394394615,0.666765691959,0.710210053684,
    0.750240789716,0.788042700308,0.824209384088,0.859095166083,
    0.892934274359,0.925949552536,0.958756206689,0.991756661636,
    1.024968097393,1.058397891997,1.09205383948,1.125944175688,
    1.160077604331,1.194463322585,1.229111045235,1.264293894541,
    1.301747420319,1.343443316663,1.395688312405,1.442858256558,
    1.482669062134,1.519059532937,1.553302712945,1.587015901106,
    1.621484904451,1.656849043116,1.693889858805,1.732245551009,
    1.77224979778,1.816027344413,1.863155102583,1.914103120913,
    1.936465832762),.UNSPECIFIED.);
#850 = CARTESIAN_POINT('',(41.445760102681,10.9));
#851 = CARTESIAN_POINT('',(41.344369855704,10.9));
#852 = CARTESIAN_POINT('',(41.247008219917,10.897499608775));
#853 = CARTESIAN_POINT('',(41.153654525122,10.892506856919));
#854 = CARTESIAN_POINT('',(41.058438779063,10.887414518646));
#855 = CARTESIAN_POINT('',(40.96739234828,10.879729419369));
#856 = CARTESIAN_POINT('',(40.880440782536,10.86947800467));
#857 = CARTESIAN_POINT('',(40.791565449622,10.85899978169));
#858 = CARTESIAN_POINT('',(40.706968061421,10.845840448206));
#859 = CARTESIAN_POINT('',(40.62651649139,10.830046521575));
#860 = CARTESIAN_POINT('',(40.544067130666,10.813860396761));
#861 = CARTESIAN_POINT('',(40.465971909397,10.794907228102));
#862 = CARTESIAN_POINT('',(40.392035860669,10.77325579394));
#863 = CARTESIAN_POINT('',(40.316008392299,10.750991908403));
#864 = CARTESIAN_POINT('',(40.244378568946,10.725874967799));
#865 = CARTESIAN_POINT('',(40.176881502569,10.697999004104));
#866 = CARTESIAN_POINT('',(40.107167583746,10.669207491015));
#867 = CARTESIAN_POINT('',(40.041862166513,10.637472766858));
#868 = CARTESIAN_POINT('',(39.980620304174,10.602918389003));
#869 = CARTESIAN_POINT('',(39.916982510163,10.567012159243));
#870 = CARTESIAN_POINT('',(39.857732219627,10.528061357837));
#871 = CARTESIAN_POINT('',(39.802429064701,10.486225522221));
#872 = CARTESIAN_POINT('',(39.744454402212,10.442368739492));
#873 = CARTESIAN_POINT('',(39.690817146047,10.395341477261));
#874 = CARTESIAN_POINT('',(39.640956336556,10.345349799933));
#875 = CARTESIAN_POINT('',(39.588184061146,10.292439015067));
#876 = CARTESIAN_POINT('',(39.539641728687,10.236207537444));
#877 = CARTESIAN_POINT('',(39.49461095177,10.176923752345));
#878 = CARTESIAN_POINT('',(39.447368496236,10.114728254663));
#879 = CARTESIAN_POINT('',(39.403990716433,10.049173298459));
#880 = CARTESIAN_POINT('',(39.36359710138,9.980593927724));
#881 = CARTESIAN_POINT('',(39.319128664402,9.905096416014));
#882 = CARTESIAN_POINT('',(39.278276743213,9.825933392921));
#883 = CARTESIAN_POINT('',(39.239808454245,9.743582678233));
#884 = CARTESIAN_POINT('',(39.197403885879,9.652805401555));
#885 = CARTESIAN_POINT('',(39.157895090585,9.558154679247));
#886 = CARTESIAN_POINT('',(39.119568739419,9.460307597788));
#887 = CARTESIAN_POINT('',(39.074149048005,9.344351235902));
#888 = CARTESIAN_POINT('',(39.030388378119,9.223905691993));
#889 = CARTESIAN_POINT('',(38.985368380206,9.100150471202));
#890 = CARTESIAN_POINT('',(38.936557061932,8.965973311046));
#891 = CARTESIAN_POINT('',(38.88625985391,8.827906962568));
#892 = CARTESIAN_POINT('',(38.830744415031,8.687501138703));
#893 = CARTESIAN_POINT('',(38.790995098698,8.586969905941));
#894 = CARTESIAN_POINT('',(38.748569528807,8.485240489639));
#895 = CARTESIAN_POINT('',(38.702122420181,8.382887159272));
#896 = CARTESIAN_POINT('',(38.662062602495,8.294609204513));
#897 = CARTESIAN_POINT('',(38.619010471091,8.205867453407));
#898 = CARTESIAN_POINT('',(38.572137532275,8.117027419144));
#899 = CARTESIAN_POINT('',(38.52894761841,8.035167959839));
#900 = CARTESIAN_POINT('',(38.482513288244,7.953225212109));
#901 = CARTESIAN_POINT('',(38.432226164089,7.871479449269));
#902 = CARTESIAN_POINT('',(38.384738919044,7.794285115002));
#903 = CARTESIAN_POINT('',(38.333815644852,7.717266542999));
#904 = CARTESIAN_POINT('',(38.278986419041,7.640652705267));
#905 = CARTESIAN_POINT('',(38.226528983934,7.567353012236));
#906 = CARTESIAN_POINT('',(38.170495965315,7.494423870167));
#907 = CARTESIAN_POINT('',(38.110519844127,7.422057912788));
#908 = CARTESIAN_POINT('',(38.052667874582,7.352254913201));
#909 = CARTESIAN_POINT('',(37.991146956988,7.282975971694));
#910 = CARTESIAN_POINT('',(37.925672400074,7.214385499085));
#911 = CARTESIAN_POINT('',(37.862162268034,7.147852937776));
#912 = CARTESIAN_POINT('',(37.794932008388,7.081968201655));
#913 = CARTESIAN_POINT('',(37.723767768673,7.016872443696));
#914 = CARTESIAN_POINT('',(37.654336058144,6.953361474685));
#915 = CARTESIAN_POINT('',(37.581159423348,6.890601579536));
#916 = CARTESIAN_POINT('',(37.504086154996,6.82871456646));
#917 = CARTESIAN_POINT('',(37.427499913749,6.76721861832));
#918 = CARTESIAN_POINT('',(37.347065905571,6.706584614237));
#919 = CARTESIAN_POINT('',(37.262685443855,6.646921953354));
#920 = CARTESIAN_POINT('',(37.177806516174,6.586906843513));
#921 = CARTESIAN_POINT('',(37.088934409107,6.527874614034));
#922 = CARTESIAN_POINT('',(36.996020759209,6.469925728302));
#923 = CARTESIAN_POINT('',(36.902513087286,6.411606359714));
#924 = CARTESIAN_POINT('',(36.804912073193,6.354384259513));
#925 = CARTESIAN_POINT('',(36.703220381225,6.298350421948));
#926 = CARTESIAN_POINT('',(36.600860085803,6.241948172603));
#927 = CARTESIAN_POINT('',(36.494355189877,6.186749892071));
#928 = CARTESIAN_POINT('',(36.383760225179,6.13283642202));
#929 = CARTESIAN_POINT('',(36.272417084489,6.078558226829));
#930 = CARTESIAN_POINT('',(36.1569283962,6.025582315633));
#931 = CARTESIAN_POINT('',(36.037401458438,5.973978639548));
#932 = CARTESIAN_POINT('',(35.917042104159,5.922015582113));
#933 = CARTESIAN_POINT('',(35.792588106972,5.871443972474));
#934 = CARTESIAN_POINT('',(35.664200494452,5.82232207289));
#935 = CARTESIAN_POINT('',(35.53489196875,5.772847826192));
#936 = CARTESIAN_POINT('',(35.401593246007,5.724844196224));
#937 = CARTESIAN_POINT('',(35.264520115585,5.678356891182));
#938 = CARTESIAN_POINT('',(35.126433839751,5.631525985612));
#939 = CARTESIAN_POINT('',(34.984517208913,5.586233939791));
#940 = CARTESIAN_POINT('',(34.839041881233,5.542512968372));
#941 = CARTESIAN_POINT('',(34.69245809407,5.498458861939));
#942 = CARTESIAN_POINT('',(34.542261229104,5.455999901988));
#943 = CARTESIAN_POINT('',(34.388780000525,5.415153787604));
#944 = CARTESIAN_POINT('',(34.232928287239,5.373676813732));
#945 = CARTESIAN_POINT('',(34.073689992563,5.333862948258));
#946 = CARTESIAN_POINT('',(33.911461089128,5.295714261584));
#947 = CARTESIAN_POINT('',(33.738762045803,5.255103485371));
#948 = CARTESIAN_POINT('',(33.562674343319,5.216379786495));
#949 = CARTESIAN_POINT('',(33.383731984096,5.17952608526));
#950 = CARTESIAN_POINT('',(33.18452077749,5.138497955739));
#951 = CARTESIAN_POINT('',(32.981772330461,5.099787556005));
#952 = CARTESIAN_POINT('',(32.776282198602,5.06334650634));
#953 = CARTESIAN_POINT('',(32.518802877968,5.01768583823));
#954 = CARTESIAN_POINT('',(32.257021386878,4.97558878239));
#955 = CARTESIAN_POINT('',(31.992569497676,4.936914876868));
#956 = CARTESIAN_POINT('',(31.753806326818,4.901997734321));
#957 = CARTESIAN_POINT('',(31.512870617354,4.869869768094));
#958 = CARTESIAN_POINT('',(31.270955402846,4.840403077876));
#959 = CARTESIAN_POINT('',(31.066782178907,4.815533583194));
#960 = CARTESIAN_POINT('',(30.861912261376,4.792559147775));
#961 = CARTESIAN_POINT('',(30.657027934929,4.771395506976));
#962 = CARTESIAN_POINT('',(30.469746190897,4.752050134747));
#963 = CARTESIAN_POINT('',(30.282452935157,4.734217537606));
#964 = CARTESIAN_POINT('',(30.09562772323,4.717831684488));
#965 = CARTESIAN_POINT('',(29.919826497781,4.702412710633));
#966 = CARTESIAN_POINT('',(29.744440074325,4.688274643115));
#967 = CARTESIAN_POINT('',(29.569823350551,4.675363430956));
#968 = CARTESIAN_POINT('',(29.39790922156,4.662652049454));
#969 = CARTESIAN_POINT('',(29.226741520696,4.651129751893));
#970 = CARTESIAN_POINT('',(29.056607791722,4.64074768085));
#971 = CARTESIAN_POINT('',(28.882659838629,4.630132854397));
#972 = CARTESIAN_POINT('',(28.70979259579,4.620709976006));
#973 = CARTESIAN_POINT('',(28.538258574984,4.612430024591));
#974 = CARTESIAN_POINT('',(28.362269938556,4.60393504877));
#975 = CARTESIAN_POINT('',(28.187684506075,4.596643160523));
#976 = CARTESIAN_POINT('',(28.014720247455,4.590504354671));
#977 = CARTESIAN_POINT('',(27.833555444182,4.584074497061));
#978 = CARTESIAN_POINT('',(27.65416914011,4.578909681596));
#979 = CARTESIAN_POINT('',(27.476753862047,4.57495520312));
#980 = CARTESIAN_POINT('',(27.293040688583,4.570860348392));
#981 = CARTESIAN_POINT('',(27.111440709992,4.568063331398));
#982 = CARTESIAN_POINT('',(26.932109419144,4.566505707576));
#983 = CARTESIAN_POINT('',(26.745070343578,4.56488113599));
#984 = CARTESIAN_POINT('',(26.560498852952,4.564604848718));
#985 = CARTESIAN_POINT('',(26.378513351534,4.565612151123));
#986 = CARTESIAN_POINT('',(26.179362525858,4.566714464792));
#987 = CARTESIAN_POINT('',(25.983308428163,4.569354027736));
#988 = CARTESIAN_POINT('',(25.790440788109,4.573446702189));
#989 = CARTESIAN_POINT('',(25.582813358101,4.577852581156));
#990 = CARTESIAN_POINT('',(25.378877988394,4.583942664516));
#991 = CARTESIAN_POINT('',(25.178681081972,4.591610502024));
#992 = CARTESIAN_POINT('',(24.962255857138,4.59989990812));
#993 = CARTESIAN_POINT('',(24.750198856692,4.610033428289));
#994 = CARTESIAN_POINT('',(24.542510759729,4.621871461933));
#995 = CARTESIAN_POINT('',(24.45134982317,4.627067552849));
#996 = CARTESIAN_POINT('',(24.361029946302,4.632591960394));
#997 = CARTESIAN_POINT('',(24.271548017461,4.638432566183));
#998 = ( GEOMETRIC_REPRESENTATION_CONTEXT(2) 
PARAMETRIC_REPRESENTATION_CONTEXT() REPRESENTATION_CONTEXT('2D SPACE',''
  ) );
#999 = PCURVE('',#1000,#1031);
#1000 = B_SPLINE_SURFACE_WITH_KNOTS('',5,1,(
    (#1001,#1002)
    ,(#1003,#1004)
    ,(#1005,#1006)
    ,(#1007,#1008)
    ,(#1009,#1010)
    ,(#1011,#1012)
    ,(#1013,#1014)
    ,(#1015,#1016)
    ,(#1017,#1018)
    ,(#1019,#1020)
    ,(#1021,#1022)
    ,(#1023,#1024)
    ,(#1025,#1026)
    ,(#1027,#1028)
    ,(#1029,#1030
    )),.UNSPECIFIED.,.F.,.F.,.F.,(6,1,1,1,1,1,1,1,1,1,6),(2,2),(-1.,-0.9
    ,-0.8,-0.7,-0.6,-0.5,-0.4,-0.3,-0.2,-0.1,0.),(0.,5.),.UNSPECIFIED.);
#1001 = CARTESIAN_POINT('',(20.,1.389700421721,25.631969638302));
#1002 = CARTESIAN_POINT('',(-30.,1.389700421721,25.631969638302));
#1003 = CARTESIAN_POINT('',(20.,0.64406668224,25.534350768796));
#1004 = CARTESIAN_POINT('',(-30.,0.64406668224,25.534350768796));
#1005 = CARTESIAN_POINT('',(20.,-0.751202338068,25.327912080367));
#1006 = CARTESIAN_POINT('',(-30.,-0.751202338068,25.327912080367));
#1007 = CARTESIAN_POINT('',(20.,-2.555291052705,24.984788746144));
#1008 = CARTESIAN_POINT('',(-30.,-2.555291052705,24.984788746144));
#1009 = CARTESIAN_POINT('',(20.,-4.550188389331,24.478309128474));
#1010 = CARTESIAN_POINT('',(-30.,-4.550188389331,24.478309128474));
#1011 = CARTESIAN_POINT('',(20.,-7.104377406499,23.885911640163));
#1012 = CARTESIAN_POINT('',(-30.,-7.104377406499,23.885911640163));
#1013 = CARTESIAN_POINT('',(20.,-10.52358002538,23.493354970272));
#1014 = CARTESIAN_POINT('',(-30.,-10.52358002538,23.493354970272));
#1015 = CARTESIAN_POINT('',(20.,-14.99890275154,23.519008631338));
#1016 = CARTESIAN_POINT('',(-30.,-14.99890275154,23.519008631338));
#1017 = CARTESIAN_POINT('',(20.,-20.29869015261,24.126220312022));
#1018 = CARTESIAN_POINT('',(-30.,-20.29869015261,24.126220312022));
#1019 = CARTESIAN_POINT('',(20.,-23.78713724608,25.625593575977));
#1020 = CARTESIAN_POINT('',(-30.,-23.78713724608,25.625593575977));
#1021 = CARTESIAN_POINT('',(20.,-24.73508685768,27.701216619408));
#1022 = CARTESIAN_POINT('',(-30.,-24.73508685768,27.701216619408));
#1023 = CARTESIAN_POINT('',(20.,-24.92901387327,29.154792521192));
#1024 = CARTESIAN_POINT('',(-30.,-24.92901387327,29.154792521192));
#1025 = CARTESIAN_POINT('',(20.,-25.6793856204,29.764573999683));
#1026 = CARTESIAN_POINT('',(-30.,-25.6793856204,29.764573999683));
#1027 = CARTESIAN_POINT('',(20.,-26.61760468917,29.9));
#1028 = CARTESIAN_POINT('',(-30.,-26.61760468917,29.9));
#1029 = CARTESIAN_POINT('',(20.,-27.19576010268,29.9));
#1030 = CARTESIAN_POINT('',(-30.,-27.19576010268,29.9));
#1031 = DEFINITIONAL_REPRESENTATION('',(#1032),#1035);
#1032 = B_SPLINE_CURVE_WITH_KNOTS('',1,(#1033,#1034),.UNSPECIFIED.,.F.,
  .F.,(2,2),(0.,1.936465832762),.PIECEWISE_BEZIER_KNOTS.);
#1033 = CARTESIAN_POINT('',(-3.441150274905E-15,4.));
#1034 = CARTESIAN_POINT('',(-0.619816934156,4.));
#1035 = ( GEOMETRIC_REPRESENTATION_CONTEXT(2) 
PARAMETRIC_REPRESENTATION_CONTEXT() REPRESENTATION_CONTEXT('2D SPACE',''
  ) );
#1036 = FACE_BOUND('',#1037,.T.);
#1037 = EDGE_LOOP('',(#1038));
#1038 = ORIENTED_EDGE('',*,*,#494,.F.);
#1039 = ADVANCED_FACE('',(#1040),#481,.F.);
#1040 = FACE_BOUND('',#1041,.F.);
#1041 = EDGE_LOOP('',(#1042,#1065,#1096,#1097));
#1042 = ORIENTED_EDGE('',*,*,#1043,.T.);
#1043 = EDGE_CURVE('',#439,#1044,#1046,.T.);
#1044 = VERTEX_POINT('',#1045);
#1045 = CARTESIAN_POINT('',(-17.2,-30.25,25.3));
#1046 = SEAM_CURVE('',#1047,(#1051,#1058),.PCURVE_S1.);
#1047 = LINE('',#1048,#1049);
#1048 = CARTESIAN_POINT('',(-20.,-30.25,25.3));
#1049 = VECTOR('',#1050,1.);
#1050 = DIRECTION('',(1.,-8.881784197001E-17,0.));
#1051 = PCURVE('',#481,#1052);
#1052 = DEFINITIONAL_REPRESENTATION('',(#1053),#1057);
#1053 = LINE('',#1054,#1055);
#1054 = CARTESIAN_POINT('',(9.424777960769,0.));
#1055 = VECTOR('',#1056,1.);
#1056 = DIRECTION('',(0.,1.));
#1057 = ( GEOMETRIC_REPRESENTATION_CONTEXT(2) 
PARAMETRIC_REPRESENTATION_CONTEXT() REPRESENTATION_CONTEXT('2D SPACE',''
  ) );
#1058 = PCURVE('',#481,#1059);
#1059 = DEFINITIONAL_REPRESENTATION('',(#1060),#1064);
#1060 = LINE('',#1061,#1062);
#1061 = CARTESIAN_POINT('',(3.14159265359,0.));
#1062 = VECTOR('',#1063,1.);
#1063 = DIRECTION('',(0.,1.));
#1064 = ( GEOMETRIC_REPRESENTATION_CONTEXT(2) 
PARAMETRIC_REPRESENTATION_CONTEXT() REPRESENTATION_CONTEXT('2D SPACE',''
  ) );
#1065 = ORIENTED_EDGE('',*,*,#1066,.T.);
#1066 = EDGE_CURVE('',#1044,#1044,#1067,.T.);
#1067 = SURFACE_CURVE('',#1068,(#1073,#1080),.PCURVE_S1.);
#1068 = CIRCLE('',#1069,1.75);
#1069 = AXIS2_PLACEMENT_3D('',#1070,#1071,#1072);
#1070 = CARTESIAN_POINT('',(-17.2,-32.,25.3));
#1071 = DIRECTION('',(-1.,0.,0.));
#1072 = DIRECTION('',(-0.,-1.,0.));
#1073 = PCURVE('',#481,#1074);
#1074 = DEFINITIONAL_REPRESENTATION('',(#1075),#1079);
#1075 = LINE('',#1076,#1077);
#1076 = CARTESIAN_POINT('',(12.566370614359,2.8));
#1077 = VECTOR('',#1078,1.);
#1078 = DIRECTION('',(-1.,0.));
#1079 = ( GEOMETRIC_REPRESENTATION_CONTEXT(2) 
PARAMETRIC_REPRESENTATION_CONTEXT() REPRESENTATION_CONTEXT('2D SPACE',''
  ) );
#1080 = PCURVE('',#1081,#1086);
#1081 = PLANE('',#1082);
#1082 = AXIS2_PLACEMENT_3D('',#1083,#1084,#1085);
#1083 = CARTESIAN_POINT('',(-17.2,-35.45,20.9));
#1084 = DIRECTION('',(1.,0.,0.));
#1085 = DIRECTION('',(-0.,1.,0.));
#1086 = DEFINITIONAL_REPRESENTATION('',(#1087),#1095);
#1087 = ( BOUNDED_CURVE() B_SPLINE_CURVE(2,(#1088,#1089,#1090,#1091,
#1092,#1093,#1094),.UNSPECIFIED.,.T.,.F.) B_SPLINE_CURVE_WITH_KNOTS((1,2
    ,2,2,2,1),(-2.094395102393,0.,2.094395102393,4.188790204786,
6.28318530718,8.377580409573),.UNSPECIFIED.) CURVE() 
GEOMETRIC_REPRESENTATION_ITEM() RATIONAL_B_SPLINE_CURVE((1.,0.5,1.,0.5,
1.,0.5,1.)) REPRESENTATION_ITEM('') );
#1088 = CARTESIAN_POINT('',(1.7,4.4));
#1089 = CARTESIAN_POINT('',(1.7,7.431088913246));
#1090 = CARTESIAN_POINT('',(4.325,5.915544456623));
#1091 = CARTESIAN_POINT('',(6.95,4.4));
#1092 = CARTESIAN_POINT('',(4.325,2.884455543377));
#1093 = CARTESIAN_POINT('',(1.7,1.368911086754));
#1094 = CARTESIAN_POINT('',(1.7,4.4));
#1095 = ( GEOMETRIC_REPRESENTATION_CONTEXT(2) 
PARAMETRIC_REPRESENTATION_CONTEXT() REPRESENTATION_CONTEXT('2D SPACE',''
  ) );
#1096 = ORIENTED_EDGE('',*,*,#1043,.F.);
#1097 = ORIENTED_EDGE('',*,*,#466,.T.);
#1098 = ADVANCED_FACE('',(#1099),#1113,.F.);
#1099 = FACE_BOUND('',#1100,.F.);
#1100 = EDGE_LOOP('',(#1101,#1131,#1158,#1159));
#1101 = ORIENTED_EDGE('',*,*,#1102,.T.);
#1102 = EDGE_CURVE('',#1103,#1105,#1107,.T.);
#1103 = VERTEX_POINT('',#1104);
#1104 = CARTESIAN_POINT('',(2.7,-8.,20.9));
#1105 = VERTEX_POINT('',#1106);
#1106 = CARTESIAN_POINT('',(1.2,-8.,19.4));
#1107 = SEAM_CURVE('',#1108,(#1112,#1124),.PCURVE_S1.);
#1108 = LINE('',#1109,#1110);
#1109 = CARTESIAN_POINT('',(1.95,-8.,20.15));
#1110 = VECTOR('',#1111,1.);
#1111 = DIRECTION('',(-0.707106781187,-8.659560562355E-17,
    -0.707106781187));
#1112 = PCURVE('',#1113,#1118);
#1113 = CONICAL_SURFACE('',#1114,1.95,0.785398163397);
#1114 = AXIS2_PLACEMENT_3D('',#1115,#1116,#1117);
#1115 = CARTESIAN_POINT('',(0.,-8.,20.15));
#1116 = DIRECTION('',(0.,0.,1.));
#1117 = DIRECTION('',(-1.,0.,0.));
#1118 = DEFINITIONAL_REPRESENTATION('',(#1119),#1123);
#1119 = LINE('',#1120,#1121);
#1120 = CARTESIAN_POINT('',(3.14159265359,3.140184917368E-16));
#1121 = VECTOR('',#1122,1.);
#1122 = DIRECTION('',(0.,-1.));
#1123 = ( GEOMETRIC_REPRESENTATION_CONTEXT(2) 
PARAMETRIC_REPRESENTATION_CONTEXT() REPRESENTATION_CONTEXT('2D SPACE',''
  ) );
#1124 = PCURVE('',#1113,#1125);
#1125 = DEFINITIONAL_REPRESENTATION('',(#1126),#1130);
#1126 = LINE('',#1127,#1128);
#1127 = CARTESIAN_POINT('',(9.424777960769,3.140184917368E-16));
#1128 = VECTOR('',#1129,1.);
#1129 = DIRECTION('',(0.,-1.));
#1130 = ( GEOMETRIC_REPRESENTATION_CONTEXT(2) 
PARAMETRIC_REPRESENTATION_CONTEXT() REPRESENTATION_CONTEXT('2D SPACE',''
  ) );
#1131 = ORIENTED_EDGE('',*,*,#1132,.F.);
#1132 = EDGE_CURVE('',#1105,#1105,#1133,.T.);
#1133 = SURFACE_CURVE('',#1134,(#1139,#1146),.PCURVE_S1.);
#1134 = CIRCLE('',#1135,1.2);
#1135 = AXIS2_PLACEMENT_3D('',#1136,#1137,#1138);
#1136 = CARTESIAN_POINT('',(0.,-8.,19.4));
#1137 = DIRECTION('',(0.,0.,-1.));
#1138 = DIRECTION('',(-1.,0.,0.));
#1139 = PCURVE('',#1113,#1140);
#1140 = DEFINITIONAL_REPRESENTATION('',(#1141),#1145);
#1141 = LINE('',#1142,#1143);
#1142 = CARTESIAN_POINT('',(12.566370614359,-0.75));
#1143 = VECTOR('',#1144,1.);
#1144 = DIRECTION('',(-1.,0.));
#1145 = ( GEOMETRIC_REPRESENTATION_CONTEXT(2) 
PARAMETRIC_REPRESENTATION_CONTEXT() REPRESENTATION_CONTEXT('2D SPACE',''
  ) );
#1146 = PCURVE('',#1147,#1152);
#1147 = CYLINDRICAL_SURFACE('',#1148,1.2);
#1148 = AXIS2_PLACEMENT_3D('',#1149,#1150,#1151);
#1149 = CARTESIAN_POINT('',(0.,-8.,19.));
#1150 = DIRECTION('',(0.,0.,1.));
#1151 = DIRECTION('',(-1.,0.,0.));
#1152 = DEFINITIONAL_REPRESENTATION('',(#1153),#1157);
#1153 = LINE('',#1154,#1155);
#1154 = CARTESIAN_POINT('',(6.28318530718,0.4));
#1155 = VECTOR('',#1156,1.);
#1156 = DIRECTION('',(-1.,0.));
#1157 = ( GEOMETRIC_REPRESENTATION_CONTEXT(2) 
PARAMETRIC_REPRESENTATION_CONTEXT() REPRESENTATION_CONTEXT('2D SPACE',''
  ) );
#1158 = ORIENTED_EDGE('',*,*,#1102,.F.);
#1159 = ORIENTED_EDGE('',*,*,#1160,.F.);
#1160 = EDGE_CURVE('',#1103,#1103,#1161,.T.);
#1161 = SURFACE_CURVE('',#1162,(#1167,#1174),.PCURVE_S1.);
#1162 = CIRCLE('',#1163,2.7);
#1163 = AXIS2_PLACEMENT_3D('',#1164,#1165,#1166);
#1164 = CARTESIAN_POINT('',(0.,-8.,20.9));
#1165 = DIRECTION('',(0.,0.,1.));
#1166 = DIRECTION('',(-1.,0.,0.));
#1167 = PCURVE('',#1113,#1168);
#1168 = DEFINITIONAL_REPRESENTATION('',(#1169),#1173);
#1169 = LINE('',#1170,#1171);
#1170 = CARTESIAN_POINT('',(0.,0.75));
#1171 = VECTOR('',#1172,1.);
#1172 = DIRECTION('',(1.,0.));
#1173 = ( GEOMETRIC_REPRESENTATION_CONTEXT(2) 
PARAMETRIC_REPRESENTATION_CONTEXT() REPRESENTATION_CONTEXT('2D SPACE',''
  ) );
#1174 = PCURVE('',#1175,#1180);
#1175 = PLANE('',#1176);
#1176 = AXIS2_PLACEMENT_3D('',#1177,#1178,#1179);
#1177 = CARTESIAN_POINT('',(0.,-12.,20.9));
#1178 = DIRECTION('',(0.,0.,1.));
#1179 = DIRECTION('',(-1.,0.,0.));
#1180 = DEFINITIONAL_REPRESENTATION('',(#1181),#1185);
#1181 = CIRCLE('',#1182,2.7);
#1182 = AXIS2_PLACEMENT_2D('',#1183,#1184);
#1183 = CARTESIAN_POINT('',(0.,-4.));
#1184 = DIRECTION('',(1.,0.));
#1185 = ( GEOMETRIC_REPRESENTATION_CONTEXT(2) 
PARAMETRIC_REPRESENTATION_CONTEXT() REPRESENTATION_CONTEXT('2D SPACE',''
  ) );
#1186 = ADVANCED_FACE('',(#1187,#1291,#1322,#1353,#1388,#1419),#1175,.T.
  );
#1187 = FACE_BOUND('',#1188,.T.);
#1188 = EDGE_LOOP('',(#1189,#1214,#1242,#1265));
#1189 = ORIENTED_EDGE('',*,*,#1190,.T.);
#1190 = EDGE_CURVE('',#1191,#1193,#1195,.T.);
#1191 = VERTEX_POINT('',#1192);
#1192 = CARTESIAN_POINT('',(-17.2,11.45,20.9));
#1193 = VERTEX_POINT('',#1194);
#1194 = CARTESIAN_POINT('',(-17.2,-35.45,20.9));
#1195 = SURFACE_CURVE('',#1196,(#1200,#1207),.PCURVE_S1.);
#1196 = LINE('',#1197,#1198);
#1197 = CARTESIAN_POINT('',(-17.2,-23.725,20.9));
#1198 = VECTOR('',#1199,1.);
#1199 = DIRECTION('',(0.,-1.,0.));
#1200 = PCURVE('',#1175,#1201);
#1201 = DEFINITIONAL_REPRESENTATION('',(#1202),#1206);
#1202 = LINE('',#1203,#1204);
#1203 = CARTESIAN_POINT('',(17.2,11.725));
#1204 = VECTOR('',#1205,1.);
#1205 = DIRECTION('',(0.,1.));
#1206 = ( GEOMETRIC_REPRESENTATION_CONTEXT(2) 
PARAMETRIC_REPRESENTATION_CONTEXT() REPRESENTATION_CONTEXT('2D SPACE',''
  ) );
#1207 = PCURVE('',#1081,#1208);
#1208 = DEFINITIONAL_REPRESENTATION('',(#1209),#1213);
#1209 = LINE('',#1210,#1211);
#1210 = CARTESIAN_POINT('',(11.725,0.));
#1211 = VECTOR('',#1212,1.);
#1212 = DIRECTION('',(-1.,0.));
#1213 = ( GEOMETRIC_REPRESENTATION_CONTEXT(2) 
PARAMETRIC_REPRESENTATION_CONTEXT() REPRESENTATION_CONTEXT('2D SPACE',''
  ) );
#1214 = ORIENTED_EDGE('',*,*,#1215,.T.);
#1215 = EDGE_CURVE('',#1193,#1216,#1218,.T.);
#1216 = VERTEX_POINT('',#1217);
#1217 = CARTESIAN_POINT('',(17.2,-35.45,20.9));
#1218 = SURFACE_CURVE('',#1219,(#1223,#1230),.PCURVE_S1.);
#1219 = LINE('',#1220,#1221);
#1220 = CARTESIAN_POINT('',(8.6,-35.45,20.9));
#1221 = VECTOR('',#1222,1.);
#1222 = DIRECTION('',(1.,2.581914010756E-16,0.));
#1223 = PCURVE('',#1175,#1224);
#1224 = DEFINITIONAL_REPRESENTATION('',(#1225),#1229);
#1225 = LINE('',#1226,#1227);
#1226 = CARTESIAN_POINT('',(-8.6,23.45));
#1227 = VECTOR('',#1228,1.);
#1228 = DIRECTION('',(-1.,-2.581914010756E-16));
#1229 = ( GEOMETRIC_REPRESENTATION_CONTEXT(2) 
PARAMETRIC_REPRESENTATION_CONTEXT() REPRESENTATION_CONTEXT('2D SPACE',''
  ) );
#1230 = PCURVE('',#1231,#1236);
#1231 = PLANE('',#1232);
#1232 = AXIS2_PLACEMENT_3D('',#1233,#1234,#1235);
#1233 = CARTESIAN_POINT('',(17.2,-35.45,20.9));
#1234 = DIRECTION('',(-2.581914010756E-16,1.,0.));
#1235 = DIRECTION('',(-1.,-2.581914010756E-16,0.));
#1236 = DEFINITIONAL_REPRESENTATION('',(#1237),#1241);
#1237 = LINE('',#1238,#1239);
#1238 = CARTESIAN_POINT('',(8.6,0.));
#1239 = VECTOR('',#1240,1.);
#1240 = DIRECTION('',(-1.,0.));
#1241 = ( GEOMETRIC_REPRESENTATION_CONTEXT(2) 
PARAMETRIC_REPRESENTATION_CONTEXT() REPRESENTATION_CONTEXT('2D SPACE',''
  ) );
#1242 = ORIENTED_EDGE('',*,*,#1243,.T.);
#1243 = EDGE_CURVE('',#1216,#1244,#1246,.T.);
#1244 = VERTEX_POINT('',#1245);
#1245 = CARTESIAN_POINT('',(17.2,11.45,20.9));
#1246 = SURFACE_CURVE('',#1247,(#1251,#1258),.PCURVE_S1.);
#1247 = LINE('',#1248,#1249);
#1248 = CARTESIAN_POINT('',(17.2,-0.275,20.9));
#1249 = VECTOR('',#1250,1.);
#1250 = DIRECTION('',(0.,1.,0.));
#1251 = PCURVE('',#1175,#1252);
#1252 = DEFINITIONAL_REPRESENTATION('',(#1253),#1257);
#1253 = LINE('',#1254,#1255);
#1254 = CARTESIAN_POINT('',(-17.2,-11.725));
#1255 = VECTOR('',#1256,1.);
#1256 = DIRECTION('',(0.,-1.));
#1257 = ( GEOMETRIC_REPRESENTATION_CONTEXT(2) 
PARAMETRIC_REPRESENTATION_CONTEXT() REPRESENTATION_CONTEXT('2D SPACE',''
  ) );
#1258 = PCURVE('',#417,#1259);
#1259 = DEFINITIONAL_REPRESENTATION('',(#1260),#1264);
#1260 = LINE('',#1261,#1262);
#1261 = CARTESIAN_POINT('',(11.725,0.));
#1262 = VECTOR('',#1263,1.);
#1263 = DIRECTION('',(-1.,0.));
#1264 = ( GEOMETRIC_REPRESENTATION_CONTEXT(2) 
PARAMETRIC_REPRESENTATION_CONTEXT() REPRESENTATION_CONTEXT('2D SPACE',''
  ) );
#1265 = ORIENTED_EDGE('',*,*,#1266,.T.);
#1266 = EDGE_CURVE('',#1244,#1191,#1267,.T.);
#1267 = SURFACE_CURVE('',#1268,(#1272,#1279),.PCURVE_S1.);
#1268 = LINE('',#1269,#1270);
#1269 = CARTESIAN_POINT('',(-8.6,11.45,20.9));
#1270 = VECTOR('',#1271,1.);
#1271 = DIRECTION('',(-1.,-6.45478502689E-17,0.));
#1272 = PCURVE('',#1175,#1273);
#1273 = DEFINITIONAL_REPRESENTATION('',(#1274),#1278);
#1274 = LINE('',#1275,#1276);
#1275 = CARTESIAN_POINT('',(8.6,-23.45));
#1276 = VECTOR('',#1277,1.);
#1277 = DIRECTION('',(1.,6.45478502689E-17));
#1278 = ( GEOMETRIC_REPRESENTATION_CONTEXT(2) 
PARAMETRIC_REPRESENTATION_CONTEXT() REPRESENTATION_CONTEXT('2D SPACE',''
  ) );
#1279 = PCURVE('',#1280,#1285);
#1280 = PLANE('',#1281);
#1281 = AXIS2_PLACEMENT_3D('',#1282,#1283,#1284);
#1282 = CARTESIAN_POINT('',(-17.2,11.45,20.9));
#1283 = DIRECTION('',(6.45478502689E-17,-1.,0.));
#1284 = DIRECTION('',(1.,6.45478502689E-17,0.));
#1285 = DEFINITIONAL_REPRESENTATION('',(#1286),#1290);
#1286 = LINE('',#1287,#1288);
#1287 = CARTESIAN_POINT('',(8.6,0.));
#1288 = VECTOR('',#1289,1.);
#1289 = DIRECTION('',(-1.,0.));
#1290 = ( GEOMETRIC_REPRESENTATION_CONTEXT(2) 
PARAMETRIC_REPRESENTATION_CONTEXT() REPRESENTATION_CONTEXT('2D SPACE',''
  ) );
#1291 = FACE_BOUND('',#1292,.T.);
#1292 = EDGE_LOOP('',(#1293));
#1293 = ORIENTED_EDGE('',*,*,#1294,.F.);
#1294 = EDGE_CURVE('',#1295,#1295,#1297,.T.);
#1295 = VERTEX_POINT('',#1296);
#1296 = CARTESIAN_POINT('',(10.7,3.306546357698E-16,20.9));
#1297 = SURFACE_CURVE('',#1298,(#1303,#1310),.PCURVE_S1.);
#1298 = CIRCLE('',#1299,2.7);
#1299 = AXIS2_PLACEMENT_3D('',#1300,#1301,#1302);
#1300 = CARTESIAN_POINT('',(8.,0.,20.9));
#1301 = DIRECTION('',(0.,0.,1.));
#1302 = DIRECTION('',(-1.,0.,0.));
#1303 = PCURVE('',#1175,#1304);
#1304 = DEFINITIONAL_REPRESENTATION('',(#1305),#1309);
#1305 = CIRCLE('',#1306,2.7);
#1306 = AXIS2_PLACEMENT_2D('',#1307,#1308);
#1307 = CARTESIAN_POINT('',(-8.,-12.));
#1308 = DIRECTION('',(1.,0.));
#1309 = ( GEOMETRIC_REPRESENTATION_CONTEXT(2) 
PARAMETRIC_REPRESENTATION_CONTEXT() REPRESENTATION_CONTEXT('2D SPACE',''
  ) );
#1310 = PCURVE('',#1311,#1316);
#1311 = CONICAL_SURFACE('',#1312,1.95,0.785398163397);
#1312 = AXIS2_PLACEMENT_3D('',#1313,#1314,#1315);
#1313 = CARTESIAN_POINT('',(8.,0.,20.15));
#1314 = DIRECTION('',(0.,0.,1.));
#1315 = DIRECTION('',(-1.,0.,0.));
#1316 = DEFINITIONAL_REPRESENTATION('',(#1317),#1321);
#1317 = LINE('',#1318,#1319);
#1318 = CARTESIAN_POINT('',(0.,0.75));
#1319 = VECTOR('',#1320,1.);
#1320 = DIRECTION('',(1.,0.));
#1321 = ( GEOMETRIC_REPRESENTATION_CONTEXT(2) 
PARAMETRIC_REPRESENTATION_CONTEXT() REPRESENTATION_CONTEXT('2D SPACE',''
  ) );
#1322 = FACE_BOUND('',#1323,.T.);
#1323 = EDGE_LOOP('',(#1324));
#1324 = ORIENTED_EDGE('',*,*,#1325,.F.);
#1325 = EDGE_CURVE('',#1326,#1326,#1328,.T.);
#1326 = VERTEX_POINT('',#1327);
#1327 = CARTESIAN_POINT('',(-5.3,3.306546357698E-16,20.9));
#1328 = SURFACE_CURVE('',#1329,(#1334,#1341),.PCURVE_S1.);
#1329 = CIRCLE('',#1330,2.7);
#1330 = AXIS2_PLACEMENT_3D('',#1331,#1332,#1333);
#1331 = CARTESIAN_POINT('',(-8.,0.,20.9));
#1332 = DIRECTION('',(0.,0.,1.));
#1333 = DIRECTION('',(-1.,0.,0.));
#1334 = PCURVE('',#1175,#1335);
#1335 = DEFINITIONAL_REPRESENTATION('',(#1336),#1340);
#1336 = CIRCLE('',#1337,2.7);
#1337 = AXIS2_PLACEMENT_2D('',#1338,#1339);
#1338 = CARTESIAN_POINT('',(8.,-12.));
#1339 = DIRECTION('',(1.,0.));
#1340 = ( GEOMETRIC_REPRESENTATION_CONTEXT(2) 
PARAMETRIC_REPRESENTATION_CONTEXT() REPRESENTATION_CONTEXT('2D SPACE',''
  ) );
#1341 = PCURVE('',#1342,#1347);
#1342 = CONICAL_SURFACE('',#1343,1.95,0.785398163397);
#1343 = AXIS2_PLACEMENT_3D('',#1344,#1345,#1346);
#1344 = CARTESIAN_POINT('',(-8.,0.,20.15));
#1345 = DIRECTION('',(0.,0.,1.));
#1346 = DIRECTION('',(-1.,0.,0.));
#1347 = DEFINITIONAL_REPRESENTATION('',(#1348),#1352);
#1348 = LINE('',#1349,#1350);
#1349 = CARTESIAN_POINT('',(0.,0.75));
#1350 = VECTOR('',#1351,1.);
#1351 = DIRECTION('',(1.,0.));
#1352 = ( GEOMETRIC_REPRESENTATION_CONTEXT(2) 
PARAMETRIC_REPRESENTATION_CONTEXT() REPRESENTATION_CONTEXT('2D SPACE',''
  ) );
#1353 = FACE_BOUND('',#1354,.T.);
#1354 = EDGE_LOOP('',(#1355));
#1355 = ORIENTED_EDGE('',*,*,#1356,.T.);
#1356 = EDGE_CURVE('',#1357,#1357,#1359,.T.);
#1357 = VERTEX_POINT('',#1358);
#1358 = CARTESIAN_POINT('',(5.000000074506,1.110223024625E-15,20.9));
#1359 = SURFACE_CURVE('',#1360,(#1365,#1376),.PCURVE_S1.);
#1360 = CIRCLE('',#1361,5.000000074506);
#1361 = AXIS2_PLACEMENT_3D('',#1362,#1363,#1364);
#1362 = CARTESIAN_POINT('',(0.,0.,20.9));
#1363 = DIRECTION('',(0.,0.,-1.));
#1364 = DIRECTION('',(-1.,0.,0.));
#1365 = PCURVE('',#1175,#1366);
#1366 = DEFINITIONAL_REPRESENTATION('',(#1367),#1375);
#1367 = ( BOUNDED_CURVE() B_SPLINE_CURVE(2,(#1368,#1369,#1370,#1371,
#1372,#1373,#1374),.UNSPECIFIED.,.T.,.F.) B_SPLINE_CURVE_WITH_KNOTS((1,2
    ,2,2,2,1),(-2.094395102393,0.,2.094395102393,4.188790204786,
6.28318530718,8.377580409573),.UNSPECIFIED.) CURVE() 
GEOMETRIC_REPRESENTATION_ITEM() RATIONAL_B_SPLINE_CURVE((1.,0.5,1.,0.5,
1.,0.5,1.)) REPRESENTATION_ITEM('') );
#1368 = CARTESIAN_POINT('',(5.000000074506,-12.));
#1369 = CARTESIAN_POINT('',(5.000000074506,-20.66025416689));
#1370 = CARTESIAN_POINT('',(-2.500000037253,-16.33012708344));
#1371 = CARTESIAN_POINT('',(-10.00000014901,-12.));
#1372 = CARTESIAN_POINT('',(-2.500000037253,-7.669872916554));
#1373 = CARTESIAN_POINT('',(5.000000074506,-3.339745833108));
#1374 = CARTESIAN_POINT('',(5.000000074506,-12.));
#1375 = ( GEOMETRIC_REPRESENTATION_CONTEXT(2) 
PARAMETRIC_REPRESENTATION_CONTEXT() REPRESENTATION_CONTEXT('2D SPACE',''
  ) );
#1376 = PCURVE('',#1377,#1382);
#1377 = CYLINDRICAL_SURFACE('',#1378,5.000000074506);
#1378 = AXIS2_PLACEMENT_3D('',#1379,#1380,#1381);
#1379 = CARTESIAN_POINT('',(0.,0.,19.));
#1380 = DIRECTION('',(0.,0.,1.));
#1381 = DIRECTION('',(-1.,0.,0.));
#1382 = DEFINITIONAL_REPRESENTATION('',(#1383),#1387);
#1383 = LINE('',#1384,#1385);
#1384 = CARTESIAN_POINT('',(6.28318530718,1.9));
#1385 = VECTOR('',#1386,1.);
#1386 = DIRECTION('',(-1.,0.));
#1387 = ( GEOMETRIC_REPRESENTATION_CONTEXT(2) 
PARAMETRIC_REPRESENTATION_CONTEXT() REPRESENTATION_CONTEXT('2D SPACE',''
  ) );
#1388 = FACE_BOUND('',#1389,.T.);
#1389 = EDGE_LOOP('',(#1390));
#1390 = ORIENTED_EDGE('',*,*,#1391,.F.);
#1391 = EDGE_CURVE('',#1392,#1392,#1394,.T.);
#1392 = VERTEX_POINT('',#1393);
#1393 = CARTESIAN_POINT('',(2.7,8.,20.9));
#1394 = SURFACE_CURVE('',#1395,(#1400,#1407),.PCURVE_S1.);
#1395 = CIRCLE('',#1396,2.7);
#1396 = AXIS2_PLACEMENT_3D('',#1397,#1398,#1399);
#1397 = CARTESIAN_POINT('',(-1.088018564133E-14,8.,20.9));
#1398 = DIRECTION('',(0.,0.,1.));
#1399 = DIRECTION('',(-1.,0.,0.));
#1400 = PCURVE('',#1175,#1401);
#1401 = DEFINITIONAL_REPRESENTATION('',(#1402),#1406);
#1402 = CIRCLE('',#1403,2.7);
#1403 = AXIS2_PLACEMENT_2D('',#1404,#1405);
#1404 = CARTESIAN_POINT('',(1.088018564133E-14,-20.));
#1405 = DIRECTION('',(1.,0.));
#1406 = ( GEOMETRIC_REPRESENTATION_CONTEXT(2) 
PARAMETRIC_REPRESENTATION_CONTEXT() REPRESENTATION_CONTEXT('2D SPACE',''
  ) );
#1407 = PCURVE('',#1408,#1413);
#1408 = CONICAL_SURFACE('',#1409,1.95,0.785398163397);
#1409 = AXIS2_PLACEMENT_3D('',#1410,#1411,#1412);
#1410 = CARTESIAN_POINT('',(-1.088018564133E-14,8.,20.15));
#1411 = DIRECTION('',(0.,0.,1.));
#1412 = DIRECTION('',(-1.,0.,0.));
#1413 = DEFINITIONAL_REPRESENTATION('',(#1414),#1418);
#1414 = LINE('',#1415,#1416);
#1415 = CARTESIAN_POINT('',(0.,0.75));
#1416 = VECTOR('',#1417,1.);
#1417 = DIRECTION('',(1.,0.));
#1418 = ( GEOMETRIC_REPRESENTATION_CONTEXT(2) 
PARAMETRIC_REPRESENTATION_CONTEXT() REPRESENTATION_CONTEXT('2D SPACE',''
  ) );
#1419 = FACE_BOUND('',#1420,.T.);
#1420 = EDGE_LOOP('',(#1421));
#1421 = ORIENTED_EDGE('',*,*,#1160,.F.);
#1422 = ADVANCED_FACE('',(#1423),#1147,.F.);
#1423 = FACE_BOUND('',#1424,.F.);
#1424 = EDGE_LOOP('',(#1425,#1448,#1474,#1475));
#1425 = ORIENTED_EDGE('',*,*,#1426,.T.);
#1426 = EDGE_CURVE('',#1105,#1427,#1429,.T.);
#1427 = VERTEX_POINT('',#1428);
#1428 = CARTESIAN_POINT('',(1.2,-8.,19.));
#1429 = SEAM_CURVE('',#1430,(#1434,#1441),.PCURVE_S1.);
#1430 = LINE('',#1431,#1432);
#1431 = CARTESIAN_POINT('',(1.2,-8.,19.));
#1432 = VECTOR('',#1433,1.);
#1433 = DIRECTION('',(0.,0.,-1.));
#1434 = PCURVE('',#1147,#1435);
#1435 = DEFINITIONAL_REPRESENTATION('',(#1436),#1440);
#1436 = LINE('',#1437,#1438);
#1437 = CARTESIAN_POINT('',(-3.14159265359,0.));
#1438 = VECTOR('',#1439,1.);
#1439 = DIRECTION('',(0.,-1.));
#1440 = ( GEOMETRIC_REPRESENTATION_CONTEXT(2) 
PARAMETRIC_REPRESENTATION_CONTEXT() REPRESENTATION_CONTEXT('2D SPACE',''
  ) );
#1441 = PCURVE('',#1147,#1442);
#1442 = DEFINITIONAL_REPRESENTATION('',(#1443),#1447);
#1443 = LINE('',#1444,#1445);
#1444 = CARTESIAN_POINT('',(3.14159265359,0.));
#1445 = VECTOR('',#1446,1.);
#1446 = DIRECTION('',(0.,-1.));
#1447 = ( GEOMETRIC_REPRESENTATION_CONTEXT(2) 
PARAMETRIC_REPRESENTATION_CONTEXT() REPRESENTATION_CONTEXT('2D SPACE',''
  ) );
#1448 = ORIENTED_EDGE('',*,*,#1449,.F.);
#1449 = EDGE_CURVE('',#1427,#1427,#1450,.T.);
#1450 = SURFACE_CURVE('',#1451,(#1456,#1463),.PCURVE_S1.);
#1451 = CIRCLE('',#1452,1.2);
#1452 = AXIS2_PLACEMENT_3D('',#1453,#1454,#1455);
#1453 = CARTESIAN_POINT('',(0.,-8.,19.));
#1454 = DIRECTION('',(0.,0.,-1.));
#1455 = DIRECTION('',(-1.,0.,0.));
#1456 = PCURVE('',#1147,#1457);
#1457 = DEFINITIONAL_REPRESENTATION('',(#1458),#1462);
#1458 = LINE('',#1459,#1460);
#1459 = CARTESIAN_POINT('',(6.28318530718,0.));
#1460 = VECTOR('',#1461,1.);
#1461 = DIRECTION('',(-1.,0.));
#1462 = ( GEOMETRIC_REPRESENTATION_CONTEXT(2) 
PARAMETRIC_REPRESENTATION_CONTEXT() REPRESENTATION_CONTEXT('2D SPACE',''
  ) );
#1463 = PCURVE('',#333,#1464);
#1464 = DEFINITIONAL_REPRESENTATION('',(#1465),#1473);
#1465 = ( BOUNDED_CURVE() B_SPLINE_CURVE(2,(#1466,#1467,#1468,#1469,
#1470,#1471,#1472),.UNSPECIFIED.,.T.,.F.) B_SPLINE_CURVE_WITH_KNOTS((1,2
    ,2,2,2,1),(-2.094395102393,0.,2.094395102393,4.188790204786,
6.28318530718,8.377580409573),.UNSPECIFIED.) CURVE() 
GEOMETRIC_REPRESENTATION_ITEM() RATIONAL_B_SPLINE_CURVE((1.,0.5,1.,0.5,
1.,0.5,1.)) REPRESENTATION_ITEM('') );
#1466 = CARTESIAN_POINT('',(1.2,-4.));
#1467 = CARTESIAN_POINT('',(1.2,-6.078460969083));
#1468 = CARTESIAN_POINT('',(-0.6,-5.039230484541));
#1469 = CARTESIAN_POINT('',(-2.4,-4.));
#1470 = CARTESIAN_POINT('',(-0.6,-2.960769515459));
#1471 = CARTESIAN_POINT('',(1.2,-1.921539030917));
#1472 = CARTESIAN_POINT('',(1.2,-4.));
#1473 = ( GEOMETRIC_REPRESENTATION_CONTEXT(2) 
PARAMETRIC_REPRESENTATION_CONTEXT() REPRESENTATION_CONTEXT('2D SPACE',''
  ) );
#1474 = ORIENTED_EDGE('',*,*,#1426,.F.);
#1475 = ORIENTED_EDGE('',*,*,#1132,.T.);
#1476 = ADVANCED_FACE('',(#1477),#1311,.F.);
#1477 = FACE_BOUND('',#1478,.F.);
#1478 = EDGE_LOOP('',(#1479,#1502,#1529,#1530));
#1479 = ORIENTED_EDGE('',*,*,#1480,.T.);
#1480 = EDGE_CURVE('',#1295,#1481,#1483,.T.);
#1481 = VERTEX_POINT('',#1482);
#1482 = CARTESIAN_POINT('',(9.2,-1.469576158977E-16,19.4));
#1483 = SEAM_CURVE('',#1484,(#1488,#1495),.PCURVE_S1.);
#1484 = LINE('',#1485,#1486);
#1485 = CARTESIAN_POINT('',(9.95,2.388061258337E-16,20.15));
#1486 = VECTOR('',#1487,1.);
#1487 = DIRECTION('',(-0.707106781187,-8.659560562355E-17,
    -0.707106781187));
#1488 = PCURVE('',#1311,#1489);
#1489 = DEFINITIONAL_REPRESENTATION('',(#1490),#1494);
#1490 = LINE('',#1491,#1492);
#1491 = CARTESIAN_POINT('',(3.14159265359,-3.140184917368E-16));
#1492 = VECTOR('',#1493,1.);
#1493 = DIRECTION('',(0.,-1.));
#1494 = ( GEOMETRIC_REPRESENTATION_CONTEXT(2) 
PARAMETRIC_REPRESENTATION_CONTEXT() REPRESENTATION_CONTEXT('2D SPACE',''
  ) );
#1495 = PCURVE('',#1311,#1496);
#1496 = DEFINITIONAL_REPRESENTATION('',(#1497),#1501);
#1497 = LINE('',#1498,#1499);
#1498 = CARTESIAN_POINT('',(9.424777960769,-3.140184917368E-16));
#1499 = VECTOR('',#1500,1.);
#1500 = DIRECTION('',(0.,-1.));
#1501 = ( GEOMETRIC_REPRESENTATION_CONTEXT(2) 
PARAMETRIC_REPRESENTATION_CONTEXT() REPRESENTATION_CONTEXT('2D SPACE',''
  ) );
#1502 = ORIENTED_EDGE('',*,*,#1503,.F.);
#1503 = EDGE_CURVE('',#1481,#1481,#1504,.T.);
#1504 = SURFACE_CURVE('',#1505,(#1510,#1517),.PCURVE_S1.);
#1505 = CIRCLE('',#1506,1.2);
#1506 = AXIS2_PLACEMENT_3D('',#1507,#1508,#1509);
#1507 = CARTESIAN_POINT('',(8.,0.,19.4));
#1508 = DIRECTION('',(0.,0.,-1.));
#1509 = DIRECTION('',(-1.,0.,0.));
#1510 = PCURVE('',#1311,#1511);
#1511 = DEFINITIONAL_REPRESENTATION('',(#1512),#1516);
#1512 = LINE('',#1513,#1514);
#1513 = CARTESIAN_POINT('',(12.566370614359,-0.75));
#1514 = VECTOR('',#1515,1.);
#1515 = DIRECTION('',(-1.,0.));
#1516 = ( GEOMETRIC_REPRESENTATION_CONTEXT(2) 
PARAMETRIC_REPRESENTATION_CONTEXT() REPRESENTATION_CONTEXT('2D SPACE',''
  ) );
#1517 = PCURVE('',#1518,#1523);
#1518 = CYLINDRICAL_SURFACE('',#1519,1.2);
#1519 = AXIS2_PLACEMENT_3D('',#1520,#1521,#1522);
#1520 = CARTESIAN_POINT('',(8.,0.,19.));
#1521 = DIRECTION('',(0.,0.,1.));
#1522 = DIRECTION('',(-1.,0.,0.));
#1523 = DEFINITIONAL_REPRESENTATION('',(#1524),#1528);
#1524 = LINE('',#1525,#1526);
#1525 = CARTESIAN_POINT('',(6.28318530718,0.4));
#1526 = VECTOR('',#1527,1.);
#1527 = DIRECTION('',(-1.,0.));
#1528 = ( GEOMETRIC_REPRESENTATION_CONTEXT(2) 
PARAMETRIC_REPRESENTATION_CONTEXT() REPRESENTATION_CONTEXT('2D SPACE',''
  ) );
#1529 = ORIENTED_EDGE('',*,*,#1480,.F.);
#1530 = ORIENTED_EDGE('',*,*,#1294,.F.);
#1531 = ADVANCED_FACE('',(#1532),#1518,.F.);
#1532 = FACE_BOUND('',#1533,.F.);
#1533 = EDGE_LOOP('',(#1534,#1557,#1583,#1584));
#1534 = ORIENTED_EDGE('',*,*,#1535,.T.);
#1535 = EDGE_CURVE('',#1481,#1536,#1538,.T.);
#1536 = VERTEX_POINT('',#1537);
#1537 = CARTESIAN_POINT('',(9.2,1.469576158977E-16,19.));
#1538 = SEAM_CURVE('',#1539,(#1543,#1550),.PCURVE_S1.);
#1539 = LINE('',#1540,#1541);
#1540 = CARTESIAN_POINT('',(9.2,1.469576158977E-16,19.));
#1541 = VECTOR('',#1542,1.);
#1542 = DIRECTION('',(0.,0.,-1.));
#1543 = PCURVE('',#1518,#1544);
#1544 = DEFINITIONAL_REPRESENTATION('',(#1545),#1549);
#1545 = LINE('',#1546,#1547);
#1546 = CARTESIAN_POINT('',(-3.14159265359,0.));
#1547 = VECTOR('',#1548,1.);
#1548 = DIRECTION('',(0.,-1.));
#1549 = ( GEOMETRIC_REPRESENTATION_CONTEXT(2) 
PARAMETRIC_REPRESENTATION_CONTEXT() REPRESENTATION_CONTEXT('2D SPACE',''
  ) );
#1550 = PCURVE('',#1518,#1551);
#1551 = DEFINITIONAL_REPRESENTATION('',(#1552),#1556);
#1552 = LINE('',#1553,#1554);
#1553 = CARTESIAN_POINT('',(3.14159265359,0.));
#1554 = VECTOR('',#1555,1.);
#1555 = DIRECTION('',(0.,-1.));
#1556 = ( GEOMETRIC_REPRESENTATION_CONTEXT(2) 
PARAMETRIC_REPRESENTATION_CONTEXT() REPRESENTATION_CONTEXT('2D SPACE',''
  ) );
#1557 = ORIENTED_EDGE('',*,*,#1558,.F.);
#1558 = EDGE_CURVE('',#1536,#1536,#1559,.T.);
#1559 = SURFACE_CURVE('',#1560,(#1565,#1572),.PCURVE_S1.);
#1560 = CIRCLE('',#1561,1.2);
#1561 = AXIS2_PLACEMENT_3D('',#1562,#1563,#1564);
#1562 = CARTESIAN_POINT('',(8.,0.,19.));
#1563 = DIRECTION('',(0.,0.,-1.));
#1564 = DIRECTION('',(-1.,0.,0.));
#1565 = PCURVE('',#1518,#1566);
#1566 = DEFINITIONAL_REPRESENTATION('',(#1567),#1571);
#1567 = LINE('',#1568,#1569);
#1568 = CARTESIAN_POINT('',(6.28318530718,0.));
#1569 = VECTOR('',#1570,1.);
#1570 = DIRECTION('',(-1.,0.));
#1571 = ( GEOMETRIC_REPRESENTATION_CONTEXT(2) 
PARAMETRIC_REPRESENTATION_CONTEXT() REPRESENTATION_CONTEXT('2D SPACE',''
  ) );
#1572 = PCURVE('',#333,#1573);
#1573 = DEFINITIONAL_REPRESENTATION('',(#1574),#1582);
#1574 = ( BOUNDED_CURVE() B_SPLINE_CURVE(2,(#1575,#1576,#1577,#1578,
#1579,#1580,#1581),.UNSPECIFIED.,.T.,.F.) B_SPLINE_CURVE_WITH_KNOTS((1,2
    ,2,2,2,1),(-2.094395102393,0.,2.094395102393,4.188790204786,
6.28318530718,8.377580409573),.UNSPECIFIED.) CURVE() 
GEOMETRIC_REPRESENTATION_ITEM() RATIONAL_B_SPLINE_CURVE((1.,0.5,1.,0.5,
1.,0.5,1.)) REPRESENTATION_ITEM('') );
#1575 = CARTESIAN_POINT('',(-6.8,-12.));
#1576 = CARTESIAN_POINT('',(-6.8,-14.07846096908));
#1577 = CARTESIAN_POINT('',(-8.6,-13.03923048454));
#1578 = CARTESIAN_POINT('',(-10.4,-12.));
#1579 = CARTESIAN_POINT('',(-8.6,-10.96076951545));
#1580 = CARTESIAN_POINT('',(-6.8,-9.921539030917));
#1581 = CARTESIAN_POINT('',(-6.8,-12.));
#1582 = ( GEOMETRIC_REPRESENTATION_CONTEXT(2) 
PARAMETRIC_REPRESENTATION_CONTEXT() REPRESENTATION_CONTEXT('2D SPACE',''
  ) );
#1583 = ORIENTED_EDGE('',*,*,#1535,.F.);
#1584 = ORIENTED_EDGE('',*,*,#1503,.T.);
#1585 = ADVANCED_FACE('',(#1586),#1408,.F.);
#1586 = FACE_BOUND('',#1587,.F.);
#1587 = EDGE_LOOP('',(#1588,#1611,#1638,#1639));
#1588 = ORIENTED_EDGE('',*,*,#1589,.T.);
#1589 = EDGE_CURVE('',#1392,#1590,#1592,.T.);
#1590 = VERTEX_POINT('',#1591);
#1591 = CARTESIAN_POINT('',(1.2,8.,19.4));
#1592 = SEAM_CURVE('',#1593,(#1597,#1604),.PCURVE_S1.);
#1593 = LINE('',#1594,#1595);
#1594 = CARTESIAN_POINT('',(1.95,8.,20.15));
#1595 = VECTOR('',#1596,1.);
#1596 = DIRECTION('',(-0.707106781187,-8.659560562355E-17,
    -0.707106781187));
#1597 = PCURVE('',#1408,#1598);
#1598 = DEFINITIONAL_REPRESENTATION('',(#1599),#1603);
#1599 = LINE('',#1600,#1601);
#1600 = CARTESIAN_POINT('',(3.14159265359,7.850462293419E-16));
#1601 = VECTOR('',#1602,1.);
#1602 = DIRECTION('',(0.,-1.));
#1603 = ( GEOMETRIC_REPRESENTATION_CONTEXT(2) 
PARAMETRIC_REPRESENTATION_CONTEXT() REPRESENTATION_CONTEXT('2D SPACE',''
  ) );
#1604 = PCURVE('',#1408,#1605);
#1605 = DEFINITIONAL_REPRESENTATION('',(#1606),#1610);
#1606 = LINE('',#1607,#1608);
#1607 = CARTESIAN_POINT('',(9.424777960769,7.850462293419E-16));
#1608 = VECTOR('',#1609,1.);
#1609 = DIRECTION('',(0.,-1.));
#1610 = ( GEOMETRIC_REPRESENTATION_CONTEXT(2) 
PARAMETRIC_REPRESENTATION_CONTEXT() REPRESENTATION_CONTEXT('2D SPACE',''
  ) );
#1611 = ORIENTED_EDGE('',*,*,#1612,.F.);
#1612 = EDGE_CURVE('',#1590,#1590,#1613,.T.);
#1613 = SURFACE_CURVE('',#1614,(#1619,#1626),.PCURVE_S1.);
#1614 = CIRCLE('',#1615,1.2);
#1615 = AXIS2_PLACEMENT_3D('',#1616,#1617,#1618);
#1616 = CARTESIAN_POINT('',(-1.088018564133E-14,8.,19.4));
#1617 = DIRECTION('',(0.,0.,-1.));
#1618 = DIRECTION('',(-1.,0.,0.));
#1619 = PCURVE('',#1408,#1620);
#1620 = DEFINITIONAL_REPRESENTATION('',(#1621),#1625);
#1621 = LINE('',#1622,#1623);
#1622 = CARTESIAN_POINT('',(12.566370614359,-0.75));
#1623 = VECTOR('',#1624,1.);
#1624 = DIRECTION('',(-1.,0.));
#1625 = ( GEOMETRIC_REPRESENTATION_CONTEXT(2) 
PARAMETRIC_REPRESENTATION_CONTEXT() REPRESENTATION_CONTEXT('2D SPACE',''
  ) );
#1626 = PCURVE('',#1627,#1632);
#1627 = CYLINDRICAL_SURFACE('',#1628,1.2);
#1628 = AXIS2_PLACEMENT_3D('',#1629,#1630,#1631);
#1629 = CARTESIAN_POINT('',(-1.088018564133E-14,8.,19.));
#1630 = DIRECTION('',(0.,0.,1.));
#1631 = DIRECTION('',(-1.,0.,0.));
#1632 = DEFINITIONAL_REPRESENTATION('',(#1633),#1637);
#1633 = LINE('',#1634,#1635);
#1634 = CARTESIAN_POINT('',(6.28318530718,0.4));
#1635 = VECTOR('',#1636,1.);
#1636 = DIRECTION('',(-1.,0.));
#1637 = ( GEOMETRIC_REPRESENTATION_CONTEXT(2) 
PARAMETRIC_REPRESENTATION_CONTEXT() REPRESENTATION_CONTEXT('2D SPACE',''
  ) );
#1638 = ORIENTED_EDGE('',*,*,#1589,.F.);
#1639 = ORIENTED_EDGE('',*,*,#1391,.F.);
#1640 = ADVANCED_FACE('',(#1641),#1627,.F.);
#1641 = FACE_BOUND('',#1642,.F.);
#1642 = EDGE_LOOP('',(#1643,#1666,#1692,#1693));
#1643 = ORIENTED_EDGE('',*,*,#1644,.T.);
#1644 = EDGE_CURVE('',#1590,#1645,#1647,.T.);
#1645 = VERTEX_POINT('',#1646);
#1646 = CARTESIAN_POINT('',(1.2,8.,19.));
#1647 = SEAM_CURVE('',#1648,(#1652,#1659),.PCURVE_S1.);
#1648 = LINE('',#1649,#1650);
#1649 = CARTESIAN_POINT('',(1.2,8.,19.));
#1650 = VECTOR('',#1651,1.);
#1651 = DIRECTION('',(0.,0.,-1.));
#1652 = PCURVE('',#1627,#1653);
#1653 = DEFINITIONAL_REPRESENTATION('',(#1654),#1658);
#1654 = LINE('',#1655,#1656);
#1655 = CARTESIAN_POINT('',(-3.14159265359,0.));
#1656 = VECTOR('',#1657,1.);
#1657 = DIRECTION('',(0.,-1.));
#1658 = ( GEOMETRIC_REPRESENTATION_CONTEXT(2) 
PARAMETRIC_REPRESENTATION_CONTEXT() REPRESENTATION_CONTEXT('2D SPACE',''
  ) );
#1659 = PCURVE('',#1627,#1660);
#1660 = DEFINITIONAL_REPRESENTATION('',(#1661),#1665);
#1661 = LINE('',#1662,#1663);
#1662 = CARTESIAN_POINT('',(3.14159265359,0.));
#1663 = VECTOR('',#1664,1.);
#1664 = DIRECTION('',(0.,-1.));
#1665 = ( GEOMETRIC_REPRESENTATION_CONTEXT(2) 
PARAMETRIC_REPRESENTATION_CONTEXT() REPRESENTATION_CONTEXT('2D SPACE',''
  ) );
#1666 = ORIENTED_EDGE('',*,*,#1667,.F.);
#1667 = EDGE_CURVE('',#1645,#1645,#1668,.T.);
#1668 = SURFACE_CURVE('',#1669,(#1674,#1681),.PCURVE_S1.);
#1669 = CIRCLE('',#1670,1.2);
#1670 = AXIS2_PLACEMENT_3D('',#1671,#1672,#1673);
#1671 = CARTESIAN_POINT('',(-1.088018564133E-14,8.,19.));
#1672 = DIRECTION('',(0.,0.,-1.));
#1673 = DIRECTION('',(-1.,0.,0.));
#1674 = PCURVE('',#1627,#1675);
#1675 = DEFINITIONAL_REPRESENTATION('',(#1676),#1680);
#1676 = LINE('',#1677,#1678);
#1677 = CARTESIAN_POINT('',(6.28318530718,0.));
#1678 = VECTOR('',#1679,1.);
#1679 = DIRECTION('',(-1.,0.));
#1680 = ( GEOMETRIC_REPRESENTATION_CONTEXT(2) 
PARAMETRIC_REPRESENTATION_CONTEXT() REPRESENTATION_CONTEXT('2D SPACE',''
  ) );
#1681 = PCURVE('',#333,#1682);
#1682 = DEFINITIONAL_REPRESENTATION('',(#1683),#1691);
#1683 = ( BOUNDED_CURVE() B_SPLINE_CURVE(2,(#1684,#1685,#1686,#1687,
#1688,#1689,#1690),.UNSPECIFIED.,.T.,.F.) B_SPLINE_CURVE_WITH_KNOTS((1,2
    ,2,2,2,1),(-2.094395102393,0.,2.094395102393,4.188790204786,
6.28318530718,8.377580409573),.UNSPECIFIED.) CURVE() 
GEOMETRIC_REPRESENTATION_ITEM() RATIONAL_B_SPLINE_CURVE((1.,0.5,1.,0.5,
1.,0.5,1.)) REPRESENTATION_ITEM('') );
#1684 = CARTESIAN_POINT('',(1.2,-20.));
#1685 = CARTESIAN_POINT('',(1.2,-22.07846096908));
#1686 = CARTESIAN_POINT('',(-0.6,-21.03923048454));
#1687 = CARTESIAN_POINT('',(-2.4,-20.));
#1688 = CARTESIAN_POINT('',(-0.6,-18.96076951545));
#1689 = CARTESIAN_POINT('',(1.2,-17.92153903091));
#1690 = CARTESIAN_POINT('',(1.2,-20.));
#1691 = ( GEOMETRIC_REPRESENTATION_CONTEXT(2) 
PARAMETRIC_REPRESENTATION_CONTEXT() REPRESENTATION_CONTEXT('2D SPACE',''
  ) );
#1692 = ORIENTED_EDGE('',*,*,#1644,.F.);
#1693 = ORIENTED_EDGE('',*,*,#1612,.T.);
#1694 = ADVANCED_FACE('',(#1695),#1342,.F.);
#1695 = FACE_BOUND('',#1696,.F.);
#1696 = EDGE_LOOP('',(#1697,#1720,#1747,#1748));
#1697 = ORIENTED_EDGE('',*,*,#1698,.T.);
#1698 = EDGE_CURVE('',#1326,#1699,#1701,.T.);
#1699 = VERTEX_POINT('',#1700);
#1700 = CARTESIAN_POINT('',(-6.8,-1.469576158977E-16,19.4));
#1701 = SEAM_CURVE('',#1702,(#1706,#1713),.PCURVE_S1.);
#1702 = LINE('',#1703,#1704);
#1703 = CARTESIAN_POINT('',(-6.05,2.388061258337E-16,20.15));
#1704 = VECTOR('',#1705,1.);
#1705 = DIRECTION('',(-0.707106781187,-8.659560562355E-17,
    -0.707106781187));
#1706 = PCURVE('',#1342,#1707);
#1707 = DEFINITIONAL_REPRESENTATION('',(#1708),#1712);
#1708 = LINE('',#1709,#1710);
#1709 = CARTESIAN_POINT('',(3.14159265359,6.280369834735E-16));
#1710 = VECTOR('',#1711,1.);
#1711 = DIRECTION('',(0.,-1.));
#1712 = ( GEOMETRIC_REPRESENTATION_CONTEXT(2) 
PARAMETRIC_REPRESENTATION_CONTEXT() REPRESENTATION_CONTEXT('2D SPACE',''
  ) );
#1713 = PCURVE('',#1342,#1714);
#1714 = DEFINITIONAL_REPRESENTATION('',(#1715),#1719);
#1715 = LINE('',#1716,#1717);
#1716 = CARTESIAN_POINT('',(9.424777960769,6.280369834735E-16));
#1717 = VECTOR('',#1718,1.);
#1718 = DIRECTION('',(0.,-1.));
#1719 = ( GEOMETRIC_REPRESENTATION_CONTEXT(2) 
PARAMETRIC_REPRESENTATION_CONTEXT() REPRESENTATION_CONTEXT('2D SPACE',''
  ) );
#1720 = ORIENTED_EDGE('',*,*,#1721,.F.);
#1721 = EDGE_CURVE('',#1699,#1699,#1722,.T.);
#1722 = SURFACE_CURVE('',#1723,(#1728,#1735),.PCURVE_S1.);
#1723 = CIRCLE('',#1724,1.2);
#1724 = AXIS2_PLACEMENT_3D('',#1725,#1726,#1727);
#1725 = CARTESIAN_POINT('',(-8.,0.,19.4));
#1726 = DIRECTION('',(0.,0.,-1.));
#1727 = DIRECTION('',(-1.,0.,0.));
#1728 = PCURVE('',#1342,#1729);
#1729 = DEFINITIONAL_REPRESENTATION('',(#1730),#1734);
#1730 = LINE('',#1731,#1732);
#1731 = CARTESIAN_POINT('',(12.566370614359,-0.75));
#1732 = VECTOR('',#1733,1.);
#1733 = DIRECTION('',(-1.,0.));
#1734 = ( GEOMETRIC_REPRESENTATION_CONTEXT(2) 
PARAMETRIC_REPRESENTATION_CONTEXT() REPRESENTATION_CONTEXT('2D SPACE',''
  ) );
#1735 = PCURVE('',#1736,#1741);
#1736 = CYLINDRICAL_SURFACE('',#1737,1.2);
#1737 = AXIS2_PLACEMENT_3D('',#1738,#1739,#1740);
#1738 = CARTESIAN_POINT('',(-8.,0.,19.));
#1739 = DIRECTION('',(0.,0.,1.));
#1740 = DIRECTION('',(-1.,0.,0.));
#1741 = DEFINITIONAL_REPRESENTATION('',(#1742),#1746);
#1742 = LINE('',#1743,#1744);
#1743 = CARTESIAN_POINT('',(6.28318530718,0.4));
#1744 = VECTOR('',#1745,1.);
#1745 = DIRECTION('',(-1.,0.));
#1746 = ( GEOMETRIC_REPRESENTATION_CONTEXT(2) 
PARAMETRIC_REPRESENTATION_CONTEXT() REPRESENTATION_CONTEXT('2D SPACE',''
  ) );
#1747 = ORIENTED_EDGE('',*,*,#1698,.F.);
#1748 = ORIENTED_EDGE('',*,*,#1325,.F.);
#1749 = ADVANCED_FACE('',(#1750),#1736,.F.);
#1750 = FACE_BOUND('',#1751,.F.);
#1751 = EDGE_LOOP('',(#1752,#1775,#1801,#1802));
#1752 = ORIENTED_EDGE('',*,*,#1753,.T.);
#1753 = EDGE_CURVE('',#1699,#1754,#1756,.T.);
#1754 = VERTEX_POINT('',#1755);
#1755 = CARTESIAN_POINT('',(-6.8,1.469576158977E-16,19.));
#1756 = SEAM_CURVE('',#1757,(#1761,#1768),.PCURVE_S1.);
#1757 = LINE('',#1758,#1759);
#1758 = CARTESIAN_POINT('',(-6.8,1.469576158977E-16,19.));
#1759 = VECTOR('',#1760,1.);
#1760 = DIRECTION('',(0.,0.,-1.));
#1761 = PCURVE('',#1736,#1762);
#1762 = DEFINITIONAL_REPRESENTATION('',(#1763),#1767);
#1763 = LINE('',#1764,#1765);
#1764 = CARTESIAN_POINT('',(-3.14159265359,0.));
#1765 = VECTOR('',#1766,1.);
#1766 = DIRECTION('',(0.,-1.));
#1767 = ( GEOMETRIC_REPRESENTATION_CONTEXT(2) 
PARAMETRIC_REPRESENTATION_CONTEXT() REPRESENTATION_CONTEXT('2D SPACE',''
  ) );
#1768 = PCURVE('',#1736,#1769);
#1769 = DEFINITIONAL_REPRESENTATION('',(#1770),#1774);
#1770 = LINE('',#1771,#1772);
#1771 = CARTESIAN_POINT('',(3.14159265359,0.));
#1772 = VECTOR('',#1773,1.);
#1773 = DIRECTION('',(0.,-1.));
#1774 = ( GEOMETRIC_REPRESENTATION_CONTEXT(2) 
PARAMETRIC_REPRESENTATION_CONTEXT() REPRESENTATION_CONTEXT('2D SPACE',''
  ) );
#1775 = ORIENTED_EDGE('',*,*,#1776,.F.);
#1776 = EDGE_CURVE('',#1754,#1754,#1777,.T.);
#1777 = SURFACE_CURVE('',#1778,(#1783,#1790),.PCURVE_S1.);
#1778 = CIRCLE('',#1779,1.2);
#1779 = AXIS2_PLACEMENT_3D('',#1780,#1781,#1782);
#1780 = CARTESIAN_POINT('',(-8.,0.,19.));
#1781 = DIRECTION('',(0.,0.,-1.));
#1782 = DIRECTION('',(-1.,0.,0.));
#1783 = PCURVE('',#1736,#1784);
#1784 = DEFINITIONAL_REPRESENTATION('',(#1785),#1789);
#1785 = LINE('',#1786,#1787);
#1786 = CARTESIAN_POINT('',(6.28318530718,0.));
#1787 = VECTOR('',#1788,1.);
#1788 = DIRECTION('',(-1.,0.));
#1789 = ( GEOMETRIC_REPRESENTATION_CONTEXT(2) 
PARAMETRIC_REPRESENTATION_CONTEXT() REPRESENTATION_CONTEXT('2D SPACE',''
  ) );
#1790 = PCURVE('',#333,#1791);
#1791 = DEFINITIONAL_REPRESENTATION('',(#1792),#1800);
#1792 = ( BOUNDED_CURVE() B_SPLINE_CURVE(2,(#1793,#1794,#1795,#1796,
#1797,#1798,#1799),.UNSPECIFIED.,.T.,.F.) B_SPLINE_CURVE_WITH_KNOTS((1,2
    ,2,2,2,1),(-2.094395102393,0.,2.094395102393,4.188790204786,
6.28318530718,8.377580409573),.UNSPECIFIED.) CURVE() 
GEOMETRIC_REPRESENTATION_ITEM() RATIONAL_B_SPLINE_CURVE((1.,0.5,1.,0.5,
1.,0.5,1.)) REPRESENTATION_ITEM('') );
#1793 = CARTESIAN_POINT('',(9.2,-12.));
#1794 = CARTESIAN_POINT('',(9.2,-14.07846096908));
#1795 = CARTESIAN_POINT('',(7.4,-13.03923048454));
#1796 = CARTESIAN_POINT('',(5.6,-12.));
#1797 = CARTESIAN_POINT('',(7.4,-10.96076951545));
#1798 = CARTESIAN_POINT('',(9.2,-9.921539030917));
#1799 = CARTESIAN_POINT('',(9.2,-12.));
#1800 = ( GEOMETRIC_REPRESENTATION_CONTEXT(2) 
PARAMETRIC_REPRESENTATION_CONTEXT() REPRESENTATION_CONTEXT('2D SPACE',''
  ) );
#1801 = ORIENTED_EDGE('',*,*,#1753,.F.);
#1802 = ORIENTED_EDGE('',*,*,#1721,.T.);
#1803 = ADVANCED_FACE('',(#1804),#566,.F.);
#1804 = FACE_BOUND('',#1805,.F.);
#1805 = EDGE_LOOP('',(#1806,#1828,#1880,#1899));
#1806 = ORIENTED_EDGE('',*,*,#1807,.T.);
#1807 = EDGE_CURVE('',#527,#1808,#1810,.T.);
#1808 = VERTEX_POINT('',#1809);
#1809 = CARTESIAN_POINT('',(-18.5,14.25,20.557632460923));
#1810 = SURFACE_CURVE('',#1811,(#1815,#1821),.PCURVE_S1.);
#1811 = LINE('',#1812,#1813);
#1812 = CARTESIAN_POINT('',(-20.,14.25,20.557632460923));
#1813 = VECTOR('',#1814,1.);
#1814 = DIRECTION('',(1.,0.,0.));
#1815 = PCURVE('',#566,#1816);
#1816 = DEFINITIONAL_REPRESENTATION('',(#1817),#1820);
#1817 = B_SPLINE_CURVE_WITH_KNOTS('',1,(#1818,#1819),.UNSPECIFIED.,.F.,
  .F.,(2,2),(0.,1.5),.PIECEWISE_BEZIER_KNOTS.);
#1818 = CARTESIAN_POINT('',(1.,-1.183948772354E-16));
#1819 = CARTESIAN_POINT('',(1.,0.15));
#1820 = ( GEOMETRIC_REPRESENTATION_CONTEXT(2) 
PARAMETRIC_REPRESENTATION_CONTEXT() REPRESENTATION_CONTEXT('2D SPACE',''
  ) );
#1821 = PCURVE('',#359,#1822);
#1822 = DEFINITIONAL_REPRESENTATION('',(#1823),#1827);
#1823 = LINE('',#1824,#1825);
#1824 = CARTESIAN_POINT('',(40.,1.557632460923));
#1825 = VECTOR('',#1826,1.);
#1826 = DIRECTION('',(-1.,0.));
#1827 = ( GEOMETRIC_REPRESENTATION_CONTEXT(2) 
PARAMETRIC_REPRESENTATION_CONTEXT() REPRESENTATION_CONTEXT('2D SPACE',''
  ) );
#1828 = ORIENTED_EDGE('',*,*,#1829,.F.);
#1829 = EDGE_CURVE('',#1830,#1808,#1832,.T.);
#1830 = VERTEX_POINT('',#1831);
#1831 = CARTESIAN_POINT('',(-18.5,-10.02154801746,23.638432566183));
#1832 = SURFACE_CURVE('',#1833,(#1849,#1856),.PCURVE_S1.);
#1833 = B_SPLINE_CURVE_WITH_KNOTS('',5,(#1834,#1835,#1836,#1837,#1838,
    #1839,#1840,#1841,#1842,#1843,#1844,#1845,#1846,#1847,#1848),
  .UNSPECIFIED.,.F.,.F.,(6,1,1,1,1,1,1,1,1,1,6),(0.,0.1,0.2,0.3,0.4,0.5,
    0.6,0.7,0.8,0.9,1.),.QUASI_UNIFORM_KNOTS.);
#1834 = CARTESIAN_POINT('',(-18.5,-10.02154801746,23.638432566183));
#1835 = CARTESIAN_POINT('',(-18.5,-9.347594318307,23.638432566183));
#1836 = CARTESIAN_POINT('',(-18.5,-8.014289886473,23.593694049187));
#1837 = CARTESIAN_POINT('',(-18.5,-6.058147881768,23.392371017279));
#1838 = CARTESIAN_POINT('',(-18.5,-3.532657804552,22.890513274552));
#1839 = CARTESIAN_POINT('',(-18.5,-0.495349668023,22.061557498853));
#1840 = CARTESIAN_POINT('',(-18.5,2.432054630626,21.255832401665));
#1841 = CARTESIAN_POINT('',(-18.5,5.233084870822,20.671412393498));
#1842 = CARTESIAN_POINT('',(-18.5,7.856705522381,20.427432839839));
#1843 = CARTESIAN_POINT('',(-18.5,10.188447652789,20.474234499717));
#1844 = CARTESIAN_POINT('',(-18.5,12.066223922785,20.558469881008));
#1845 = CARTESIAN_POINT('',(-18.5,13.181024956052,20.595365905619));
#1846 = CARTESIAN_POINT('',(-18.5,13.798678431531,20.588866334939));
#1847 = CARTESIAN_POINT('',(-18.5,14.115416781979,20.57042724518));
#1848 = CARTESIAN_POINT('',(-18.5,14.25,20.557632460923));
#1849 = PCURVE('',#566,#1850);
#1850 = DEFINITIONAL_REPRESENTATION('',(#1851),#1855);
#1851 = LINE('',#1852,#1853);
#1852 = CARTESIAN_POINT('',(-6.486196382882E-17,0.15));
#1853 = VECTOR('',#1854,1.);
#1854 = DIRECTION('',(1.,0.));
#1855 = ( GEOMETRIC_REPRESENTATION_CONTEXT(2) 
PARAMETRIC_REPRESENTATION_CONTEXT() REPRESENTATION_CONTEXT('2D SPACE',''
  ) );
#1856 = PCURVE('',#1857,#1862);
#1857 = PLANE('',#1858);
#1858 = AXIS2_PLACEMENT_3D('',#1859,#1860,#1861);
#1859 = CARTESIAN_POINT('',(-18.5,-12.,24.450736410338));
#1860 = DIRECTION('',(-1.,8.458842092382E-17,0.));
#1861 = DIRECTION('',(-8.458842092382E-17,-1.,0.));
#1862 = DEFINITIONAL_REPRESENTATION('',(#1863),#1879);
#1863 = B_SPLINE_CURVE_WITH_KNOTS('',5,(#1864,#1865,#1866,#1867,#1868,
    #1869,#1870,#1871,#1872,#1873,#1874,#1875,#1876,#1877,#1878),
  .UNSPECIFIED.,.F.,.F.,(6,1,1,1,1,1,1,1,1,1,6),(0.,0.1,0.2,0.3,0.4,0.5,
    0.6,0.7,0.8,0.9,1.),.QUASI_UNIFORM_KNOTS.);
#1864 = CARTESIAN_POINT('',(-1.978451982539,-0.812303844155));
#1865 = CARTESIAN_POINT('',(-2.652405681693,-0.812303844155));
#1866 = CARTESIAN_POINT('',(-3.985710113527,-0.857042361151));
#1867 = CARTESIAN_POINT('',(-5.941852118232,-1.058365393059));
#1868 = CARTESIAN_POINT('',(-8.467342195448,-1.560223135785));
#1869 = CARTESIAN_POINT('',(-11.50465033197,-2.389178911485));
#1870 = CARTESIAN_POINT('',(-14.43205463062,-3.194904008673));
#1871 = CARTESIAN_POINT('',(-17.23308487082,-3.77932401684));
#1872 = CARTESIAN_POINT('',(-19.85670552238,-4.023303570499));
#1873 = CARTESIAN_POINT('',(-22.18844765278,-3.976501910621));
#1874 = CARTESIAN_POINT('',(-24.06622392278,-3.89226652933));
#1875 = CARTESIAN_POINT('',(-25.18102495605,-3.855370504719));
#1876 = CARTESIAN_POINT('',(-25.79867843153,-3.861870075399));
#1877 = CARTESIAN_POINT('',(-26.11541678197,-3.880309165157));
#1878 = CARTESIAN_POINT('',(-26.25,-3.893103949415));
#1879 = ( GEOMETRIC_REPRESENTATION_CONTEXT(2) 
PARAMETRIC_REPRESENTATION_CONTEXT() REPRESENTATION_CONTEXT('2D SPACE',''
  ) );
#1880 = ORIENTED_EDGE('',*,*,#1881,.T.);
#1881 = EDGE_CURVE('',#1830,#525,#1882,.T.);
#1882 = SURFACE_CURVE('',#1883,(#1887,#1893),.PCURVE_S1.);
#1883 = LINE('',#1884,#1885);
#1884 = CARTESIAN_POINT('',(-20.,-10.02154801746,23.638432566183));
#1885 = VECTOR('',#1886,1.);
#1886 = DIRECTION('',(-1.,0.,0.));
#1887 = PCURVE('',#566,#1888);
#1888 = DEFINITIONAL_REPRESENTATION('',(#1889),#1892);
#1889 = B_SPLINE_CURVE_WITH_KNOTS('',1,(#1890,#1891),.UNSPECIFIED.,.F.,
  .F.,(2,2),(-1.5,0.),.PIECEWISE_BEZIER_KNOTS.);
#1890 = CARTESIAN_POINT('',(-6.486196382882E-17,0.15));
#1891 = CARTESIAN_POINT('',(-6.486196382882E-17,-1.183948772354E-16));
#1892 = ( GEOMETRIC_REPRESENTATION_CONTEXT(2) 
PARAMETRIC_REPRESENTATION_CONTEXT() REPRESENTATION_CONTEXT('2D SPACE',''
  ) );
#1893 = PCURVE('',#1000,#1894);
#1894 = DEFINITIONAL_REPRESENTATION('',(#1895),#1898);
#1895 = B_SPLINE_CURVE_WITH_KNOTS('',1,(#1896,#1897),.UNSPECIFIED.,.F.,
  .F.,(2,2),(-1.5,0.),.PIECEWISE_BEZIER_KNOTS.);
#1896 = CARTESIAN_POINT('',(-0.619816934156,3.85));
#1897 = CARTESIAN_POINT('',(-0.619816934156,4.));
#1898 = ( GEOMETRIC_REPRESENTATION_CONTEXT(2) 
PARAMETRIC_REPRESENTATION_CONTEXT() REPRESENTATION_CONTEXT('2D SPACE',''
  ) );
#1899 = ORIENTED_EDGE('',*,*,#524,.T.);
#1900 = ADVANCED_FACE('',(#1901,#2132),#1857,.T.);
#1901 = FACE_BOUND('',#1902,.T.);
#1902 = EDGE_LOOP('',(#1903,#2053,#2082,#2110,#2131));
#1903 = ORIENTED_EDGE('',*,*,#1904,.F.);
#1904 = EDGE_CURVE('',#1905,#1830,#1907,.T.);
#1905 = VERTEX_POINT('',#1906);
#1906 = CARTESIAN_POINT('',(-18.5,1.389700421721,25.631969638302));
#1907 = SURFACE_CURVE('',#1908,(#1976,#2047),.PCURVE_S1.);
#1908 = B_SPLINE_CURVE_WITH_KNOTS('',3,(#1909,#1910,#1911,#1912,#1913,
    #1914,#1915,#1916,#1917,#1918,#1919,#1920,#1921,#1922,#1923,#1924,
    #1925,#1926,#1927,#1928,#1929,#1930,#1931,#1932,#1933,#1934,#1935,
    #1936,#1937,#1938,#1939,#1940,#1941,#1942,#1943,#1944,#1945,#1946,
    #1947,#1948,#1949,#1950,#1951,#1952,#1953,#1954,#1955,#1956,#1957,
    #1958,#1959,#1960,#1961,#1962,#1963,#1964,#1965,#1966,#1967,#1968,
    #1969,#1970,#1971,#1972,#1973,#1974,#1975),.UNSPECIFIED.,.F.,.F.,(4,
    3,3,3,3,3,3,3,3,3,3,3,3,3,3,3,3,3,3,3,3,3,4),(-1.591633226517,
    -1.534552605023,-1.476113758618,-1.416100550039,-1.354225195772,
    -1.290088203877,-1.223103350037,-1.14985943915,-1.07484237395,
    -0.996122102135,-0.912296617693,-0.820599108472,-0.70888596481,
    -0.626675316189,-0.554740998646,-0.487983853509,-0.424566855009,
    -0.363246964165,-0.301782307762,-0.239136924783,-0.175891521403,
    -0.111490855707,-5.120077584324E-02),.UNSPECIFIED.);
#1909 = CARTESIAN_POINT('',(-18.5,1.389700421721,25.631969638302));
#1910 = CARTESIAN_POINT('',(-18.5,1.214629868651,25.609049284019));
#1911 = CARTESIAN_POINT('',(-18.5,1.042739156179,25.585757962772));
#1912 = CARTESIAN_POINT('',(-18.5,0.874004873248,25.562099157623));
#1913 = CARTESIAN_POINT('',(-18.5,0.701255583116,25.53787739472));
#1914 = CARTESIAN_POINT('',(-18.5,0.531814586591,25.513270434128));
#1915 = CARTESIAN_POINT('',(-18.5,0.365601351788,25.488288118181));
#1916 = CARTESIAN_POINT('',(-18.5,0.194910276548,25.462632770242));
#1917 = CARTESIAN_POINT('',(-18.5,2.762306308806E-02,25.436581548211));
#1918 = CARTESIAN_POINT('',(-18.5,-0.136403042645,25.410151781936));
#1919 = CARTESIAN_POINT('',(-18.5,-0.305518703043,25.382901928274));
#1920 = CARTESIAN_POINT('',(-18.5,-0.471167921837,25.355249645562));
#1921 = CARTESIAN_POINT('',(-18.5,-0.633562845276,25.327221324169));
#1922 = CARTESIAN_POINT('',(-18.5,-0.801893548376,25.298168525308));
#1923 = CARTESIAN_POINT('',(-18.5,-0.966727930385,25.268711656612));
#1924 = CARTESIAN_POINT('',(-18.5,-1.128358127369,25.238888476086));
#1925 = CARTESIAN_POINT('',(-18.5,-1.297165157465,25.207741062875));
#1926 = CARTESIAN_POINT('',(-18.5,-1.462477413132,25.176194028354));
#1927 = CARTESIAN_POINT('',(-18.5,-1.624683776391,25.144300120567));
#1928 = CARTESIAN_POINT('',(-18.5,-1.802046683598,25.1094260497));
#1929 = CARTESIAN_POINT('',(-18.5,-1.975696206301,25.074137085035));
#1930 = CARTESIAN_POINT('',(-18.5,-2.146204246078,25.038515509691));
#1931 = CARTESIAN_POINT('',(-18.5,-2.320840097471,25.00203157529));
#1932 = CARTESIAN_POINT('',(-18.5,-2.492180946122,24.965198765796));
#1933 = CARTESIAN_POINT('',(-18.5,-2.660899918163,24.928119742909));
#1934 = CARTESIAN_POINT('',(-18.5,-2.83794767795,24.889210319401));
#1935 = CARTESIAN_POINT('',(-18.5,-3.012108621426,24.850029770116));
#1936 = CARTESIAN_POINT('',(-18.5,-3.184219161817,24.810712062735));
#1937 = CARTESIAN_POINT('',(-18.5,-3.367491514581,24.76884450064));
#1938 = CARTESIAN_POINT('',(-18.5,-3.548439317061,24.726821394634));
#1939 = CARTESIAN_POINT('',(-18.5,-3.728131836182,24.684821735239));
#1940 = CARTESIAN_POINT('',(-18.5,-3.924699223043,24.63887790109));
#1941 = CARTESIAN_POINT('',(-18.5,-4.119765171074,24.592962061586));
#1942 = CARTESIAN_POINT('',(-18.5,-4.314789859202,24.547329319808));
#1943 = CARTESIAN_POINT('',(-18.5,-4.552384328096,24.491735911861));
#1944 = CARTESIAN_POINT('',(-18.5,-4.789919961805,24.436562020258));
#1945 = CARTESIAN_POINT('',(-18.5,-5.03010507199,24.382304662216));
#1946 = CARTESIAN_POINT('',(-18.5,-5.206859328922,24.342376212878));
#1947 = CARTESIAN_POINT('',(-18.5,-5.385051684759,24.302944794535));
#1948 = CARTESIAN_POINT('',(-18.5,-5.565746075983,24.264221941826));
#1949 = CARTESIAN_POINT('',(-18.5,-5.723853668303,24.230339445706));
#1950 = CARTESIAN_POINT('',(-18.5,-5.883877692462,24.196999581951));
#1951 = CARTESIAN_POINT('',(-18.5,-6.046496837848,24.164352078629));
#1952 = CARTESIAN_POINT('',(-18.5,-6.197412148665,24.134054243158));
#1953 = CARTESIAN_POINT('',(-18.5,-6.350562976583,24.104352742204));
#1954 = CARTESIAN_POINT('',(-18.5,-6.506451703884,24.075373530164));
#1955 = CARTESIAN_POINT('',(-18.5,-6.654540648749,24.047844272543));
#1956 = CARTESIAN_POINT('',(-18.5,-6.805100744965,24.020966856038));
#1957 = CARTESIAN_POINT('',(-18.5,-6.958518964357,23.994854697615));
#1958 = CARTESIAN_POINT('',(-18.5,-7.106863866972,23.969606030189));
#1959 = CARTESIAN_POINT('',(-18.5,-7.257881343727,23.945072853818));
#1960 = CARTESIAN_POINT('',(-18.5,-7.411873949561,23.921362726319));
#1961 = CARTESIAN_POINT('',(-18.5,-7.566230105057,23.897596623349));
#1962 = CARTESIAN_POINT('',(-18.5,-7.723575501699,23.874657528586));
#1963 = CARTESIAN_POINT('',(-18.5,-7.884162076995,23.852658542915));
#1964 = CARTESIAN_POINT('',(-18.5,-8.047833495654,23.83023696012));
#1965 = CARTESIAN_POINT('',(-18.5,-8.21487180362,23.808792049735));
#1966 = CARTESIAN_POINT('',(-18.5,-8.38548918886,23.788447158321));
#1967 = CARTESIAN_POINT('',(-18.5,-8.557740755374,23.767907402589));
#1968 = CARTESIAN_POINT('',(-18.5,-8.733640180662,23.748488951572));
#1969 = CARTESIAN_POINT('',(-18.5,-8.913351764528,23.730320754937));
#1970 = CARTESIAN_POINT('',(-18.5,-9.096346022068,23.711820691766));
#1971 = CARTESIAN_POINT('',(-18.5,-9.283292933053,23.694617099785));
#1972 = CARTESIAN_POINT('',(-18.5,-9.474311254944,23.67884640755));
#1973 = CARTESIAN_POINT('',(-18.5,-9.65313719964,23.664082331992));
#1974 = CARTESIAN_POINT('',(-18.5,-9.835530759095,23.650574162708));
#1975 = CARTESIAN_POINT('',(-18.5,-10.02154801746,23.638432566183));
#1976 = PCURVE('',#1857,#1977);
#1977 = DEFINITIONAL_REPRESENTATION('',(#1978),#2046);
#1978 = B_SPLINE_CURVE_WITH_KNOTS('',3,(#1979,#1980,#1981,#1982,#1983,
    #1984,#1985,#1986,#1987,#1988,#1989,#1990,#1991,#1992,#1993,#1994,
    #1995,#1996,#1997,#1998,#1999,#2000,#2001,#2002,#2003,#2004,#2005,
    #2006,#2007,#2008,#2009,#2010,#2011,#2012,#2013,#2014,#2015,#2016,
    #2017,#2018,#2019,#2020,#2021,#2022,#2023,#2024,#2025,#2026,#2027,
    #2028,#2029,#2030,#2031,#2032,#2033,#2034,#2035,#2036,#2037,#2038,
    #2039,#2040,#2041,#2042,#2043,#2044,#2045),.UNSPECIFIED.,.F.,.F.,(4,
    3,3,3,3,3,3,3,3,3,3,3,3,3,3,3,3,3,3,3,3,3,4),(-1.591633226517,
    -1.534552605023,-1.476113758618,-1.416100550039,-1.354225195772,
    -1.290088203877,-1.223103350037,-1.14985943915,-1.07484237395,
    -0.996122102135,-0.912296617693,-0.820599108472,-0.70888596481,
    -0.626675316189,-0.554740998646,-0.487983853509,-0.424566855009,
    -0.363246964165,-0.301782307762,-0.239136924783,-0.175891521403,
    -0.111490855707,-5.120077584324E-02),.UNSPECIFIED.);
#1979 = CARTESIAN_POINT('',(-13.38970042172,1.181233227965));
#1980 = CARTESIAN_POINT('',(-13.21462986865,1.158312873681));
#1981 = CARTESIAN_POINT('',(-13.04273915617,1.135021552434));
#1982 = CARTESIAN_POINT('',(-12.87400487324,1.111362747285));
#1983 = CARTESIAN_POINT('',(-12.70125558311,1.087140984382));
#1984 = CARTESIAN_POINT('',(-12.53181458659,1.06253402379));
#1985 = CARTESIAN_POINT('',(-12.36560135178,1.037551707843));
#1986 = CARTESIAN_POINT('',(-12.19491027654,1.011896359904));
#1987 = CARTESIAN_POINT('',(-12.02762306308,0.985845137873));
#1988 = CARTESIAN_POINT('',(-11.86359695735,0.959415371598));
#1989 = CARTESIAN_POINT('',(-11.69448129695,0.932165517937));
#1990 = CARTESIAN_POINT('',(-11.52883207816,0.904513235224));
#1991 = CARTESIAN_POINT('',(-11.36643715472,0.876484913832));
#1992 = CARTESIAN_POINT('',(-11.19810645162,0.84743211497));
#1993 = CARTESIAN_POINT('',(-11.03327206961,0.817975246274));
#1994 = CARTESIAN_POINT('',(-10.87164187263,0.788152065748));
#1995 = CARTESIAN_POINT('',(-10.70283484253,0.757004652538));
#1996 = CARTESIAN_POINT('',(-10.53752258686,0.725457618016));
#1997 = CARTESIAN_POINT('',(-10.3753162236,0.693563710229));
#1998 = CARTESIAN_POINT('',(-10.1979533164,0.658689639363));
#1999 = CARTESIAN_POINT('',(-10.02430379369,0.623400674697));
#2000 = CARTESIAN_POINT('',(-9.853795753922,0.587779099354));
#2001 = CARTESIAN_POINT('',(-9.679159902529,0.551295164953));
#2002 = CARTESIAN_POINT('',(-9.507819053878,0.514462355458));
#2003 = CARTESIAN_POINT('',(-9.339100081837,0.477383332571));
#2004 = CARTESIAN_POINT('',(-9.16205232205,0.438473909063));
#2005 = CARTESIAN_POINT('',(-8.987891378574,0.399293359778));
#2006 = CARTESIAN_POINT('',(-8.815780838183,0.359975652397));
#2007 = CARTESIAN_POINT('',(-8.632508485419,0.318108090302));
#2008 = CARTESIAN_POINT('',(-8.451560682939,0.276084984296));
#2009 = CARTESIAN_POINT('',(-8.271868163818,0.234085324901));
#2010 = CARTESIAN_POINT('',(-8.075300776957,0.188141490752));
#2011 = CARTESIAN_POINT('',(-7.880234828926,0.142225651248));
#2012 = CARTESIAN_POINT('',(-7.685210140798,9.65929094704E-02));
#2013 = CARTESIAN_POINT('',(-7.447615671904,4.09995015232E-02));
#2014 = CARTESIAN_POINT('',(-7.210080038195,-1.41743900797E-02));
#2015 = CARTESIAN_POINT('',(-6.96989492801,-6.84317481219E-02));
#2016 = CARTESIAN_POINT('',(-6.793140671078,-0.10836019746));
#2017 = CARTESIAN_POINT('',(-6.614948315241,-0.147791615803));
#2018 = CARTESIAN_POINT('',(-6.434253924017,-0.186514468512));
#2019 = CARTESIAN_POINT('',(-6.276146331697,-0.220396964632));
#2020 = CARTESIAN_POINT('',(-6.116122307538,-0.253736828387));
#2021 = CARTESIAN_POINT('',(-5.953503162152,-0.286384331709));
#2022 = CARTESIAN_POINT('',(-5.802587851335,-0.31668216718));
#2023 = CARTESIAN_POINT('',(-5.649437023417,-0.346383668134));
#2024 = CARTESIAN_POINT('',(-5.493548296116,-0.375362880174));
#2025 = CARTESIAN_POINT('',(-5.345459351251,-0.402892137795));
#2026 = CARTESIAN_POINT('',(-5.194899255035,-0.4297695543));
#2027 = CARTESIAN_POINT('',(-5.041481035643,-0.455881712723));
#2028 = CARTESIAN_POINT('',(-4.893136133028,-0.481130380149));
#2029 = CARTESIAN_POINT('',(-4.742118656273,-0.50566355652));
#2030 = CARTESIAN_POINT('',(-4.588126050439,-0.529373684019));
#2031 = CARTESIAN_POINT('',(-4.433769894943,-0.553139786989));
#2032 = CARTESIAN_POINT('',(-4.276424498301,-0.576078881751));
#2033 = CARTESIAN_POINT('',(-4.115837923005,-0.598077867422));
#2034 = CARTESIAN_POINT('',(-3.952166504346,-0.620499450218));
#2035 = CARTESIAN_POINT('',(-3.78512819638,-0.641944360603));
#2036 = CARTESIAN_POINT('',(-3.61451081114,-0.662289252016));
#2037 = CARTESIAN_POINT('',(-3.442259244626,-0.682829007748));
#2038 = CARTESIAN_POINT('',(-3.266359819338,-0.702247458766));
#2039 = CARTESIAN_POINT('',(-3.086648235472,-0.720415655401));
#2040 = CARTESIAN_POINT('',(-2.903653977932,-0.738915718572));
#2041 = CARTESIAN_POINT('',(-2.716707066947,-0.756119310553));
#2042 = CARTESIAN_POINT('',(-2.525688745056,-0.771890002788));
#2043 = CARTESIAN_POINT('',(-2.34686280036,-0.786654078346));
#2044 = CARTESIAN_POINT('',(-2.164469240905,-0.80016224763));
#2045 = CARTESIAN_POINT('',(-1.978451982539,-0.812303844155));
#2046 = ( GEOMETRIC_REPRESENTATION_CONTEXT(2) 
PARAMETRIC_REPRESENTATION_CONTEXT() REPRESENTATION_CONTEXT('2D SPACE',''
  ) );
#2047 = PCURVE('',#1000,#2048);
#2048 = DEFINITIONAL_REPRESENTATION('',(#2049),#2052);
#2049 = B_SPLINE_CURVE_WITH_KNOTS('',1,(#2050,#2051),.UNSPECIFIED.,.F.,
  .F.,(2,2),(-1.591633226517,-5.120077584324E-02),
  .PIECEWISE_BEZIER_KNOTS.);
#2050 = CARTESIAN_POINT('',(-1.,3.85));
#2051 = CARTESIAN_POINT('',(-0.619816934156,3.85));
#2052 = ( GEOMETRIC_REPRESENTATION_CONTEXT(2) 
PARAMETRIC_REPRESENTATION_CONTEXT() REPRESENTATION_CONTEXT('2D SPACE',''
  ) );
#2053 = ORIENTED_EDGE('',*,*,#2054,.F.);
#2054 = EDGE_CURVE('',#2055,#1905,#2057,.T.);
#2055 = VERTEX_POINT('',#2056);
#2056 = CARTESIAN_POINT('',(-18.5,8.638140911714,29.9));
#2057 = SURFACE_CURVE('',#2058,(#2063,#2070),.PCURVE_S1.);
#2058 = CIRCLE('',#2059,10.75);
#2059 = AXIS2_PLACEMENT_3D('',#2060,#2061,#2062);
#2060 = CARTESIAN_POINT('',(-18.5,-5.788112552345E-03,36.29100860768));
#2061 = DIRECTION('',(-1.,8.458842092382E-17,0.));
#2062 = DIRECTION('',(8.458842092382E-17,1.,-0.));
#2063 = PCURVE('',#1857,#2064);
#2064 = DEFINITIONAL_REPRESENTATION('',(#2065),#2069);
#2065 = CIRCLE('',#2066,10.75);
#2066 = AXIS2_PLACEMENT_2D('',#2067,#2068);
#2067 = CARTESIAN_POINT('',(-11.99421188744,11.840272197342));
#2068 = DIRECTION('',(-1.,0.));
#2069 = ( GEOMETRIC_REPRESENTATION_CONTEXT(2) 
PARAMETRIC_REPRESENTATION_CONTEXT() REPRESENTATION_CONTEXT('2D SPACE',''
  ) );
#2070 = PCURVE('',#2071,#2076);
#2071 = CYLINDRICAL_SURFACE('',#2072,10.75);
#2072 = AXIS2_PLACEMENT_3D('',#2073,#2074,#2075);
#2073 = CARTESIAN_POINT('',(20.,-5.788112552341E-03,36.29100860768));
#2074 = DIRECTION('',(-1.,-8.881784197001E-17,0.));
#2075 = DIRECTION('',(-8.881784197001E-17,1.,0.));
#2076 = DEFINITIONAL_REPRESENTATION('',(#2077),#2081);
#2077 = LINE('',#2078,#2079);
#2078 = CARTESIAN_POINT('',(-1.110223024625E-16,38.5));
#2079 = VECTOR('',#2080,1.);
#2080 = DIRECTION('',(1.,0.));
#2081 = ( GEOMETRIC_REPRESENTATION_CONTEXT(2) 
PARAMETRIC_REPRESENTATION_CONTEXT() REPRESENTATION_CONTEXT('2D SPACE',''
  ) );
#2082 = ORIENTED_EDGE('',*,*,#2083,.F.);
#2083 = EDGE_CURVE('',#2084,#2055,#2086,.T.);
#2084 = VERTEX_POINT('',#2085);
#2085 = CARTESIAN_POINT('',(-18.5,14.25,29.9));
#2086 = SURFACE_CURVE('',#2087,(#2091,#2098),.PCURVE_S1.);
#2087 = LINE('',#2088,#2089);
#2088 = CARTESIAN_POINT('',(-18.5,-12.,29.9));
#2089 = VECTOR('',#2090,1.);
#2090 = DIRECTION('',(-8.458842092382E-17,-1.,0.));
#2091 = PCURVE('',#1857,#2092);
#2092 = DEFINITIONAL_REPRESENTATION('',(#2093),#2097);
#2093 = LINE('',#2094,#2095);
#2094 = CARTESIAN_POINT('',(0.,5.449263589662));
#2095 = VECTOR('',#2096,1.);
#2096 = DIRECTION('',(1.,0.));
#2097 = ( GEOMETRIC_REPRESENTATION_CONTEXT(2) 
PARAMETRIC_REPRESENTATION_CONTEXT() REPRESENTATION_CONTEXT('2D SPACE',''
  ) );
#2098 = PCURVE('',#2099,#2104);
#2099 = PLANE('',#2100);
#2100 = AXIS2_PLACEMENT_3D('',#2101,#2102,#2103);
#2101 = CARTESIAN_POINT('',(0.,-12.,29.9));
#2102 = DIRECTION('',(0.,0.,1.));
#2103 = DIRECTION('',(1.,0.,-0.));
#2104 = DEFINITIONAL_REPRESENTATION('',(#2105),#2109);
#2105 = LINE('',#2106,#2107);
#2106 = CARTESIAN_POINT('',(-18.5,0.));
#2107 = VECTOR('',#2108,1.);
#2108 = DIRECTION('',(-8.458842092382E-17,-1.));
#2109 = ( GEOMETRIC_REPRESENTATION_CONTEXT(2) 
PARAMETRIC_REPRESENTATION_CONTEXT() REPRESENTATION_CONTEXT('2D SPACE',''
  ) );
#2110 = ORIENTED_EDGE('',*,*,#2111,.F.);
#2111 = EDGE_CURVE('',#1808,#2084,#2112,.T.);
#2112 = SURFACE_CURVE('',#2113,(#2117,#2124),.PCURVE_S1.);
#2113 = LINE('',#2114,#2115);
#2114 = CARTESIAN_POINT('',(-18.5,14.25,21.725368205169));
#2115 = VECTOR('',#2116,1.);
#2116 = DIRECTION('',(0.,0.,1.));
#2117 = PCURVE('',#1857,#2118);
#2118 = DEFINITIONAL_REPRESENTATION('',(#2119),#2123);
#2119 = LINE('',#2120,#2121);
#2120 = CARTESIAN_POINT('',(-26.25,-2.725368205169));
#2121 = VECTOR('',#2122,1.);
#2122 = DIRECTION('',(0.,1.));
#2123 = ( GEOMETRIC_REPRESENTATION_CONTEXT(2) 
PARAMETRIC_REPRESENTATION_CONTEXT() REPRESENTATION_CONTEXT('2D SPACE',''
  ) );
#2124 = PCURVE('',#359,#2125);
#2125 = DEFINITIONAL_REPRESENTATION('',(#2126),#2130);
#2126 = LINE('',#2127,#2128);
#2127 = CARTESIAN_POINT('',(38.5,2.725368205169));
#2128 = VECTOR('',#2129,1.);
#2129 = DIRECTION('',(0.,1.));
#2130 = ( GEOMETRIC_REPRESENTATION_CONTEXT(2) 
PARAMETRIC_REPRESENTATION_CONTEXT() REPRESENTATION_CONTEXT('2D SPACE',''
  ) );
#2131 = ORIENTED_EDGE('',*,*,#1829,.F.);
#2132 = FACE_BOUND('',#2133,.T.);
#2133 = EDGE_LOOP('',(#2134));
#2134 = ORIENTED_EDGE('',*,*,#2135,.F.);
#2135 = EDGE_CURVE('',#2136,#2136,#2138,.T.);
#2136 = VERTEX_POINT('',#2137);
#2137 = CARTESIAN_POINT('',(-18.5,9.75,25.3));
#2138 = SURFACE_CURVE('',#2139,(#2144,#2151),.PCURVE_S1.);
#2139 = CIRCLE('',#2140,1.75);
#2140 = AXIS2_PLACEMENT_3D('',#2141,#2142,#2143);
#2141 = CARTESIAN_POINT('',(-18.5,8.,25.3));
#2142 = DIRECTION('',(-1.,8.458842092382E-17,0.));
#2143 = DIRECTION('',(-8.458842092382E-17,-1.,0.));
#2144 = PCURVE('',#1857,#2145);
#2145 = DEFINITIONAL_REPRESENTATION('',(#2146),#2150);
#2146 = CIRCLE('',#2147,1.75);
#2147 = AXIS2_PLACEMENT_2D('',#2148,#2149);
#2148 = CARTESIAN_POINT('',(-20.,0.849263589662));
#2149 = DIRECTION('',(1.,0.));
#2150 = ( GEOMETRIC_REPRESENTATION_CONTEXT(2) 
PARAMETRIC_REPRESENTATION_CONTEXT() REPRESENTATION_CONTEXT('2D SPACE',''
  ) );
#2151 = PCURVE('',#2152,#2157);
#2152 = CYLINDRICAL_SURFACE('',#2153,1.75);
#2153 = AXIS2_PLACEMENT_3D('',#2154,#2155,#2156);
#2154 = CARTESIAN_POINT('',(-20.,8.,25.3));
#2155 = DIRECTION('',(1.,-8.388351741612E-17,0.));
#2156 = DIRECTION('',(-8.388351741612E-17,-1.,0.));
#2157 = DEFINITIONAL_REPRESENTATION('',(#2158),#2162);
#2158 = LINE('',#2159,#2160);
#2159 = CARTESIAN_POINT('',(6.28318530718,1.5));
#2160 = VECTOR('',#2161,1.);
#2161 = DIRECTION('',(-1.,0.));
#2162 = ( GEOMETRIC_REPRESENTATION_CONTEXT(2) 
PARAMETRIC_REPRESENTATION_CONTEXT() REPRESENTATION_CONTEXT('2D SPACE',''
  ) );
#2163 = ADVANCED_FACE('',(#2164),#2099,.T.);
#2164 = FACE_BOUND('',#2165,.T.);
#2165 = EDGE_LOOP('',(#2166,#2167,#2190,#2213,#2236,#2259,#2287,#2315));
#2166 = ORIENTED_EDGE('',*,*,#2083,.T.);
#2167 = ORIENTED_EDGE('',*,*,#2168,.T.);
#2168 = EDGE_CURVE('',#2055,#2169,#2171,.T.);
#2169 = VERTEX_POINT('',#2170);
#2170 = CARTESIAN_POINT('',(-17.2,8.638140911714,29.9));
#2171 = SURFACE_CURVE('',#2172,(#2176,#2183),.PCURVE_S1.);
#2172 = LINE('',#2173,#2174);
#2173 = CARTESIAN_POINT('',(20.,8.638140911714,29.9));
#2174 = VECTOR('',#2175,1.);
#2175 = DIRECTION('',(1.,8.881784197001E-17,0.));
#2176 = PCURVE('',#2099,#2177);
#2177 = DEFINITIONAL_REPRESENTATION('',(#2178),#2182);
#2178 = LINE('',#2179,#2180);
#2179 = CARTESIAN_POINT('',(20.,20.638140911714));
#2180 = VECTOR('',#2181,1.);
#2181 = DIRECTION('',(1.,8.881784197001E-17));
#2182 = ( GEOMETRIC_REPRESENTATION_CONTEXT(2) 
PARAMETRIC_REPRESENTATION_CONTEXT() REPRESENTATION_CONTEXT('2D SPACE',''
  ) );
#2183 = PCURVE('',#2071,#2184);
#2184 = DEFINITIONAL_REPRESENTATION('',(#2185),#2189);
#2185 = LINE('',#2186,#2187);
#2186 = CARTESIAN_POINT('',(0.636659145792,0.));
#2187 = VECTOR('',#2188,1.);
#2188 = DIRECTION('',(0.,-1.));
#2189 = ( GEOMETRIC_REPRESENTATION_CONTEXT(2) 
PARAMETRIC_REPRESENTATION_CONTEXT() REPRESENTATION_CONTEXT('2D SPACE',''
  ) );
#2190 = ORIENTED_EDGE('',*,*,#2191,.T.);
#2191 = EDGE_CURVE('',#2169,#2192,#2194,.T.);
#2192 = VERTEX_POINT('',#2193);
#2193 = CARTESIAN_POINT('',(-17.2,11.45,29.9));
#2194 = SURFACE_CURVE('',#2195,(#2199,#2206),.PCURVE_S1.);
#2195 = LINE('',#2196,#2197);
#2196 = CARTESIAN_POINT('',(-17.2,-35.45,29.9));
#2197 = VECTOR('',#2198,1.);
#2198 = DIRECTION('',(0.,1.,0.));
#2199 = PCURVE('',#2099,#2200);
#2200 = DEFINITIONAL_REPRESENTATION('',(#2201),#2205);
#2201 = LINE('',#2202,#2203);
#2202 = CARTESIAN_POINT('',(-17.2,-23.45));
#2203 = VECTOR('',#2204,1.);
#2204 = DIRECTION('',(0.,1.));
#2205 = ( GEOMETRIC_REPRESENTATION_CONTEXT(2) 
PARAMETRIC_REPRESENTATION_CONTEXT() REPRESENTATION_CONTEXT('2D SPACE',''
  ) );
#2206 = PCURVE('',#1081,#2207);
#2207 = DEFINITIONAL_REPRESENTATION('',(#2208),#2212);
#2208 = LINE('',#2209,#2210);
#2209 = CARTESIAN_POINT('',(0.,9.));
#2210 = VECTOR('',#2211,1.);
#2211 = DIRECTION('',(1.,0.));
#2212 = ( GEOMETRIC_REPRESENTATION_CONTEXT(2) 
PARAMETRIC_REPRESENTATION_CONTEXT() REPRESENTATION_CONTEXT('2D SPACE',''
  ) );
#2213 = ORIENTED_EDGE('',*,*,#2214,.T.);
#2214 = EDGE_CURVE('',#2192,#2215,#2217,.T.);
#2215 = VERTEX_POINT('',#2216);
#2216 = CARTESIAN_POINT('',(17.2,11.45,29.9));
#2217 = SURFACE_CURVE('',#2218,(#2222,#2229),.PCURVE_S1.);
#2218 = LINE('',#2219,#2220);
#2219 = CARTESIAN_POINT('',(-17.2,11.45,29.9));
#2220 = VECTOR('',#2221,1.);
#2221 = DIRECTION('',(1.,6.45478502689E-17,0.));
#2222 = PCURVE('',#2099,#2223);
#2223 = DEFINITIONAL_REPRESENTATION('',(#2224),#2228);
#2224 = LINE('',#2225,#2226);
#2225 = CARTESIAN_POINT('',(-17.2,23.45));
#2226 = VECTOR('',#2227,1.);
#2227 = DIRECTION('',(1.,6.45478502689E-17));
#2228 = ( GEOMETRIC_REPRESENTATION_CONTEXT(2) 
PARAMETRIC_REPRESENTATION_CONTEXT() REPRESENTATION_CONTEXT('2D SPACE',''
  ) );
#2229 = PCURVE('',#1280,#2230);
#2230 = DEFINITIONAL_REPRESENTATION('',(#2231),#2235);
#2231 = LINE('',#2232,#2233);
#2232 = CARTESIAN_POINT('',(0.,9.));
#2233 = VECTOR('',#2234,1.);
#2234 = DIRECTION('',(1.,0.));
#2235 = ( GEOMETRIC_REPRESENTATION_CONTEXT(2) 
PARAMETRIC_REPRESENTATION_CONTEXT() REPRESENTATION_CONTEXT('2D SPACE',''
  ) );
#2236 = ORIENTED_EDGE('',*,*,#2237,.T.);
#2237 = EDGE_CURVE('',#2215,#2238,#2240,.T.);
#2238 = VERTEX_POINT('',#2239);
#2239 = CARTESIAN_POINT('',(17.2,8.638140911714,29.9));
#2240 = SURFACE_CURVE('',#2241,(#2245,#2252),.PCURVE_S1.);
#2241 = LINE('',#2242,#2243);
#2242 = CARTESIAN_POINT('',(17.2,11.45,29.9));
#2243 = VECTOR('',#2244,1.);
#2244 = DIRECTION('',(0.,-1.,0.));
#2245 = PCURVE('',#2099,#2246);
#2246 = DEFINITIONAL_REPRESENTATION('',(#2247),#2251);
#2247 = LINE('',#2248,#2249);
#2248 = CARTESIAN_POINT('',(17.2,23.45));
#2249 = VECTOR('',#2250,1.);
#2250 = DIRECTION('',(0.,-1.));
#2251 = ( GEOMETRIC_REPRESENTATION_CONTEXT(2) 
PARAMETRIC_REPRESENTATION_CONTEXT() REPRESENTATION_CONTEXT('2D SPACE',''
  ) );
#2252 = PCURVE('',#417,#2253);
#2253 = DEFINITIONAL_REPRESENTATION('',(#2254),#2258);
#2254 = LINE('',#2255,#2256);
#2255 = CARTESIAN_POINT('',(0.,9.));
#2256 = VECTOR('',#2257,1.);
#2257 = DIRECTION('',(1.,0.));
#2258 = ( GEOMETRIC_REPRESENTATION_CONTEXT(2) 
PARAMETRIC_REPRESENTATION_CONTEXT() REPRESENTATION_CONTEXT('2D SPACE',''
  ) );
#2259 = ORIENTED_EDGE('',*,*,#2260,.T.);
#2260 = EDGE_CURVE('',#2238,#2261,#2263,.T.);
#2261 = VERTEX_POINT('',#2262);
#2262 = CARTESIAN_POINT('',(18.5,8.638140911714,29.9));
#2263 = SURFACE_CURVE('',#2264,(#2268,#2275),.PCURVE_S1.);
#2264 = LINE('',#2265,#2266);
#2265 = CARTESIAN_POINT('',(20.,8.638140911714,29.9));
#2266 = VECTOR('',#2267,1.);
#2267 = DIRECTION('',(1.,8.881784197001E-17,0.));
#2268 = PCURVE('',#2099,#2269);
#2269 = DEFINITIONAL_REPRESENTATION('',(#2270),#2274);
#2270 = LINE('',#2271,#2272);
#2271 = CARTESIAN_POINT('',(20.,20.638140911714));
#2272 = VECTOR('',#2273,1.);
#2273 = DIRECTION('',(1.,8.881784197001E-17));
#2274 = ( GEOMETRIC_REPRESENTATION_CONTEXT(2) 
PARAMETRIC_REPRESENTATION_CONTEXT() REPRESENTATION_CONTEXT('2D SPACE',''
  ) );
#2275 = PCURVE('',#2276,#2281);
#2276 = CYLINDRICAL_SURFACE('',#2277,10.75);
#2277 = AXIS2_PLACEMENT_3D('',#2278,#2279,#2280);
#2278 = CARTESIAN_POINT('',(20.,-5.788112552341E-03,36.29100860768));
#2279 = DIRECTION('',(-1.,-8.881784197001E-17,0.));
#2280 = DIRECTION('',(-8.881784197001E-17,1.,0.));
#2281 = DEFINITIONAL_REPRESENTATION('',(#2282),#2286);
#2282 = LINE('',#2283,#2284);
#2283 = CARTESIAN_POINT('',(0.636659145792,0.));
#2284 = VECTOR('',#2285,1.);
#2285 = DIRECTION('',(0.,-1.));
#2286 = ( GEOMETRIC_REPRESENTATION_CONTEXT(2) 
PARAMETRIC_REPRESENTATION_CONTEXT() REPRESENTATION_CONTEXT('2D SPACE',''
  ) );
#2287 = ORIENTED_EDGE('',*,*,#2288,.T.);
#2288 = EDGE_CURVE('',#2261,#2289,#2291,.T.);
#2289 = VERTEX_POINT('',#2290);
#2290 = CARTESIAN_POINT('',(18.5,14.25,29.9));
#2291 = SURFACE_CURVE('',#2292,(#2296,#2303),.PCURVE_S1.);
#2292 = LINE('',#2293,#2294);
#2293 = CARTESIAN_POINT('',(18.5,-5.084398278062,29.9));
#2294 = VECTOR('',#2295,1.);
#2295 = DIRECTION('',(-1.031473859279E-16,1.,0.));
#2296 = PCURVE('',#2099,#2297);
#2297 = DEFINITIONAL_REPRESENTATION('',(#2298),#2302);
#2298 = LINE('',#2299,#2300);
#2299 = CARTESIAN_POINT('',(18.5,6.915601721938));
#2300 = VECTOR('',#2301,1.);
#2301 = DIRECTION('',(-1.031473859279E-16,1.));
#2302 = ( GEOMETRIC_REPRESENTATION_CONTEXT(2) 
PARAMETRIC_REPRESENTATION_CONTEXT() REPRESENTATION_CONTEXT('2D SPACE',''
  ) );
#2303 = PCURVE('',#2304,#2309);
#2304 = PLANE('',#2305);
#2305 = AXIS2_PLACEMENT_3D('',#2306,#2307,#2308);
#2306 = CARTESIAN_POINT('',(18.5,1.831203443876,25.314185164534));
#2307 = DIRECTION('',(1.,1.031473859279E-16,1.29840134577E-16));
#2308 = DIRECTION('',(-1.031473859279E-16,1.,0.));
#2309 = DEFINITIONAL_REPRESENTATION('',(#2310),#2314);
#2310 = LINE('',#2311,#2312);
#2311 = CARTESIAN_POINT('',(-6.915601721938,4.585814835466));
#2312 = VECTOR('',#2313,1.);
#2313 = DIRECTION('',(1.,-1.600403220257E-48));
#2314 = ( GEOMETRIC_REPRESENTATION_CONTEXT(2) 
PARAMETRIC_REPRESENTATION_CONTEXT() REPRESENTATION_CONTEXT('2D SPACE',''
  ) );
#2315 = ORIENTED_EDGE('',*,*,#2316,.T.);
#2316 = EDGE_CURVE('',#2289,#2084,#2317,.T.);
#2317 = SURFACE_CURVE('',#2318,(#2322,#2329),.PCURVE_S1.);
#2318 = LINE('',#2319,#2320);
#2319 = CARTESIAN_POINT('',(20.,14.25,29.9));
#2320 = VECTOR('',#2321,1.);
#2321 = DIRECTION('',(-1.,0.,0.));
#2322 = PCURVE('',#2099,#2323);
#2323 = DEFINITIONAL_REPRESENTATION('',(#2324),#2328);
#2324 = LINE('',#2325,#2326);
#2325 = CARTESIAN_POINT('',(20.,26.25));
#2326 = VECTOR('',#2327,1.);
#2327 = DIRECTION('',(-1.,0.));
#2328 = ( GEOMETRIC_REPRESENTATION_CONTEXT(2) 
PARAMETRIC_REPRESENTATION_CONTEXT() REPRESENTATION_CONTEXT('2D SPACE',''
  ) );
#2329 = PCURVE('',#359,#2330);
#2330 = DEFINITIONAL_REPRESENTATION('',(#2331),#2335);
#2331 = LINE('',#2332,#2333);
#2332 = CARTESIAN_POINT('',(0.,10.9));
#2333 = VECTOR('',#2334,1.);
#2334 = DIRECTION('',(1.,0.));
#2335 = ( GEOMETRIC_REPRESENTATION_CONTEXT(2) 
PARAMETRIC_REPRESENTATION_CONTEXT() REPRESENTATION_CONTEXT('2D SPACE',''
  ) );
#2336 = ADVANCED_FACE('',(#2337),#2071,.F.);
#2337 = FACE_BOUND('',#2338,.F.);
#2338 = EDGE_LOOP('',(#2339,#2340,#2368,#2388));
#2339 = ORIENTED_EDGE('',*,*,#2168,.T.);
#2340 = ORIENTED_EDGE('',*,*,#2341,.T.);
#2341 = EDGE_CURVE('',#2169,#2342,#2344,.T.);
#2342 = VERTEX_POINT('',#2343);
#2343 = CARTESIAN_POINT('',(-17.2,1.389700421721,25.631969638302));
#2344 = SURFACE_CURVE('',#2345,(#2350,#2357),.PCURVE_S1.);
#2345 = CIRCLE('',#2346,10.75);
#2346 = AXIS2_PLACEMENT_3D('',#2347,#2348,#2349);
#2347 = CARTESIAN_POINT('',(-17.2,-5.788112552345E-03,36.29100860768));
#2348 = DIRECTION('',(-1.,0.,0.));
#2349 = DIRECTION('',(0.,1.,-0.));
#2350 = PCURVE('',#2071,#2351);
#2351 = DEFINITIONAL_REPRESENTATION('',(#2352),#2356);
#2352 = LINE('',#2353,#2354);
#2353 = CARTESIAN_POINT('',(-2.22044604925E-16,37.2));
#2354 = VECTOR('',#2355,1.);
#2355 = DIRECTION('',(1.,0.));
#2356 = ( GEOMETRIC_REPRESENTATION_CONTEXT(2) 
PARAMETRIC_REPRESENTATION_CONTEXT() REPRESENTATION_CONTEXT('2D SPACE',''
  ) );
#2357 = PCURVE('',#1081,#2358);
#2358 = DEFINITIONAL_REPRESENTATION('',(#2359),#2367);
#2359 = ( BOUNDED_CURVE() B_SPLINE_CURVE(2,(#2360,#2361,#2362,#2363,
#2364,#2365,#2366),.UNSPECIFIED.,.T.,.F.) B_SPLINE_CURVE_WITH_KNOTS((1,2
    ,2,2,2,1),(-2.094395102393,0.,2.094395102393,4.188790204786,
6.28318530718,8.377580409573),.UNSPECIFIED.) CURVE() 
GEOMETRIC_REPRESENTATION_ITEM() RATIONAL_B_SPLINE_CURVE((1.,0.5,1.,0.5,
1.,0.5,1.)) REPRESENTATION_ITEM('') );
#2360 = CARTESIAN_POINT('',(46.194211887448,15.39100860768));
#2361 = CARTESIAN_POINT('',(46.194211887448,-3.228537573685));
#2362 = CARTESIAN_POINT('',(30.069211887448,6.081235516997));
#2363 = CARTESIAN_POINT('',(13.944211887448,15.39100860768));
#2364 = CARTESIAN_POINT('',(30.069211887448,24.700781698363));
#2365 = CARTESIAN_POINT('',(46.194211887448,34.010554789046));
#2366 = CARTESIAN_POINT('',(46.194211887448,15.39100860768));
#2367 = ( GEOMETRIC_REPRESENTATION_CONTEXT(2) 
PARAMETRIC_REPRESENTATION_CONTEXT() REPRESENTATION_CONTEXT('2D SPACE',''
  ) );
#2368 = ORIENTED_EDGE('',*,*,#2369,.T.);
#2369 = EDGE_CURVE('',#2342,#1905,#2370,.T.);
#2370 = SURFACE_CURVE('',#2371,(#2375,#2382),.PCURVE_S1.);
#2371 = LINE('',#2372,#2373);
#2372 = CARTESIAN_POINT('',(20.,1.389700421721,25.631969638302));
#2373 = VECTOR('',#2374,1.);
#2374 = DIRECTION('',(-1.,-8.881784197001E-17,0.));
#2375 = PCURVE('',#2071,#2376);
#2376 = DEFINITIONAL_REPRESENTATION('',(#2377),#2381);
#2377 = LINE('',#2378,#2379);
#2378 = CARTESIAN_POINT('',(1.440616059282,0.));
#2379 = VECTOR('',#2380,1.);
#2380 = DIRECTION('',(0.,1.));
#2381 = ( GEOMETRIC_REPRESENTATION_CONTEXT(2) 
PARAMETRIC_REPRESENTATION_CONTEXT() REPRESENTATION_CONTEXT('2D SPACE',''
  ) );
#2382 = PCURVE('',#1000,#2383);
#2383 = DEFINITIONAL_REPRESENTATION('',(#2384),#2387);
#2384 = B_SPLINE_CURVE_WITH_KNOTS('',1,(#2385,#2386),.UNSPECIFIED.,.F.,
  .F.,(2,2),(37.2,38.5),.PIECEWISE_BEZIER_KNOTS.);
#2385 = CARTESIAN_POINT('',(-1.,3.72));
#2386 = CARTESIAN_POINT('',(-1.,3.85));
#2387 = ( GEOMETRIC_REPRESENTATION_CONTEXT(2) 
PARAMETRIC_REPRESENTATION_CONTEXT() REPRESENTATION_CONTEXT('2D SPACE',''
  ) );
#2388 = ORIENTED_EDGE('',*,*,#2054,.F.);
#2389 = ADVANCED_FACE('',(#2390),#1000,.F.);
#2390 = FACE_BOUND('',#2391,.F.);
#2391 = EDGE_LOOP('',(#2392,#2393,#2837,#2857,#2858,#2859));
#2392 = ORIENTED_EDGE('',*,*,#2369,.F.);
#2393 = ORIENTED_EDGE('',*,*,#2394,.T.);
#2394 = EDGE_CURVE('',#2342,#2395,#2397,.T.);
#2395 = VERTEX_POINT('',#2396);
#2396 = CARTESIAN_POINT('',(-17.2,-27.19576010268,29.9));
#2397 = SURFACE_CURVE('',#2398,(#2613,#2619),.PCURVE_S1.);
#2398 = B_SPLINE_CURVE_WITH_KNOTS('',3,(#2399,#2400,#2401,#2402,#2403,
    #2404,#2405,#2406,#2407,#2408,#2409,#2410,#2411,#2412,#2413,#2414,
    #2415,#2416,#2417,#2418,#2419,#2420,#2421,#2422,#2423,#2424,#2425,
    #2426,#2427,#2428,#2429,#2430,#2431,#2432,#2433,#2434,#2435,#2436,
    #2437,#2438,#2439,#2440,#2441,#2442,#2443,#2444,#2445,#2446,#2447,
    #2448,#2449,#2450,#2451,#2452,#2453,#2454,#2455,#2456,#2457,#2458,
    #2459,#2460,#2461,#2462,#2463,#2464,#2465,#2466,#2467,#2468,#2469,
    #2470,#2471,#2472,#2473,#2474,#2475,#2476,#2477,#2478,#2479,#2480,
    #2481,#2482,#2483,#2484,#2485,#2486,#2487,#2488,#2489,#2490,#2491,
    #2492,#2493,#2494,#2495,#2496,#2497,#2498,#2499,#2500,#2501,#2502,
    #2503,#2504,#2505,#2506,#2507,#2508,#2509,#2510,#2511,#2512,#2513,
    #2514,#2515,#2516,#2517,#2518,#2519,#2520,#2521,#2522,#2523,#2524,
    #2525,#2526,#2527,#2528,#2529,#2530,#2531,#2532,#2533,#2534,#2535,
    #2536,#2537,#2538,#2539,#2540,#2541,#2542,#2543,#2544,#2545,#2546,
    #2547,#2548,#2549,#2550,#2551,#2552,#2553,#2554,#2555,#2556,#2557,
    #2558,#2559,#2560,#2561,#2562,#2563,#2564,#2565,#2566,#2567,#2568,
    #2569,#2570,#2571,#2572,#2573,#2574,#2575,#2576,#2577,#2578,#2579,
    #2580,#2581,#2582,#2583,#2584,#2585,#2586,#2587,#2588,#2589,#2590,
    #2591,#2592,#2593,#2594,#2595,#2596,#2597,#2598,#2599,#2600,#2601,
    #2602,#2603,#2604,#2605,#2606,#2607,#2608,#2609,#2610,#2611,#2612),
  .UNSPECIFIED.,.F.,.F.,(4,3,3,3,3,3,3,3,3,3,3,3,3,3,3,3,3,3,3,3,3,3,3,3
    ,3,3,3,3,3,3,3,3,3,3,3,3,3,3,3,3,3,3,3,3,3,3,3,3,3,3,3,3,3,3,3,3,3,3
    ,3,3,3,3,3,3,3,3,3,3,3,3,3,4),(0.,0.13587662008,0.274956067285,
    0.422363107517,0.572213455911,0.72796730415,0.891279645378,
    1.062754951097,1.241347916087,1.428924420073,1.628972171696,
    1.848502787354,2.107006555087,2.316640356968,2.493454231469,
    2.655379073197,2.807838196024,2.954621378869,3.10220101046,
    3.251696534237,3.403233618,3.556947844887,3.712983688595,
    3.871466625152,4.019069674719,4.152352745954,4.277074574729,
    4.395781175458,4.509896661865,4.620325246938,4.727689006295,
    4.832507145822,4.938971776052,5.052075468277,5.175290516289,
    5.319303044997,5.478986017453,5.611174161975,5.731195365075,
    5.841788030784,5.949642758574,6.05665710115,6.1628632423,
    6.273680223546,6.381034174127,6.485033313753,6.587906233763,
    6.690130670544,6.792106630661,6.895840121917,7.00245910948,
    7.11251573952,7.226790585822,7.346461081108,7.473480216142,
    7.612052847272,7.7766637126,8.001238608895,8.194048745884,
    8.357905568733,8.50790481743,8.649055480174,8.781549375423,
    8.905651724594,9.02478401722,9.139949131016,9.251831446654,
    9.366125245531,9.471698383757,9.575544640416,9.677183857636,
    9.709006642163),.UNSPECIFIED.);
#2399 = CARTESIAN_POINT('',(-17.2,1.389700421721,25.631969638302));
#2400 = CARTESIAN_POINT('',(-17.2,1.215782539641,25.609200192479));
#2401 = CARTESIAN_POINT('',(-17.2,1.045002706407,25.586064654637));
#2402 = CARTESIAN_POINT('',(-17.2,0.877338141437,25.562566421234));
#2403 = CARTESIAN_POINT('',(-17.2,0.705721457139,25.538514297254));
#2404 = CARTESIAN_POINT('',(-17.2,0.537368503122,25.514082160936));
#2405 = CARTESIAN_POINT('',(-17.2,0.372200891889,25.489279596178));
#2406 = CARTESIAN_POINT('',(-17.2,0.197143619203,25.462991940204));
#2407 = CARTESIAN_POINT('',(-17.2,2.56647010182E-02,25.436288107354));
#2408 = CARTESIAN_POINT('',(-17.2,-0.142389588152,25.409186760156));
#2409 = CARTESIAN_POINT('',(-17.2,-0.313229418742,25.381636201423));
#2410 = CARTESIAN_POINT('',(-17.2,-0.480530490593,25.35367482926));
#2411 = CARTESIAN_POINT('',(-17.2,-0.644512754677,25.325330020608));
#2412 = CARTESIAN_POINT('',(-17.2,-0.814955259133,25.295868540722));
#2413 = CARTESIAN_POINT('',(-17.2,-0.981812523867,25.265992772494));
#2414 = CARTESIAN_POINT('',(-17.2,-1.14539018496,25.235742268357));
#2415 = CARTESIAN_POINT('',(-17.2,-1.31690601656,25.204023754113));
#2416 = CARTESIAN_POINT('',(-17.2,-1.484816484905,25.171893183778));
#2417 = CARTESIAN_POINT('',(-17.2,-1.649533502607,25.139406556281));
#2418 = CARTESIAN_POINT('',(-17.2,-1.82248369581,25.105296125067));
#2419 = CARTESIAN_POINT('',(-17.2,-1.991913652932,25.070793075802));
#2420 = CARTESIAN_POINT('',(-17.2,-2.158358699802,25.035974599996));
#2421 = CARTESIAN_POINT('',(-17.2,-2.33171260813,24.999710866251));
#2422 = CARTESIAN_POINT('',(-17.2,-2.501828903309,24.963104972362));
#2423 = CARTESIAN_POINT('',(-17.2,-2.669368791447,24.926257867916));
#2424 = CARTESIAN_POINT('',(-17.2,-2.845336229453,24.887557289567));
#2425 = CARTESIAN_POINT('',(-17.2,-3.018461834135,24.848590617352));
#2426 = CARTESIAN_POINT('',(-17.2,-3.189568779693,24.809489777951));
#2427 = CARTESIAN_POINT('',(-17.2,-3.372051974649,24.767789272598));
#2428 = CARTESIAN_POINT('',(-17.2,-3.552239560559,24.725936143282));
#2429 = CARTESIAN_POINT('',(-17.2,-3.731188236532,24.684107334899));
#2430 = CARTESIAN_POINT('',(-17.2,-3.927564915045,24.638204774225));
#2431 = CARTESIAN_POINT('',(-17.2,-4.122450260122,24.592331429718));
#2432 = CARTESIAN_POINT('',(-17.2,-4.317300789073,24.546741816596));
#2433 = CARTESIAN_POINT('',(-17.2,-4.546743027585,24.493058703986));
#2434 = CARTESIAN_POINT('',(-17.2,-4.776139311862,24.439768581083));
#2435 = CARTESIAN_POINT('',(-17.2,-5.007928525745,24.387318586401));
#2436 = CARTESIAN_POINT('',(-17.2,-5.195898142465,24.344784228429));
#2437 = CARTESIAN_POINT('',(-17.2,-5.385445563614,24.302802853609));
#2438 = CARTESIAN_POINT('',(-17.2,-5.577853216427,24.261629245603));
#2439 = CARTESIAN_POINT('',(-17.2,-5.740137839766,24.226901710762));
#2440 = CARTESIAN_POINT('',(-17.2,-5.904457970421,24.192749031389));
#2441 = CARTESIAN_POINT('',(-17.2,-6.071544350999,24.159333144288));
#2442 = CARTESIAN_POINT('',(-17.2,-6.224560825562,24.128731121426));
#2443 = CARTESIAN_POINT('',(-17.2,-6.379897731292,24.098747094046));
#2444 = CARTESIAN_POINT('',(-17.2,-6.538073205397,24.069512106625));
#2445 = CARTESIAN_POINT('',(-17.2,-6.6870021392,24.041986123023));
#2446 = CARTESIAN_POINT('',(-17.2,-6.838447784743,24.015124196534));
#2447 = CARTESIAN_POINT('',(-17.2,-6.992797378669,23.989041267856));
#2448 = CARTESIAN_POINT('',(-17.2,-7.141400651778,23.963929387252));
#2449 = CARTESIAN_POINT('',(-17.2,-7.292695986187,23.939539593593));
#2450 = CARTESIAN_POINT('',(-17.2,-7.446981097092,23.915979497718));
#2451 = CARTESIAN_POINT('',(-17.2,-7.602103362368,23.89229156425));
#2452 = CARTESIAN_POINT('',(-17.2,-7.760247957717,23.8694424322));
#2453 = CARTESIAN_POINT('',(-17.2,-7.921664319499,23.847546204044));
#2454 = CARTESIAN_POINT('',(-17.2,-8.085176203156,23.825365717064));
#2455 = CARTESIAN_POINT('',(-17.2,-8.252045288146,23.804163136391));
#2456 = CARTESIAN_POINT('',(-17.2,-8.422477233477,23.784060497666));
#2457 = CARTESIAN_POINT('',(-17.2,-8.595236653446,23.763683330702));
#2458 = CARTESIAN_POINT('',(-17.2,-8.77165683779,23.74443646413));
#2459 = CARTESIAN_POINT('',(-17.2,-8.951898280872,23.726448894638));
#2460 = CARTESIAN_POINT('',(-17.2,-9.134729264472,23.708202896567));
#2461 = CARTESIAN_POINT('',(-17.2,-9.321492016793,23.691252763577));
#2462 = CARTESIAN_POINT('',(-17.2,-9.512300303449,23.675733281174));
#2463 = CARTESIAN_POINT('',(-17.2,-9.705990455609,23.659979400874));
#2464 = CARTESIAN_POINT('',(-17.2,-9.903849179296,23.645699850713));
#2465 = CARTESIAN_POINT('',(-17.2,-10.10594175698,23.633033777067));
#2466 = CARTESIAN_POINT('',(-17.2,-10.31120373017,23.620169062791));
#2467 = CARTESIAN_POINT('',(-17.2,-10.52083329487,23.608968984137));
#2468 = CARTESIAN_POINT('',(-17.2,-10.73484530066,23.599575224351));
#2469 = CARTESIAN_POINT('',(-17.2,-10.93416533716,23.590826348154));
#2470 = CARTESIAN_POINT('',(-17.2,-11.13728686399,23.583644236153));
#2471 = CARTESIAN_POINT('',(-17.2,-11.34417927328,23.578138918352));
#2472 = CARTESIAN_POINT('',(-17.2,-11.53099963917,23.573167708971));
#2473 = CARTESIAN_POINT('',(-17.2,-11.72089518657,23.569563562624));
#2474 = CARTESIAN_POINT('',(-17.2,-11.91380031608,23.567405764239));
#2475 = CARTESIAN_POINT('',(-17.2,-12.09431446773,23.565386568866));
#2476 = CARTESIAN_POINT('',(-17.2,-12.27746432009,23.564633794169));
#2477 = CARTESIAN_POINT('',(-17.2,-12.46315077387,23.565212427583));
#2478 = CARTESIAN_POINT('',(-17.2,-12.63988172744,23.565763154));
#2479 = CARTESIAN_POINT('',(-17.2,-12.81891076067,23.567519902463));
#2480 = CARTESIAN_POINT('',(-17.2,-13.00010576526,23.570539718689));
#2481 = CARTESIAN_POINT('',(-17.2,-13.17429284463,23.57344274005));
#2482 = CARTESIAN_POINT('',(-17.2,-13.35048179791,23.577512974995));
#2483 = CARTESIAN_POINT('',(-17.2,-13.52850771853,23.58280277075));
#2484 = CARTESIAN_POINT('',(-17.2,-13.70078188691,23.587921661086));
#2485 = CARTESIAN_POINT('',(-17.2,-13.87477641314,23.594182547787));
#2486 = CARTESIAN_POINT('',(-17.2,-14.05029369484,23.601634999781));
#2487 = CARTESIAN_POINT('',(-17.2,-14.22093968458,23.608880617046));
#2488 = CARTESIAN_POINT('',(-17.2,-14.39302522632,23.617252549276));
#2489 = CARTESIAN_POINT('',(-17.2,-14.56632007464,23.62679883586));
#2490 = CARTESIAN_POINT('',(-17.2,-14.73550606159,23.636118777757));
#2491 = CARTESIAN_POINT('',(-17.2,-14.90584482502,23.646558022785));
#2492 = CARTESIAN_POINT('',(-17.2,-15.07707298484,23.65816403904));
#2493 = CARTESIAN_POINT('',(-17.2,-15.25099080862,23.669952363414));
#2494 = CARTESIAN_POINT('',(-17.2,-15.42582638846,23.682944403367));
#2495 = CARTESIAN_POINT('',(-17.2,-15.6012484244,23.697193138744));
#2496 = CARTESIAN_POINT('',(-17.2,-15.78760965929,23.712330415576));
#2497 = CARTESIAN_POINT('',(-17.2,-15.97463242443,23.728886153526));
#2498 = CARTESIAN_POINT('',(-17.2,-16.16185931342,23.746926207743));
#2499 = CARTESIAN_POINT('',(-17.2,-16.36582409709,23.766579024576));
#2500 = CARTESIAN_POINT('',(-17.2,-16.57003060061,23.787993670091));
#2501 = CARTESIAN_POINT('',(-17.2,-16.77382470357,23.811254764451));
#2502 = CARTESIAN_POINT('',(-17.2,-17.01201723425,23.838442101333));
#2503 = CARTESIAN_POINT('',(-17.2,-17.2496453656,23.86815251441));
#2504 = CARTESIAN_POINT('',(-17.2,-17.48559342639,23.90051262634));
#2505 = CARTESIAN_POINT('',(-17.2,-17.74721571738,23.936393941031));
#2506 = CARTESIAN_POINT('',(-17.2,-18.0067680676,23.975534291523));
#2507 = CARTESIAN_POINT('',(-17.2,-18.26269248094,24.018079980923));
#2508 = CARTESIAN_POINT('',(-17.2,-18.47455084515,24.053299989999));
#2509 = CARTESIAN_POINT('',(-17.2,-18.68392077062,24.090853395869));
#2510 = CARTESIAN_POINT('',(-17.2,-18.88993941494,24.130801453675));
#2511 = CARTESIAN_POINT('',(-17.2,-19.07699556616,24.1670725881));
#2512 = CARTESIAN_POINT('',(-17.2,-19.26128801117,24.205317816537));
#2513 = CARTESIAN_POINT('',(-17.2,-19.44220931527,24.245564469356));
#2514 = CARTESIAN_POINT('',(-17.2,-19.60891793664,24.282649455225));
#2515 = CARTESIAN_POINT('',(-17.2,-19.77276384105,24.321433722383));
#2516 = CARTESIAN_POINT('',(-17.2,-19.93331496933,24.361922587582));
#2517 = CARTESIAN_POINT('',(-17.2,-20.08989134015,24.401409071669));
#2518 = CARTESIAN_POINT('',(-17.2,-20.24333389462,24.44251676577));
#2519 = CARTESIAN_POINT('',(-17.2,-20.39329021264,24.485234769159));
#2520 = CARTESIAN_POINT('',(-17.2,-20.5420780972,24.527619921322));
#2521 = CARTESIAN_POINT('',(-17.2,-20.68743380605,24.571590346568));
#2522 = CARTESIAN_POINT('',(-17.2,-20.82906225229,24.617120263933));
#2523 = CARTESIAN_POINT('',(-17.2,-20.96962108198,24.662306326976));
#2524 = CARTESIAN_POINT('',(-17.2,-21.10650868202,24.709028378483));
#2525 = CARTESIAN_POINT('',(-17.2,-21.23948602215,24.757246821846));
#2526 = CARTESIAN_POINT('',(-17.2,-21.3782364489,24.807558623743));
#2527 = CARTESIAN_POINT('',(-17.2,-21.51272918207,24.859499658167));
#2528 = CARTESIAN_POINT('',(-17.2,-21.64275185367,24.913008630538));
#2529 = CARTESIAN_POINT('',(-17.2,-21.76871131679,24.964845447523));
#2530 = CARTESIAN_POINT('',(-17.2,-21.89047590593,25.018153638279));
#2531 = CARTESIAN_POINT('',(-17.2,-22.00790847958,25.072862870757));
#2532 = CARTESIAN_POINT('',(-17.2,-22.1216712853,25.12586243972));
#2533 = CARTESIAN_POINT('',(-17.2,-22.23136876149,25.18017676809));
#2534 = CARTESIAN_POINT('',(-17.2,-22.33692710936,25.235729314518));
#2535 = CARTESIAN_POINT('',(-17.2,-22.44134235276,25.290680275512));
#2536 = CARTESIAN_POINT('',(-17.2,-22.54170762024,25.346842744585));
#2537 = CARTESIAN_POINT('',(-17.2,-22.63800118569,25.404130949421));
#2538 = CARTESIAN_POINT('',(-17.2,-22.73368774238,25.461058024818));
#2539 = CARTESIAN_POINT('',(-17.2,-22.82535372629,25.519096660656));
#2540 = CARTESIAN_POINT('',(-17.2,-22.91302760155,25.578151558224));
#2541 = CARTESIAN_POINT('',(-17.2,-23.00048836816,25.637062911212));
#2542 = CARTESIAN_POINT('',(-17.2,-23.08397633659,25.696985571779));
#2543 = CARTESIAN_POINT('',(-17.2,-23.16357037511,25.757814155763));
#2544 = CARTESIAN_POINT('',(-17.2,-23.24453619774,25.819691105757));
#2545 = CARTESIAN_POINT('',(-17.2,-23.32147266613,25.882505459951));
#2546 = CARTESIAN_POINT('',(-17.2,-23.39451704885,25.94613523861));
#2547 = CARTESIAN_POINT('',(-17.2,-23.46959326617,26.01153497111));
#2548 = CARTESIAN_POINT('',(-17.2,-23.54055800821,26.077796080486));
#2549 = CARTESIAN_POINT('',(-17.2,-23.60761581836,26.144775060763));
#2550 = CARTESIAN_POINT('',(-17.2,-23.67683572723,26.213913598102));
#2551 = CARTESIAN_POINT('',(-17.2,-23.74189288076,26.283816992932));
#2552 = CARTESIAN_POINT('',(-17.2,-23.80306812913,26.354316497851));
#2553 = CARTESIAN_POINT('',(-17.2,-23.86658808337,26.427518085854));
#2554 = CARTESIAN_POINT('',(-17.2,-23.92592307165,26.501362291158));
#2555 = CARTESIAN_POINT('',(-17.2,-23.981443874,26.575649511162));
#2556 = CARTESIAN_POINT('',(-17.2,-24.0395861698,26.653444307645));
#2557 = CARTESIAN_POINT('',(-17.2,-24.09354585637,26.731724858844));
#2558 = CARTESIAN_POINT('',(-17.2,-24.14380585247,26.810251538288));
#2559 = CARTESIAN_POINT('',(-17.2,-24.19715217827,26.893600327613));
#2560 = CARTESIAN_POINT('',(-17.2,-24.24633084158,26.977226284437));
#2561 = CARTESIAN_POINT('',(-17.2,-24.29197750123,27.060832965689));
#2562 = CARTESIAN_POINT('',(-17.2,-24.34177612195,27.152044402439));
#2563 = CARTESIAN_POINT('',(-17.2,-24.38737149991,27.243232708056));
#2564 = CARTESIAN_POINT('',(-17.2,-24.42964979511,27.334003890902));
#2565 = CARTESIAN_POINT('',(-17.2,-24.47987231525,27.441831265133));
#2566 = CARTESIAN_POINT('',(-17.2,-24.52541499934,27.54906955868));
#2567 = CARTESIAN_POINT('',(-17.2,-24.56783575249,27.655051144744));
#2568 = CARTESIAN_POINT('',(-17.2,-24.62570943064,27.799639435754));
#2569 = CARTESIAN_POINT('',(-17.2,-24.67777541937,27.941886094342));
#2570 = CARTESIAN_POINT('',(-17.2,-24.72807669278,28.080109275459));
#2571 = CARTESIAN_POINT('',(-17.2,-24.77126315564,28.198781624534));
#2572 = CARTESIAN_POINT('',(-17.2,-24.8131530304,28.314487491968));
#2573 = CARTESIAN_POINT('',(-17.2,-24.85630059001,28.426192577956));
#2574 = CARTESIAN_POINT('',(-17.2,-24.89296890082,28.521123481341));
#2575 = CARTESIAN_POINT('',(-17.2,-24.93054656188,28.613165020976));
#2576 = CARTESIAN_POINT('',(-17.2,-24.97056977647,28.701708450539));
#2577 = CARTESIAN_POINT('',(-17.2,-25.0072081783,28.782763652761));
#2578 = CARTESIAN_POINT('',(-17.2,-25.04589650175,28.860887375418));
#2579 = CARTESIAN_POINT('',(-17.2,-25.08777477952,28.935636274646));
#2580 = CARTESIAN_POINT('',(-17.2,-25.12718262132,29.005975671389));
#2581 = CARTESIAN_POINT('',(-17.2,-25.16941551534,29.073326625172));
#2582 = CARTESIAN_POINT('',(-17.2,-25.21538175025,29.137342200429));
#2583 = CARTESIAN_POINT('',(-17.2,-25.25852887683,29.197431701657));
#2584 = CARTESIAN_POINT('',(-17.2,-25.30496559041,29.254582415557));
#2585 = CARTESIAN_POINT('',(-17.2,-25.35540205637,29.308527933717));
#2586 = CARTESIAN_POINT('',(-17.2,-25.40264411155,29.359056794073));
#2587 = CARTESIAN_POINT('',(-17.2,-25.4533955683,29.406773615134));
#2588 = CARTESIAN_POINT('',(-17.2,-25.50820037536,29.451477803041));
#2589 = CARTESIAN_POINT('',(-17.2,-25.560810357,29.49439167559));
#2590 = CARTESIAN_POINT('',(-17.2,-25.6171558346,29.53452934466));
#2591 = CARTESIAN_POINT('',(-17.2,-25.6776759149,29.571731164402));
#2592 = CARTESIAN_POINT('',(-17.2,-25.73618063919,29.607694140598));
#2593 = CARTESIAN_POINT('',(-17.2,-25.79858680552,29.640913507969));
#2594 = CARTESIAN_POINT('',(-17.2,-25.8652470186,29.671262573522));
#2595 = CARTESIAN_POINT('',(-17.2,-25.9300070727,29.700746534589));
#2596 = CARTESIAN_POINT('',(-17.2,-25.99878230949,29.727521466532));
#2597 = CARTESIAN_POINT('',(-17.2,-26.07185045654,29.751488530382));
#2598 = CARTESIAN_POINT('',(-17.2,-26.14649349601,29.775972174287));
#2599 = CARTESIAN_POINT('',(-17.2,-26.22561713058,29.79752541416));
#2600 = CARTESIAN_POINT('',(-17.2,-26.30946233385,29.816063111092));
#2601 = CARTESIAN_POINT('',(-17.2,-26.38691011597,29.833186374645));
#2602 = CARTESIAN_POINT('',(-17.2,-26.46838613431,29.847736851706));
#2603 = CARTESIAN_POINT('',(-17.2,-26.55403307374,29.859664311198));
#2604 = CARTESIAN_POINT('',(-17.2,-26.63827906855,29.871396670778));
#2605 = CARTESIAN_POINT('',(-17.2,-26.72656080872,29.880591088404));
#2606 = CARTESIAN_POINT('',(-17.2,-26.81896686392,29.88721625422));
#2607 = CARTESIAN_POINT('',(-17.2,-26.90940901772,29.893700615708));
#2608 = CARTESIAN_POINT('',(-17.2,-27.00380213135,29.897723760755));
#2609 = CARTESIAN_POINT('',(-17.2,-27.10218188918,29.899272577597));
#2610 = CARTESIAN_POINT('',(-17.2,-27.13298415155,29.899757505227));
#2611 = CARTESIAN_POINT('',(-17.2,-27.16417685936,29.9));
#2612 = CARTESIAN_POINT('',(-17.2,-27.19576010268,29.9));
#2613 = PCURVE('',#1000,#2614);
#2614 = DEFINITIONAL_REPRESENTATION('',(#2615),#2618);
#2615 = B_SPLINE_CURVE_WITH_KNOTS('',1,(#2616,#2617),.UNSPECIFIED.,.F.,
  .F.,(2,2),(0.,9.709006642163),.PIECEWISE_BEZIER_KNOTS.);
#2616 = CARTESIAN_POINT('',(-1.,3.72));
#2617 = CARTESIAN_POINT('',(0.,3.72));
#2618 = ( GEOMETRIC_REPRESENTATION_CONTEXT(2) 
PARAMETRIC_REPRESENTATION_CONTEXT() REPRESENTATION_CONTEXT('2D SPACE',''
  ) );
#2619 = PCURVE('',#1081,#2620);
#2620 = DEFINITIONAL_REPRESENTATION('',(#2621),#2836);
#2621 = B_SPLINE_CURVE_WITH_KNOTS('',3,(#2622,#2623,#2624,#2625,#2626,
    #2627,#2628,#2629,#2630,#2631,#2632,#2633,#2634,#2635,#2636,#2637,
    #2638,#2639,#2640,#2641,#2642,#2643,#2644,#2645,#2646,#2647,#2648,
    #2649,#2650,#2651,#2652,#2653,#2654,#2655,#2656,#2657,#2658,#2659,
    #2660,#2661,#2662,#2663,#2664,#2665,#2666,#2667,#2668,#2669,#2670,
    #2671,#2672,#2673,#2674,#2675,#2676,#2677,#2678,#2679,#2680,#2681,
    #2682,#2683,#2684,#2685,#2686,#2687,#2688,#2689,#2690,#2691,#2692,
    #2693,#2694,#2695,#2696,#2697,#2698,#2699,#2700,#2701,#2702,#2703,
    #2704,#2705,#2706,#2707,#2708,#2709,#2710,#2711,#2712,#2713,#2714,
    #2715,#2716,#2717,#2718,#2719,#2720,#2721,#2722,#2723,#2724,#2725,
    #2726,#2727,#2728,#2729,#2730,#2731,#2732,#2733,#2734,#2735,#2736,
    #2737,#2738,#2739,#2740,#2741,#2742,#2743,#2744,#2745,#2746,#2747,
    #2748,#2749,#2750,#2751,#2752,#2753,#2754,#2755,#2756,#2757,#2758,
    #2759,#2760,#2761,#2762,#2763,#2764,#2765,#2766,#2767,#2768,#2769,
    #2770,#2771,#2772,#2773,#2774,#2775,#2776,#2777,#2778,#2779,#2780,
    #2781,#2782,#2783,#2784,#2785,#2786,#2787,#2788,#2789,#2790,#2791,
    #2792,#2793,#2794,#2795,#2796,#2797,#2798,#2799,#2800,#2801,#2802,
    #2803,#2804,#2805,#2806,#2807,#2808,#2809,#2810,#2811,#2812,#2813,
    #2814,#2815,#2816,#2817,#2818,#2819,#2820,#2821,#2822,#2823,#2824,
    #2825,#2826,#2827,#2828,#2829,#2830,#2831,#2832,#2833,#2834,#2835),
  .UNSPECIFIED.,.F.,.F.,(4,3,3,3,3,3,3,3,3,3,3,3,3,3,3,3,3,3,3,3,3,3,3,3
    ,3,3,3,3,3,3,3,3,3,3,3,3,3,3,3,3,3,3,3,3,3,3,3,3,3,3,3,3,3,3,3,3,3,3
    ,3,3,3,3,3,3,3,3,3,3,3,3,3,4),(0.,0.13587662008,0.274956067285,
    0.422363107517,0.572213455911,0.72796730415,0.891279645378,
    1.062754951097,1.241347916087,1.428924420073,1.628972171696,
    1.848502787354,2.107006555087,2.316640356968,2.493454231469,
    2.655379073197,2.807838196024,2.954621378869,3.10220101046,
    3.251696534237,3.403233618,3.556947844887,3.712983688595,
    3.871466625152,4.019069674719,4.152352745954,4.277074574729,
    4.395781175458,4.509896661865,4.620325246938,4.727689006295,
    4.832507145822,4.938971776052,5.052075468277,5.175290516289,
    5.319303044997,5.478986017453,5.611174161975,5.731195365075,
    5.841788030784,5.949642758574,6.05665710115,6.1628632423,
    6.273680223546,6.381034174127,6.485033313753,6.587906233763,
    6.690130670544,6.792106630661,6.895840121917,7.00245910948,
    7.11251573952,7.226790585822,7.346461081108,7.473480216142,
    7.612052847272,7.7766637126,8.001238608895,8.194048745884,
    8.357905568733,8.50790481743,8.649055480174,8.781549375423,
    8.905651724594,9.02478401722,9.139949131016,9.251831446654,
    9.366125245531,9.471698383757,9.575544640416,9.677183857636,
    9.709006642163),.UNSPECIFIED.);
#2622 = CARTESIAN_POINT('',(36.839700421721,4.731969638302));
#2623 = CARTESIAN_POINT('',(36.665782539641,4.709200192479));
#2624 = CARTESIAN_POINT('',(36.495002706407,4.686064654637));
#2625 = CARTESIAN_POINT('',(36.327338141437,4.662566421234));
#2626 = CARTESIAN_POINT('',(36.155721457139,4.638514297254));
#2627 = CARTESIAN_POINT('',(35.987368503122,4.614082160936));
#2628 = CARTESIAN_POINT('',(35.822200891889,4.589279596178));
#2629 = CARTESIAN_POINT('',(35.647143619203,4.562991940204));
#2630 = CARTESIAN_POINT('',(35.475664701018,4.536288107354));
#2631 = CARTESIAN_POINT('',(35.307610411848,4.509186760156));
#2632 = CARTESIAN_POINT('',(35.136770581258,4.481636201423));
#2633 = CARTESIAN_POINT('',(34.969469509407,4.45367482926));
#2634 = CARTESIAN_POINT('',(34.805487245323,4.425330020608));
#2635 = CARTESIAN_POINT('',(34.635044740867,4.395868540722));
#2636 = CARTESIAN_POINT('',(34.468187476133,4.365992772494));
#2637 = CARTESIAN_POINT('',(34.30460981504,4.335742268357));
#2638 = CARTESIAN_POINT('',(34.13309398344,4.304023754113));
#2639 = CARTESIAN_POINT('',(33.965183515095,4.271893183778));
#2640 = CARTESIAN_POINT('',(33.800466497393,4.239406556281));
#2641 = CARTESIAN_POINT('',(33.62751630419,4.205296125067));
#2642 = CARTESIAN_POINT('',(33.458086347068,4.170793075802));
#2643 = CARTESIAN_POINT('',(33.291641300198,4.135974599996));
#2644 = CARTESIAN_POINT('',(33.11828739187,4.099710866251));
#2645 = CARTESIAN_POINT('',(32.948171096691,4.063104972362));
#2646 = CARTESIAN_POINT('',(32.780631208553,4.026257867916));
#2647 = CARTESIAN_POINT('',(32.604663770547,3.987557289567));
#2648 = CARTESIAN_POINT('',(32.431538165865,3.948590617352));
#2649 = CARTESIAN_POINT('',(32.260431220307,3.909489777951));
#2650 = CARTESIAN_POINT('',(32.077948025351,3.867789272598));
#2651 = CARTESIAN_POINT('',(31.897760439441,3.825936143283));
#2652 = CARTESIAN_POINT('',(31.718811763468,3.784107334899));
#2653 = CARTESIAN_POINT('',(31.522435084955,3.738204774225));
#2654 = CARTESIAN_POINT('',(31.327549739878,3.692331429718));
#2655 = CARTESIAN_POINT('',(31.132699210927,3.646741816596));
#2656 = CARTESIAN_POINT('',(30.903256972415,3.593058703986));
#2657 = CARTESIAN_POINT('',(30.673860688138,3.539768581083));
#2658 = CARTESIAN_POINT('',(30.442071474255,3.487318586401));
#2659 = CARTESIAN_POINT('',(30.254101857535,3.44478422843));
#2660 = CARTESIAN_POINT('',(30.064554436386,3.402802853609));
#2661 = CARTESIAN_POINT('',(29.872146783573,3.361629245603));
#2662 = CARTESIAN_POINT('',(29.709862160234,3.326901710762));
#2663 = CARTESIAN_POINT('',(29.545542029579,3.292749031389));
#2664 = CARTESIAN_POINT('',(29.378455649001,3.259333144289));
#2665 = CARTESIAN_POINT('',(29.225439174438,3.228731121426));
#2666 = CARTESIAN_POINT('',(29.070102268708,3.198747094046));
#2667 = CARTESIAN_POINT('',(28.911926794603,3.169512106625));
#2668 = CARTESIAN_POINT('',(28.7629978608,3.141986123023));
#2669 = CARTESIAN_POINT('',(28.611552215257,3.115124196534));
#2670 = CARTESIAN_POINT('',(28.457202621331,3.089041267856));
#2671 = CARTESIAN_POINT('',(28.308599348222,3.063929387252));
#2672 = CARTESIAN_POINT('',(28.157304013813,3.039539593593));
#2673 = CARTESIAN_POINT('',(28.003018902908,3.015979497718));
#2674 = CARTESIAN_POINT('',(27.847896637632,2.99229156425));
#2675 = CARTESIAN_POINT('',(27.689752042283,2.9694424322));
#2676 = CARTESIAN_POINT('',(27.528335680501,2.947546204044));
#2677 = CARTESIAN_POINT('',(27.364823796844,2.925365717064));
#2678 = CARTESIAN_POINT('',(27.197954711854,2.904163136391));
#2679 = CARTESIAN_POINT('',(27.027522766523,2.884060497666));
#2680 = CARTESIAN_POINT('',(26.854763346554,2.863683330702));
#2681 = CARTESIAN_POINT('',(26.67834316221,2.84443646413));
#2682 = CARTESIAN_POINT('',(26.498101719128,2.826448894638));
#2683 = CARTESIAN_POINT('',(26.315270735528,2.808202896567));
#2684 = CARTESIAN_POINT('',(26.128507983207,2.791252763577));
#2685 = CARTESIAN_POINT('',(25.937699696551,2.775733281174));
#2686 = CARTESIAN_POINT('',(25.744009544391,2.759979400874));
#2687 = CARTESIAN_POINT('',(25.546150820704,2.745699850713));
#2688 = CARTESIAN_POINT('',(25.34405824302,2.733033777067));
#2689 = CARTESIAN_POINT('',(25.13879626983,2.720169062791));
#2690 = CARTESIAN_POINT('',(24.929166705128,2.708968984137));
#2691 = CARTESIAN_POINT('',(24.715154699333,2.699575224351));
#2692 = CARTESIAN_POINT('',(24.515834662834,2.690826348154));
#2693 = CARTESIAN_POINT('',(24.31271313601,2.683644236154));
#2694 = CARTESIAN_POINT('',(24.105820726713,2.678138918352));
#2695 = CARTESIAN_POINT('',(23.919000360826,2.673167708971));
#2696 = CARTESIAN_POINT('',(23.72910481343,2.669563562624));
#2697 = CARTESIAN_POINT('',(23.536199683917,2.667405764239));
#2698 = CARTESIAN_POINT('',(23.355685532268,2.665386568866));
#2699 = CARTESIAN_POINT('',(23.172535679908,2.664633794169));
#2700 = CARTESIAN_POINT('',(22.986849226126,2.665212427584));
#2701 = CARTESIAN_POINT('',(22.81011827256,2.665763154));
#2702 = CARTESIAN_POINT('',(22.63108923933,2.667519902463));
#2703 = CARTESIAN_POINT('',(22.449894234738,2.670539718689));
#2704 = CARTESIAN_POINT('',(22.275707155363,2.67344274005));
#2705 = CARTESIAN_POINT('',(22.099518202086,2.677512974995));
#2706 = CARTESIAN_POINT('',(21.921492281465,2.68280277075));
#2707 = CARTESIAN_POINT('',(21.749218113081,2.687921661086));
#2708 = CARTESIAN_POINT('',(21.575223586861,2.694182547787));
#2709 = CARTESIAN_POINT('',(21.399706305156,2.701634999781));
#2710 = CARTESIAN_POINT('',(21.229060315412,2.708880617046));
#2711 = CARTESIAN_POINT('',(21.056974773677,2.717252549276));
#2712 = CARTESIAN_POINT('',(20.88367992536,2.72679883586));
#2713 = CARTESIAN_POINT('',(20.714493938402,2.736118777757));
#2714 = CARTESIAN_POINT('',(20.544155174971,2.746558022785));
#2715 = CARTESIAN_POINT('',(20.372927015157,2.75816403904));
#2716 = CARTESIAN_POINT('',(20.199009191372,2.769952363414));
#2717 = CARTESIAN_POINT('',(20.024173611534,2.782944403367));
#2718 = CARTESIAN_POINT('',(19.848751575596,2.797193138744));
#2719 = CARTESIAN_POINT('',(19.662390340704,2.812330415576));
#2720 = CARTESIAN_POINT('',(19.475367575567,2.828886153526));
#2721 = CARTESIAN_POINT('',(19.288140686573,2.846926207743));
#2722 = CARTESIAN_POINT('',(19.084175902906,2.866579024576));
#2723 = CARTESIAN_POINT('',(18.87996939939,2.887993670091));
#2724 = CARTESIAN_POINT('',(18.676175296423,2.911254764451));
#2725 = CARTESIAN_POINT('',(18.437982765741,2.938442101334));
#2726 = CARTESIAN_POINT('',(18.200354634395,2.96815251441));
#2727 = CARTESIAN_POINT('',(17.964406573608,3.00051262634));
#2728 = CARTESIAN_POINT('',(17.70278428262,3.036393941031));
#2729 = CARTESIAN_POINT('',(17.443231932396,3.075534291523));
#2730 = CARTESIAN_POINT('',(17.187307519058,3.118079980923));
#2731 = CARTESIAN_POINT('',(16.975449154846,3.153299989999));
#2732 = CARTESIAN_POINT('',(16.766079229372,3.190853395869));
#2733 = CARTESIAN_POINT('',(16.560060585057,3.230801453675));
#2734 = CARTESIAN_POINT('',(16.373004433833,3.2670725881));
#2735 = CARTESIAN_POINT('',(16.18871198883,3.305317816537));
#2736 = CARTESIAN_POINT('',(16.007790684727,3.345564469356));
#2737 = CARTESIAN_POINT('',(15.841082063354,3.382649455225));
#2738 = CARTESIAN_POINT('',(15.677236158945,3.421433722383));
#2739 = CARTESIAN_POINT('',(15.51668503067,3.461922587582));
#2740 = CARTESIAN_POINT('',(15.360108659845,3.501409071669));
#2741 = CARTESIAN_POINT('',(15.206666105376,3.54251676577));
#2742 = CARTESIAN_POINT('',(15.056709787355,3.585234769159));
#2743 = CARTESIAN_POINT('',(14.907921902791,3.627619921322));
#2744 = CARTESIAN_POINT('',(14.762566193946,3.671590346568));
#2745 = CARTESIAN_POINT('',(14.620937747705,3.717120263933));
#2746 = CARTESIAN_POINT('',(14.480378918018,3.762306326976));
#2747 = CARTESIAN_POINT('',(14.343491317975,3.809028378483));
#2748 = CARTESIAN_POINT('',(14.210513977842,3.857246821846));
#2749 = CARTESIAN_POINT('',(14.071763551095,3.907558623743));
#2750 = CARTESIAN_POINT('',(13.93727081793,3.959499658167));
#2751 = CARTESIAN_POINT('',(13.807248146326,4.013008630538));
#2752 = CARTESIAN_POINT('',(13.681288683209,4.064845447523));
#2753 = CARTESIAN_POINT('',(13.559524094063,4.118153638279));
#2754 = CARTESIAN_POINT('',(13.442091520418,4.172862870757));
#2755 = CARTESIAN_POINT('',(13.328328714698,4.22586243972));
#2756 = CARTESIAN_POINT('',(13.218631238509,4.28017676809));
#2757 = CARTESIAN_POINT('',(13.113072890632,4.335729314518));
#2758 = CARTESIAN_POINT('',(13.008657647232,4.390680275512));
#2759 = CARTESIAN_POINT('',(12.908292379752,4.446842744585));
#2760 = CARTESIAN_POINT('',(12.811998814309,4.504130949422));
#2761 = CARTESIAN_POINT('',(12.716312257611,4.561058024818));
#2762 = CARTESIAN_POINT('',(12.624646273708,4.619096660656));
#2763 = CARTESIAN_POINT('',(12.536972398445,4.678151558224));
#2764 = CARTESIAN_POINT('',(12.449511631836,4.737062911212));
#2765 = CARTESIAN_POINT('',(12.366023663404,4.796985571779));
#2766 = CARTESIAN_POINT('',(12.286429624881,4.857814155763));
#2767 = CARTESIAN_POINT('',(12.205463802253,4.919691105757));
#2768 = CARTESIAN_POINT('',(12.12852733387,4.982505459951));
#2769 = CARTESIAN_POINT('',(12.055482951148,5.04613523861));
#2770 = CARTESIAN_POINT('',(11.980406733827,5.11153497111));
#2771 = CARTESIAN_POINT('',(11.909441991782,5.177796080486));
#2772 = CARTESIAN_POINT('',(11.842384181636,5.244775060763));
#2773 = CARTESIAN_POINT('',(11.77316427277,5.313913598102));
#2774 = CARTESIAN_POINT('',(11.708107119231,5.383816992932));
#2775 = CARTESIAN_POINT('',(11.646931870868,5.454316497851));
#2776 = CARTESIAN_POINT('',(11.583411916626,5.527518085854));
#2777 = CARTESIAN_POINT('',(11.524076928347,5.601362291158));
#2778 = CARTESIAN_POINT('',(11.468556125997,5.675649511162));
#2779 = CARTESIAN_POINT('',(11.4104138302,5.753444307645));
#2780 = CARTESIAN_POINT('',(11.356454143625,5.831724858844));
#2781 = CARTESIAN_POINT('',(11.306194147528,5.910251538288));
#2782 = CARTESIAN_POINT('',(11.252847821721,5.993600327613));
#2783 = CARTESIAN_POINT('',(11.203669158412,6.077226284437));
#2784 = CARTESIAN_POINT('',(11.158022498765,6.160832965689));
#2785 = CARTESIAN_POINT('',(11.108223878046,6.252044402439));
#2786 = CARTESIAN_POINT('',(11.062628500082,6.343232708056));
#2787 = CARTESIAN_POINT('',(11.020350204882,6.434003890902));
#2788 = CARTESIAN_POINT('',(10.970127684744,6.541831265133));
#2789 = CARTESIAN_POINT('',(10.924585000655,6.64906955868));
#2790 = CARTESIAN_POINT('',(10.882164247502,6.755051144744));
#2791 = CARTESIAN_POINT('',(10.824290569352,6.899639435754));
#2792 = CARTESIAN_POINT('',(10.77222458063,7.041886094342));
#2793 = CARTESIAN_POINT('',(10.721923307217,7.18010927546));
#2794 = CARTESIAN_POINT('',(10.67873684436,7.298781624534));
#2795 = CARTESIAN_POINT('',(10.636846969594,7.414487491968));
#2796 = CARTESIAN_POINT('',(10.593699409989,7.526192577957));
#2797 = CARTESIAN_POINT('',(10.557031099178,7.621123481341));
#2798 = CARTESIAN_POINT('',(10.519453438111,7.713165020976));
#2799 = CARTESIAN_POINT('',(10.479430223526,7.801708450539));
#2800 = CARTESIAN_POINT('',(10.442791821694,7.882763652761));
#2801 = CARTESIAN_POINT('',(10.404103498248,7.960887375418));
#2802 = CARTESIAN_POINT('',(10.362225220473,8.035636274646));
#2803 = CARTESIAN_POINT('',(10.322817378675,8.10597567139));
#2804 = CARTESIAN_POINT('',(10.280584484651,8.173326625172));
#2805 = CARTESIAN_POINT('',(10.234618249748,8.237342200429));
#2806 = CARTESIAN_POINT('',(10.191471123169,8.297431701657));
#2807 = CARTESIAN_POINT('',(10.145034409586,8.354582415557));
#2808 = CARTESIAN_POINT('',(10.094597943621,8.408527933717));
#2809 = CARTESIAN_POINT('',(10.047355888442,8.459056794073));
#2810 = CARTESIAN_POINT('',(9.996604431694,8.506773615134));
#2811 = CARTESIAN_POINT('',(9.941799624639,8.551477803041));
#2812 = CARTESIAN_POINT('',(9.889189643,8.59439167559));
#2813 = CARTESIAN_POINT('',(9.832844165392,8.63452934466));
#2814 = CARTESIAN_POINT('',(9.772324085097,8.671731164402));
#2815 = CARTESIAN_POINT('',(9.713819360807,8.707694140598));
#2816 = CARTESIAN_POINT('',(9.651413194476,8.740913507969));
#2817 = CARTESIAN_POINT('',(9.584752981399,8.771262573522));
#2818 = CARTESIAN_POINT('',(9.519992927299,8.800746534589));
#2819 = CARTESIAN_POINT('',(9.451217690503,8.827521466532));
#2820 = CARTESIAN_POINT('',(9.378149543459,8.851488530382));
#2821 = CARTESIAN_POINT('',(9.303506503985,8.875972174287));
#2822 = CARTESIAN_POINT('',(9.224382869412,8.89752541416));
#2823 = CARTESIAN_POINT('',(9.140537666149,8.916063111092));
#2824 = CARTESIAN_POINT('',(9.063089884025,8.933186374645));
#2825 = CARTESIAN_POINT('',(8.981613865687,8.947736851706));
#2826 = CARTESIAN_POINT('',(8.895966926253,8.959664311198));
#2827 = CARTESIAN_POINT('',(8.811720931448,8.971396670778));
#2828 = CARTESIAN_POINT('',(8.723439191277,8.980591088404));
#2829 = CARTESIAN_POINT('',(8.631033136079,8.98721625422));
#2830 = CARTESIAN_POINT('',(8.540590982275,8.993700615708));
#2831 = CARTESIAN_POINT('',(8.446197868643,8.997723760755));
#2832 = CARTESIAN_POINT('',(8.347818110811,8.999272577597));
#2833 = CARTESIAN_POINT('',(8.317015848448,8.999757505227));
#2834 = CARTESIAN_POINT('',(8.285823140633,9.));
#2835 = CARTESIAN_POINT('',(8.254239897319,9.));
#2836 = ( GEOMETRIC_REPRESENTATION_CONTEXT(2) 
PARAMETRIC_REPRESENTATION_CONTEXT() REPRESENTATION_CONTEXT('2D SPACE',''
  ) );
#2837 = ORIENTED_EDGE('',*,*,#2838,.T.);
#2838 = EDGE_CURVE('',#2395,#674,#2839,.T.);
#2839 = SURFACE_CURVE('',#2840,(#2844,#2850),.PCURVE_S1.);
#2840 = LINE('',#2841,#2842);
#2841 = CARTESIAN_POINT('',(20.,-27.19576010268,29.9));
#2842 = VECTOR('',#2843,1.);
#2843 = DIRECTION('',(-1.,-8.881784197001E-17,0.));
#2844 = PCURVE('',#1000,#2845);
#2845 = DEFINITIONAL_REPRESENTATION('',(#2846),#2849);
#2846 = B_SPLINE_CURVE_WITH_KNOTS('',1,(#2847,#2848),.UNSPECIFIED.,.F.,
  .F.,(2,2),(37.2,40.),.PIECEWISE_BEZIER_KNOTS.);
#2847 = CARTESIAN_POINT('',(1.228982241037E-16,3.72));
#2848 = CARTESIAN_POINT('',(1.228982241037E-16,4.));
#2849 = ( GEOMETRIC_REPRESENTATION_CONTEXT(2) 
PARAMETRIC_REPRESENTATION_CONTEXT() REPRESENTATION_CONTEXT('2D SPACE',''
  ) );
#2850 = PCURVE('',#277,#2851);
#2851 = DEFINITIONAL_REPRESENTATION('',(#2852),#2856);
#2852 = LINE('',#2853,#2854);
#2853 = CARTESIAN_POINT('',(20.,-15.19576010268));
#2854 = VECTOR('',#2855,1.);
#2855 = DIRECTION('',(-1.,-8.881784197001E-17));
#2856 = ( GEOMETRIC_REPRESENTATION_CONTEXT(2) 
PARAMETRIC_REPRESENTATION_CONTEXT() REPRESENTATION_CONTEXT('2D SPACE',''
  ) );
#2857 = ORIENTED_EDGE('',*,*,#696,.T.);
#2858 = ORIENTED_EDGE('',*,*,#1881,.F.);
#2859 = ORIENTED_EDGE('',*,*,#1904,.F.);
#2860 = ADVANCED_FACE('',(#2861),#151,.F.);
#2861 = FACE_BOUND('',#2862,.F.);
#2862 = EDGE_LOOP('',(#2863,#2884,#2931,#2951));
#2863 = ORIENTED_EDGE('',*,*,#2864,.T.);
#2864 = EDGE_CURVE('',#112,#2865,#2867,.T.);
#2865 = VERTEX_POINT('',#2866);
#2866 = CARTESIAN_POINT('',(18.5,-10.58759311224,23.606355253738));
#2867 = SURFACE_CURVE('',#2868,(#2872,#2878),.PCURVE_S1.);
#2868 = LINE('',#2869,#2870);
#2869 = CARTESIAN_POINT('',(20.,-10.58759311224,23.606355253738));
#2870 = VECTOR('',#2871,1.);
#2871 = DIRECTION('',(-1.,-1.850371707709E-16,0.));
#2872 = PCURVE('',#151,#2873);
#2873 = DEFINITIONAL_REPRESENTATION('',(#2874),#2877);
#2874 = B_SPLINE_CURVE_WITH_KNOTS('',1,(#2875,#2876),.UNSPECIFIED.,.F.,
  .F.,(2,2),(0.,1.5),.PIECEWISE_BEZIER_KNOTS.);
#2875 = CARTESIAN_POINT('',(-4.883563124677E-02,-1.183948772354E-16));
#2876 = CARTESIAN_POINT('',(-4.883563124677E-02,0.15));
#2877 = ( GEOMETRIC_REPRESENTATION_CONTEXT(2) 
PARAMETRIC_REPRESENTATION_CONTEXT() REPRESENTATION_CONTEXT('2D SPACE',''
  ) );
#2878 = PCURVE('',#223,#2879);
#2879 = DEFINITIONAL_REPRESENTATION('',(#2880),#2883);
#2880 = B_SPLINE_CURVE_WITH_KNOTS('',1,(#2881,#2882),.UNSPECIFIED.,.F.,
  .F.,(2,2),(0.,1.5),.PIECEWISE_BEZIER_KNOTS.);
#2881 = CARTESIAN_POINT('',(-0.605011489443,2.681231581193E-17));
#2882 = CARTESIAN_POINT('',(-0.605011489443,0.15));
#2883 = ( GEOMETRIC_REPRESENTATION_CONTEXT(2) 
PARAMETRIC_REPRESENTATION_CONTEXT() REPRESENTATION_CONTEXT('2D SPACE',''
  ) );
#2884 = ORIENTED_EDGE('',*,*,#2885,.F.);
#2885 = EDGE_CURVE('',#2886,#2865,#2888,.T.);
#2886 = VERTEX_POINT('',#2887);
#2887 = CARTESIAN_POINT('',(18.5,14.25,21.024049314854));
#2888 = SURFACE_CURVE('',#2889,(#2905,#2912),.PCURVE_S1.);
#2889 = B_SPLINE_CURVE_WITH_KNOTS('',5,(#2890,#2891,#2892,#2893,#2894,
    #2895,#2896,#2897,#2898,#2899,#2900,#2901,#2902,#2903,#2904),
  .UNSPECIFIED.,.F.,.F.,(6,1,1,1,1,1,1,1,1,1,6),(-1.,-0.9,-0.8,-0.7,-0.6
    ,-0.5,-0.4,-0.3,-0.2,-0.1,-4.883563124677E-02),.UNSPECIFIED.);
#2890 = CARTESIAN_POINT('',(18.5,14.25,21.024049314854));
#2891 = CARTESIAN_POINT('',(18.5,14.043028614944,20.961470122093));
#2892 = CARTESIAN_POINT('',(18.5,13.59401139828,20.855066723496));
#2893 = CARTESIAN_POINT('',(18.5,12.815277910496,20.751715478694));
#2894 = CARTESIAN_POINT('',(18.5,11.562952201028,20.728370329067));
#2895 = CARTESIAN_POINT('',(18.5,9.624508280738,20.894177135552));
#2896 = CARTESIAN_POINT('',(18.5,7.300893443232,21.248153730513));
#2897 = CARTESIAN_POINT('',(18.5,4.606735356917,21.754472029272));
#2898 = CARTESIAN_POINT('',(18.5,1.594070176621,22.340163784261));
#2899 = CARTESIAN_POINT('',(18.5,-1.671755107749,22.914350240458));
#2900 = CARTESIAN_POINT('',(18.5,-4.786205028475,23.334000253826));
#2901 = CARTESIAN_POINT('',(18.5,-7.288962829625,23.537351279893));
#2902 = CARTESIAN_POINT('',(18.5,-9.108380782369,23.601249845329));
#2903 = CARTESIAN_POINT('',(18.5,-10.21275812801,23.607837892476));
#2904 = CARTESIAN_POINT('',(18.5,-10.58759311224,23.606355253738));
#2905 = PCURVE('',#151,#2906);
#2906 = DEFINITIONAL_REPRESENTATION('',(#2907),#2911);
#2907 = LINE('',#2908,#2909);
#2908 = CARTESIAN_POINT('',(-2.22044604925E-16,0.15));
#2909 = VECTOR('',#2910,1.);
#2910 = DIRECTION('',(1.,0.));
#2911 = ( GEOMETRIC_REPRESENTATION_CONTEXT(2) 
PARAMETRIC_REPRESENTATION_CONTEXT() REPRESENTATION_CONTEXT('2D SPACE',''
  ) );
#2912 = PCURVE('',#2304,#2913);
#2913 = DEFINITIONAL_REPRESENTATION('',(#2914),#2930);
#2914 = B_SPLINE_CURVE_WITH_KNOTS('',5,(#2915,#2916,#2917,#2918,#2919,
    #2920,#2921,#2922,#2923,#2924,#2925,#2926,#2927,#2928,#2929),
  .UNSPECIFIED.,.F.,.F.,(6,1,1,1,1,1,1,1,1,1,6),(-1.,-0.9,-0.8,-0.7,-0.6
    ,-0.5,-0.4,-0.3,-0.2,-0.1,-4.883563124677E-02),.UNSPECIFIED.);
#2915 = CARTESIAN_POINT('',(12.418796556124,-4.29013584968));
#2916 = CARTESIAN_POINT('',(12.211825171067,-4.352715042441));
#2917 = CARTESIAN_POINT('',(11.762807954404,-4.459118441038));
#2918 = CARTESIAN_POINT('',(10.984074466619,-4.56246968584));
#2919 = CARTESIAN_POINT('',(9.731748757152,-4.585814835466));
#2920 = CARTESIAN_POINT('',(7.793304836861,-4.420008028982));
#2921 = CARTESIAN_POINT('',(5.469689999355,-4.06603143402));
#2922 = CARTESIAN_POINT('',(2.775531913041,-3.559713135262));
#2923 = CARTESIAN_POINT('',(-0.237133267255,-2.974021380273));
#2924 = CARTESIAN_POINT('',(-3.502958551625,-2.399834924076));
#2925 = CARTESIAN_POINT('',(-6.617408472351,-1.980184910708));
#2926 = CARTESIAN_POINT('',(-9.120166273501,-1.776833884641));
#2927 = CARTESIAN_POINT('',(-10.93958422624,-1.712935319205));
#2928 = CARTESIAN_POINT('',(-12.04396157189,-1.706347272057));
#2929 = CARTESIAN_POINT('',(-12.41879655612,-1.707829910796));
#2930 = ( GEOMETRIC_REPRESENTATION_CONTEXT(2) 
PARAMETRIC_REPRESENTATION_CONTEXT() REPRESENTATION_CONTEXT('2D SPACE',''
  ) );
#2931 = ORIENTED_EDGE('',*,*,#2932,.T.);
#2932 = EDGE_CURVE('',#2886,#110,#2933,.T.);
#2933 = SURFACE_CURVE('',#2934,(#2938,#2944),.PCURVE_S1.);
#2934 = LINE('',#2935,#2936);
#2935 = CARTESIAN_POINT('',(20.,14.25,21.024049314854));
#2936 = VECTOR('',#2937,1.);
#2937 = DIRECTION('',(1.,1.850371707709E-16,0.));
#2938 = PCURVE('',#151,#2939);
#2939 = DEFINITIONAL_REPRESENTATION('',(#2940),#2943);
#2940 = B_SPLINE_CURVE_WITH_KNOTS('',1,(#2941,#2942),.UNSPECIFIED.,.F.,
  .F.,(2,2),(-1.5,0.),.PIECEWISE_BEZIER_KNOTS.);
#2941 = CARTESIAN_POINT('',(-1.,0.15));
#2942 = CARTESIAN_POINT('',(-1.,-1.183948772354E-16));
#2943 = ( GEOMETRIC_REPRESENTATION_CONTEXT(2) 
PARAMETRIC_REPRESENTATION_CONTEXT() REPRESENTATION_CONTEXT('2D SPACE',''
  ) );
#2944 = PCURVE('',#359,#2945);
#2945 = DEFINITIONAL_REPRESENTATION('',(#2946),#2950);
#2946 = LINE('',#2947,#2948);
#2947 = CARTESIAN_POINT('',(0.,2.024049314854));
#2948 = VECTOR('',#2949,1.);
#2949 = DIRECTION('',(-1.,0.));
#2950 = ( GEOMETRIC_REPRESENTATION_CONTEXT(2) 
PARAMETRIC_REPRESENTATION_CONTEXT() REPRESENTATION_CONTEXT('2D SPACE',''
  ) );
#2951 = ORIENTED_EDGE('',*,*,#109,.T.);
#2952 = ADVANCED_FACE('',(#2953,#3156),#2304,.T.);
#2953 = FACE_BOUND('',#2954,.T.);
#2954 = EDGE_LOOP('',(#2955,#3111,#3112,#3133,#3134));
#2955 = ORIENTED_EDGE('',*,*,#2956,.F.);
#2956 = EDGE_CURVE('',#2865,#2957,#2959,.T.);
#2957 = VERTEX_POINT('',#2958);
#2958 = CARTESIAN_POINT('',(18.5,1.389700421721,25.631969638302));
#2959 = SURFACE_CURVE('',#2960,(#3031,#3105),.PCURVE_S1.);
#2960 = B_SPLINE_CURVE_WITH_KNOTS('',3,(#2961,#2962,#2963,#2964,#2965,
    #2966,#2967,#2968,#2969,#2970,#2971,#2972,#2973,#2974,#2975,#2976,
    #2977,#2978,#2979,#2980,#2981,#2982,#2983,#2984,#2985,#2986,#2987,
    #2988,#2989,#2990,#2991,#2992,#2993,#2994,#2995,#2996,#2997,#2998,
    #2999,#3000,#3001,#3002,#3003,#3004,#3005,#3006,#3007,#3008,#3009,
    #3010,#3011,#3012,#3013,#3014,#3015,#3016,#3017,#3018,#3019,#3020,
    #3021,#3022,#3023,#3024,#3025,#3026,#3027,#3028,#3029,#3030),
  .UNSPECIFIED.,.F.,.F.,(4,3,3,3,3,3,3,3,3,3,3,3,3,3,3,3,3,3,3,3,3,3,3,4
    ),(-1.61033545399,-1.544400850513,-1.479465878483,-1.415468041995,
    -1.35234836387,-1.290052036355,-1.228509018756,-1.165885388561,
    -1.100122071073,-1.026915680725,-0.944688777545,-0.839093132468,
    -0.734206490909,-0.647276798739,-0.566367198897,-0.491706646286,
    -0.419800988877,-0.35106951773,-0.285356656514,-0.222010708809,
    -0.161462148559,-0.102209478395,-4.471325907035E-02,
    -2.22044604925E-16),.UNSPECIFIED.);
#2961 = CARTESIAN_POINT('',(18.5,-10.58759311224,23.606355253738));
#2962 = CARTESIAN_POINT('',(18.5,-10.37755549856,23.616479600118));
#2963 = CARTESIAN_POINT('',(18.5,-10.17182094449,23.628345465988));
#2964 = CARTESIAN_POINT('',(18.5,-9.970363465272,23.641813957594));
#2965 = CARTESIAN_POINT('',(18.5,-9.771960273489,23.655078254027));
#2966 = CARTESIAN_POINT('',(18.5,-9.577705544304,23.669896808176));
#2967 = CARTESIAN_POINT('',(18.5,-9.387524414229,23.686133608188));
#2968 = CARTESIAN_POINT('',(18.5,-9.200087960728,23.702136080195));
#2969 = CARTESIAN_POINT('',(18.5,-9.01660845873,23.719516030631));
#2970 = CARTESIAN_POINT('',(18.5,-8.836963945969,23.738141957177));
#2971 = CARTESIAN_POINT('',(18.5,-8.659784459213,23.756512304564));
#2972 = CARTESIAN_POINT('',(18.5,-8.486335514032,23.776094554743));
#2973 = CARTESIAN_POINT('',(18.5,-8.316449642608,23.796763050047));
#2974 = CARTESIAN_POINT('',(18.5,-8.14877980967,23.817161939758));
#2975 = CARTESIAN_POINT('',(18.5,-7.984580769854,23.838618817618));
#2976 = CARTESIAN_POINT('',(18.5,-7.823640965073,23.86101497695));
#2977 = CARTESIAN_POINT('',(18.5,-7.664647303116,23.883140313755));
#2978 = CARTESIAN_POINT('',(18.5,-7.508834594737,23.90618225894));
#2979 = CARTESIAN_POINT('',(18.5,-7.355948193829,23.930029877865));
#2980 = CARTESIAN_POINT('',(18.5,-7.2003773134,23.954296228896));
#2981 = CARTESIAN_POINT('',(18.5,-7.047836422259,23.979396725135));
#2982 = CARTESIAN_POINT('',(18.5,-6.898002384416,24.005219586698));
#2983 = CARTESIAN_POINT('',(18.5,-6.740656293642,24.032337098699));
#2984 = CARTESIAN_POINT('',(18.5,-6.586294974763,24.060251200718));
#2985 = CARTESIAN_POINT('',(18.5,-6.434487225444,24.088838614982));
#2986 = CARTESIAN_POINT('',(18.5,-6.265497919869,24.120661544354));
#2987 = CARTESIAN_POINT('',(18.5,-6.099672858482,24.153318715335));
#2988 = CARTESIAN_POINT('',(18.5,-5.936350347529,24.186648684695));
#2989 = CARTESIAN_POINT('',(18.5,-5.752903189006,24.224085582629));
#2990 = CARTESIAN_POINT('',(18.5,-5.572612559422,24.262371139112));
#2991 = CARTESIAN_POINT('',(18.5,-5.394466475496,24.301289163162));
#2992 = CARTESIAN_POINT('',(18.5,-5.165691586467,24.351267621499));
#2993 = CARTESIAN_POINT('',(18.5,-4.940450776238,24.402288256649));
#2994 = CARTESIAN_POINT('',(18.5,-4.71650592202,24.45392224456));
#2995 = CARTESIAN_POINT('',(18.5,-4.494064706418,24.505209545076));
#2996 = CARTESIAN_POINT('',(18.5,-4.272894825591,24.557102114897));
#2997 = CARTESIAN_POINT('',(18.5,-4.050812970751,24.609208368085));
#2998 = CARTESIAN_POINT('',(18.5,-3.866752283985,24.652393853696));
#2999 = CARTESIAN_POINT('',(18.5,-3.682064820571,24.695726433793));
#3000 = CARTESIAN_POINT('',(18.5,-3.495549152691,24.739000041781));
#3001 = CARTESIAN_POINT('',(18.5,-3.321950147844,24.779276847308));
#3002 = CARTESIAN_POINT('',(18.5,-3.146766925951,24.819502588149));
#3003 = CARTESIAN_POINT('',(18.5,-2.969076026996,24.859525429501));
#3004 = CARTESIAN_POINT('',(18.5,-2.805109072078,24.896457109526));
#3005 = CARTESIAN_POINT('',(18.5,-2.639006753631,24.933216083744));
#3006 = CARTESIAN_POINT('',(18.5,-2.470086795359,24.969695052246));
#3007 = CARTESIAN_POINT('',(18.5,-2.30739980438,25.004827985502));
#3008 = CARTESIAN_POINT('',(18.5,-2.142099021018,25.039701186422));
#3009 = CARTESIAN_POINT('',(18.5,-1.973619562239,25.074230141907));
#3010 = CARTESIAN_POINT('',(18.5,-1.812577420672,25.107234859383));
#3011 = CARTESIAN_POINT('',(18.5,-1.648630837865,25.139925081752));
#3012 = CARTESIAN_POINT('',(18.5,-1.481330814814,25.172237437468));
#3013 = CARTESIAN_POINT('',(18.5,-1.321378423095,25.203130670384));
#3014 = CARTESIAN_POINT('',(18.5,-1.158360354427,25.233678555784));
#3015 = CARTESIAN_POINT('',(18.5,-0.99193010563,25.263834774626));
#3016 = CARTESIAN_POINT('',(18.5,-0.831494512936,25.292904795721));
#3017 = CARTESIAN_POINT('',(18.5,-0.667887860092,25.321610896378));
#3018 = CARTESIAN_POINT('',(18.5,-0.500847612598,25.349919531422));
#3019 = CARTESIAN_POINT('',(18.5,-0.341183942611,25.376978043556));
#3020 = CARTESIAN_POINT('',(18.5,-0.17838315019,25.403673463558));
#3021 = CARTESIAN_POINT('',(18.5,-1.226283898942E-02,25.429983281722));
#3022 = CARTESIAN_POINT('',(18.5,0.150302083555,25.455730004209));
#3023 = CARTESIAN_POINT('',(18.5,0.316046167696,25.481107469618));
#3024 = CARTESIAN_POINT('',(18.5,0.485091972672,25.506100838245));
#3025 = CARTESIAN_POINT('',(18.5,0.649126684557,25.530353318349));
#3026 = CARTESIAN_POINT('',(18.5,0.816270365211,25.554244158676));
#3027 = CARTESIAN_POINT('',(18.5,0.986586829763,25.577765462785));
#3028 = CARTESIAN_POINT('',(18.5,1.119037350735,25.59605734661));
#3029 = CARTESIAN_POINT('',(18.5,1.253405794766,25.614125854285));
#3030 = CARTESIAN_POINT('',(18.5,1.389700421721,25.631969638302));
#3031 = PCURVE('',#2304,#3032);
#3032 = DEFINITIONAL_REPRESENTATION('',(#3033),#3104);
#3033 = B_SPLINE_CURVE_WITH_KNOTS('',3,(#3034,#3035,#3036,#3037,#3038,
    #3039,#3040,#3041,#3042,#3043,#3044,#3045,#3046,#3047,#3048,#3049,
    #3050,#3051,#3052,#3053,#3054,#3055,#3056,#3057,#3058,#3059,#3060,
    #3061,#3062,#3063,#3064,#3065,#3066,#3067,#3068,#3069,#3070,#3071,
    #3072,#3073,#3074,#3075,#3076,#3077,#3078,#3079,#3080,#3081,#3082,
    #3083,#3084,#3085,#3086,#3087,#3088,#3089,#3090,#3091,#3092,#3093,
    #3094,#3095,#3096,#3097,#3098,#3099,#3100,#3101,#3102,#3103),
  .UNSPECIFIED.,.F.,.F.,(4,3,3,3,3,3,3,3,3,3,3,3,3,3,3,3,3,3,3,3,3,3,3,4
    ),(-1.61033545399,-1.544400850513,-1.479465878483,-1.415468041995,
    -1.35234836387,-1.290052036355,-1.228509018756,-1.165885388561,
    -1.100122071073,-1.026915680725,-0.944688777545,-0.839093132468,
    -0.734206490909,-0.647276798739,-0.566367198897,-0.491706646286,
    -0.419800988877,-0.35106951773,-0.285356656514,-0.222010708809,
    -0.161462148559,-0.102209478395,-4.471325907035E-02,
    -2.22044604925E-16),.UNSPECIFIED.);
#3034 = CARTESIAN_POINT('',(-12.41879655612,-1.707829910796));
#3035 = CARTESIAN_POINT('',(-12.20875894244,-1.697705564416));
#3036 = CARTESIAN_POINT('',(-12.00302438837,-1.685839698546));
#3037 = CARTESIAN_POINT('',(-11.80156690914,-1.67237120694));
#3038 = CARTESIAN_POINT('',(-11.60316371736,-1.659106910507));
#3039 = CARTESIAN_POINT('',(-11.40890898818,-1.644288356357));
#3040 = CARTESIAN_POINT('',(-11.2187278581,-1.628051556346));
#3041 = CARTESIAN_POINT('',(-11.0312914046,-1.612049084339));
#3042 = CARTESIAN_POINT('',(-10.8478119026,-1.594669133903));
#3043 = CARTESIAN_POINT('',(-10.66816738984,-1.576043207357));
#3044 = CARTESIAN_POINT('',(-10.49098790309,-1.557672859969));
#3045 = CARTESIAN_POINT('',(-10.3175389579,-1.538090609791));
#3046 = CARTESIAN_POINT('',(-10.14765308648,-1.517422114487));
#3047 = CARTESIAN_POINT('',(-9.979983253546,-1.497023224775));
#3048 = CARTESIAN_POINT('',(-9.81578421373,-1.475566346916));
#3049 = CARTESIAN_POINT('',(-9.654844408949,-1.453170187583));
#3050 = CARTESIAN_POINT('',(-9.495850746992,-1.431044850779));
#3051 = CARTESIAN_POINT('',(-9.340038038614,-1.408002905593));
#3052 = CARTESIAN_POINT('',(-9.187151637706,-1.384155286669));
#3053 = CARTESIAN_POINT('',(-9.031580757277,-1.359888935638));
#3054 = CARTESIAN_POINT('',(-8.879039866136,-1.334788439398));
#3055 = CARTESIAN_POINT('',(-8.729205828292,-1.308965577836));
#3056 = CARTESIAN_POINT('',(-8.571859737518,-1.281848065835));
#3057 = CARTESIAN_POINT('',(-8.41749841864,-1.253933963815));
#3058 = CARTESIAN_POINT('',(-8.265690669321,-1.225346549551));
#3059 = CARTESIAN_POINT('',(-8.096701363746,-1.19352362018));
#3060 = CARTESIAN_POINT('',(-7.930876302358,-1.160866449199));
#3061 = CARTESIAN_POINT('',(-7.767553791406,-1.127536479839));
#3062 = CARTESIAN_POINT('',(-7.584106632882,-1.090099581905));
#3063 = CARTESIAN_POINT('',(-7.403816003298,-1.051814025422));
#3064 = CARTESIAN_POINT('',(-7.225669919373,-1.012896001372));
#3065 = CARTESIAN_POINT('',(-6.996895030344,-0.962917543035));
#3066 = CARTESIAN_POINT('',(-6.771654220115,-0.911896907885));
#3067 = CARTESIAN_POINT('',(-6.547709365896,-0.860262919974));
#3068 = CARTESIAN_POINT('',(-6.325268150294,-0.808975619458));
#3069 = CARTESIAN_POINT('',(-6.104098269467,-0.757083049637));
#3070 = CARTESIAN_POINT('',(-5.882016414627,-0.704976796449));
#3071 = CARTESIAN_POINT('',(-5.697955727861,-0.661791310838));
#3072 = CARTESIAN_POINT('',(-5.513268264447,-0.618458730741));
#3073 = CARTESIAN_POINT('',(-5.326752596568,-0.575185122753));
#3074 = CARTESIAN_POINT('',(-5.15315359172,-0.534908317226));
#3075 = CARTESIAN_POINT('',(-4.977970369827,-0.494682576385));
#3076 = CARTESIAN_POINT('',(-4.800279470872,-0.454659735033));
#3077 = CARTESIAN_POINT('',(-4.636312515954,-0.417728055008));
#3078 = CARTESIAN_POINT('',(-4.470210197508,-0.380969080789));
#3079 = CARTESIAN_POINT('',(-4.301290239236,-0.344490112288));
#3080 = CARTESIAN_POINT('',(-4.138603248256,-0.309357179032));
#3081 = CARTESIAN_POINT('',(-3.973302464894,-0.274483978112));
#3082 = CARTESIAN_POINT('',(-3.804823006115,-0.239955022626));
#3083 = CARTESIAN_POINT('',(-3.643780864549,-0.206950305151));
#3084 = CARTESIAN_POINT('',(-3.479834281741,-0.174260082782));
#3085 = CARTESIAN_POINT('',(-3.31253425869,-0.141947727065));
#3086 = CARTESIAN_POINT('',(-3.152581866972,-0.11105449415));
#3087 = CARTESIAN_POINT('',(-2.989563798304,-8.050660875E-02));
#3088 = CARTESIAN_POINT('',(-2.823133549506,-5.03503899074E-02));
#3089 = CARTESIAN_POINT('',(-2.662697956812,-2.12803688123E-02));
#3090 = CARTESIAN_POINT('',(-2.499091303969,7.425731843998E-03));
#3091 = CARTESIAN_POINT('',(-2.332051056475,3.57343668887E-02));
#3092 = CARTESIAN_POINT('',(-2.172387386487,6.27928790221E-02));
#3093 = CARTESIAN_POINT('',(-2.009586594066,8.94882990245E-02));
#3094 = CARTESIAN_POINT('',(-1.843466282866,0.115798117188));
#3095 = CARTESIAN_POINT('',(-1.680901360321,0.141544839676));
#3096 = CARTESIAN_POINT('',(-1.515157276181,0.166922305084));
#3097 = CARTESIAN_POINT('',(-1.346111471205,0.191915673711));
#3098 = CARTESIAN_POINT('',(-1.18207675932,0.216168153815));
#3099 = CARTESIAN_POINT('',(-1.014933078666,0.240058994143));
#3100 = CARTESIAN_POINT('',(-0.844616614113,0.263580298251));
#3101 = CARTESIAN_POINT('',(-0.712166093141,0.281872182076));
#3102 = CARTESIAN_POINT('',(-0.57779764911,0.299940689752));
#3103 = CARTESIAN_POINT('',(-0.441503022156,0.317784473769));
#3104 = ( GEOMETRIC_REPRESENTATION_CONTEXT(2) 
PARAMETRIC_REPRESENTATION_CONTEXT() REPRESENTATION_CONTEXT('2D SPACE',''
  ) );
#3105 = PCURVE('',#223,#3106);
#3106 = DEFINITIONAL_REPRESENTATION('',(#3107),#3110);
#3107 = B_SPLINE_CURVE_WITH_KNOTS('',1,(#3108,#3109),.UNSPECIFIED.,.F.,
  .F.,(2,2),(-1.61033545399,-2.22044604925E-16),
  .PIECEWISE_BEZIER_KNOTS.);
#3108 = CARTESIAN_POINT('',(-0.605011489443,0.15));
#3109 = CARTESIAN_POINT('',(-1.,0.15));
#3110 = ( GEOMETRIC_REPRESENTATION_CONTEXT(2) 
PARAMETRIC_REPRESENTATION_CONTEXT() REPRESENTATION_CONTEXT('2D SPACE',''
  ) );
#3111 = ORIENTED_EDGE('',*,*,#2885,.F.);
#3112 = ORIENTED_EDGE('',*,*,#3113,.F.);
#3113 = EDGE_CURVE('',#2289,#2886,#3114,.T.);
#3114 = SURFACE_CURVE('',#3115,(#3119,#3126),.PCURVE_S1.);
#3115 = LINE('',#3116,#3117);
#3116 = CARTESIAN_POINT('',(18.5,14.25,22.157092582267));
#3117 = VECTOR('',#3118,1.);
#3118 = DIRECTION('',(1.29840134577E-16,0.,-1.));
#3119 = PCURVE('',#2304,#3120);
#3120 = DEFINITIONAL_REPRESENTATION('',(#3121),#3125);
#3121 = LINE('',#3122,#3123);
#3122 = CARTESIAN_POINT('',(12.418796556124,-3.157092582267));
#3123 = VECTOR('',#3124,1.);
#3124 = DIRECTION('',(-1.339267047014E-32,-1.));
#3125 = ( GEOMETRIC_REPRESENTATION_CONTEXT(2) 
PARAMETRIC_REPRESENTATION_CONTEXT() REPRESENTATION_CONTEXT('2D SPACE',''
  ) );
#3126 = PCURVE('',#359,#3127);
#3127 = DEFINITIONAL_REPRESENTATION('',(#3128),#3132);
#3128 = LINE('',#3129,#3130);
#3129 = CARTESIAN_POINT('',(1.5,3.157092582267));
#3130 = VECTOR('',#3131,1.);
#3131 = DIRECTION('',(-1.29840134577E-16,-1.));
#3132 = ( GEOMETRIC_REPRESENTATION_CONTEXT(2) 
PARAMETRIC_REPRESENTATION_CONTEXT() REPRESENTATION_CONTEXT('2D SPACE',''
  ) );
#3133 = ORIENTED_EDGE('',*,*,#2288,.F.);
#3134 = ORIENTED_EDGE('',*,*,#3135,.F.);
#3135 = EDGE_CURVE('',#2957,#2261,#3136,.T.);
#3136 = SURFACE_CURVE('',#3137,(#3142,#3149),.PCURVE_S1.);
#3137 = CIRCLE('',#3138,10.75);
#3138 = AXIS2_PLACEMENT_3D('',#3139,#3140,#3141);
#3139 = CARTESIAN_POINT('',(18.5,-5.788112552342E-03,36.29100860768));
#3140 = DIRECTION('',(1.,1.031473859279E-16,1.29840134577E-16));
#3141 = DIRECTION('',(-1.031473859279E-16,1.,-1.860549915916E-33));
#3142 = PCURVE('',#2304,#3143);
#3143 = DEFINITIONAL_REPRESENTATION('',(#3144),#3148);
#3144 = CIRCLE('',#3145,10.75);
#3145 = AXIS2_PLACEMENT_2D('',#3146,#3147);
#3146 = CARTESIAN_POINT('',(-1.836991556429,10.976823443146));
#3147 = DIRECTION('',(1.,-1.860549915916E-33));
#3148 = ( GEOMETRIC_REPRESENTATION_CONTEXT(2) 
PARAMETRIC_REPRESENTATION_CONTEXT() REPRESENTATION_CONTEXT('2D SPACE',''
  ) );
#3149 = PCURVE('',#2276,#3150);
#3150 = DEFINITIONAL_REPRESENTATION('',(#3151),#3155);
#3151 = LINE('',#3152,#3153);
#3152 = CARTESIAN_POINT('',(6.28318530718,1.5));
#3153 = VECTOR('',#3154,1.);
#3154 = DIRECTION('',(-1.,0.));
#3155 = ( GEOMETRIC_REPRESENTATION_CONTEXT(2) 
PARAMETRIC_REPRESENTATION_CONTEXT() REPRESENTATION_CONTEXT('2D SPACE',''
  ) );
#3156 = FACE_BOUND('',#3157,.T.);
#3157 = EDGE_LOOP('',(#3158));
#3158 = ORIENTED_EDGE('',*,*,#3159,.F.);
#3159 = EDGE_CURVE('',#3160,#3160,#3162,.T.);
#3160 = VERTEX_POINT('',#3161);
#3161 = CARTESIAN_POINT('',(18.5,9.75,25.3));
#3162 = SURFACE_CURVE('',#3163,(#3168,#3175),.PCURVE_S1.);
#3163 = CIRCLE('',#3164,1.75);
#3164 = AXIS2_PLACEMENT_3D('',#3165,#3166,#3167);
#3165 = CARTESIAN_POINT('',(18.5,8.,25.3));
#3166 = DIRECTION('',(1.,1.031473859279E-16,1.29840134577E-16));
#3167 = DIRECTION('',(1.031473859279E-16,-1.,2.428411766024E-32));
#3168 = PCURVE('',#2304,#3169);
#3169 = DEFINITIONAL_REPRESENTATION('',(#3170),#3174);
#3170 = CIRCLE('',#3171,1.75);
#3171 = AXIS2_PLACEMENT_2D('',#3172,#3173);
#3172 = CARTESIAN_POINT('',(6.168796556124,-1.41851645337E-02));
#3173 = DIRECTION('',(-1.,2.428411766024E-32));
#3174 = ( GEOMETRIC_REPRESENTATION_CONTEXT(2) 
PARAMETRIC_REPRESENTATION_CONTEXT() REPRESENTATION_CONTEXT('2D SPACE',''
  ) );
#3175 = PCURVE('',#3176,#3181);
#3176 = CYLINDRICAL_SURFACE('',#3177,1.75);
#3177 = AXIS2_PLACEMENT_3D('',#3178,#3179,#3180);
#3178 = CARTESIAN_POINT('',(-20.,8.,25.3));
#3179 = DIRECTION('',(1.,-8.388351741612E-17,0.));
#3180 = DIRECTION('',(-8.388351741612E-17,-1.,0.));
#3181 = DEFINITIONAL_REPRESENTATION('',(#3182),#3186);
#3182 = LINE('',#3183,#3184);
#3183 = CARTESIAN_POINT('',(0.,38.5));
#3184 = VECTOR('',#3185,1.);
#3185 = DIRECTION('',(1.,0.));
#3186 = ( GEOMETRIC_REPRESENTATION_CONTEXT(2) 
PARAMETRIC_REPRESENTATION_CONTEXT() REPRESENTATION_CONTEXT('2D SPACE',''
  ) );
#3187 = ADVANCED_FACE('',(#3188),#223,.F.);
#3188 = FACE_BOUND('',#3189,.F.);
#3189 = EDGE_LOOP('',(#3190,#3191,#3213,#3651,#3671,#3672));
#3190 = ORIENTED_EDGE('',*,*,#189,.T.);
#3191 = ORIENTED_EDGE('',*,*,#3192,.T.);
#3192 = EDGE_CURVE('',#190,#3193,#3195,.T.);
#3193 = VERTEX_POINT('',#3194);
#3194 = CARTESIAN_POINT('',(17.2,-27.19576010268,29.9));
#3195 = SURFACE_CURVE('',#3196,(#3200,#3206),.PCURVE_S1.);
#3196 = LINE('',#3197,#3198);
#3197 = CARTESIAN_POINT('',(20.,-27.19576010268,29.9));
#3198 = VECTOR('',#3199,1.);
#3199 = DIRECTION('',(-1.,-8.881784197001E-17,0.));
#3200 = PCURVE('',#223,#3201);
#3201 = DEFINITIONAL_REPRESENTATION('',(#3202),#3205);
#3202 = B_SPLINE_CURVE_WITH_KNOTS('',1,(#3203,#3204),.UNSPECIFIED.,.F.,
  .F.,(2,2),(0.,2.8),.PIECEWISE_BEZIER_KNOTS.);
#3203 = CARTESIAN_POINT('',(0.,2.681231972557E-17));
#3204 = CARTESIAN_POINT('',(0.,0.28));
#3205 = ( GEOMETRIC_REPRESENTATION_CONTEXT(2) 
PARAMETRIC_REPRESENTATION_CONTEXT() REPRESENTATION_CONTEXT('2D SPACE',''
  ) );
#3206 = PCURVE('',#277,#3207);
#3207 = DEFINITIONAL_REPRESENTATION('',(#3208),#3212);
#3208 = LINE('',#3209,#3210);
#3209 = CARTESIAN_POINT('',(20.,-15.19576010268));
#3210 = VECTOR('',#3211,1.);
#3211 = DIRECTION('',(-1.,-8.881784197001E-17));
#3212 = ( GEOMETRIC_REPRESENTATION_CONTEXT(2) 
PARAMETRIC_REPRESENTATION_CONTEXT() REPRESENTATION_CONTEXT('2D SPACE',''
  ) );
#3213 = ORIENTED_EDGE('',*,*,#3214,.T.);
#3214 = EDGE_CURVE('',#3193,#3215,#3217,.T.);
#3215 = VERTEX_POINT('',#3216);
#3216 = CARTESIAN_POINT('',(17.2,1.389700421721,25.631969638302));
#3217 = SURFACE_CURVE('',#3218,(#3430,#3436),.PCURVE_S1.);
#3218 = B_SPLINE_CURVE_WITH_KNOTS('',3,(#3219,#3220,#3221,#3222,#3223,
    #3224,#3225,#3226,#3227,#3228,#3229,#3230,#3231,#3232,#3233,#3234,
    #3235,#3236,#3237,#3238,#3239,#3240,#3241,#3242,#3243,#3244,#3245,
    #3246,#3247,#3248,#3249,#3250,#3251,#3252,#3253,#3254,#3255,#3256,
    #3257,#3258,#3259,#3260,#3261,#3262,#3263,#3264,#3265,#3266,#3267,
    #3268,#3269,#3270,#3271,#3272,#3273,#3274,#3275,#3276,#3277,#3278,
    #3279,#3280,#3281,#3282,#3283,#3284,#3285,#3286,#3287,#3288,#3289,
    #3290,#3291,#3292,#3293,#3294,#3295,#3296,#3297,#3298,#3299,#3300,
    #3301,#3302,#3303,#3304,#3305,#3306,#3307,#3308,#3309,#3310,#3311,
    #3312,#3313,#3314,#3315,#3316,#3317,#3318,#3319,#3320,#3321,#3322,
    #3323,#3324,#3325,#3326,#3327,#3328,#3329,#3330,#3331,#3332,#3333,
    #3334,#3335,#3336,#3337,#3338,#3339,#3340,#3341,#3342,#3343,#3344,
    #3345,#3346,#3347,#3348,#3349,#3350,#3351,#3352,#3353,#3354,#3355,
    #3356,#3357,#3358,#3359,#3360,#3361,#3362,#3363,#3364,#3365,#3366,
    #3367,#3368,#3369,#3370,#3371,#3372,#3373,#3374,#3375,#3376,#3377,
    #3378,#3379,#3380,#3381,#3382,#3383,#3384,#3385,#3386,#3387,#3388,
    #3389,#3390,#3391,#3392,#3393,#3394,#3395,#3396,#3397,#3398,#3399,
    #3400,#3401,#3402,#3403,#3404,#3405,#3406,#3407,#3408,#3409,#3410,
    #3411,#3412,#3413,#3414,#3415,#3416,#3417,#3418,#3419,#3420,#3421,
    #3422,#3423,#3424,#3425,#3426,#3427,#3428,#3429),.UNSPECIFIED.,.F.,
  .F.,(4,3,3,3,3,3,3,3,3,3,3,3,3,3,3,3,3,3,3,3,3,3,3,3,3,3,3,3,3,3,3,3,3
    ,3,3,3,3,3,3,3,3,3,3,3,3,3,3,3,3,3,3,3,3,3,3,3,3,3,3,3,3,3,3,3,3,3,3
    ,3,3,3,4),(0.,3.262200718195E-02,6.588851768631E-02,
    9.988330246773E-02,0.134712333517,0.170513441926,0.207472309424,
    0.245850833447,0.28604221908,0.330180912324,0.376132469399,
    0.425195027608,0.479138714546,0.542671236579,0.61398034469,
    0.664526039981,0.707852851866,0.747708378839,0.785314868501,
    0.821652426597,0.857422210349,0.892633091229,0.927293802096,
    0.961412939355,0.994998965094,1.028143553263,1.061511825774,
    1.095111957099,1.128952593279,1.16304287948,1.197392486686,
    1.232038603919,1.267936532971,1.306823472759,1.351070496638,
    1.406065749452,1.450967099192,1.489589642784,1.525096515188,
    1.558751912978,1.592597271453,1.627302126998,1.663014549804,
    1.699936754412,1.738359391928,1.778731131943,1.823683995046,
    1.873239580521,1.92369018287,1.97336944629,2.022325434377,
    2.070603670976,2.118246551723,2.16529343438,2.212747355551,
    2.262455532754,2.317504739821,2.378724159067,2.45447487693,
    2.536530340649,2.604165829492,2.667509924141,2.72492454085,
    2.780198511215,2.833143116196,2.883683463948,2.932337722757,
    2.978749246892,3.024146126343,3.068121897939,3.110918586685),
  .UNSPECIFIED.);
#3219 = CARTESIAN_POINT('',(17.2,-27.19576010268,29.9));
#3220 = CARTESIAN_POINT('',(17.2,-27.09471497444,29.9));
#3221 = CARTESIAN_POINT('',(17.2,-26.99767104991,29.897516611446));
#3222 = CARTESIAN_POINT('',(17.2,-26.90460795448,29.892557754299));
#3223 = CARTESIAN_POINT('',(17.2,-26.80970623907,29.887500926483));
#3224 = CARTESIAN_POINT('',(17.2,-26.71894409697,29.879869867106));
#3225 = CARTESIAN_POINT('',(17.2,-26.63224813448,29.869690649262));
#3226 = CARTESIAN_POINT('',(17.2,-26.54365421399,29.859288586811));
#3227 = CARTESIAN_POINT('',(17.2,-26.45930633839,29.846225593997));
#3228 = CARTESIAN_POINT('',(17.2,-26.37907432353,29.830547504833));
#3229 = CARTESIAN_POINT('',(17.2,-26.2968733814,29.814484668789));
#3230 = CARTESIAN_POINT('',(17.2,-26.21899265502,29.795676829963));
#3231 = CARTESIAN_POINT('',(17.2,-26.14524018527,29.774191701752));
#3232 = CARTESIAN_POINT('',(17.2,-26.06942928599,29.752106924166));
#3233 = CARTESIAN_POINT('',(17.2,-25.99798014437,29.727193346178));
#3234 = CARTESIAN_POINT('',(17.2,-25.93063221559,29.699543446247));
#3235 = CARTESIAN_POINT('',(17.2,-25.86110634651,29.670999386208));
#3236 = CARTESIAN_POINT('',(17.2,-25.79595105334,29.639539186338));
#3237 = CARTESIAN_POINT('',(17.2,-25.73482749905,29.605284190317));
#3238 = CARTESIAN_POINT('',(17.2,-25.6713560792,29.569713398335));
#3239 = CARTESIAN_POINT('',(17.2,-25.61223185926,29.531129002243));
#3240 = CARTESIAN_POINT('',(17.2,-25.55702309046,29.489687368167));
#3241 = CARTESIAN_POINT('',(17.2,-25.49920646063,29.446288182327));
#3242 = CARTESIAN_POINT('',(17.2,-25.44568364107,29.399755473015));
#3243 = CARTESIAN_POINT('',(17.2,-25.39590622384,29.350290602554));
#3244 = CARTESIAN_POINT('',(17.2,-25.34124002821,29.295967649781));
#3245 = CARTESIAN_POINT('',(17.2,-25.29109094919,29.238108174738));
#3246 = CARTESIAN_POINT('',(17.2,-25.24467317692,29.177005667942));
#3247 = CARTESIAN_POINT('',(17.2,-25.19634893451,29.113393559784));
#3248 = CARTESIAN_POINT('',(17.2,-25.15206838369,29.04626663899));
#3249 = CARTESIAN_POINT('',(17.2,-25.11088879492,28.975983695781));
#3250 = CARTESIAN_POINT('',(17.2,-25.06692127564,28.900942473858));
#3251 = CARTESIAN_POINT('',(17.2,-25.02648843392,28.822303453506));
#3252 = CARTESIAN_POINT('',(17.2,-24.98838588602,28.740533551807));
#3253 = CARTESIAN_POINT('',(17.2,-24.94649259733,28.650628537896));
#3254 = CARTESIAN_POINT('',(17.2,-24.90741572121,28.556938681432));
#3255 = CARTESIAN_POINT('',(17.2,-24.86949528505,28.460120061392));
#3256 = CARTESIAN_POINT('',(17.2,-24.82483424903,28.346091312895));
#3257 = CARTESIAN_POINT('',(17.2,-24.78177579273,28.227722478066));
#3258 = CARTESIAN_POINT('',(17.2,-24.7375453212,28.106134741433));
#3259 = CARTESIAN_POINT('',(17.2,-24.68790089696,27.96966427278));
#3260 = CARTESIAN_POINT('',(17.2,-24.63677431542,27.829139858859));
#3261 = CARTESIAN_POINT('',(17.2,-24.58022826533,27.686196041265));
#3262 = CARTESIAN_POINT('',(17.2,-24.5401469981,27.584873856214));
#3263 = CARTESIAN_POINT('',(17.2,-24.49734170984,27.482337335944));
#3264 = CARTESIAN_POINT('',(17.2,-24.45043587882,27.37917422237));
#3265 = CARTESIAN_POINT('',(17.2,-24.4102290896,27.290744756923));
#3266 = CARTESIAN_POINT('',(17.2,-24.36700862798,27.20185521573));
#3267 = CARTESIAN_POINT('',(17.2,-24.31994273982,27.112872755962));
#3268 = CARTESIAN_POINT('',(17.2,-24.27664770625,27.031019449171));
#3269 = CARTESIAN_POINT('',(17.2,-24.23009829999,26.949087670736));
#3270 = CARTESIAN_POINT('',(17.2,-24.17968710651,26.867357482548));
#3271 = CARTESIAN_POINT('',(17.2,-24.13212060393,26.790239308219));
#3272 = CARTESIAN_POINT('',(17.2,-24.0811155432,26.713300715047));
#3273 = CARTESIAN_POINT('',(17.2,-24.02620408079,26.636769914242));
#3274 = CARTESIAN_POINT('',(17.2,-23.97314546051,26.562821442969));
#3275 = CARTESIAN_POINT('',(17.2,-23.91643928078,26.489253799684));
#3276 = CARTESIAN_POINT('',(17.2,-23.85570905612,26.416264685592));
#3277 = CARTESIAN_POINT('',(17.2,-23.79592774122,26.344416026408));
#3278 = CARTESIAN_POINT('',(17.2,-23.73224674676,26.27312805814));
#3279 = CARTESIAN_POINT('',(17.2,-23.66435746096,26.202579870484));
#3280 = CARTESIAN_POINT('',(17.2,-23.59752894525,26.13313399826));
#3281 = CARTESIAN_POINT('',(17.2,-23.52662226853,26.064405056158));
#3282 = CARTESIAN_POINT('',(17.2,-23.45139792526,25.996553232723));
#3283 = CARTESIAN_POINT('',(17.2,-23.37734896236,25.929761594029));
#3284 = CARTESIAN_POINT('',(17.2,-23.29911590145,25.863819953998));
#3285 = CARTESIAN_POINT('',(17.2,-23.21652868851,25.798869524691));
#3286 = CARTESIAN_POINT('',(17.2,-23.13523190078,25.734933945842));
#3287 = CARTESIAN_POINT('',(17.2,-23.04971585783,25.671958887567));
#3288 = CARTESIAN_POINT('',(17.2,-22.95987893322,25.610066782011));
#3289 = CARTESIAN_POINT('',(17.2,-22.87144571056,25.549141740605));
#3290 = CARTESIAN_POINT('',(17.2,-22.77882583931,25.489266060144));
#3291 = CARTESIAN_POINT('',(17.2,-22.68197955092,25.430544457885));
#3292 = CARTESIAN_POINT('',(17.2,-22.58640616069,25.372594662378));
#3293 = CARTESIAN_POINT('',(17.2,-22.48671694206,25.315768798019));
#3294 = CARTESIAN_POINT('',(17.2,-22.3829262925,25.260155826977));
#3295 = CARTESIAN_POINT('',(17.2,-22.27843518641,25.204167538228));
#3296 = CARTESIAN_POINT('',(17.2,-22.16978714821,25.1494085994));
#3297 = CARTESIAN_POINT('',(17.2,-22.05704883522,25.095957653343));
#3298 = CARTESIAN_POINT('',(17.2,-21.94352716217,25.042135304392));
#3299 = CARTESIAN_POINT('',(17.2,-21.82585822111,24.989639220513));
#3300 = CARTESIAN_POINT('',(17.2,-21.70416189502,24.938536962451));
#3301 = CARTESIAN_POINT('',(17.2,-21.58159448431,24.887068921856));
#3302 = CARTESIAN_POINT('',(17.2,-21.45494187624,24.837014765935));
#3303 = CARTESIAN_POINT('',(17.2,-21.32437821597,24.788430146531));
#3304 = CARTESIAN_POINT('',(17.2,-21.19285135806,24.73948710741));
#3305 = CARTESIAN_POINT('',(17.2,-21.05735558099,24.692035402806));
#3306 = CARTESIAN_POINT('',(17.2,-20.91812040512,24.646117877723));
#3307 = CARTESIAN_POINT('',(17.2,-20.77782608279,24.599851063147));
#3308 = CARTESIAN_POINT('',(17.2,-20.63373530892,24.555141895502));
#3309 = CARTESIAN_POINT('',(17.2,-20.48613417468,24.512019435872));
#3310 = CARTESIAN_POINT('',(17.2,-20.33725892933,24.468524737876));
#3311 = CARTESIAN_POINT('',(17.2,-20.18481250885,24.426644301874));
#3312 = CARTESIAN_POINT('',(17.2,-20.02913968369,24.386392366858));
#3313 = CARTESIAN_POINT('',(17.2,-19.86784218545,24.344686074125));
#3314 = CARTESIAN_POINT('',(17.2,-19.70308085435,24.304728188316));
#3315 = CARTESIAN_POINT('',(17.2,-19.53529486612,24.266516579855));
#3316 = CARTESIAN_POINT('',(17.2,-19.35353831933,24.225123314098));
#3317 = CARTESIAN_POINT('',(17.2,-19.16823295508,24.185779290611));
#3318 = CARTESIAN_POINT('',(17.2,-18.97999833048,24.148459680498));
#3319 = CARTESIAN_POINT('',(17.2,-18.76581788904,24.105996023319));
#3320 = CARTESIAN_POINT('',(17.2,-18.54784600223,24.06615351199));
#3321 = CARTESIAN_POINT('',(17.2,-18.32706064559,24.028865635964));
#3322 = CARTESIAN_POINT('',(17.2,-18.05264339801,23.982520006604));
#3323 = CARTESIAN_POINT('',(17.2,-17.77388404254,23.940121467721));
#3324 = CARTESIAN_POINT('',(17.2,-17.49271669603,23.901490453028));
#3325 = CARTESIAN_POINT('',(17.2,-17.26315518453,23.869949827014));
#3326 = CARTESIAN_POINT('',(17.2,-17.03199174445,23.840919210115));
#3327 = CARTESIAN_POINT('',(17.2,-16.80025553043,23.814282216515));
#3328 = CARTESIAN_POINT('',(17.2,-16.6009242836,23.791370022285));
#3329 = CARTESIAN_POINT('',(17.2,-16.40116995825,23.770228372144));
#3330 = CARTESIAN_POINT('',(17.2,-16.20160770749,23.75077817222));
#3331 = CARTESIAN_POINT('',(17.2,-16.01814409493,23.732897015188));
#3332 = CARTESIAN_POINT('',(17.2,-15.8348432346,23.716445220329));
#3333 = CARTESIAN_POINT('',(17.2,-15.65213944226,23.701360774433));
#3334 = CARTESIAN_POINT('',(17.2,-15.47896257838,23.687062893693));
#3335 = CARTESIAN_POINT('',(17.2,-15.30632248371,23.673993358269));
#3336 = CARTESIAN_POINT('',(17.2,-15.13454266738,23.662101009101));
#3337 = CARTESIAN_POINT('',(17.2,-14.96179327668,23.650141536116));
#3338 = CARTESIAN_POINT('',(17.2,-14.78991402018,23.639372544717));
#3339 = CARTESIAN_POINT('',(17.2,-14.61918010585,23.629745123254));
#3340 = CARTESIAN_POINT('',(17.2,-14.44411043306,23.619873215075));
#3341 = CARTESIAN_POINT('',(17.2,-14.27024487409,23.611201617445));
#3342 = CARTESIAN_POINT('',(17.2,-14.09782492045,23.60368073126));
#3343 = CARTESIAN_POINT('',(17.2,-13.92039919175,23.595941495263));
#3344 = CARTESIAN_POINT('',(17.2,-13.74450406616,23.589420786063));
#3345 = CARTESIAN_POINT('',(17.2,-13.57034719151,23.584067421495));
#3346 = CARTESIAN_POINT('',(17.2,-13.39029063823,23.578532708182));
#3347 = CARTESIAN_POINT('',(17.2,-13.21209191099,23.57424580491));
#3348 = CARTESIAN_POINT('',(17.2,-13.03592463729,23.571152657342));
#3349 = CARTESIAN_POINT('',(17.2,-12.85259833347,23.56793381142));
#3350 = CARTESIAN_POINT('',(17.2,-12.67147171528,23.566007763294));
#3351 = CARTESIAN_POINT('',(17.2,-12.49268412994,23.565315613453));
#3352 = CARTESIAN_POINT('',(17.2,-12.30482701288,23.564588352255));
#3353 = CARTESIAN_POINT('',(17.2,-12.1195519621,23.565223417387));
#3354 = CARTESIAN_POINT('',(17.2,-11.93696363006,23.567153772776));
#3355 = CARTESIAN_POINT('',(17.2,-11.7336563589,23.569303172369));
#3356 = CARTESIAN_POINT('',(17.2,-11.53368009862,23.573058622594));
#3357 = CARTESIAN_POINT('',(17.2,-11.33711219901,23.5783276613));
#3358 = CARTESIAN_POINT('',(17.2,-11.12041771775,23.584136196729));
#3359 = CARTESIAN_POINT('',(17.2,-10.90786442462,23.591784385389));
#3360 = CARTESIAN_POINT('',(17.2,-10.69948564007,23.601145486594));
#3361 = CARTESIAN_POINT('',(17.2,-10.48734335386,23.610675657409));
#3362 = CARTESIAN_POINT('',(17.2,-10.27952724029,23.621981177833));
#3363 = CARTESIAN_POINT('',(17.2,-10.07602008016,23.634922843154));
#3364 = CARTESIAN_POINT('',(17.2,-9.875624339666,23.647666643438));
#3365 = CARTESIAN_POINT('',(17.2,-9.679406896438,23.661996796475));
#3366 = CARTESIAN_POINT('',(17.2,-9.487301321464,23.677776658115));
#3367 = CARTESIAN_POINT('',(17.2,-9.297992591973,23.693326782358));
#3368 = CARTESIAN_POINT('',(17.2,-9.112676958937,23.710284580888));
#3369 = CARTESIAN_POINT('',(17.2,-8.931240596098,23.728517656994));
#3370 = CARTESIAN_POINT('',(17.2,-8.752316056019,23.74649831261));
#3371 = CARTESIAN_POINT('',(17.2,-8.577164196292,23.765719063872));
#3372 = CARTESIAN_POINT('',(17.2,-8.405625419057,23.7860531428));
#3373 = CARTESIAN_POINT('',(17.2,-8.236344142792,23.806119619243));
#3374 = CARTESIAN_POINT('',(17.2,-8.070581545959,23.827270207701));
#3375 = CARTESIAN_POINT('',(17.2,-7.908133704542,23.849384911478));
#3376 = CARTESIAN_POINT('',(17.2,-7.747718036696,23.871222966971));
#3377 = CARTESIAN_POINT('',(17.2,-7.590534773678,23.894001071652));
#3378 = CARTESIAN_POINT('',(17.2,-7.436336941396,23.917606952976));
#3379 = CARTESIAN_POINT('',(17.2,-7.280805025899,23.941417066808));
#3380 = CARTESIAN_POINT('',(17.2,-7.128310508578,23.966069258282));
#3381 = CARTESIAN_POINT('',(17.2,-6.978546140737,23.991453134696));
#3382 = CARTESIAN_POINT('',(17.2,-6.821667350709,24.018042849428));
#3383 = CARTESIAN_POINT('',(17.2,-6.667783965013,24.045435394427));
#3384 = CARTESIAN_POINT('',(17.2,-6.516485943114,24.07350989848));
#3385 = CARTESIAN_POINT('',(17.2,-6.348931295068,24.104600943734));
#3386 = CARTESIAN_POINT('',(17.2,-6.184547396286,24.136528275135));
#3387 = CARTESIAN_POINT('',(17.2,-6.02271102041,24.169135964115));
#3388 = CARTESIAN_POINT('',(17.2,-5.842735150237,24.205398498831));
#3389 = CARTESIAN_POINT('',(17.2,-5.665909221595,24.242502322414));
#3390 = CARTESIAN_POINT('',(17.2,-5.491303261939,24.280244611282));
#3391 = CARTESIAN_POINT('',(17.2,-5.275252097949,24.326945568441));
#3392 = CARTESIAN_POINT('',(17.2,-5.062597993167,24.374623466136));
#3393 = CARTESIAN_POINT('',(17.2,-4.851489638428,24.422917586167));
#3394 = CARTESIAN_POINT('',(17.2,-4.622810697396,24.475231234485));
#3395 = CARTESIAN_POINT('',(17.2,-4.395937674062,24.52826776084));
#3396 = CARTESIAN_POINT('',(17.2,-4.168507493087,24.581599328694));
#3397 = CARTESIAN_POINT('',(17.2,-3.981044638442,24.625558700796));
#3398 = CARTESIAN_POINT('',(17.2,-3.793202595797,24.669718870056));
#3399 = CARTESIAN_POINT('',(17.2,-3.603697669302,24.713857794588));
#3400 = CARTESIAN_POINT('',(17.2,-3.426216613046,24.755196154982));
#3401 = CARTESIAN_POINT('',(17.2,-3.247276372671,24.796515879234));
#3402 = CARTESIAN_POINT('',(17.2,-3.065869157189,24.837649885306));
#3403 = CARTESIAN_POINT('',(17.2,-2.901443005032,24.874933442761));
#3404 = CARTESIAN_POINT('',(17.2,-2.734990116856,24.912064521178));
#3405 = CARTESIAN_POINT('',(17.2,-2.565803121697,24.94893089227));
#3406 = CARTESIAN_POINT('',(17.2,-2.402924093799,24.984422737728));
#3407 = CARTESIAN_POINT('',(17.2,-2.237510764131,25.019669235708));
#3408 = CARTESIAN_POINT('',(17.2,-2.068976360366,25.054581693176));
#3409 = CARTESIAN_POINT('',(17.2,-1.907544363097,25.088022863718));
#3410 = CARTESIAN_POINT('',(17.2,-1.743248628211,25.121157570442));
#3411 = CARTESIAN_POINT('',(17.2,-1.575617913898,25.15391853605));
#3412 = CARTESIAN_POINT('',(17.2,-1.41559944557,25.185191799777));
#3413 = CARTESIAN_POINT('',(17.2,-1.252541667837,25.216124555719));
#3414 = CARTESIAN_POINT('',(17.2,-1.086080106654,25.246667606175));
#3415 = CARTESIAN_POINT('',(17.2,-0.925830637866,25.276070836422));
#3416 = CARTESIAN_POINT('',(17.2,-0.762426422623,25.305112946944));
#3417 = CARTESIAN_POINT('',(17.2,-0.595589820151,25.333758178877));
#3418 = CARTESIAN_POINT('',(17.2,-0.436443607843,25.361082999062));
#3419 = CARTESIAN_POINT('',(17.2,-0.274174060755,25.388046732988));
#3420 = CARTESIAN_POINT('',(17.2,-0.108586652631,25.414625234272));
#3421 = CARTESIAN_POINT('',(17.2,5.338069805327E-02,25.440622678685));
#3422 = CARTESIAN_POINT('',(17.2,0.218522645884,25.466251566551));
#3423 = CARTESIAN_POINT('',(17.2,0.386973214636,25.491495639019));
#3424 = CARTESIAN_POINT('',(17.2,0.550150592158,25.51594946885));
#3425 = CARTESIAN_POINT('',(17.2,0.71643277472,25.540042223219));
#3426 = CARTESIAN_POINT('',(17.2,0.885893933133,25.563764825224));
#3427 = CARTESIAN_POINT('',(17.2,1.050811481774,25.586851374418));
#3428 = CARTESIAN_POINT('',(17.2,1.218739904338,25.609587372649));
#3429 = CARTESIAN_POINT('',(17.2,1.389700421721,25.631969638302));
#3430 = PCURVE('',#223,#3431);
#3431 = DEFINITIONAL_REPRESENTATION('',(#3432),#3435);
#3432 = B_SPLINE_CURVE_WITH_KNOTS('',1,(#3433,#3434),.UNSPECIFIED.,.F.,
  .F.,(2,2),(0.,3.110918586685),.PIECEWISE_BEZIER_KNOTS.);
#3433 = CARTESIAN_POINT('',(0.,0.28));
#3434 = CARTESIAN_POINT('',(-1.,0.28));
#3435 = ( GEOMETRIC_REPRESENTATION_CONTEXT(2) 
PARAMETRIC_REPRESENTATION_CONTEXT() REPRESENTATION_CONTEXT('2D SPACE',''
  ) );
#3436 = PCURVE('',#417,#3437);
#3437 = DEFINITIONAL_REPRESENTATION('',(#3438),#3650);
#3438 = B_SPLINE_CURVE_WITH_KNOTS('',3,(#3439,#3440,#3441,#3442,#3443,
    #3444,#3445,#3446,#3447,#3448,#3449,#3450,#3451,#3452,#3453,#3454,
    #3455,#3456,#3457,#3458,#3459,#3460,#3461,#3462,#3463,#3464,#3465,
    #3466,#3467,#3468,#3469,#3470,#3471,#3472,#3473,#3474,#3475,#3476,
    #3477,#3478,#3479,#3480,#3481,#3482,#3483,#3484,#3485,#3486,#3487,
    #3488,#3489,#3490,#3491,#3492,#3493,#3494,#3495,#3496,#3497,#3498,
    #3499,#3500,#3501,#3502,#3503,#3504,#3505,#3506,#3507,#3508,#3509,
    #3510,#3511,#3512,#3513,#3514,#3515,#3516,#3517,#3518,#3519,#3520,
    #3521,#3522,#3523,#3524,#3525,#3526,#3527,#3528,#3529,#3530,#3531,
    #3532,#3533,#3534,#3535,#3536,#3537,#3538,#3539,#3540,#3541,#3542,
    #3543,#3544,#3545,#3546,#3547,#3548,#3549,#3550,#3551,#3552,#3553,
    #3554,#3555,#3556,#3557,#3558,#3559,#3560,#3561,#3562,#3563,#3564,
    #3565,#3566,#3567,#3568,#3569,#3570,#3571,#3572,#3573,#3574,#3575,
    #3576,#3577,#3578,#3579,#3580,#3581,#3582,#3583,#3584,#3585,#3586,
    #3587,#3588,#3589,#3590,#3591,#3592,#3593,#3594,#3595,#3596,#3597,
    #3598,#3599,#3600,#3601,#3602,#3603,#3604,#3605,#3606,#3607,#3608,
    #3609,#3610,#3611,#3612,#3613,#3614,#3615,#3616,#3617,#3618,#3619,
    #3620,#3621,#3622,#3623,#3624,#3625,#3626,#3627,#3628,#3629,#3630,
    #3631,#3632,#3633,#3634,#3635,#3636,#3637,#3638,#3639,#3640,#3641,
    #3642,#3643,#3644,#3645,#3646,#3647,#3648,#3649),.UNSPECIFIED.,.F.,
  .F.,(4,3,3,3,3,3,3,3,3,3,3,3,3,3,3,3,3,3,3,3,3,3,3,3,3,3,3,3,3,3,3,3,3
    ,3,3,3,3,3,3,3,3,3,3,3,3,3,3,3,3,3,3,3,3,3,3,3,3,3,3,3,3,3,3,3,3,3,3
    ,3,3,3,4),(0.,3.262200718195E-02,6.588851768631E-02,
    9.988330246773E-02,0.134712333517,0.170513441926,0.207472309424,
    0.245850833447,0.28604221908,0.330180912324,0.376132469399,
    0.425195027608,0.479138714546,0.542671236579,0.61398034469,
    0.664526039981,0.707852851866,0.747708378839,0.785314868501,
    0.821652426597,0.857422210349,0.892633091229,0.927293802096,
    0.961412939355,0.994998965094,1.028143553263,1.061511825774,
    1.095111957099,1.128952593279,1.16304287948,1.197392486686,
    1.232038603919,1.267936532971,1.306823472759,1.351070496638,
    1.406065749452,1.450967099192,1.489589642784,1.525096515188,
    1.558751912978,1.592597271453,1.627302126998,1.663014549804,
    1.699936754412,1.738359391928,1.778731131943,1.823683995046,
    1.873239580521,1.92369018287,1.97336944629,2.022325434377,
    2.070603670976,2.118246551723,2.16529343438,2.212747355551,
    2.262455532754,2.317504739821,2.378724159067,2.45447487693,
    2.536530340649,2.604165829492,2.667509924141,2.72492454085,
    2.780198511215,2.833143116196,2.883683463948,2.932337722757,
    2.978749246892,3.024146126343,3.068121897939,3.110918586685),
  .UNSPECIFIED.);
#3439 = CARTESIAN_POINT('',(38.645760102681,9.));
#3440 = CARTESIAN_POINT('',(38.544714974443,9.));
#3441 = CARTESIAN_POINT('',(38.447671049915,8.997516611446));
#3442 = CARTESIAN_POINT('',(38.354607954483,8.9925577543));
#3443 = CARTESIAN_POINT('',(38.259706239072,8.987500926483));
#3444 = CARTESIAN_POINT('',(38.168944096976,8.979869867106));
#3445 = CARTESIAN_POINT('',(38.082248134482,8.969690649262));
#3446 = CARTESIAN_POINT('',(37.993654213998,8.959288586811));
#3447 = CARTESIAN_POINT('',(37.909306338396,8.946225593997));
#3448 = CARTESIAN_POINT('',(37.829074323537,8.930547504833));
#3449 = CARTESIAN_POINT('',(37.746873381402,8.914484668789));
#3450 = CARTESIAN_POINT('',(37.668992655028,8.895676829963));
#3451 = CARTESIAN_POINT('',(37.595240185278,8.874191701752));
#3452 = CARTESIAN_POINT('',(37.519429285998,8.852106924166));
#3453 = CARTESIAN_POINT('',(37.447980144375,8.827193346178));
#3454 = CARTESIAN_POINT('',(37.380632215595,8.799543446247));
#3455 = CARTESIAN_POINT('',(37.311106346516,8.770999386208));
#3456 = CARTESIAN_POINT('',(37.245951053344,8.739539186338));
#3457 = CARTESIAN_POINT('',(37.184827499059,8.705284190317));
#3458 = CARTESIAN_POINT('',(37.121356079201,8.669713398335));
#3459 = CARTESIAN_POINT('',(37.062231859264,8.631129002243));
#3460 = CARTESIAN_POINT('',(37.007023090467,8.589687368167));
#3461 = CARTESIAN_POINT('',(36.949206460632,8.546288182327));
#3462 = CARTESIAN_POINT('',(36.895683641073,8.499755473015));
#3463 = CARTESIAN_POINT('',(36.845906223844,8.450290602554));
#3464 = CARTESIAN_POINT('',(36.791240028217,8.395967649781));
#3465 = CARTESIAN_POINT('',(36.741090949197,8.338108174739));
#3466 = CARTESIAN_POINT('',(36.694673176925,8.277005667942));
#3467 = CARTESIAN_POINT('',(36.646348934518,8.213393559784));
#3468 = CARTESIAN_POINT('',(36.602068383697,8.14626663899));
#3469 = CARTESIAN_POINT('',(36.560888794921,8.075983695781));
#3470 = CARTESIAN_POINT('',(36.516921275649,8.000942473859));
#3471 = CARTESIAN_POINT('',(36.476488433922,7.922303453506));
#3472 = CARTESIAN_POINT('',(36.438385886027,7.840533551807));
#3473 = CARTESIAN_POINT('',(36.396492597332,7.750628537896));
#3474 = CARTESIAN_POINT('',(36.357415721217,7.656938681432));
#3475 = CARTESIAN_POINT('',(36.319495285059,7.560120061392));
#3476 = CARTESIAN_POINT('',(36.274834249032,7.446091312895));
#3477 = CARTESIAN_POINT('',(36.231775792736,7.327722478066));
#3478 = CARTESIAN_POINT('',(36.1875453212,7.206134741433));
#3479 = CARTESIAN_POINT('',(36.137900896963,7.06966427278));
#3480 = CARTESIAN_POINT('',(36.086774315428,6.929139858859));
#3481 = CARTESIAN_POINT('',(36.030228265334,6.786196041265));
#3482 = CARTESIAN_POINT('',(35.990146998106,6.684873856214));
#3483 = CARTESIAN_POINT('',(35.94734170984,6.582337335944));
#3484 = CARTESIAN_POINT('',(35.900435878824,6.47917422237));
#3485 = CARTESIAN_POINT('',(35.8602290896,6.390744756923));
#3486 = CARTESIAN_POINT('',(35.817008627984,6.30185521573));
#3487 = CARTESIAN_POINT('',(35.769942739827,6.212872755962));
#3488 = CARTESIAN_POINT('',(35.726647706257,6.131019449171));
#3489 = CARTESIAN_POINT('',(35.680098299999,6.049087670736));
#3490 = CARTESIAN_POINT('',(35.629687106516,5.967357482548));
#3491 = CARTESIAN_POINT('',(35.582120603939,5.890239308219));
#3492 = CARTESIAN_POINT('',(35.5311155432,5.813300715047));
#3493 = CARTESIAN_POINT('',(35.476204080798,5.736769914242));
#3494 = CARTESIAN_POINT('',(35.423145460512,5.662821442969));
#3495 = CARTESIAN_POINT('',(35.366439280788,5.589253799684));
#3496 = CARTESIAN_POINT('',(35.305709056124,5.516264685592));
#3497 = CARTESIAN_POINT('',(35.245927741221,5.444416026408));
#3498 = CARTESIAN_POINT('',(35.182246746764,5.37312805814));
#3499 = CARTESIAN_POINT('',(35.114357460965,5.302579870484));
#3500 = CARTESIAN_POINT('',(35.047528945257,5.23313399826));
#3501 = CARTESIAN_POINT('',(34.976622268534,5.164405056158));
#3502 = CARTESIAN_POINT('',(34.901397925265,5.096553232723));
#3503 = CARTESIAN_POINT('',(34.82734896236,5.029761594029));
#3504 = CARTESIAN_POINT('',(34.749115901454,4.963819953998));
#3505 = CARTESIAN_POINT('',(34.666528688519,4.898869524691));
#3506 = CARTESIAN_POINT('',(34.585231900787,4.834933945842));
#3507 = CARTESIAN_POINT('',(34.499715857832,4.771958887567));
#3508 = CARTESIAN_POINT('',(34.409878933222,4.710066782011));
#3509 = CARTESIAN_POINT('',(34.32144571056,4.649141740605));
#3510 = CARTESIAN_POINT('',(34.228825839311,4.589266060144));
#3511 = CARTESIAN_POINT('',(34.131979550926,4.530544457885));
#3512 = CARTESIAN_POINT('',(34.036406160699,4.472594662379));
#3513 = CARTESIAN_POINT('',(33.93671694206,4.415768798019));
#3514 = CARTESIAN_POINT('',(33.832926292504,4.360155826977));
#3515 = CARTESIAN_POINT('',(33.728435186418,4.304167538228));
#3516 = CARTESIAN_POINT('',(33.619787148216,4.2494085994));
#3517 = CARTESIAN_POINT('',(33.507048835219,4.195957653343));
#3518 = CARTESIAN_POINT('',(33.393527162175,4.142135304393));
#3519 = CARTESIAN_POINT('',(33.275858221116,4.089639220513));
#3520 = CARTESIAN_POINT('',(33.15416189502,4.038536962451));
#3521 = CARTESIAN_POINT('',(33.031594484316,3.987068921856));
#3522 = CARTESIAN_POINT('',(32.904941876246,3.937014765935));
#3523 = CARTESIAN_POINT('',(32.77437821597,3.888430146531));
#3524 = CARTESIAN_POINT('',(32.642851358065,3.83948710741));
#3525 = CARTESIAN_POINT('',(32.507355580993,3.792035402806));
#3526 = CARTESIAN_POINT('',(32.368120405124,3.746117877723));
#3527 = CARTESIAN_POINT('',(32.227826082799,3.699851063147));
#3528 = CARTESIAN_POINT('',(32.083735308921,3.655141895502));
#3529 = CARTESIAN_POINT('',(31.936134174687,3.612019435872));
#3530 = CARTESIAN_POINT('',(31.787258929337,3.568524737876));
#3531 = CARTESIAN_POINT('',(31.634812508857,3.526644301874));
#3532 = CARTESIAN_POINT('',(31.47913968369,3.486392366858));
#3533 = CARTESIAN_POINT('',(31.317842185459,3.444686074125));
#3534 = CARTESIAN_POINT('',(31.153080854359,3.404728188316));
#3535 = CARTESIAN_POINT('',(30.985294866127,3.366516579855));
#3536 = CARTESIAN_POINT('',(30.803538319332,3.325123314098));
#3537 = CARTESIAN_POINT('',(30.61823295508,3.285779290611));
#3538 = CARTESIAN_POINT('',(30.42999833048,3.248459680498));
#3539 = CARTESIAN_POINT('',(30.215817889049,3.205996023319));
#3540 = CARTESIAN_POINT('',(29.997846002237,3.166153511991));
#3541 = CARTESIAN_POINT('',(29.77706064559,3.128865635964));
#3542 = CARTESIAN_POINT('',(29.502643398013,3.082520006604));
#3543 = CARTESIAN_POINT('',(29.223884042541,3.040121467721));
#3544 = CARTESIAN_POINT('',(28.942716696035,3.001490453028));
#3545 = CARTESIAN_POINT('',(28.713155184539,2.969949827014));
#3546 = CARTESIAN_POINT('',(28.481991744455,2.940919210115));
#3547 = CARTESIAN_POINT('',(28.250255530432,2.914282216515));
#3548 = CARTESIAN_POINT('',(28.050924283604,2.891370022285));
#3549 = CARTESIAN_POINT('',(27.851169958252,2.870228372144));
#3550 = CARTESIAN_POINT('',(27.651607707499,2.85077817222));
#3551 = CARTESIAN_POINT('',(27.468144094932,2.832897015188));
#3552 = CARTESIAN_POINT('',(27.284843234608,2.816445220329));
#3553 = CARTESIAN_POINT('',(27.102139442268,2.801360774433));
#3554 = CARTESIAN_POINT('',(26.928962578387,2.787062893693));
#3555 = CARTESIAN_POINT('',(26.756322483712,2.773993358269));
#3556 = CARTESIAN_POINT('',(26.584542667387,2.762101009101));
#3557 = CARTESIAN_POINT('',(26.411793276685,2.750141536116));
#3558 = CARTESIAN_POINT('',(26.239914020187,2.739372544717));
#3559 = CARTESIAN_POINT('',(26.069180105855,2.729745123254));
#3560 = CARTESIAN_POINT('',(25.894110433063,2.719873215075));
#3561 = CARTESIAN_POINT('',(25.720244874091,2.711201617445));
#3562 = CARTESIAN_POINT('',(25.547824920453,2.70368073126));
#3563 = CARTESIAN_POINT('',(25.370399191757,2.695941495263));
#3564 = CARTESIAN_POINT('',(25.194504066166,2.689420786064));
#3565 = CARTESIAN_POINT('',(25.020347191516,2.684067421495));
#3566 = CARTESIAN_POINT('',(24.840290638232,2.678532708182));
#3567 = CARTESIAN_POINT('',(24.662091910994,2.67424580491));
#3568 = CARTESIAN_POINT('',(24.485924637292,2.671152657342));
#3569 = CARTESIAN_POINT('',(24.302598333476,2.66793381142));
#3570 = CARTESIAN_POINT('',(24.121471715284,2.666007763294));
#3571 = CARTESIAN_POINT('',(23.942684129942,2.665315613453));
#3572 = CARTESIAN_POINT('',(23.754827012887,2.664588352255));
#3573 = CARTESIAN_POINT('',(23.569551962109,2.665223417387));
#3574 = CARTESIAN_POINT('',(23.386963630063,2.667153772776));
#3575 = CARTESIAN_POINT('',(23.1836563589,2.669303172369));
#3576 = CARTESIAN_POINT('',(22.983680098628,2.673058622594));
#3577 = CARTESIAN_POINT('',(22.787112199015,2.6783276613));
#3578 = CARTESIAN_POINT('',(22.570417717759,2.684136196729));
#3579 = CARTESIAN_POINT('',(22.357864424628,2.691784385389));
#3580 = CARTESIAN_POINT('',(22.149485640077,2.701145486594));
#3581 = CARTESIAN_POINT('',(21.937343353866,2.710675657409));
#3582 = CARTESIAN_POINT('',(21.729527240299,2.721981177833));
#3583 = CARTESIAN_POINT('',(21.526020080163,2.734922843154));
#3584 = CARTESIAN_POINT('',(21.325624339666,2.747666643438));
#3585 = CARTESIAN_POINT('',(21.129406896438,2.761996796475));
#3586 = CARTESIAN_POINT('',(20.937301321464,2.777776658115));
#3587 = CARTESIAN_POINT('',(20.747992591973,2.793326782358));
#3588 = CARTESIAN_POINT('',(20.562676958937,2.810284580888));
#3589 = CARTESIAN_POINT('',(20.381240596098,2.828517656994));
#3590 = CARTESIAN_POINT('',(20.202316056019,2.84649831261));
#3591 = CARTESIAN_POINT('',(20.027164196292,2.865719063872));
#3592 = CARTESIAN_POINT('',(19.855625419057,2.8860531428));
#3593 = CARTESIAN_POINT('',(19.686344142792,2.906119619243));
#3594 = CARTESIAN_POINT('',(19.520581545959,2.927270207701));
#3595 = CARTESIAN_POINT('',(19.358133704542,2.949384911478));
#3596 = CARTESIAN_POINT('',(19.197718036696,2.971222966971));
#3597 = CARTESIAN_POINT('',(19.040534773678,2.994001071652));
#3598 = CARTESIAN_POINT('',(18.886336941396,3.017606952976));
#3599 = CARTESIAN_POINT('',(18.730805025899,3.041417066808));
#3600 = CARTESIAN_POINT('',(18.578310508578,3.066069258282));
#3601 = CARTESIAN_POINT('',(18.428546140737,3.091453134696));
#3602 = CARTESIAN_POINT('',(18.271667350709,3.118042849428));
#3603 = CARTESIAN_POINT('',(18.117783965013,3.145435394427));
#3604 = CARTESIAN_POINT('',(17.966485943114,3.17350989848));
#3605 = CARTESIAN_POINT('',(17.798931295068,3.204600943735));
#3606 = CARTESIAN_POINT('',(17.634547396286,3.236528275135));
#3607 = CARTESIAN_POINT('',(17.47271102041,3.269135964115));
#3608 = CARTESIAN_POINT('',(17.292735150237,3.305398498831));
#3609 = CARTESIAN_POINT('',(17.115909221595,3.342502322414));
#3610 = CARTESIAN_POINT('',(16.941303261939,3.380244611282));
#3611 = CARTESIAN_POINT('',(16.725252097949,3.426945568441));
#3612 = CARTESIAN_POINT('',(16.512597993167,3.474623466136));
#3613 = CARTESIAN_POINT('',(16.301489638428,3.522917586167));
#3614 = CARTESIAN_POINT('',(16.072810697396,3.575231234485));
#3615 = CARTESIAN_POINT('',(15.845937674062,3.62826776084));
#3616 = CARTESIAN_POINT('',(15.618507493087,3.681599328694));
#3617 = CARTESIAN_POINT('',(15.431044638442,3.725558700796));
#3618 = CARTESIAN_POINT('',(15.243202595797,3.769718870056));
#3619 = CARTESIAN_POINT('',(15.053697669302,3.813857794588));
#3620 = CARTESIAN_POINT('',(14.876216613046,3.855196154982));
#3621 = CARTESIAN_POINT('',(14.697276372671,3.896515879234));
#3622 = CARTESIAN_POINT('',(14.515869157189,3.937649885306));
#3623 = CARTESIAN_POINT('',(14.351443005032,3.974933442761));
#3624 = CARTESIAN_POINT('',(14.184990116856,4.012064521178));
#3625 = CARTESIAN_POINT('',(14.015803121697,4.04893089227));
#3626 = CARTESIAN_POINT('',(13.852924093799,4.084422737728));
#3627 = CARTESIAN_POINT('',(13.687510764131,4.119669235708));
#3628 = CARTESIAN_POINT('',(13.518976360366,4.154581693176));
#3629 = CARTESIAN_POINT('',(13.357544363097,4.188022863718));
#3630 = CARTESIAN_POINT('',(13.193248628211,4.221157570442));
#3631 = CARTESIAN_POINT('',(13.025617913898,4.25391853605));
#3632 = CARTESIAN_POINT('',(12.86559944557,4.285191799777));
#3633 = CARTESIAN_POINT('',(12.702541667837,4.316124555719));
#3634 = CARTESIAN_POINT('',(12.536080106654,4.346667606175));
#3635 = CARTESIAN_POINT('',(12.375830637866,4.376070836422));
#3636 = CARTESIAN_POINT('',(12.212426422623,4.405112946944));
#3637 = CARTESIAN_POINT('',(12.045589820151,4.433758178877));
#3638 = CARTESIAN_POINT('',(11.886443607843,4.461082999062));
#3639 = CARTESIAN_POINT('',(11.724174060755,4.488046732988));
#3640 = CARTESIAN_POINT('',(11.558586652631,4.514625234272));
#3641 = CARTESIAN_POINT('',(11.396619301947,4.540622678685));
#3642 = CARTESIAN_POINT('',(11.231477354116,4.566251566551));
#3643 = CARTESIAN_POINT('',(11.063026785364,4.591495639019));
#3644 = CARTESIAN_POINT('',(10.899849407842,4.61594946885));
#3645 = CARTESIAN_POINT('',(10.73356722528,4.640042223219));
#3646 = CARTESIAN_POINT('',(10.564106066867,4.663764825224));
#3647 = CARTESIAN_POINT('',(10.399188518226,4.686851374418));
#3648 = CARTESIAN_POINT('',(10.231260095662,4.709587372649));
#3649 = CARTESIAN_POINT('',(10.060299578279,4.731969638302));
#3650 = ( GEOMETRIC_REPRESENTATION_CONTEXT(2) 
PARAMETRIC_REPRESENTATION_CONTEXT() REPRESENTATION_CONTEXT('2D SPACE',''
  ) );
#3651 = ORIENTED_EDGE('',*,*,#3652,.F.);
#3652 = EDGE_CURVE('',#2957,#3215,#3653,.T.);
#3653 = SURFACE_CURVE('',#3654,(#3658,#3664),.PCURVE_S1.);
#3654 = LINE('',#3655,#3656);
#3655 = CARTESIAN_POINT('',(20.,1.389700421721,25.631969638302));
#3656 = VECTOR('',#3657,1.);
#3657 = DIRECTION('',(-1.,-8.881784197001E-17,0.));
#3658 = PCURVE('',#223,#3659);
#3659 = DEFINITIONAL_REPRESENTATION('',(#3660),#3663);
#3660 = B_SPLINE_CURVE_WITH_KNOTS('',1,(#3661,#3662),.UNSPECIFIED.,.F.,
  .F.,(2,2),(1.5,2.8),.PIECEWISE_BEZIER_KNOTS.);
#3661 = CARTESIAN_POINT('',(-1.,0.15));
#3662 = CARTESIAN_POINT('',(-1.,0.28));
#3663 = ( GEOMETRIC_REPRESENTATION_CONTEXT(2) 
PARAMETRIC_REPRESENTATION_CONTEXT() REPRESENTATION_CONTEXT('2D SPACE',''
  ) );
#3664 = PCURVE('',#2276,#3665);
#3665 = DEFINITIONAL_REPRESENTATION('',(#3666),#3670);
#3666 = LINE('',#3667,#3668);
#3667 = CARTESIAN_POINT('',(1.440616059282,0.));
#3668 = VECTOR('',#3669,1.);
#3669 = DIRECTION('',(0.,1.));
#3670 = ( GEOMETRIC_REPRESENTATION_CONTEXT(2) 
PARAMETRIC_REPRESENTATION_CONTEXT() REPRESENTATION_CONTEXT('2D SPACE',''
  ) );
#3671 = ORIENTED_EDGE('',*,*,#2956,.F.);
#3672 = ORIENTED_EDGE('',*,*,#2864,.F.);
#3673 = ADVANCED_FACE('',(#3674),#2276,.F.);
#3674 = FACE_BOUND('',#3675,.F.);
#3675 = EDGE_LOOP('',(#3676,#3677,#3703,#3704));
#3676 = ORIENTED_EDGE('',*,*,#3652,.T.);
#3677 = ORIENTED_EDGE('',*,*,#3678,.T.);
#3678 = EDGE_CURVE('',#3215,#2238,#3679,.T.);
#3679 = SURFACE_CURVE('',#3680,(#3685,#3692),.PCURVE_S1.);
#3680 = CIRCLE('',#3681,10.75);
#3681 = AXIS2_PLACEMENT_3D('',#3682,#3683,#3684);
#3682 = CARTESIAN_POINT('',(17.2,-5.788112552342E-03,36.29100860768));
#3683 = DIRECTION('',(1.,0.,0.));
#3684 = DIRECTION('',(-0.,1.,0.));
#3685 = PCURVE('',#2276,#3686);
#3686 = DEFINITIONAL_REPRESENTATION('',(#3687),#3691);
#3687 = LINE('',#3688,#3689);
#3688 = CARTESIAN_POINT('',(6.28318530718,2.8));
#3689 = VECTOR('',#3690,1.);
#3690 = DIRECTION('',(-1.,0.));
#3691 = ( GEOMETRIC_REPRESENTATION_CONTEXT(2) 
PARAMETRIC_REPRESENTATION_CONTEXT() REPRESENTATION_CONTEXT('2D SPACE',''
  ) );
#3692 = PCURVE('',#417,#3693);
#3693 = DEFINITIONAL_REPRESENTATION('',(#3694),#3702);
#3694 = ( BOUNDED_CURVE() B_SPLINE_CURVE(2,(#3695,#3696,#3697,#3698,
#3699,#3700,#3701),.UNSPECIFIED.,.T.,.F.) B_SPLINE_CURVE_WITH_KNOTS((1,2
    ,2,2,2,1),(-2.094395102393,0.,2.094395102393,4.188790204786,
6.28318530718,8.377580409573),.UNSPECIFIED.) CURVE() 
GEOMETRIC_REPRESENTATION_ITEM() RATIONAL_B_SPLINE_CURVE((1.,0.5,1.,0.5,
1.,0.5,1.)) REPRESENTATION_ITEM('') );
#3695 = CARTESIAN_POINT('',(0.705788112552,15.39100860768));
#3696 = CARTESIAN_POINT('',(0.705788112552,34.010554789046));
#3697 = CARTESIAN_POINT('',(16.830788112552,24.700781698363));
#3698 = CARTESIAN_POINT('',(32.955788112552,15.39100860768));
#3699 = CARTESIAN_POINT('',(16.830788112552,6.081235516997));
#3700 = CARTESIAN_POINT('',(0.705788112552,-3.228537573685));
#3701 = CARTESIAN_POINT('',(0.705788112552,15.39100860768));
#3702 = ( GEOMETRIC_REPRESENTATION_CONTEXT(2) 
PARAMETRIC_REPRESENTATION_CONTEXT() REPRESENTATION_CONTEXT('2D SPACE',''
  ) );
#3703 = ORIENTED_EDGE('',*,*,#2260,.T.);
#3704 = ORIENTED_EDGE('',*,*,#3135,.F.);
#3705 = ADVANCED_FACE('',(#3706,#3777,#3780),#417,.T.);
#3706 = FACE_BOUND('',#3707,.T.);
#3707 = EDGE_LOOP('',(#3708,#3709,#3710,#3711,#3732,#3733,#3756));
#3708 = ORIENTED_EDGE('',*,*,#3214,.T.);
#3709 = ORIENTED_EDGE('',*,*,#3678,.T.);
#3710 = ORIENTED_EDGE('',*,*,#2237,.F.);
#3711 = ORIENTED_EDGE('',*,*,#3712,.F.);
#3712 = EDGE_CURVE('',#1244,#2215,#3713,.T.);
#3713 = SURFACE_CURVE('',#3714,(#3718,#3725),.PCURVE_S1.);
#3714 = LINE('',#3715,#3716);
#3715 = CARTESIAN_POINT('',(17.2,11.45,20.9));
#3716 = VECTOR('',#3717,1.);
#3717 = DIRECTION('',(0.,0.,1.));
#3718 = PCURVE('',#417,#3719);
#3719 = DEFINITIONAL_REPRESENTATION('',(#3720),#3724);
#3720 = LINE('',#3721,#3722);
#3721 = CARTESIAN_POINT('',(0.,0.));
#3722 = VECTOR('',#3723,1.);
#3723 = DIRECTION('',(0.,1.));
#3724 = ( GEOMETRIC_REPRESENTATION_CONTEXT(2) 
PARAMETRIC_REPRESENTATION_CONTEXT() REPRESENTATION_CONTEXT('2D SPACE',''
  ) );
#3725 = PCURVE('',#1280,#3726);
#3726 = DEFINITIONAL_REPRESENTATION('',(#3727),#3731);
#3727 = LINE('',#3728,#3729);
#3728 = CARTESIAN_POINT('',(34.4,0.));
#3729 = VECTOR('',#3730,1.);
#3730 = DIRECTION('',(0.,1.));
#3731 = ( GEOMETRIC_REPRESENTATION_CONTEXT(2) 
PARAMETRIC_REPRESENTATION_CONTEXT() REPRESENTATION_CONTEXT('2D SPACE',''
  ) );
#3732 = ORIENTED_EDGE('',*,*,#1243,.F.);
#3733 = ORIENTED_EDGE('',*,*,#3734,.T.);
#3734 = EDGE_CURVE('',#1216,#3735,#3737,.T.);
#3735 = VERTEX_POINT('',#3736);
#3736 = CARTESIAN_POINT('',(17.2,-35.45,29.9));
#3737 = SURFACE_CURVE('',#3738,(#3742,#3749),.PCURVE_S1.);
#3738 = LINE('',#3739,#3740);
#3739 = CARTESIAN_POINT('',(17.2,-35.45,20.9));
#3740 = VECTOR('',#3741,1.);
#3741 = DIRECTION('',(0.,0.,1.));
#3742 = PCURVE('',#417,#3743);
#3743 = DEFINITIONAL_REPRESENTATION('',(#3744),#3748);
#3744 = LINE('',#3745,#3746);
#3745 = CARTESIAN_POINT('',(46.9,0.));
#3746 = VECTOR('',#3747,1.);
#3747 = DIRECTION('',(0.,1.));
#3748 = ( GEOMETRIC_REPRESENTATION_CONTEXT(2) 
PARAMETRIC_REPRESENTATION_CONTEXT() REPRESENTATION_CONTEXT('2D SPACE',''
  ) );
#3749 = PCURVE('',#1231,#3750);
#3750 = DEFINITIONAL_REPRESENTATION('',(#3751),#3755);
#3751 = LINE('',#3752,#3753);
#3752 = CARTESIAN_POINT('',(0.,0.));
#3753 = VECTOR('',#3754,1.);
#3754 = DIRECTION('',(0.,1.));
#3755 = ( GEOMETRIC_REPRESENTATION_CONTEXT(2) 
PARAMETRIC_REPRESENTATION_CONTEXT() REPRESENTATION_CONTEXT('2D SPACE',''
  ) );
#3756 = ORIENTED_EDGE('',*,*,#3757,.F.);
#3757 = EDGE_CURVE('',#3193,#3735,#3758,.T.);
#3758 = SURFACE_CURVE('',#3759,(#3763,#3770),.PCURVE_S1.);
#3759 = LINE('',#3760,#3761);
#3760 = CARTESIAN_POINT('',(17.2,11.45,29.9));
#3761 = VECTOR('',#3762,1.);
#3762 = DIRECTION('',(0.,-1.,0.));
#3763 = PCURVE('',#417,#3764);
#3764 = DEFINITIONAL_REPRESENTATION('',(#3765),#3769);
#3765 = LINE('',#3766,#3767);
#3766 = CARTESIAN_POINT('',(0.,9.));
#3767 = VECTOR('',#3768,1.);
#3768 = DIRECTION('',(1.,0.));
#3769 = ( GEOMETRIC_REPRESENTATION_CONTEXT(2) 
PARAMETRIC_REPRESENTATION_CONTEXT() REPRESENTATION_CONTEXT('2D SPACE',''
  ) );
#3770 = PCURVE('',#277,#3771);
#3771 = DEFINITIONAL_REPRESENTATION('',(#3772),#3776);
#3772 = LINE('',#3773,#3774);
#3773 = CARTESIAN_POINT('',(17.2,23.45));
#3774 = VECTOR('',#3775,1.);
#3775 = DIRECTION('',(0.,-1.));
#3776 = ( GEOMETRIC_REPRESENTATION_CONTEXT(2) 
PARAMETRIC_REPRESENTATION_CONTEXT() REPRESENTATION_CONTEXT('2D SPACE',''
  ) );
#3777 = FACE_BOUND('',#3778,.T.);
#3778 = EDGE_LOOP('',(#3779));
#3779 = ORIENTED_EDGE('',*,*,#402,.T.);
#3780 = FACE_BOUND('',#3781,.T.);
#3781 = EDGE_LOOP('',(#3782));
#3782 = ORIENTED_EDGE('',*,*,#3783,.T.);
#3783 = EDGE_CURVE('',#3784,#3784,#3786,.T.);
#3784 = VERTEX_POINT('',#3785);
#3785 = CARTESIAN_POINT('',(17.2,9.75,25.3));
#3786 = SURFACE_CURVE('',#3787,(#3792,#3803),.PCURVE_S1.);
#3787 = CIRCLE('',#3788,1.75);
#3788 = AXIS2_PLACEMENT_3D('',#3789,#3790,#3791);
#3789 = CARTESIAN_POINT('',(17.2,8.,25.3));
#3790 = DIRECTION('',(1.,0.,0.));
#3791 = DIRECTION('',(0.,-1.,0.));
#3792 = PCURVE('',#417,#3793);
#3793 = DEFINITIONAL_REPRESENTATION('',(#3794),#3802);
#3794 = ( BOUNDED_CURVE() B_SPLINE_CURVE(2,(#3795,#3796,#3797,#3798,
#3799,#3800,#3801),.UNSPECIFIED.,.T.,.F.) B_SPLINE_CURVE_WITH_KNOTS((1,2
    ,2,2,2,1),(-2.094395102393,0.,2.094395102393,4.188790204786,
6.28318530718,8.377580409573),.UNSPECIFIED.) CURVE() 
GEOMETRIC_REPRESENTATION_ITEM() RATIONAL_B_SPLINE_CURVE((1.,0.5,1.,0.5,
1.,0.5,1.)) REPRESENTATION_ITEM('') );
#3795 = CARTESIAN_POINT('',(5.2,4.4));
#3796 = CARTESIAN_POINT('',(5.2,1.368911086754));
#3797 = CARTESIAN_POINT('',(2.575,2.884455543377));
#3798 = CARTESIAN_POINT('',(-5.E-02,4.4));
#3799 = CARTESIAN_POINT('',(2.575,5.915544456623));
#3800 = CARTESIAN_POINT('',(5.2,7.431088913246));
#3801 = CARTESIAN_POINT('',(5.2,4.4));
#3802 = ( GEOMETRIC_REPRESENTATION_CONTEXT(2) 
PARAMETRIC_REPRESENTATION_CONTEXT() REPRESENTATION_CONTEXT('2D SPACE',''
  ) );
#3803 = PCURVE('',#3176,#3804);
#3804 = DEFINITIONAL_REPRESENTATION('',(#3805),#3809);
#3805 = LINE('',#3806,#3807);
#3806 = CARTESIAN_POINT('',(0.,37.2));
#3807 = VECTOR('',#3808,1.);
#3808 = DIRECTION('',(1.,0.));
#3809 = ( GEOMETRIC_REPRESENTATION_CONTEXT(2) 
PARAMETRIC_REPRESENTATION_CONTEXT() REPRESENTATION_CONTEXT('2D SPACE',''
  ) );
#3810 = ADVANCED_FACE('',(#3811),#3176,.F.);
#3811 = FACE_BOUND('',#3812,.F.);
#3812 = EDGE_LOOP('',(#3813,#3834,#3835,#3836));
#3813 = ORIENTED_EDGE('',*,*,#3814,.T.);
#3814 = EDGE_CURVE('',#3784,#3160,#3815,.T.);
#3815 = SEAM_CURVE('',#3816,(#3820,#3827),.PCURVE_S1.);
#3816 = LINE('',#3817,#3818);
#3817 = CARTESIAN_POINT('',(-20.,9.75,25.3));
#3818 = VECTOR('',#3819,1.);
#3819 = DIRECTION('',(1.,-8.388351741612E-17,0.));
#3820 = PCURVE('',#3176,#3821);
#3821 = DEFINITIONAL_REPRESENTATION('',(#3822),#3826);
#3822 = LINE('',#3823,#3824);
#3823 = CARTESIAN_POINT('',(9.424777960769,0.));
#3824 = VECTOR('',#3825,1.);
#3825 = DIRECTION('',(0.,1.));
#3826 = ( GEOMETRIC_REPRESENTATION_CONTEXT(2) 
PARAMETRIC_REPRESENTATION_CONTEXT() REPRESENTATION_CONTEXT('2D SPACE',''
  ) );
#3827 = PCURVE('',#3176,#3828);
#3828 = DEFINITIONAL_REPRESENTATION('',(#3829),#3833);
#3829 = LINE('',#3830,#3831);
#3830 = CARTESIAN_POINT('',(3.14159265359,0.));
#3831 = VECTOR('',#3832,1.);
#3832 = DIRECTION('',(0.,1.));
#3833 = ( GEOMETRIC_REPRESENTATION_CONTEXT(2) 
PARAMETRIC_REPRESENTATION_CONTEXT() REPRESENTATION_CONTEXT('2D SPACE',''
  ) );
#3834 = ORIENTED_EDGE('',*,*,#3159,.F.);
#3835 = ORIENTED_EDGE('',*,*,#3814,.F.);
#3836 = ORIENTED_EDGE('',*,*,#3783,.T.);
#3837 = ADVANCED_FACE('',(#3838),#2152,.F.);
#3838 = FACE_BOUND('',#3839,.F.);
#3839 = EDGE_LOOP('',(#3840,#3863,#3889,#3890));
#3840 = ORIENTED_EDGE('',*,*,#3841,.T.);
#3841 = EDGE_CURVE('',#2136,#3842,#3844,.T.);
#3842 = VERTEX_POINT('',#3843);
#3843 = CARTESIAN_POINT('',(-17.2,9.75,25.3));
#3844 = SEAM_CURVE('',#3845,(#3849,#3856),.PCURVE_S1.);
#3845 = LINE('',#3846,#3847);
#3846 = CARTESIAN_POINT('',(-20.,9.75,25.3));
#3847 = VECTOR('',#3848,1.);
#3848 = DIRECTION('',(1.,-8.388351741612E-17,0.));
#3849 = PCURVE('',#2152,#3850);
#3850 = DEFINITIONAL_REPRESENTATION('',(#3851),#3855);
#3851 = LINE('',#3852,#3853);
#3852 = CARTESIAN_POINT('',(3.14159265359,0.));
#3853 = VECTOR('',#3854,1.);
#3854 = DIRECTION('',(0.,1.));
#3855 = ( GEOMETRIC_REPRESENTATION_CONTEXT(2) 
PARAMETRIC_REPRESENTATION_CONTEXT() REPRESENTATION_CONTEXT('2D SPACE',''
  ) );
#3856 = PCURVE('',#2152,#3857);
#3857 = DEFINITIONAL_REPRESENTATION('',(#3858),#3862);
#3858 = LINE('',#3859,#3860);
#3859 = CARTESIAN_POINT('',(-3.14159265359,0.));
#3860 = VECTOR('',#3861,1.);
#3861 = DIRECTION('',(0.,1.));
#3862 = ( GEOMETRIC_REPRESENTATION_CONTEXT(2) 
PARAMETRIC_REPRESENTATION_CONTEXT() REPRESENTATION_CONTEXT('2D SPACE',''
  ) );
#3863 = ORIENTED_EDGE('',*,*,#3864,.T.);
#3864 = EDGE_CURVE('',#3842,#3842,#3865,.T.);
#3865 = SURFACE_CURVE('',#3866,(#3871,#3878),.PCURVE_S1.);
#3866 = CIRCLE('',#3867,1.75);
#3867 = AXIS2_PLACEMENT_3D('',#3868,#3869,#3870);
#3868 = CARTESIAN_POINT('',(-17.2,8.,25.3));
#3869 = DIRECTION('',(-1.,0.,0.));
#3870 = DIRECTION('',(-0.,-1.,0.));
#3871 = PCURVE('',#2152,#3872);
#3872 = DEFINITIONAL_REPRESENTATION('',(#3873),#3877);
#3873 = LINE('',#3874,#3875);
#3874 = CARTESIAN_POINT('',(6.28318530718,2.8));
#3875 = VECTOR('',#3876,1.);
#3876 = DIRECTION('',(-1.,0.));
#3877 = ( GEOMETRIC_REPRESENTATION_CONTEXT(2) 
PARAMETRIC_REPRESENTATION_CONTEXT() REPRESENTATION_CONTEXT('2D SPACE',''
  ) );
#3878 = PCURVE('',#1081,#3879);
#3879 = DEFINITIONAL_REPRESENTATION('',(#3880),#3888);
#3880 = ( BOUNDED_CURVE() B_SPLINE_CURVE(2,(#3881,#3882,#3883,#3884,
#3885,#3886,#3887),.UNSPECIFIED.,.T.,.F.) B_SPLINE_CURVE_WITH_KNOTS((1,2
    ,2,2,2,1),(-2.094395102393,0.,2.094395102393,4.188790204786,
6.28318530718,8.377580409573),.UNSPECIFIED.) CURVE() 
GEOMETRIC_REPRESENTATION_ITEM() RATIONAL_B_SPLINE_CURVE((1.,0.5,1.,0.5,
1.,0.5,1.)) REPRESENTATION_ITEM('') );
#3881 = CARTESIAN_POINT('',(41.7,4.4));
#3882 = CARTESIAN_POINT('',(41.7,7.431088913246));
#3883 = CARTESIAN_POINT('',(44.325,5.915544456623));
#3884 = CARTESIAN_POINT('',(46.95,4.4));
#3885 = CARTESIAN_POINT('',(44.325,2.884455543377));
#3886 = CARTESIAN_POINT('',(41.7,1.368911086754));
#3887 = CARTESIAN_POINT('',(41.7,4.4));
#3888 = ( GEOMETRIC_REPRESENTATION_CONTEXT(2) 
PARAMETRIC_REPRESENTATION_CONTEXT() REPRESENTATION_CONTEXT('2D SPACE',''
  ) );
#3889 = ORIENTED_EDGE('',*,*,#3841,.F.);
#3890 = ORIENTED_EDGE('',*,*,#2135,.F.);
#3891 = ADVANCED_FACE('',(#3892,#3963,#3966),#1081,.T.);
#3892 = FACE_BOUND('',#3893,.T.);
#3893 = EDGE_LOOP('',(#3894,#3895,#3918,#3939,#3940,#3961,#3962));
#3894 = ORIENTED_EDGE('',*,*,#2394,.T.);
#3895 = ORIENTED_EDGE('',*,*,#3896,.F.);
#3896 = EDGE_CURVE('',#3897,#2395,#3899,.T.);
#3897 = VERTEX_POINT('',#3898);
#3898 = CARTESIAN_POINT('',(-17.2,-35.45,29.9));
#3899 = SURFACE_CURVE('',#3900,(#3904,#3911),.PCURVE_S1.);
#3900 = LINE('',#3901,#3902);
#3901 = CARTESIAN_POINT('',(-17.2,-35.45,29.9));
#3902 = VECTOR('',#3903,1.);
#3903 = DIRECTION('',(0.,1.,0.));
#3904 = PCURVE('',#1081,#3905);
#3905 = DEFINITIONAL_REPRESENTATION('',(#3906),#3910);
#3906 = LINE('',#3907,#3908);
#3907 = CARTESIAN_POINT('',(0.,9.));
#3908 = VECTOR('',#3909,1.);
#3909 = DIRECTION('',(1.,0.));
#3910 = ( GEOMETRIC_REPRESENTATION_CONTEXT(2) 
PARAMETRIC_REPRESENTATION_CONTEXT() REPRESENTATION_CONTEXT('2D SPACE',''
  ) );
#3911 = PCURVE('',#277,#3912);
#3912 = DEFINITIONAL_REPRESENTATION('',(#3913),#3917);
#3913 = LINE('',#3914,#3915);
#3914 = CARTESIAN_POINT('',(-17.2,-23.45));
#3915 = VECTOR('',#3916,1.);
#3916 = DIRECTION('',(0.,1.));
#3917 = ( GEOMETRIC_REPRESENTATION_CONTEXT(2) 
PARAMETRIC_REPRESENTATION_CONTEXT() REPRESENTATION_CONTEXT('2D SPACE',''
  ) );
#3918 = ORIENTED_EDGE('',*,*,#3919,.F.);
#3919 = EDGE_CURVE('',#1193,#3897,#3920,.T.);
#3920 = SURFACE_CURVE('',#3921,(#3925,#3932),.PCURVE_S1.);
#3921 = LINE('',#3922,#3923);
#3922 = CARTESIAN_POINT('',(-17.2,-35.45,20.9));
#3923 = VECTOR('',#3924,1.);
#3924 = DIRECTION('',(0.,0.,1.));
#3925 = PCURVE('',#1081,#3926);
#3926 = DEFINITIONAL_REPRESENTATION('',(#3927),#3931);
#3927 = LINE('',#3928,#3929);
#3928 = CARTESIAN_POINT('',(0.,0.));
#3929 = VECTOR('',#3930,1.);
#3930 = DIRECTION('',(0.,1.));
#3931 = ( GEOMETRIC_REPRESENTATION_CONTEXT(2) 
PARAMETRIC_REPRESENTATION_CONTEXT() REPRESENTATION_CONTEXT('2D SPACE',''
  ) );
#3932 = PCURVE('',#1231,#3933);
#3933 = DEFINITIONAL_REPRESENTATION('',(#3934),#3938);
#3934 = LINE('',#3935,#3936);
#3935 = CARTESIAN_POINT('',(34.4,0.));
#3936 = VECTOR('',#3937,1.);
#3937 = DIRECTION('',(0.,1.));
#3938 = ( GEOMETRIC_REPRESENTATION_CONTEXT(2) 
PARAMETRIC_REPRESENTATION_CONTEXT() REPRESENTATION_CONTEXT('2D SPACE',''
  ) );
#3939 = ORIENTED_EDGE('',*,*,#1190,.F.);
#3940 = ORIENTED_EDGE('',*,*,#3941,.T.);
#3941 = EDGE_CURVE('',#1191,#2192,#3942,.T.);
#3942 = SURFACE_CURVE('',#3943,(#3947,#3954),.PCURVE_S1.);
#3943 = LINE('',#3944,#3945);
#3944 = CARTESIAN_POINT('',(-17.2,11.45,20.9));
#3945 = VECTOR('',#3946,1.);
#3946 = DIRECTION('',(0.,0.,1.));
#3947 = PCURVE('',#1081,#3948);
#3948 = DEFINITIONAL_REPRESENTATION('',(#3949),#3953);
#3949 = LINE('',#3950,#3951);
#3950 = CARTESIAN_POINT('',(46.9,0.));
#3951 = VECTOR('',#3952,1.);
#3952 = DIRECTION('',(0.,1.));
#3953 = ( GEOMETRIC_REPRESENTATION_CONTEXT(2) 
PARAMETRIC_REPRESENTATION_CONTEXT() REPRESENTATION_CONTEXT('2D SPACE',''
  ) );
#3954 = PCURVE('',#1280,#3955);
#3955 = DEFINITIONAL_REPRESENTATION('',(#3956),#3960);
#3956 = LINE('',#3957,#3958);
#3957 = CARTESIAN_POINT('',(0.,0.));
#3958 = VECTOR('',#3959,1.);
#3959 = DIRECTION('',(0.,1.));
#3960 = ( GEOMETRIC_REPRESENTATION_CONTEXT(2) 
PARAMETRIC_REPRESENTATION_CONTEXT() REPRESENTATION_CONTEXT('2D SPACE',''
  ) );
#3961 = ORIENTED_EDGE('',*,*,#2191,.F.);
#3962 = ORIENTED_EDGE('',*,*,#2341,.T.);
#3963 = FACE_BOUND('',#3964,.T.);
#3964 = EDGE_LOOP('',(#3965));
#3965 = ORIENTED_EDGE('',*,*,#3864,.T.);
#3966 = FACE_BOUND('',#3967,.T.);
#3967 = EDGE_LOOP('',(#3968));
#3968 = ORIENTED_EDGE('',*,*,#1066,.T.);
#3969 = ADVANCED_FACE('',(#3970),#1231,.T.);
#3970 = FACE_BOUND('',#3971,.T.);
#3971 = EDGE_LOOP('',(#3972,#3973,#3974,#3995));
#3972 = ORIENTED_EDGE('',*,*,#1215,.F.);
#3973 = ORIENTED_EDGE('',*,*,#3919,.T.);
#3974 = ORIENTED_EDGE('',*,*,#3975,.F.);
#3975 = EDGE_CURVE('',#3735,#3897,#3976,.T.);
#3976 = SURFACE_CURVE('',#3977,(#3981,#3988),.PCURVE_S1.);
#3977 = LINE('',#3978,#3979);
#3978 = CARTESIAN_POINT('',(17.2,-35.45,29.9));
#3979 = VECTOR('',#3980,1.);
#3980 = DIRECTION('',(-1.,-2.581914010756E-16,0.));
#3981 = PCURVE('',#1231,#3982);
#3982 = DEFINITIONAL_REPRESENTATION('',(#3983),#3987);
#3983 = LINE('',#3984,#3985);
#3984 = CARTESIAN_POINT('',(0.,9.));
#3985 = VECTOR('',#3986,1.);
#3986 = DIRECTION('',(1.,0.));
#3987 = ( GEOMETRIC_REPRESENTATION_CONTEXT(2) 
PARAMETRIC_REPRESENTATION_CONTEXT() REPRESENTATION_CONTEXT('2D SPACE',''
  ) );
#3988 = PCURVE('',#277,#3989);
#3989 = DEFINITIONAL_REPRESENTATION('',(#3990),#3994);
#3990 = LINE('',#3991,#3992);
#3991 = CARTESIAN_POINT('',(17.2,-23.45));
#3992 = VECTOR('',#3993,1.);
#3993 = DIRECTION('',(-1.,-2.581914010756E-16));
#3994 = ( GEOMETRIC_REPRESENTATION_CONTEXT(2) 
PARAMETRIC_REPRESENTATION_CONTEXT() REPRESENTATION_CONTEXT('2D SPACE',''
  ) );
#3995 = ORIENTED_EDGE('',*,*,#3734,.F.);
#3996 = ADVANCED_FACE('',(#3997),#1280,.T.);
#3997 = FACE_BOUND('',#3998,.T.);
#3998 = EDGE_LOOP('',(#3999,#4000,#4001,#4002));
#3999 = ORIENTED_EDGE('',*,*,#1266,.F.);
#4000 = ORIENTED_EDGE('',*,*,#3712,.T.);
#4001 = ORIENTED_EDGE('',*,*,#2214,.F.);
#4002 = ORIENTED_EDGE('',*,*,#3941,.F.);
#4003 = ADVANCED_FACE('',(#4004),#277,.T.);
#4004 = FACE_BOUND('',#4005,.T.);
#4005 = EDGE_LOOP('',(#4006,#4007,#4008,#4029,#4030,#4031,#4032,#4033));
#4006 = ORIENTED_EDGE('',*,*,#2838,.T.);
#4007 = ORIENTED_EDGE('',*,*,#673,.T.);
#4008 = ORIENTED_EDGE('',*,*,#4009,.T.);
#4009 = EDGE_CURVE('',#651,#262,#4010,.T.);
#4010 = SURFACE_CURVE('',#4011,(#4015,#4022),.PCURVE_S1.);
#4011 = LINE('',#4012,#4013);
#4012 = CARTESIAN_POINT('',(-20.,-38.25,29.9));
#4013 = VECTOR('',#4014,1.);
#4014 = DIRECTION('',(1.,0.,0.));
#4015 = PCURVE('',#277,#4016);
#4016 = DEFINITIONAL_REPRESENTATION('',(#4017),#4021);
#4017 = LINE('',#4018,#4019);
#4018 = CARTESIAN_POINT('',(-20.,-26.25));
#4019 = VECTOR('',#4020,1.);
#4020 = DIRECTION('',(1.,0.));
#4021 = ( GEOMETRIC_REPRESENTATION_CONTEXT(2) 
PARAMETRIC_REPRESENTATION_CONTEXT() REPRESENTATION_CONTEXT('2D SPACE',''
  ) );
#4022 = PCURVE('',#305,#4023);
#4023 = DEFINITIONAL_REPRESENTATION('',(#4024),#4028);
#4024 = LINE('',#4025,#4026);
#4025 = CARTESIAN_POINT('',(0.,10.9));
#4026 = VECTOR('',#4027,1.);
#4027 = DIRECTION('',(1.,0.));
#4028 = ( GEOMETRIC_REPRESENTATION_CONTEXT(2) 
PARAMETRIC_REPRESENTATION_CONTEXT() REPRESENTATION_CONTEXT('2D SPACE',''
  ) );
#4029 = ORIENTED_EDGE('',*,*,#261,.T.);
#4030 = ORIENTED_EDGE('',*,*,#3192,.T.);
#4031 = ORIENTED_EDGE('',*,*,#3757,.T.);
#4032 = ORIENTED_EDGE('',*,*,#3975,.T.);
#4033 = ORIENTED_EDGE('',*,*,#3896,.T.);
#4034 = ADVANCED_FACE('',(#4035),#1377,.F.);
#4035 = FACE_BOUND('',#4036,.F.);
#4036 = EDGE_LOOP('',(#4037,#4060,#4086,#4087));
#4037 = ORIENTED_EDGE('',*,*,#4038,.T.);
#4038 = EDGE_CURVE('',#1357,#4039,#4041,.T.);
#4039 = VERTEX_POINT('',#4040);
#4040 = CARTESIAN_POINT('',(5.000000074506,6.12323408698E-16,19.));
#4041 = SEAM_CURVE('',#4042,(#4046,#4053),.PCURVE_S1.);
#4042 = LINE('',#4043,#4044);
#4043 = CARTESIAN_POINT('',(5.000000074506,6.12323408698E-16,19.));
#4044 = VECTOR('',#4045,1.);
#4045 = DIRECTION('',(0.,0.,-1.));
#4046 = PCURVE('',#1377,#4047);
#4047 = DEFINITIONAL_REPRESENTATION('',(#4048),#4052);
#4048 = LINE('',#4049,#4050);
#4049 = CARTESIAN_POINT('',(-3.14159265359,0.));
#4050 = VECTOR('',#4051,1.);
#4051 = DIRECTION('',(0.,-1.));
#4052 = ( GEOMETRIC_REPRESENTATION_CONTEXT(2) 
PARAMETRIC_REPRESENTATION_CONTEXT() REPRESENTATION_CONTEXT('2D SPACE',''
  ) );
#4053 = PCURVE('',#1377,#4054);
#4054 = DEFINITIONAL_REPRESENTATION('',(#4055),#4059);
#4055 = LINE('',#4056,#4057);
#4056 = CARTESIAN_POINT('',(3.14159265359,0.));
#4057 = VECTOR('',#4058,1.);
#4058 = DIRECTION('',(0.,-1.));
#4059 = ( GEOMETRIC_REPRESENTATION_CONTEXT(2) 
PARAMETRIC_REPRESENTATION_CONTEXT() REPRESENTATION_CONTEXT('2D SPACE',''
  ) );
#4060 = ORIENTED_EDGE('',*,*,#4061,.F.);
#4061 = EDGE_CURVE('',#4039,#4039,#4062,.T.);
#4062 = SURFACE_CURVE('',#4063,(#4068,#4075),.PCURVE_S1.);
#4063 = CIRCLE('',#4064,5.000000074506);
#4064 = AXIS2_PLACEMENT_3D('',#4065,#4066,#4067);
#4065 = CARTESIAN_POINT('',(0.,0.,19.));
#4066 = DIRECTION('',(0.,0.,-1.));
#4067 = DIRECTION('',(-1.,0.,0.));
#4068 = PCURVE('',#1377,#4069);
#4069 = DEFINITIONAL_REPRESENTATION('',(#4070),#4074);
#4070 = LINE('',#4071,#4072);
#4071 = CARTESIAN_POINT('',(6.28318530718,0.));
#4072 = VECTOR('',#4073,1.);
#4073 = DIRECTION('',(-1.,0.));
#4074 = ( GEOMETRIC_REPRESENTATION_CONTEXT(2) 
PARAMETRIC_REPRESENTATION_CONTEXT() REPRESENTATION_CONTEXT('2D SPACE',''
  ) );
#4075 = PCURVE('',#333,#4076);
#4076 = DEFINITIONAL_REPRESENTATION('',(#4077),#4085);
#4077 = ( BOUNDED_CURVE() B_SPLINE_CURVE(2,(#4078,#4079,#4080,#4081,
#4082,#4083,#4084),.UNSPECIFIED.,.T.,.F.) B_SPLINE_CURVE_WITH_KNOTS((1,2
    ,2,2,2,1),(-2.094395102393,0.,2.094395102393,4.188790204786,
6.28318530718,8.377580409573),.UNSPECIFIED.) CURVE() 
GEOMETRIC_REPRESENTATION_ITEM() RATIONAL_B_SPLINE_CURVE((1.,0.5,1.,0.5,
1.,0.5,1.)) REPRESENTATION_ITEM('') );
#4078 = CARTESIAN_POINT('',(5.000000074506,-12.));
#4079 = CARTESIAN_POINT('',(5.000000074506,-20.66025416689));
#4080 = CARTESIAN_POINT('',(-2.500000037253,-16.33012708344));
#4081 = CARTESIAN_POINT('',(-10.00000014901,-12.));
#4082 = CARTESIAN_POINT('',(-2.500000037253,-7.669872916554));
#4083 = CARTESIAN_POINT('',(5.000000074506,-3.339745833108));
#4084 = CARTESIAN_POINT('',(5.000000074506,-12.));
#4085 = ( GEOMETRIC_REPRESENTATION_CONTEXT(2) 
PARAMETRIC_REPRESENTATION_CONTEXT() REPRESENTATION_CONTEXT('2D SPACE',''
  ) );
#4086 = ORIENTED_EDGE('',*,*,#4038,.F.);
#4087 = ORIENTED_EDGE('',*,*,#1356,.T.);
#4088 = ADVANCED_FACE('',(#4089),#359,.T.);
#4089 = FACE_BOUND('',#4090,.T.);
#4090 = EDGE_LOOP('',(#4091,#4092,#4093,#4094,#4095,#4096,#4117,#4118));
#4091 = ORIENTED_EDGE('',*,*,#2111,.T.);
#4092 = ORIENTED_EDGE('',*,*,#2316,.F.);
#4093 = ORIENTED_EDGE('',*,*,#3113,.T.);
#4094 = ORIENTED_EDGE('',*,*,#2932,.T.);
#4095 = ORIENTED_EDGE('',*,*,#345,.F.);
#4096 = ORIENTED_EDGE('',*,*,#4097,.F.);
#4097 = EDGE_CURVE('',#605,#318,#4098,.T.);
#4098 = SURFACE_CURVE('',#4099,(#4103,#4110),.PCURVE_S1.);
#4099 = LINE('',#4100,#4101);
#4100 = CARTESIAN_POINT('',(-20.,14.25,19.));
#4101 = VECTOR('',#4102,1.);
#4102 = DIRECTION('',(1.,0.,0.));
#4103 = PCURVE('',#359,#4104);
#4104 = DEFINITIONAL_REPRESENTATION('',(#4105),#4109);
#4105 = LINE('',#4106,#4107);
#4106 = CARTESIAN_POINT('',(40.,0.));
#4107 = VECTOR('',#4108,1.);
#4108 = DIRECTION('',(-1.,0.));
#4109 = ( GEOMETRIC_REPRESENTATION_CONTEXT(2) 
PARAMETRIC_REPRESENTATION_CONTEXT() REPRESENTATION_CONTEXT('2D SPACE',''
  ) );
#4110 = PCURVE('',#333,#4111);
#4111 = DEFINITIONAL_REPRESENTATION('',(#4112),#4116);
#4112 = LINE('',#4113,#4114);
#4113 = CARTESIAN_POINT('',(20.,-26.25));
#4114 = VECTOR('',#4115,1.);
#4115 = DIRECTION('',(-1.,0.));
#4116 = ( GEOMETRIC_REPRESENTATION_CONTEXT(2) 
PARAMETRIC_REPRESENTATION_CONTEXT() REPRESENTATION_CONTEXT('2D SPACE',''
  ) );
#4117 = ORIENTED_EDGE('',*,*,#604,.T.);
#4118 = ORIENTED_EDGE('',*,*,#1807,.T.);
#4119 = ADVANCED_FACE('',(#4120),#305,.T.);
#4120 = FACE_BOUND('',#4121,.T.);
#4121 = EDGE_LOOP('',(#4122,#4143,#4144,#4145));
#4122 = ORIENTED_EDGE('',*,*,#4123,.F.);
#4123 = EDGE_CURVE('',#290,#628,#4124,.T.);
#4124 = SURFACE_CURVE('',#4125,(#4129,#4136),.PCURVE_S1.);
#4125 = LINE('',#4126,#4127);
#4126 = CARTESIAN_POINT('',(20.,-38.25,19.));
#4127 = VECTOR('',#4128,1.);
#4128 = DIRECTION('',(-1.,0.,0.));
#4129 = PCURVE('',#305,#4130);
#4130 = DEFINITIONAL_REPRESENTATION('',(#4131),#4135);
#4131 = LINE('',#4132,#4133);
#4132 = CARTESIAN_POINT('',(40.,0.));
#4133 = VECTOR('',#4134,1.);
#4134 = DIRECTION('',(-1.,0.));
#4135 = ( GEOMETRIC_REPRESENTATION_CONTEXT(2) 
PARAMETRIC_REPRESENTATION_CONTEXT() REPRESENTATION_CONTEXT('2D SPACE',''
  ) );
#4136 = PCURVE('',#333,#4137);
#4137 = DEFINITIONAL_REPRESENTATION('',(#4138),#4142);
#4138 = LINE('',#4139,#4140);
#4139 = CARTESIAN_POINT('',(-20.,26.25));
#4140 = VECTOR('',#4141,1.);
#4141 = DIRECTION('',(1.,0.));
#4142 = ( GEOMETRIC_REPRESENTATION_CONTEXT(2) 
PARAMETRIC_REPRESENTATION_CONTEXT() REPRESENTATION_CONTEXT('2D SPACE',''
  ) );
#4143 = ORIENTED_EDGE('',*,*,#289,.T.);
#4144 = ORIENTED_EDGE('',*,*,#4009,.F.);
#4145 = ORIENTED_EDGE('',*,*,#650,.F.);
#4146 = ADVANCED_FACE('',(#4147,#4153,#4156,#4159,#4162,#4165),#333,.F.
  );
#4147 = FACE_BOUND('',#4148,.T.);
#4148 = EDGE_LOOP('',(#4149,#4150,#4151,#4152));
#4149 = ORIENTED_EDGE('',*,*,#4123,.T.);
#4150 = ORIENTED_EDGE('',*,*,#627,.T.);
#4151 = ORIENTED_EDGE('',*,*,#4097,.T.);
#4152 = ORIENTED_EDGE('',*,*,#317,.T.);
#4153 = FACE_BOUND('',#4154,.T.);
#4154 = EDGE_LOOP('',(#4155));
#4155 = ORIENTED_EDGE('',*,*,#1449,.F.);
#4156 = FACE_BOUND('',#4157,.T.);
#4157 = EDGE_LOOP('',(#4158));
#4158 = ORIENTED_EDGE('',*,*,#1776,.F.);
#4159 = FACE_BOUND('',#4160,.T.);
#4160 = EDGE_LOOP('',(#4161));
#4161 = ORIENTED_EDGE('',*,*,#4061,.F.);
#4162 = FACE_BOUND('',#4163,.T.);
#4163 = EDGE_LOOP('',(#4164));
#4164 = ORIENTED_EDGE('',*,*,#1667,.F.);
#4165 = FACE_BOUND('',#4166,.T.);
#4166 = EDGE_LOOP('',(#4167));
#4167 = ORIENTED_EDGE('',*,*,#1558,.F.);
#4168 = ( GEOMETRIC_REPRESENTATION_CONTEXT(3) 
GLOBAL_UNCERTAINTY_ASSIGNED_CONTEXT((#4172)) 
GLOBAL_UNIT_ASSIGNED_CONTEXT((#4169,#4170,#4171)) REPRESENTATION_CONTEXT
('Context #1','3D Context with UNIT and UNCERTAINTY') );
#4169 = ( LENGTH_UNIT() NAMED_UNIT(*) SI_UNIT(.MILLI.,.METRE.) );
#4170 = ( NAMED_UNIT(*) PLANE_ANGLE_UNIT() SI_UNIT($,.RADIAN.) );
#4171 = ( NAMED_UNIT(*) SI_UNIT($,.STERADIAN.) SOLID_ANGLE_UNIT() );
#4172 = UNCERTAINTY_MEASURE_WITH_UNIT(LENGTH_MEASURE(2.E-07),#4169,
  'distance_accuracy_value','confusion accuracy');
#4173 = PRODUCT_RELATED_PRODUCT_CATEGORY('part',$,(#7));
ENDSEC;
END-ISO-10303-21;
