ISO-10303-21;
HEADER;
FILE_DESCRIPTION(('Open CASCADE Model'),'2;1');
FILE_NAME('Open CASCADE Shape Model','2026-09-22T14:11:47',('Author'),(
    'Open CASCADE'),'Open CASCADE STEP processor 7.9','Open CASCADE 7.9'
  ,'Unknown');
FILE_SCHEMA(('AUTOMOTIVE_DESIGN { 1 0 10303 214 1 1 1 1 }'));
ENDSEC;
DATA;
#1 = APPLICATION_PROTOCOL_DEFINITION('international standard',
  'automotive_design',2000,#2);
#2 = APPLICATION_CONTEXT(
  'core data for automotive mechanical design processes');
#3 = SHAPE_DEFINITION_REPRESENTATION(#4,#10);
#4 = PRODUCT_DEFINITION_SHAPE('','',#5);
#5 = PRODUCT_DEFINITION('design','',#6,#9);
#6 = PRODUCT_DEFINITION_FORMATION('','',#7);
#7 = PRODUCT('Open CASCADE STEP translator 7.9 3',
  'Open CASCADE STEP translator 7.9 3','',(#8));
#8 = PRODUCT_CONTEXT('',#2,'mechanical');
#9 = PRODUCT_DEFINITION_CONTEXT('part definition',#2,'design');
#10 = ADVANCED_BREP_SHAPE_REPRESENTATION('',(#11,#15),#2150);
#11 = AXIS2_PLACEMENT_3D('',#12,#13,#14);
#12 = CARTESIAN_POINT('',(0.,0.,0.));
#13 = DIRECTION('',(0.,0.,1.));
#14 = DIRECTION('',(1.,0.,-0.));
#15 = MANIFOLD_SOLID_BREP('',#16);
#16 = CLOSED_SHELL('',(#17,#58,#137,#197,#236,#291,#326,#404,#1317,#1394
    ,#1443,#1791,#1818,#1845,#1872,#1899,#1926,#1953,#1980,#2008,#2035,
    #2062,#2089,#2116,#2143));
#17 = ADVANCED_FACE('',(#18),#31,.T.);
#18 = FACE_BOUND('',#19,.T.);
#19 = EDGE_LOOP('',(#20));
#20 = ORIENTED_EDGE('',*,*,#21,.F.);
#21 = EDGE_CURVE('',#22,#22,#24,.T.);
#22 = VERTEX_POINT('',#23);
#23 = CARTESIAN_POINT('',(12.55,1.786154013793E-14,-15.8));
#24 = SURFACE_CURVE('',#25,(#30,#46),.PCURVE_S1.);
#25 = CIRCLE('',#26,0.8);
#26 = AXIS2_PLACEMENT_3D('',#27,#28,#29);
#27 = CARTESIAN_POINT('',(11.75,1.7763568394E-14,-15.8));
#28 = DIRECTION('',(0.,0.,1.));
#29 = DIRECTION('',(-1.,3.889384548663E-62,0.));
#30 = PCURVE('',#31,#36);
#31 = PLANE('',#32);
#32 = AXIS2_PLACEMENT_3D('',#33,#34,#35);
#33 = CARTESIAN_POINT('',(11.75,1.7763568394E-14,-15.8));
#34 = DIRECTION('',(0.,0.,-1.));
#35 = DIRECTION('',(1.,-3.889384548663E-62,0.));
#36 = DEFINITIONAL_REPRESENTATION('',(#37),#45);
#37 = ( BOUNDED_CURVE() B_SPLINE_CURVE(2,(#38,#39,#40,#41,#42,#43,#44),
.UNSPECIFIED.,.T.,.F.) B_SPLINE_CURVE_WITH_KNOTS((1,2,2,2,2,1),(
    -2.094395102393,0.,2.094395102393,4.188790204786,6.28318530718,
8.377580409573),.UNSPECIFIED.) CURVE() GEOMETRIC_REPRESENTATION_ITEM() 
RATIONAL_B_SPLINE_CURVE((1.,0.5,1.,0.5,1.,0.5,1.)) REPRESENTATION_ITEM(
  '') );
#38 = CARTESIAN_POINT('',(-0.8,0.));
#39 = CARTESIAN_POINT('',(-0.8,1.385640646055));
#40 = CARTESIAN_POINT('',(0.4,0.692820323028));
#41 = CARTESIAN_POINT('',(1.6,1.959434878636E-16));
#42 = CARTESIAN_POINT('',(0.4,-0.692820323028));
#43 = CARTESIAN_POINT('',(-0.8,-1.385640646055));
#44 = CARTESIAN_POINT('',(-0.8,0.));
#45 = ( GEOMETRIC_REPRESENTATION_CONTEXT(2) 
PARAMETRIC_REPRESENTATION_CONTEXT() REPRESENTATION_CONTEXT('2D SPACE',''
  ) );
#46 = PCURVE('',#47,#52);
#47 = CONICAL_SURFACE('',#48,0.9,0.785398163397);
#48 = AXIS2_PLACEMENT_3D('',#49,#50,#51);
#49 = CARTESIAN_POINT('',(11.75,1.7763568394E-14,-15.7));
#50 = DIRECTION('',(0.,0.,1.));
#51 = DIRECTION('',(-1.,3.889384548663E-62,0.));
#52 = DEFINITIONAL_REPRESENTATION('',(#53),#57);
#53 = LINE('',#54,#55);
#54 = CARTESIAN_POINT('',(-6.28318530718,-0.1));
#55 = VECTOR('',#56,1.);
#56 = DIRECTION('',(1.,0.));
#57 = ( GEOMETRIC_REPRESENTATION_CONTEXT(2) 
PARAMETRIC_REPRESENTATION_CONTEXT() REPRESENTATION_CONTEXT('2D SPACE',''
  ) );
#58 = ADVANCED_FACE('',(#59),#47,.T.);
#59 = FACE_BOUND('',#60,.T.);
#60 = EDGE_LOOP('',(#61,#92,#113,#114,#115));
#61 = ORIENTED_EDGE('',*,*,#62,.T.);
#62 = EDGE_CURVE('',#63,#65,#67,.T.);
#63 = VERTEX_POINT('',#64);
#64 = CARTESIAN_POINT('',(10.75,1.7763568394E-14,-15.6));
#65 = VERTEX_POINT('',#66);
#66 = CARTESIAN_POINT('',(12.75,1.788603307392E-14,-15.6));
#67 = SURFACE_CURVE('',#68,(#73,#80),.PCURVE_S1.);
#68 = CIRCLE('',#69,1.);
#69 = AXIS2_PLACEMENT_3D('',#70,#71,#72);
#70 = CARTESIAN_POINT('',(11.75,1.7763568394E-14,-15.6));
#71 = DIRECTION('',(0.,0.,-1.));
#72 = DIRECTION('',(1.,-3.889384548663E-62,0.));
#73 = PCURVE('',#47,#74);
#74 = DEFINITIONAL_REPRESENTATION('',(#75),#79);
#75 = LINE('',#76,#77);
#76 = CARTESIAN_POINT('',(3.14159265359,1.E-01));
#77 = VECTOR('',#78,1.);
#78 = DIRECTION('',(-1.,0.));
#79 = ( GEOMETRIC_REPRESENTATION_CONTEXT(2) 
PARAMETRIC_REPRESENTATION_CONTEXT() REPRESENTATION_CONTEXT('2D SPACE',''
  ) );
#80 = PCURVE('',#81,#86);
#81 = CYLINDRICAL_SURFACE('',#82,1.);
#82 = AXIS2_PLACEMENT_3D('',#83,#84,#85);
#83 = CARTESIAN_POINT('',(11.75,1.7763568394E-14,16.435));
#84 = DIRECTION('',(0.,0.,-1.));
#85 = DIRECTION('',(1.,-3.889384548663E-62,0.));
#86 = DEFINITIONAL_REPRESENTATION('',(#87),#91);
#87 = LINE('',#88,#89);
#88 = CARTESIAN_POINT('',(-6.28318530718,32.035));
#89 = VECTOR('',#90,1.);
#90 = DIRECTION('',(1.,0.));
#91 = ( GEOMETRIC_REPRESENTATION_CONTEXT(2) 
PARAMETRIC_REPRESENTATION_CONTEXT() REPRESENTATION_CONTEXT('2D SPACE',''
  ) );
#92 = ORIENTED_EDGE('',*,*,#93,.T.);
#93 = EDGE_CURVE('',#65,#22,#94,.T.);
#94 = SEAM_CURVE('',#95,(#99,#106),.PCURVE_S1.);
#95 = LINE('',#96,#97);
#96 = CARTESIAN_POINT('',(12.65,1.787378660593E-14,-15.7));
#97 = VECTOR('',#98,1.);
#98 = DIRECTION('',(-0.707106781187,-8.659560562355E-17,-0.707106781187)
  );
#99 = PCURVE('',#47,#100);
#100 = DEFINITIONAL_REPRESENTATION('',(#101),#105);
#101 = LINE('',#102,#103);
#102 = CARTESIAN_POINT('',(-3.14159265359,-2.747661802697E-16));
#103 = VECTOR('',#104,1.);
#104 = DIRECTION('',(0.,-1.));
#105 = ( GEOMETRIC_REPRESENTATION_CONTEXT(2) 
PARAMETRIC_REPRESENTATION_CONTEXT() REPRESENTATION_CONTEXT('2D SPACE',''
  ) );
#106 = PCURVE('',#47,#107);
#107 = DEFINITIONAL_REPRESENTATION('',(#108),#112);
#108 = LINE('',#109,#110);
#109 = CARTESIAN_POINT('',(3.14159265359,-2.747661802697E-16));
#110 = VECTOR('',#111,1.);
#111 = DIRECTION('',(0.,-1.));
#112 = ( GEOMETRIC_REPRESENTATION_CONTEXT(2) 
PARAMETRIC_REPRESENTATION_CONTEXT() REPRESENTATION_CONTEXT('2D SPACE',''
  ) );
#113 = ORIENTED_EDGE('',*,*,#21,.T.);
#114 = ORIENTED_EDGE('',*,*,#93,.F.);
#115 = ORIENTED_EDGE('',*,*,#116,.T.);
#116 = EDGE_CURVE('',#65,#63,#117,.T.);
#117 = SURFACE_CURVE('',#118,(#123,#130),.PCURVE_S1.);
#118 = CIRCLE('',#119,1.);
#119 = AXIS2_PLACEMENT_3D('',#120,#121,#122);
#120 = CARTESIAN_POINT('',(11.75,1.7763568394E-14,-15.6));
#121 = DIRECTION('',(0.,0.,-1.));
#122 = DIRECTION('',(1.,-3.889384548663E-62,0.));
#123 = PCURVE('',#47,#124);
#124 = DEFINITIONAL_REPRESENTATION('',(#125),#129);
#125 = LINE('',#126,#127);
#126 = CARTESIAN_POINT('',(3.14159265359,1.E-01));
#127 = VECTOR('',#128,1.);
#128 = DIRECTION('',(-1.,0.));
#129 = ( GEOMETRIC_REPRESENTATION_CONTEXT(2) 
PARAMETRIC_REPRESENTATION_CONTEXT() REPRESENTATION_CONTEXT('2D SPACE',''
  ) );
#130 = PCURVE('',#81,#131);
#131 = DEFINITIONAL_REPRESENTATION('',(#132),#136);
#132 = LINE('',#133,#134);
#133 = CARTESIAN_POINT('',(0.,32.035));
#134 = VECTOR('',#135,1.);
#135 = DIRECTION('',(1.,0.));
#136 = ( GEOMETRIC_REPRESENTATION_CONTEXT(2) 
PARAMETRIC_REPRESENTATION_CONTEXT() REPRESENTATION_CONTEXT('2D SPACE',''
  ) );
#137 = ADVANCED_FACE('',(#138),#81,.T.);
#138 = FACE_BOUND('',#139,.T.);
#139 = EDGE_LOOP('',(#140,#141,#164,#195,#196));
#140 = ORIENTED_EDGE('',*,*,#62,.F.);
#141 = ORIENTED_EDGE('',*,*,#142,.T.);
#142 = EDGE_CURVE('',#63,#143,#145,.T.);
#143 = VERTEX_POINT('',#144);
#144 = CARTESIAN_POINT('',(10.75,1.7763568394E-14,-9.8));
#145 = SEAM_CURVE('',#146,(#150,#157),.PCURVE_S1.);
#146 = LINE('',#147,#148);
#147 = CARTESIAN_POINT('',(10.75,1.788603307392E-14,16.435));
#148 = VECTOR('',#149,1.);
#149 = DIRECTION('',(0.,0.,1.));
#150 = PCURVE('',#81,#151);
#151 = DEFINITIONAL_REPRESENTATION('',(#152),#156);
#152 = LINE('',#153,#154);
#153 = CARTESIAN_POINT('',(-3.14159265359,0.));
#154 = VECTOR('',#155,1.);
#155 = DIRECTION('',(0.,-1.));
#156 = ( GEOMETRIC_REPRESENTATION_CONTEXT(2) 
PARAMETRIC_REPRESENTATION_CONTEXT() REPRESENTATION_CONTEXT('2D SPACE',''
  ) );
#157 = PCURVE('',#81,#158);
#158 = DEFINITIONAL_REPRESENTATION('',(#159),#163);
#159 = LINE('',#160,#161);
#160 = CARTESIAN_POINT('',(3.14159265359,0.));
#161 = VECTOR('',#162,1.);
#162 = DIRECTION('',(0.,-1.));
#163 = ( GEOMETRIC_REPRESENTATION_CONTEXT(2) 
PARAMETRIC_REPRESENTATION_CONTEXT() REPRESENTATION_CONTEXT('2D SPACE',''
  ) );
#164 = ORIENTED_EDGE('',*,*,#165,.F.);
#165 = EDGE_CURVE('',#143,#143,#166,.T.);
#166 = SURFACE_CURVE('',#167,(#172,#179),.PCURVE_S1.);
#167 = CIRCLE('',#168,1.);
#168 = AXIS2_PLACEMENT_3D('',#169,#170,#171);
#169 = CARTESIAN_POINT('',(11.75,1.7763568394E-14,-9.8));
#170 = DIRECTION('',(-0.,0.,1.));
#171 = DIRECTION('',(1.,-3.889384548663E-62,0.));
#172 = PCURVE('',#81,#173);
#173 = DEFINITIONAL_REPRESENTATION('',(#174),#178);
#174 = LINE('',#175,#176);
#175 = CARTESIAN_POINT('',(6.28318530718,26.235));
#176 = VECTOR('',#177,1.);
#177 = DIRECTION('',(-1.,0.));
#178 = ( GEOMETRIC_REPRESENTATION_CONTEXT(2) 
PARAMETRIC_REPRESENTATION_CONTEXT() REPRESENTATION_CONTEXT('2D SPACE',''
  ) );
#179 = PCURVE('',#180,#185);
#180 = PLANE('',#181);
#181 = AXIS2_PLACEMENT_3D('',#182,#183,#184);
#182 = CARTESIAN_POINT('',(11.75,1.7763568394E-14,-9.8));
#183 = DIRECTION('',(0.,0.,-1.));
#184 = DIRECTION('',(5.95814110634E-46,1.,0.));
#185 = DEFINITIONAL_REPRESENTATION('',(#186),#194);
#186 = ( BOUNDED_CURVE() B_SPLINE_CURVE(2,(#187,#188,#189,#190,#191,#192
,#193),.UNSPECIFIED.,.T.,.F.) B_SPLINE_CURVE_WITH_KNOTS((1,2,2,2,2,1),(
    -2.094395102393,0.,2.094395102393,4.188790204786,6.28318530718,
8.377580409573),.UNSPECIFIED.) CURVE() GEOMETRIC_REPRESENTATION_ITEM() 
RATIONAL_B_SPLINE_CURVE((1.,0.5,1.,0.5,1.,0.5,1.)) REPRESENTATION_ITEM(
  '') );
#187 = CARTESIAN_POINT('',(0.,1.));
#188 = CARTESIAN_POINT('',(1.732050807569,1.));
#189 = CARTESIAN_POINT('',(0.866025403784,-0.5));
#190 = CARTESIAN_POINT('',(2.449293598295E-16,-2.));
#191 = CARTESIAN_POINT('',(-0.866025403784,-0.5));
#192 = CARTESIAN_POINT('',(-1.732050807569,1.));
#193 = CARTESIAN_POINT('',(0.,1.));
#194 = ( GEOMETRIC_REPRESENTATION_CONTEXT(2) 
PARAMETRIC_REPRESENTATION_CONTEXT() REPRESENTATION_CONTEXT('2D SPACE',''
  ) );
#195 = ORIENTED_EDGE('',*,*,#142,.F.);
#196 = ORIENTED_EDGE('',*,*,#116,.F.);
#197 = ADVANCED_FACE('',(#198,#201),#180,.F.);
#198 = FACE_BOUND('',#199,.T.);
#199 = EDGE_LOOP('',(#200));
#200 = ORIENTED_EDGE('',*,*,#165,.T.);
#201 = FACE_BOUND('',#202,.T.);
#202 = EDGE_LOOP('',(#203));
#203 = ORIENTED_EDGE('',*,*,#204,.F.);
#204 = EDGE_CURVE('',#205,#205,#207,.T.);
#205 = VERTEX_POINT('',#206);
#206 = CARTESIAN_POINT('',(11.75,-0.8,-9.8));
#207 = SURFACE_CURVE('',#208,(#213,#224),.PCURVE_S1.);
#208 = CIRCLE('',#209,0.8);
#209 = AXIS2_PLACEMENT_3D('',#210,#211,#212);
#210 = CARTESIAN_POINT('',(11.75,1.7763568394E-14,-9.8));
#211 = DIRECTION('',(0.,-0.,1.));
#212 = DIRECTION('',(5.95814110634E-46,1.,0.));
#213 = PCURVE('',#180,#214);
#214 = DEFINITIONAL_REPRESENTATION('',(#215),#223);
#215 = ( BOUNDED_CURVE() B_SPLINE_CURVE(2,(#216,#217,#218,#219,#220,#221
,#222),.UNSPECIFIED.,.T.,.F.) B_SPLINE_CURVE_WITH_KNOTS((1,2,2,2,2,1),(
    -2.094395102393,0.,2.094395102393,4.188790204786,6.28318530718,
8.377580409573),.UNSPECIFIED.) CURVE() GEOMETRIC_REPRESENTATION_ITEM() 
RATIONAL_B_SPLINE_CURVE((1.,0.5,1.,0.5,1.,0.5,1.)) REPRESENTATION_ITEM(
  '') );
#216 = CARTESIAN_POINT('',(0.8,0.));
#217 = CARTESIAN_POINT('',(0.8,-1.385640646055));
#218 = CARTESIAN_POINT('',(-0.4,-0.692820323028));
#219 = CARTESIAN_POINT('',(-1.6,-1.959434878636E-16));
#220 = CARTESIAN_POINT('',(-0.4,0.692820323028));
#221 = CARTESIAN_POINT('',(0.8,1.385640646055));
#222 = CARTESIAN_POINT('',(0.8,0.));
#223 = ( GEOMETRIC_REPRESENTATION_CONTEXT(2) 
PARAMETRIC_REPRESENTATION_CONTEXT() REPRESENTATION_CONTEXT('2D SPACE',''
  ) );
#224 = PCURVE('',#225,#230);
#225 = CYLINDRICAL_SURFACE('',#226,0.8);
#226 = AXIS2_PLACEMENT_3D('',#227,#228,#229);
#227 = CARTESIAN_POINT('',(11.75,1.7763568394E-14,14.875));
#228 = DIRECTION('',(0.,0.,-1.));
#229 = DIRECTION('',(5.95814110634E-46,1.,0.));
#230 = DEFINITIONAL_REPRESENTATION('',(#231),#235);
#231 = LINE('',#232,#233);
#232 = CARTESIAN_POINT('',(6.28318530718,24.675));
#233 = VECTOR('',#234,1.);
#234 = DIRECTION('',(-1.,0.));
#235 = ( GEOMETRIC_REPRESENTATION_CONTEXT(2) 
PARAMETRIC_REPRESENTATION_CONTEXT() REPRESENTATION_CONTEXT('2D SPACE',''
  ) );
#236 = ADVANCED_FACE('',(#237),#225,.T.);
#237 = FACE_BOUND('',#238,.T.);
#238 = EDGE_LOOP('',(#239,#240,#263,#290));
#239 = ORIENTED_EDGE('',*,*,#204,.T.);
#240 = ORIENTED_EDGE('',*,*,#241,.T.);
#241 = EDGE_CURVE('',#205,#242,#244,.T.);
#242 = VERTEX_POINT('',#243);
#243 = CARTESIAN_POINT('',(11.75,-0.8,13.7));
#244 = SEAM_CURVE('',#245,(#249,#256),.PCURVE_S1.);
#245 = LINE('',#246,#247);
#246 = CARTESIAN_POINT('',(11.75,-0.8,14.875));
#247 = VECTOR('',#248,1.);
#248 = DIRECTION('',(0.,0.,1.));
#249 = PCURVE('',#225,#250);
#250 = DEFINITIONAL_REPRESENTATION('',(#251),#255);
#251 = LINE('',#252,#253);
#252 = CARTESIAN_POINT('',(-3.14159265359,0.));
#253 = VECTOR('',#254,1.);
#254 = DIRECTION('',(0.,-1.));
#255 = ( GEOMETRIC_REPRESENTATION_CONTEXT(2) 
PARAMETRIC_REPRESENTATION_CONTEXT() REPRESENTATION_CONTEXT('2D SPACE',''
  ) );
#256 = PCURVE('',#225,#257);
#257 = DEFINITIONAL_REPRESENTATION('',(#258),#262);
#258 = LINE('',#259,#260);
#259 = CARTESIAN_POINT('',(3.14159265359,0.));
#260 = VECTOR('',#261,1.);
#261 = DIRECTION('',(0.,-1.));
#262 = ( GEOMETRIC_REPRESENTATION_CONTEXT(2) 
PARAMETRIC_REPRESENTATION_CONTEXT() REPRESENTATION_CONTEXT('2D SPACE',''
  ) );
#263 = ORIENTED_EDGE('',*,*,#264,.T.);
#264 = EDGE_CURVE('',#242,#242,#265,.T.);
#265 = SURFACE_CURVE('',#266,(#271,#278),.PCURVE_S1.);
#266 = CIRCLE('',#267,0.8);
#267 = AXIS2_PLACEMENT_3D('',#268,#269,#270);
#268 = CARTESIAN_POINT('',(11.75,1.7763568394E-14,13.7));
#269 = DIRECTION('',(0.,0.,-1.));
#270 = DIRECTION('',(5.95814110634E-46,1.,0.));
#271 = PCURVE('',#225,#272);
#272 = DEFINITIONAL_REPRESENTATION('',(#273),#277);
#273 = LINE('',#274,#275);
#274 = CARTESIAN_POINT('',(-6.28318530718,1.175));
#275 = VECTOR('',#276,1.);
#276 = DIRECTION('',(1.,0.));
#277 = ( GEOMETRIC_REPRESENTATION_CONTEXT(2) 
PARAMETRIC_REPRESENTATION_CONTEXT() REPRESENTATION_CONTEXT('2D SPACE',''
  ) );
#278 = PCURVE('',#279,#284);
#279 = PLANE('',#280);
#280 = AXIS2_PLACEMENT_3D('',#281,#282,#283);
#281 = CARTESIAN_POINT('',(11.75,1.7763568394E-14,13.7));
#282 = DIRECTION('',(0.,0.,-1.));
#283 = DIRECTION('',(1.,-3.889384548663E-62,0.));
#284 = DEFINITIONAL_REPRESENTATION('',(#285),#289);
#285 = CIRCLE('',#286,0.8);
#286 = AXIS2_PLACEMENT_2D('',#287,#288);
#287 = CARTESIAN_POINT('',(0.,0.));
#288 = DIRECTION('',(0.,-1.));
#289 = ( GEOMETRIC_REPRESENTATION_CONTEXT(2) 
PARAMETRIC_REPRESENTATION_CONTEXT() REPRESENTATION_CONTEXT('2D SPACE',''
  ) );
#290 = ORIENTED_EDGE('',*,*,#241,.F.);
#291 = ADVANCED_FACE('',(#292,#323),#279,.T.);
#292 = FACE_BOUND('',#293,.T.);
#293 = EDGE_LOOP('',(#294));
#294 = ORIENTED_EDGE('',*,*,#295,.T.);
#295 = EDGE_CURVE('',#296,#296,#298,.T.);
#296 = VERTEX_POINT('',#297);
#297 = CARTESIAN_POINT('',(10.079950761411,1.796809043945E-14,13.7));
#298 = SURFACE_CURVE('',#299,(#304,#311),.PCURVE_S1.);
#299 = CIRCLE('',#300,1.670049238589);
#300 = AXIS2_PLACEMENT_3D('',#301,#302,#303);
#301 = CARTESIAN_POINT('',(11.75,1.7763568394E-14,13.7));
#302 = DIRECTION('',(0.,0.,-1.));
#303 = DIRECTION('',(-1.,3.889384548663E-62,0.));
#304 = PCURVE('',#279,#305);
#305 = DEFINITIONAL_REPRESENTATION('',(#306),#310);
#306 = CIRCLE('',#307,1.670049238589);
#307 = AXIS2_PLACEMENT_2D('',#308,#309);
#308 = CARTESIAN_POINT('',(0.,0.));
#309 = DIRECTION('',(-1.,-0.));
#310 = ( GEOMETRIC_REPRESENTATION_CONTEXT(2) 
PARAMETRIC_REPRESENTATION_CONTEXT() REPRESENTATION_CONTEXT('2D SPACE',''
  ) );
#311 = PCURVE('',#312,#317);
#312 = TOROIDAL_SURFACE('',#313,1.418098080214,0.331901919785);
#313 = AXIS2_PLACEMENT_3D('',#314,#315,#316);
#314 = CARTESIAN_POINT('',(11.75,1.7763568394E-14,13.916054387021));
#315 = DIRECTION('',(0.,0.,-1.));
#316 = DIRECTION('',(1.,-3.889384548663E-62,0.));
#317 = DEFINITIONAL_REPRESENTATION('',(#318),#322);
#318 = LINE('',#319,#320);
#319 = CARTESIAN_POINT('',(-3.14159265359,0.70884645589));
#320 = VECTOR('',#321,1.);
#321 = DIRECTION('',(1.,0.));
#322 = ( GEOMETRIC_REPRESENTATION_CONTEXT(2) 
PARAMETRIC_REPRESENTATION_CONTEXT() REPRESENTATION_CONTEXT('2D SPACE',''
  ) );
#323 = FACE_BOUND('',#324,.T.);
#324 = EDGE_LOOP('',(#325));
#325 = ORIENTED_EDGE('',*,*,#264,.F.);
#326 = ADVANCED_FACE('',(#327),#312,.T.);
#327 = FACE_BOUND('',#328,.T.);
#328 = EDGE_LOOP('',(#329,#330,#354,#403));
#329 = ORIENTED_EDGE('',*,*,#295,.F.);
#330 = ORIENTED_EDGE('',*,*,#331,.T.);
#331 = EDGE_CURVE('',#296,#332,#334,.T.);
#332 = VERTEX_POINT('',#333);
#333 = CARTESIAN_POINT('',(10.079950761411,1.796809043945E-14,
    14.132108774042));
#334 = SEAM_CURVE('',#335,(#340,#347),.PCURVE_S1.);
#335 = CIRCLE('',#336,0.331901919785);
#336 = AXIS2_PLACEMENT_3D('',#337,#338,#339);
#337 = CARTESIAN_POINT('',(10.331901919786,1.793723532148E-14,
    13.916054387021));
#338 = DIRECTION('',(1.224646799147E-16,1.,-0.));
#339 = DIRECTION('',(-1.,1.224646799147E-16,0.));
#340 = PCURVE('',#312,#341);
#341 = DEFINITIONAL_REPRESENTATION('',(#342),#346);
#342 = LINE('',#343,#344);
#343 = CARTESIAN_POINT('',(-3.14159265359,6.28318530718));
#344 = VECTOR('',#345,1.);
#345 = DIRECTION('',(0.,-1.));
#346 = ( GEOMETRIC_REPRESENTATION_CONTEXT(2) 
PARAMETRIC_REPRESENTATION_CONTEXT() REPRESENTATION_CONTEXT('2D SPACE',''
  ) );
#347 = PCURVE('',#312,#348);
#348 = DEFINITIONAL_REPRESENTATION('',(#349),#353);
#349 = LINE('',#350,#351);
#350 = CARTESIAN_POINT('',(3.14159265359,6.28318530718));
#351 = VECTOR('',#352,1.);
#352 = DIRECTION('',(0.,-1.));
#353 = ( GEOMETRIC_REPRESENTATION_CONTEXT(2) 
PARAMETRIC_REPRESENTATION_CONTEXT() REPRESENTATION_CONTEXT('2D SPACE',''
  ) );
#354 = ORIENTED_EDGE('',*,*,#355,.T.);
#355 = EDGE_CURVE('',#332,#332,#356,.T.);
#356 = SURFACE_CURVE('',#357,(#362,#369),.PCURVE_S1.);
#357 = CIRCLE('',#358,1.670049238589);
#358 = AXIS2_PLACEMENT_3D('',#359,#360,#361);
#359 = CARTESIAN_POINT('',(11.75,1.7763568394E-14,14.132108774042));
#360 = DIRECTION('',(0.,0.,-1.));
#361 = DIRECTION('',(-1.,3.889384548663E-62,0.));
#362 = PCURVE('',#312,#363);
#363 = DEFINITIONAL_REPRESENTATION('',(#364),#368);
#364 = LINE('',#365,#366);
#365 = CARTESIAN_POINT('',(-3.14159265359,-0.70884645589));
#366 = VECTOR('',#367,1.);
#367 = DIRECTION('',(1.,0.));
#368 = ( GEOMETRIC_REPRESENTATION_CONTEXT(2) 
PARAMETRIC_REPRESENTATION_CONTEXT() REPRESENTATION_CONTEXT('2D SPACE',''
  ) );
#369 = PCURVE('',#370,#375);
#370 = SPHERICAL_SURFACE('',#371,2.2);
#371 = AXIS2_PLACEMENT_3D('',#372,#373,#374);
#372 = CARTESIAN_POINT('',(11.75,1.7763568394E-14,12.7));
#373 = DIRECTION('',(6.123233995737E-17,-2.381561169087E-78,-1.));
#374 = DIRECTION('',(1.,-3.889384548663E-62,6.123233995737E-17));
#375 = DEFINITIONAL_REPRESENTATION('',(#376),#402);
#376 = B_SPLINE_CURVE_WITH_KNOTS('',3,(#377,#378,#379,#380,#381,#382,
    #383,#384,#385,#386,#387,#388,#389,#390,#391,#392,#393,#394,#395,
    #396,#397,#398,#399,#400,#401),.UNSPECIFIED.,.F.,.F.,(4,1,1,1,1,1,1,
    1,1,1,1,1,1,1,1,1,1,1,1,1,1,1,4),(0.,0.285599332145,0.571198664289,
    0.856797996434,1.142397328578,1.427996660723,1.713595992867,
    1.999195325012,2.284794657156,2.570393989301,2.855993321445,
    3.14159265359,3.427191985734,3.712791317879,3.998390650023,
    4.283989982168,4.569589314312,4.855188646457,5.140787978601,
    5.426387310746,5.711986642891,5.997585975035,6.28318530718),
  .QUASI_UNIFORM_KNOTS.);
#377 = CARTESIAN_POINT('',(-3.14159265359,-0.708846455891));
#378 = CARTESIAN_POINT('',(-3.046392876208,-0.708846455891));
#379 = CARTESIAN_POINT('',(-2.855993321445,-0.708846455891));
#380 = CARTESIAN_POINT('',(-2.570393989301,-0.708846455891));
#381 = CARTESIAN_POINT('',(-2.284794657156,-0.708846455891));
#382 = CARTESIAN_POINT('',(-1.999195325012,-0.708846455891));
#383 = CARTESIAN_POINT('',(-1.713595992867,-0.708846455891));
#384 = CARTESIAN_POINT('',(-1.427996660723,-0.708846455891));
#385 = CARTESIAN_POINT('',(-1.142397328578,-0.708846455891));
#386 = CARTESIAN_POINT('',(-0.856797996434,-0.708846455891));
#387 = CARTESIAN_POINT('',(-0.571198664289,-0.708846455891));
#388 = CARTESIAN_POINT('',(-0.285599332145,-0.708846455891));
#389 = CARTESIAN_POINT('',(0.,-0.708846455891));
#390 = CARTESIAN_POINT('',(0.285599332145,-0.708846455891));
#391 = CARTESIAN_POINT('',(0.571198664289,-0.708846455891));
#392 = CARTESIAN_POINT('',(0.856797996434,-0.708846455891));
#393 = CARTESIAN_POINT('',(1.142397328578,-0.708846455891));
#394 = CARTESIAN_POINT('',(1.427996660723,-0.708846455891));
#395 = CARTESIAN_POINT('',(1.713595992867,-0.708846455891));
#396 = CARTESIAN_POINT('',(1.999195325012,-0.708846455891));
#397 = CARTESIAN_POINT('',(2.284794657156,-0.708846455891));
#398 = CARTESIAN_POINT('',(2.570393989301,-0.708846455891));
#399 = CARTESIAN_POINT('',(2.855993321445,-0.708846455891));
#400 = CARTESIAN_POINT('',(3.046392876208,-0.708846455891));
#401 = CARTESIAN_POINT('',(3.14159265359,-0.708846455891));
#402 = ( GEOMETRIC_REPRESENTATION_CONTEXT(2) 
PARAMETRIC_REPRESENTATION_CONTEXT() REPRESENTATION_CONTEXT('2D SPACE',''
  ) );
#403 = ORIENTED_EDGE('',*,*,#331,.F.);
#404 = ADVANCED_FACE('',(#405),#370,.T.);
#405 = FACE_BOUND('',#406,.T.);
#406 = EDGE_LOOP('',(#407,#408,#432,#461,#512,#591,#642,#671,#722,#801,
    #852,#903,#954,#1033,#1084,#1113,#1164,#1243,#1294,#1316));
#407 = ORIENTED_EDGE('',*,*,#355,.F.);
#408 = ORIENTED_EDGE('',*,*,#409,.T.);
#409 = EDGE_CURVE('',#332,#410,#412,.T.);
#410 = VERTEX_POINT('',#411);
#411 = CARTESIAN_POINT('',(10.5,1.79166492439E-14,14.510386699023));
#412 = SEAM_CURVE('',#413,(#418,#425),.PCURVE_S1.);
#413 = CIRCLE('',#414,2.2);
#414 = AXIS2_PLACEMENT_3D('',#415,#416,#417);
#415 = CARTESIAN_POINT('',(11.75,1.7763568394E-14,12.7));
#416 = DIRECTION('',(1.224646799147E-16,1.,-0.));
#417 = DIRECTION('',(-1.,1.224646799147E-16,0.));
#418 = PCURVE('',#370,#419);
#419 = DEFINITIONAL_REPRESENTATION('',(#420),#424);
#420 = LINE('',#421,#422);
#421 = CARTESIAN_POINT('',(-3.14159265359,0.));
#422 = VECTOR('',#423,1.);
#423 = DIRECTION('',(0.,-1.));
#424 = ( GEOMETRIC_REPRESENTATION_CONTEXT(2) 
PARAMETRIC_REPRESENTATION_CONTEXT() REPRESENTATION_CONTEXT('2D SPACE',''
  ) );
#425 = PCURVE('',#370,#426);
#426 = DEFINITIONAL_REPRESENTATION('',(#427),#431);
#427 = LINE('',#428,#429);
#428 = CARTESIAN_POINT('',(3.14159265359,0.));
#429 = VECTOR('',#430,1.);
#430 = DIRECTION('',(0.,-1.));
#431 = ( GEOMETRIC_REPRESENTATION_CONTEXT(2) 
PARAMETRIC_REPRESENTATION_CONTEXT() REPRESENTATION_CONTEXT('2D SPACE',''
  ) );
#432 = ORIENTED_EDGE('',*,*,#433,.T.);
#433 = EDGE_CURVE('',#410,#434,#436,.T.);
#434 = VERTEX_POINT('',#435);
#435 = CARTESIAN_POINT('',(10.517276681008,0.207106781187,
    14.510386699023));
#436 = SURFACE_CURVE('',#437,(#442,#449),.PCURVE_S1.);
#437 = CIRCLE('',#438,1.25);
#438 = AXIS2_PLACEMENT_3D('',#439,#440,#441);
#439 = CARTESIAN_POINT('',(11.75,1.7763568394E-14,14.510386699023));
#440 = DIRECTION('',(0.,0.,-1.));
#441 = DIRECTION('',(-1.,3.889384548663E-62,0.));
#442 = PCURVE('',#370,#443);
#443 = DEFINITIONAL_REPRESENTATION('',(#444),#448);
#444 = LINE('',#445,#446);
#445 = CARTESIAN_POINT('',(-3.14159265359,-0.966501634002));
#446 = VECTOR('',#447,1.);
#447 = DIRECTION('',(1.,0.));
#448 = ( GEOMETRIC_REPRESENTATION_CONTEXT(2) 
PARAMETRIC_REPRESENTATION_CONTEXT() REPRESENTATION_CONTEXT('2D SPACE',''
  ) );
#449 = PCURVE('',#450,#455);
#450 = CYLINDRICAL_SURFACE('',#451,1.25);
#451 = AXIS2_PLACEMENT_3D('',#452,#453,#454);
#452 = CARTESIAN_POINT('',(11.75,1.7763568394E-14,14.3));
#453 = DIRECTION('',(0.,0.,-1.));
#454 = DIRECTION('',(-1.,3.889384548663E-62,0.));
#455 = DEFINITIONAL_REPRESENTATION('',(#456),#460);
#456 = LINE('',#457,#458);
#457 = CARTESIAN_POINT('',(0.,-0.210386699023));
#458 = VECTOR('',#459,1.);
#459 = DIRECTION('',(1.,0.));
#460 = ( GEOMETRIC_REPRESENTATION_CONTEXT(2) 
PARAMETRIC_REPRESENTATION_CONTEXT() REPRESENTATION_CONTEXT('2D SPACE',''
  ) );
#461 = ORIENTED_EDGE('',*,*,#462,.T.);
#462 = EDGE_CURVE('',#434,#463,#465,.T.);
#463 = VERTEX_POINT('',#464);
#464 = CARTESIAN_POINT('',(11.042893218814,0.207106781187,
    14.772946400944));
#465 = SURFACE_CURVE('',#466,(#471,#500),.PCURVE_S1.);
#466 = CIRCLE('',#467,2.190229846657);
#467 = AXIS2_PLACEMENT_3D('',#468,#469,#470);
#468 = CARTESIAN_POINT('',(11.75,0.207106781187,12.7));
#469 = DIRECTION('',(3.889384548663E-62,1.,0.));
#470 = DIRECTION('',(-0.562828289859,2.189055654128E-62,0.826573841913)
  );
#471 = PCURVE('',#370,#472);
#472 = DEFINITIONAL_REPRESENTATION('',(#473),#499);
#473 = B_SPLINE_CURVE_WITH_KNOTS('',3,(#474,#475,#476,#477,#478,#479,
    #480,#481,#482,#483,#484,#485,#486,#487,#488,#489,#490,#491,#492,
    #493,#494,#495,#496,#497,#498),.UNSPECIFIED.,.F.,.F.,(4,1,1,1,1,1,1,
    1,1,1,1,1,1,1,1,1,1,1,1,1,1,1,4),(0.,1.223039267249E-02,
    2.446078534498E-02,3.669117801747E-02,4.892157068996E-02,
    6.115196336246E-02,7.338235603495E-02,8.561274870744E-02,
    9.784314137993E-02,0.110073534052,0.122303926725,0.134534319397,
    0.14676471207,0.158995104742,0.171225497415,0.183455890087,
    0.19568628276,0.207916675432,0.220147068105,0.232377460777,
    0.24460785345,0.256838246122,0.269068638795),.QUASI_UNIFORM_KNOTS.);
#474 = CARTESIAN_POINT('',(-2.975139651584,-0.966501634002));
#475 = CARTESIAN_POINT('',(-2.974161312819,-0.970522082052));
#476 = CARTESIAN_POINT('',(-2.972162517465,-0.978561005864));
#477 = CARTESIAN_POINT('',(-2.969029499236,-0.990613063608));
#478 = CARTESIAN_POINT('',(-2.965753459235,-1.002658395676));
#479 = CARTESIAN_POINT('',(-2.962325237866,-1.014696557455));
#480 = CARTESIAN_POINT('',(-2.958734949281,-1.026727068884));
#481 = CARTESIAN_POINT('',(-2.954971810642,-1.038749406051));
#482 = CARTESIAN_POINT('',(-2.951024066392,-1.050762997405));
#483 = CARTESIAN_POINT('',(-2.946878870687,-1.062767217894));
#484 = CARTESIAN_POINT('',(-2.942522162065,-1.074761382687));
#485 = CARTESIAN_POINT('',(-2.937938518146,-1.08674473989));
#486 = CARTESIAN_POINT('',(-2.933110990001,-1.098716462197));
#487 = CARTESIAN_POINT('',(-2.928020911953,-1.110675637286));
#488 = CARTESIAN_POINT('',(-2.922647682814,-1.122621256721));
#489 = CARTESIAN_POINT('',(-2.916968513312,-1.134552203087));
#490 = CARTESIAN_POINT('',(-2.910958134217,-1.146467235063));
#491 = CARTESIAN_POINT('',(-2.90458845577,-1.158364969914));
#492 = CARTESIAN_POINT('',(-2.897828177286,-1.170243863315));
#493 = CARTESIAN_POINT('',(-2.890642307473,-1.18210218442));
#494 = CARTESIAN_POINT('',(-2.882991689559,-1.19393799099));
#495 = CARTESIAN_POINT('',(-2.874832115391,-1.205749082913));
#496 = CARTESIAN_POINT('',(-2.866114501346,-1.21753301042));
#497 = CARTESIAN_POINT('',(-2.859891855363,-1.225368901177));
#498 = CARTESIAN_POINT('',(-2.856668526968,-1.229281366224));
#499 = ( GEOMETRIC_REPRESENTATION_CONTEXT(2) 
PARAMETRIC_REPRESENTATION_CONTEXT() REPRESENTATION_CONTEXT('2D SPACE',''
  ) );
#500 = PCURVE('',#501,#506);
#501 = PLANE('',#502);
#502 = AXIS2_PLACEMENT_3D('',#503,#504,#505);
#503 = CARTESIAN_POINT('',(10.517276681008,0.207106781187,14.3));
#504 = DIRECTION('',(5.95814110634E-46,1.,0.));
#505 = DIRECTION('',(1.,-3.889384548663E-62,0.));
#506 = DEFINITIONAL_REPRESENTATION('',(#507),#511);
#507 = CIRCLE('',#508,2.190229846657);
#508 = AXIS2_PLACEMENT_2D('',#509,#510);
#509 = CARTESIAN_POINT('',(1.232723318992,1.6));
#510 = DIRECTION('',(-0.562828289859,-0.826573841913));
#511 = ( GEOMETRIC_REPRESENTATION_CONTEXT(2) 
PARAMETRIC_REPRESENTATION_CONTEXT() REPRESENTATION_CONTEXT('2D SPACE',''
  ) );
#512 = ORIENTED_EDGE('',*,*,#513,.T.);
#513 = EDGE_CURVE('',#463,#514,#516,.T.);
#514 = VERTEX_POINT('',#515);
#515 = CARTESIAN_POINT('',(11.542893218814,0.707106781187,
    14.772946400944));
#516 = SURFACE_CURVE('',#517,(#528,#557),.PCURVE_S1.);
#517 = B_SPLINE_CURVE_WITH_KNOTS('',3,(#518,#519,#520,#521,#522,#523,
    #524,#525,#526,#527),.UNSPECIFIED.,.F.,.F.,(4,2,2,2,4),(
    8.329344731107E-02,0.102567923594,0.121842399878,0.141116876161,
    0.160391352444),.UNSPECIFIED.);
#518 = CARTESIAN_POINT('',(11.042893218814,0.207106781187,
    14.772946400944));
#519 = CARTESIAN_POINT('',(11.103701077712,0.207106781187,
    14.793688688037));
#520 = CARTESIAN_POINT('',(11.170037815938,0.218952207327,14.81194527292
    ));
#521 = CARTESIAN_POINT('',(11.29370597343,0.26943834806,14.836307042013)
  );
#522 = CARTESIAN_POINT('',(11.351016233128,0.308123014314,
    14.842428528563));
#523 = CARTESIAN_POINT('',(11.441876985686,0.398983766872,
    14.842428528563));
#524 = CARTESIAN_POINT('',(11.48056165194,0.45629402657,14.836307042013)
  );
#525 = CARTESIAN_POINT('',(11.531047792673,0.579962184062,14.81194527292
    ));
#526 = CARTESIAN_POINT('',(11.542893218814,0.646298922288,
    14.793688688037));
#527 = CARTESIAN_POINT('',(11.542893218814,0.707106781187,
    14.772946400944));
#528 = PCURVE('',#370,#529);
#529 = DEFINITIONAL_REPRESENTATION('',(#530),#556);
#530 = B_SPLINE_CURVE_WITH_KNOTS('',3,(#531,#532,#533,#534,#535,#536,
    #537,#538,#539,#540,#541,#542,#543,#544,#545,#546,#547,#548,#549,
    #550,#551,#552,#553,#554,#555),.UNSPECIFIED.,.F.,.F.,(4,1,1,1,1,1,1,
    1,1,1,1,1,1,1,1,1,1,1,1,1,1,1,4),(8.329344731107E-02,
    8.679789754438E-02,9.03023477777E-02,9.380679801102E-02,
    9.731124824434E-02,0.100815698478,0.104320148711,0.107824598944,
    0.111329049178,0.114833499411,0.118337949644,0.121842399878,
    0.125346850111,0.128851300344,0.132355750578,0.135860200811,
    0.139364651044,0.142869101277,0.146373551511,0.149878001744,
    0.153382451977,0.156886902211,0.160391352444),
  .QUASI_UNIFORM_KNOTS.);
#531 = CARTESIAN_POINT('',(-2.856668526968,-1.229281366224));
#532 = CARTESIAN_POINT('',(-2.852446755484,-1.234397783886));
#533 = CARTESIAN_POINT('',(-2.842495420929,-1.244652278999));
#534 = CARTESIAN_POINT('',(-2.822411137139,-1.25984311337));
#535 = CARTESIAN_POINT('',(-2.796547086136,-1.274597696894));
#536 = CARTESIAN_POINT('',(-2.764240805877,-1.288633779127));
#537 = CARTESIAN_POINT('',(-2.724899848605,-1.301645751247));
#538 = CARTESIAN_POINT('',(-2.678042751171,-1.313284134465));
#539 = CARTESIAN_POINT('',(-2.623739048237,-1.323236974853));
#540 = CARTESIAN_POINT('',(-2.562776939179,-1.331266332503));
#541 = CARTESIAN_POINT('',(-2.496507089353,-1.337150434763));
#542 = CARTESIAN_POINT('',(-2.426700400353,-1.340727802245));
#543 = CARTESIAN_POINT('',(-2.356194490192,-1.341916284249));
#544 = CARTESIAN_POINT('',(-2.285688580032,-1.340727802245));
#545 = CARTESIAN_POINT('',(-2.215881891031,-1.337150434763));
#546 = CARTESIAN_POINT('',(-2.149612041206,-1.331266332503));
#547 = CARTESIAN_POINT('',(-2.088649932148,-1.323236974853));
#548 = CARTESIAN_POINT('',(-2.034346229214,-1.313284134465));
#549 = CARTESIAN_POINT('',(-1.98748913178,-1.301645751247));
#550 = CARTESIAN_POINT('',(-1.948148174508,-1.288633779127));
#551 = CARTESIAN_POINT('',(-1.915841894248,-1.274597696894));
#552 = CARTESIAN_POINT('',(-1.889977843246,-1.25984311337));
#553 = CARTESIAN_POINT('',(-1.869893559456,-1.244652278999));
#554 = CARTESIAN_POINT('',(-1.859942224901,-1.234397783886));
#555 = CARTESIAN_POINT('',(-1.855720453417,-1.229281366224));
#556 = ( GEOMETRIC_REPRESENTATION_CONTEXT(2) 
PARAMETRIC_REPRESENTATION_CONTEXT() REPRESENTATION_CONTEXT('2D SPACE',''
  ) );
#557 = PCURVE('',#558,#563);
#558 = CYLINDRICAL_SURFACE('',#559,0.5);
#559 = AXIS2_PLACEMENT_3D('',#560,#561,#562);
#560 = CARTESIAN_POINT('',(11.042893218814,0.707106781187,14.3));
#561 = DIRECTION('',(0.,0.,-1.));
#562 = DIRECTION('',(-1.,3.889384548663E-62,0.));
#563 = DEFINITIONAL_REPRESENTATION('',(#564),#590);
#564 = B_SPLINE_CURVE_WITH_KNOTS('',3,(#565,#566,#567,#568,#569,#570,
    #571,#572,#573,#574,#575,#576,#577,#578,#579,#580,#581,#582,#583,
    #584,#585,#586,#587,#588,#589),.UNSPECIFIED.,.F.,.F.,(4,1,1,1,1,1,1,
    1,1,1,1,1,1,1,1,1,1,1,1,1,1,1,4),(8.329344731107E-02,
    8.679789754438E-02,9.03023477777E-02,9.380679801102E-02,
    9.731124824434E-02,0.100815698478,0.104320148711,0.107824598944,
    0.111329049178,0.114833499411,0.118337949644,0.121842399878,
    0.125346850111,0.128851300344,0.132355750578,0.135860200811,
    0.139364651044,0.142869101277,0.146373551511,0.149878001744,
    0.153382451977,0.156886902211,0.160391352444),
  .QUASI_UNIFORM_KNOTS.);
#565 = CARTESIAN_POINT('',(4.712388980385,-0.472946400944));
#566 = CARTESIAN_POINT('',(4.690277180919,-0.47671772587));
#567 = CARTESIAN_POINT('',(4.645321396376,-0.484096041331));
#568 = CARTESIAN_POINT('',(4.576075803595,-0.494540958841));
#569 = CARTESIAN_POINT('',(4.50540751802,-0.504234112195));
#570 = CARTESIAN_POINT('',(4.433689724734,-0.513045088808));
#571 = CARTESIAN_POINT('',(4.361257304235,-0.5208479485));
#572 = CARTESIAN_POINT('',(4.288370520375,-0.527500065584));
#573 = CARTESIAN_POINT('',(4.21524425178,-0.532939412557));
#574 = CARTESIAN_POINT('',(4.142163586971,-0.537176159153));
#575 = CARTESIAN_POINT('',(4.069503934249,-0.54020474102));
#576 = CARTESIAN_POINT('',(3.997496647701,-0.542023811191));
#577 = CARTESIAN_POINT('',(3.926990816987,-0.542630887249));
#578 = CARTESIAN_POINT('',(3.856484986274,-0.542023811191));
#579 = CARTESIAN_POINT('',(3.784477699725,-0.54020474102));
#580 = CARTESIAN_POINT('',(3.711818047004,-0.537176159153));
#581 = CARTESIAN_POINT('',(3.638737382195,-0.532939412557));
#582 = CARTESIAN_POINT('',(3.5656111136,-0.527500065584));
#583 = CARTESIAN_POINT('',(3.49272432974,-0.5208479485));
#584 = CARTESIAN_POINT('',(3.42029190924,-0.513045088808));
#585 = CARTESIAN_POINT('',(3.348574115954,-0.504234112195));
#586 = CARTESIAN_POINT('',(3.277905830379,-0.494540958841));
#587 = CARTESIAN_POINT('',(3.208660237598,-0.484096041331));
#588 = CARTESIAN_POINT('',(3.163704453056,-0.47671772587));
#589 = CARTESIAN_POINT('',(3.14159265359,-0.472946400944));
#590 = ( GEOMETRIC_REPRESENTATION_CONTEXT(2) 
PARAMETRIC_REPRESENTATION_CONTEXT() REPRESENTATION_CONTEXT('2D SPACE',''
  ) );
#591 = ORIENTED_EDGE('',*,*,#592,.T.);
#592 = EDGE_CURVE('',#514,#593,#595,.T.);
#593 = VERTEX_POINT('',#594);
#594 = CARTESIAN_POINT('',(11.542893218814,1.232723318992,
    14.510386699023));
#595 = SURFACE_CURVE('',#596,(#601,#630),.PCURVE_S1.);
#596 = CIRCLE('',#597,2.190229846657);
#597 = AXIS2_PLACEMENT_3D('',#598,#599,#600);
#598 = CARTESIAN_POINT('',(11.542893218814,1.7763568394E-14,12.7));
#599 = DIRECTION('',(-1.,5.95814110634E-46,0.));
#600 = DIRECTION('',(1.923561577791E-46,0.322845925174,0.946451535262));
#601 = PCURVE('',#370,#602);
#602 = DEFINITIONAL_REPRESENTATION('',(#603),#629);
#603 = B_SPLINE_CURVE_WITH_KNOTS('',3,(#604,#605,#606,#607,#608,#609,
    #610,#611,#612,#613,#614,#615,#616,#617,#618,#619,#620,#621,#622,
    #623,#624,#625,#626,#627,#628),.UNSPECIFIED.,.F.,.F.,(4,1,1,1,1,1,1,
    1,1,1,1,1,1,1,1,1,1,1,1,1,1,1,4),(0.,1.223039267249E-02,
    2.446078534498E-02,3.669117801747E-02,4.892157068996E-02,
    6.115196336245E-02,7.338235603494E-02,8.561274870743E-02,
    9.784314137992E-02,0.110073534052,0.122303926725,0.134534319397,
    0.14676471207,0.158995104742,0.171225497415,0.183455890087,
    0.19568628276,0.207916675432,0.220147068105,0.232377460777,
    0.24460785345,0.256838246122,0.269068638795),.QUASI_UNIFORM_KNOTS.);
#604 = CARTESIAN_POINT('',(-1.855720453417,-1.229281366224));
#605 = CARTESIAN_POINT('',(-1.852497125021,-1.225368901177));
#606 = CARTESIAN_POINT('',(-1.846274479039,-1.21753301042));
#607 = CARTESIAN_POINT('',(-1.837556864994,-1.205749082913));
#608 = CARTESIAN_POINT('',(-1.829397290825,-1.19393799099));
#609 = CARTESIAN_POINT('',(-1.821746672912,-1.18210218442));
#610 = CARTESIAN_POINT('',(-1.814560803099,-1.170243863315));
#611 = CARTESIAN_POINT('',(-1.807800524615,-1.158364969914));
#612 = CARTESIAN_POINT('',(-1.801430846168,-1.146467235063));
#613 = CARTESIAN_POINT('',(-1.795420467072,-1.134552203087));
#614 = CARTESIAN_POINT('',(-1.789741297571,-1.122621256721));
#615 = CARTESIAN_POINT('',(-1.784368068432,-1.110675637286));
#616 = CARTESIAN_POINT('',(-1.779277990384,-1.098716462197));
#617 = CARTESIAN_POINT('',(-1.774450462239,-1.08674473989));
#618 = CARTESIAN_POINT('',(-1.769866818319,-1.074761382687));
#619 = CARTESIAN_POINT('',(-1.765510109697,-1.062767217894));
#620 = CARTESIAN_POINT('',(-1.761364913993,-1.050762997405));
#621 = CARTESIAN_POINT('',(-1.757417169743,-1.038749406051));
#622 = CARTESIAN_POINT('',(-1.753654031104,-1.026727068884));
#623 = CARTESIAN_POINT('',(-1.750063742519,-1.014696557455));
#624 = CARTESIAN_POINT('',(-1.746635521149,-1.002658395676));
#625 = CARTESIAN_POINT('',(-1.743359481148,-0.990613063608));
#626 = CARTESIAN_POINT('',(-1.74022646292,-0.978561005864));
#627 = CARTESIAN_POINT('',(-1.738227667566,-0.970522082052));
#628 = CARTESIAN_POINT('',(-1.737249328801,-0.966501634002));
#629 = ( GEOMETRIC_REPRESENTATION_CONTEXT(2) 
PARAMETRIC_REPRESENTATION_CONTEXT() REPRESENTATION_CONTEXT('2D SPACE',''
  ) );
#630 = PCURVE('',#631,#636);
#631 = PLANE('',#632);
#632 = AXIS2_PLACEMENT_3D('',#633,#634,#635);
#633 = CARTESIAN_POINT('',(11.542893218814,0.707106781187,14.3));
#634 = DIRECTION('',(-1.,3.889384548663E-62,0.));
#635 = DIRECTION('',(5.95814110634E-46,1.,0.));
#636 = DEFINITIONAL_REPRESENTATION('',(#637),#641);
#637 = CIRCLE('',#638,2.190229846657);
#638 = AXIS2_PLACEMENT_2D('',#639,#640);
#639 = CARTESIAN_POINT('',(-0.707106781187,1.6));
#640 = DIRECTION('',(0.322845925174,-0.946451535262));
#641 = ( GEOMETRIC_REPRESENTATION_CONTEXT(2) 
PARAMETRIC_REPRESENTATION_CONTEXT() REPRESENTATION_CONTEXT('2D SPACE',''
  ) );
#642 = ORIENTED_EDGE('',*,*,#643,.T.);
#643 = EDGE_CURVE('',#593,#644,#646,.T.);
#644 = VERTEX_POINT('',#645);
#645 = CARTESIAN_POINT('',(11.957106781186,1.232723318992,
    14.510386699023));
#646 = SURFACE_CURVE('',#647,(#652,#659),.PCURVE_S1.);
#647 = CIRCLE('',#648,1.25);
#648 = AXIS2_PLACEMENT_3D('',#649,#650,#651);
#649 = CARTESIAN_POINT('',(11.75,1.7763568394E-14,14.510386699023));
#650 = DIRECTION('',(0.,0.,-1.));
#651 = DIRECTION('',(-0.165685424949,0.986178655194,0.));
#652 = PCURVE('',#370,#653);
#653 = DEFINITIONAL_REPRESENTATION('',(#654),#658);
#654 = LINE('',#655,#656);
#655 = CARTESIAN_POINT('',(-1.737249328801,-0.966501634002));
#656 = VECTOR('',#657,1.);
#657 = DIRECTION('',(1.,0.));
#658 = ( GEOMETRIC_REPRESENTATION_CONTEXT(2) 
PARAMETRIC_REPRESENTATION_CONTEXT() REPRESENTATION_CONTEXT('2D SPACE',''
  ) );
#659 = PCURVE('',#660,#665);
#660 = CYLINDRICAL_SURFACE('',#661,1.25);
#661 = AXIS2_PLACEMENT_3D('',#662,#663,#664);
#662 = CARTESIAN_POINT('',(11.75,1.7763568394E-14,14.3));
#663 = DIRECTION('',(0.,0.,-1.));
#664 = DIRECTION('',(-1.,3.889384548663E-62,0.));
#665 = DEFINITIONAL_REPRESENTATION('',(#666),#670);
#666 = LINE('',#667,#668);
#667 = CARTESIAN_POINT('',(1.404343324789,-0.210386699023));
#668 = VECTOR('',#669,1.);
#669 = DIRECTION('',(1.,0.));
#670 = ( GEOMETRIC_REPRESENTATION_CONTEXT(2) 
PARAMETRIC_REPRESENTATION_CONTEXT() REPRESENTATION_CONTEXT('2D SPACE',''
  ) );
#671 = ORIENTED_EDGE('',*,*,#672,.T.);
#672 = EDGE_CURVE('',#644,#673,#675,.T.);
#673 = VERTEX_POINT('',#674);
#674 = CARTESIAN_POINT('',(11.957106781186,0.707106781187,
    14.772946400944));
#675 = SURFACE_CURVE('',#676,(#681,#710),.PCURVE_S1.);
#676 = CIRCLE('',#677,2.190229846657);
#677 = AXIS2_PLACEMENT_3D('',#678,#679,#680);
#678 = CARTESIAN_POINT('',(11.957106781186,1.7763568394E-14,12.7));
#679 = DIRECTION('',(1.,-5.95814110634E-46,0.));
#680 = DIRECTION('',(3.35341036962E-46,0.562828289859,0.826573841913));
#681 = PCURVE('',#370,#682);
#682 = DEFINITIONAL_REPRESENTATION('',(#683),#709);
#683 = B_SPLINE_CURVE_WITH_KNOTS('',3,(#684,#685,#686,#687,#688,#689,
    #690,#691,#692,#693,#694,#695,#696,#697,#698,#699,#700,#701,#702,
    #703,#704,#705,#706,#707,#708),.UNSPECIFIED.,.F.,.F.,(4,1,1,1,1,1,1,
    1,1,1,1,1,1,1,1,1,1,1,1,1,1,1,4),(0.,1.223039267249E-02,
    2.446078534498E-02,3.669117801747E-02,4.892157068996E-02,
    6.115196336246E-02,7.338235603495E-02,8.561274870744E-02,
    9.784314137993E-02,0.110073534052,0.122303926725,0.134534319397,
    0.14676471207,0.158995104742,0.171225497415,0.183455890087,
    0.19568628276,0.207916675432,0.220147068105,0.232377460777,
    0.24460785345,0.256838246122,0.269068638795),.QUASI_UNIFORM_KNOTS.);
#684 = CARTESIAN_POINT('',(-1.404343324789,-0.966501634002));
#685 = CARTESIAN_POINT('',(-1.403364986024,-0.970522082052));
#686 = CARTESIAN_POINT('',(-1.40136619067,-0.978561005864));
#687 = CARTESIAN_POINT('',(-1.398233172441,-0.990613063608));
#688 = CARTESIAN_POINT('',(-1.394957132441,-1.002658395676));
#689 = CARTESIAN_POINT('',(-1.391528911071,-1.014696557455));
#690 = CARTESIAN_POINT('',(-1.387938622486,-1.026727068884));
#691 = CARTESIAN_POINT('',(-1.384175483847,-1.038749406051));
#692 = CARTESIAN_POINT('',(-1.380227739597,-1.050762997405));
#693 = CARTESIAN_POINT('',(-1.376082543893,-1.062767217894));
#694 = CARTESIAN_POINT('',(-1.371725835271,-1.074761382687));
#695 = CARTESIAN_POINT('',(-1.367142191351,-1.08674473989));
#696 = CARTESIAN_POINT('',(-1.362314663206,-1.098716462197));
#697 = CARTESIAN_POINT('',(-1.357224585158,-1.110675637286));
#698 = CARTESIAN_POINT('',(-1.351851356019,-1.122621256721));
#699 = CARTESIAN_POINT('',(-1.346172186517,-1.134552203087));
#700 = CARTESIAN_POINT('',(-1.340161807422,-1.146467235063));
#701 = CARTESIAN_POINT('',(-1.333792128975,-1.158364969914));
#702 = CARTESIAN_POINT('',(-1.327031850491,-1.170243863315));
#703 = CARTESIAN_POINT('',(-1.319845980678,-1.18210218442));
#704 = CARTESIAN_POINT('',(-1.312195362764,-1.19393799099));
#705 = CARTESIAN_POINT('',(-1.304035788596,-1.205749082913));
#706 = CARTESIAN_POINT('',(-1.295318174551,-1.21753301042));
#707 = CARTESIAN_POINT('',(-1.289095528569,-1.225368901177));
#708 = CARTESIAN_POINT('',(-1.285872200173,-1.229281366224));
#709 = ( GEOMETRIC_REPRESENTATION_CONTEXT(2) 
PARAMETRIC_REPRESENTATION_CONTEXT() REPRESENTATION_CONTEXT('2D SPACE',''
  ) );
#710 = PCURVE('',#711,#716);
#711 = PLANE('',#712);
#712 = AXIS2_PLACEMENT_3D('',#713,#714,#715);
#713 = CARTESIAN_POINT('',(11.957106781186,1.232723318992,14.3));
#714 = DIRECTION('',(1.,-3.889384548663E-62,0.));
#715 = DIRECTION('',(-5.95814110634E-46,-1.,0.));
#716 = DEFINITIONAL_REPRESENTATION('',(#717),#721);
#717 = CIRCLE('',#718,2.190229846657);
#718 = AXIS2_PLACEMENT_2D('',#719,#720);
#719 = CARTESIAN_POINT('',(1.232723318992,1.6));
#720 = DIRECTION('',(-0.562828289859,-0.826573841913));
#721 = ( GEOMETRIC_REPRESENTATION_CONTEXT(2) 
PARAMETRIC_REPRESENTATION_CONTEXT() REPRESENTATION_CONTEXT('2D SPACE',''
  ) );
#722 = ORIENTED_EDGE('',*,*,#723,.T.);
#723 = EDGE_CURVE('',#673,#724,#726,.T.);
#724 = VERTEX_POINT('',#725);
#725 = CARTESIAN_POINT('',(12.457106781186,0.207106781187,
    14.772946400944));
#726 = SURFACE_CURVE('',#727,(#738,#767),.PCURVE_S1.);
#727 = B_SPLINE_CURVE_WITH_KNOTS('',3,(#728,#729,#730,#731,#732,#733,
    #734,#735,#736,#737),.UNSPECIFIED.,.F.,.F.,(4,2,2,2,4),(0.,
    1.927447628325E-02,3.854895256649E-02,5.782342884974E-02,
    7.709790513298E-02),.UNSPECIFIED.);
#728 = CARTESIAN_POINT('',(11.957106781186,0.707106781187,
    14.772946400944));
#729 = CARTESIAN_POINT('',(11.957106781186,0.646298922288,
    14.793688688037));
#730 = CARTESIAN_POINT('',(11.968952207327,0.579962184062,14.81194527292
    ));
#731 = CARTESIAN_POINT('',(12.01943834806,0.45629402657,14.836307042013)
  );
#732 = CARTESIAN_POINT('',(12.058123014314,0.398983766872,
    14.842428528563));
#733 = CARTESIAN_POINT('',(12.148983766872,0.308123014314,
    14.842428528563));
#734 = CARTESIAN_POINT('',(12.20629402657,0.26943834806,14.836307042013)
  );
#735 = CARTESIAN_POINT('',(12.329962184062,0.218952207327,14.81194527292
    ));
#736 = CARTESIAN_POINT('',(12.396298922288,0.207106781187,
    14.793688688037));
#737 = CARTESIAN_POINT('',(12.457106781186,0.207106781187,
    14.772946400944));
#738 = PCURVE('',#370,#739);
#739 = DEFINITIONAL_REPRESENTATION('',(#740),#766);
#740 = B_SPLINE_CURVE_WITH_KNOTS('',3,(#741,#742,#743,#744,#745,#746,
    #747,#748,#749,#750,#751,#752,#753,#754,#755,#756,#757,#758,#759,
    #760,#761,#762,#763,#764,#765),.UNSPECIFIED.,.F.,.F.,(4,1,1,1,1,1,1,
    1,1,1,1,1,1,1,1,1,1,1,1,1,1,1,4),(0.,3.504450233317E-03,
    7.008900466635E-03,1.051335069995E-02,1.401780093327E-02,
    1.752225116659E-02,2.10267013999E-02,2.453115163322E-02,
    2.803560186654E-02,3.154005209986E-02,3.504450233317E-02,
    3.854895256649E-02,4.205340279981E-02,4.555785303313E-02,
    4.906230326644E-02,5.256675349976E-02,5.607120373308E-02,
    5.95756539664E-02,6.308010419971E-02,6.658455443303E-02,
    7.008900466635E-02,7.359345489966E-02,7.709790513298E-02),
  .QUASI_UNIFORM_KNOTS.);
#741 = CARTESIAN_POINT('',(-1.285872200173,-1.229281366224));
#742 = CARTESIAN_POINT('',(-1.281650428689,-1.234397783886));
#743 = CARTESIAN_POINT('',(-1.271699094134,-1.244652278999));
#744 = CARTESIAN_POINT('',(-1.251614810344,-1.25984311337));
#745 = CARTESIAN_POINT('',(-1.225750759342,-1.274597696894));
#746 = CARTESIAN_POINT('',(-1.193444479082,-1.288633779127));
#747 = CARTESIAN_POINT('',(-1.15410352181,-1.301645751247));
#748 = CARTESIAN_POINT('',(-1.107246424376,-1.313284134465));
#749 = CARTESIAN_POINT('',(-1.052942721442,-1.323236974853));
#750 = CARTESIAN_POINT('',(-0.991980612384,-1.331266332503));
#751 = CARTESIAN_POINT('',(-0.925710762558,-1.337150434763));
#752 = CARTESIAN_POINT('',(-0.855904073558,-1.340727802245));
#753 = CARTESIAN_POINT('',(-0.785398163397,-1.341916284249));
#754 = CARTESIAN_POINT('',(-0.714892253237,-1.340727802245));
#755 = CARTESIAN_POINT('',(-0.645085564237,-1.337150434763));
#756 = CARTESIAN_POINT('',(-0.578815714411,-1.331266332503));
#757 = CARTESIAN_POINT('',(-0.517853605353,-1.323236974853));
#758 = CARTESIAN_POINT('',(-0.463549902419,-1.313284134465));
#759 = CARTESIAN_POINT('',(-0.416692804985,-1.301645751247));
#760 = CARTESIAN_POINT('',(-0.377351847713,-1.288633779127));
#761 = CARTESIAN_POINT('',(-0.345045567453,-1.274597696894));
#762 = CARTESIAN_POINT('',(-0.319181516451,-1.25984311337));
#763 = CARTESIAN_POINT('',(-0.299097232661,-1.244652278999));
#764 = CARTESIAN_POINT('',(-0.289145898106,-1.234397783886));
#765 = CARTESIAN_POINT('',(-0.284924126622,-1.229281366224));
#766 = ( GEOMETRIC_REPRESENTATION_CONTEXT(2) 
PARAMETRIC_REPRESENTATION_CONTEXT() REPRESENTATION_CONTEXT('2D SPACE',''
  ) );
#767 = PCURVE('',#768,#773);
#768 = CYLINDRICAL_SURFACE('',#769,0.5);
#769 = AXIS2_PLACEMENT_3D('',#770,#771,#772);
#770 = CARTESIAN_POINT('',(12.457106781186,0.707106781187,14.3));
#771 = DIRECTION('',(0.,0.,-1.));
#772 = DIRECTION('',(-1.,3.889384548663E-62,0.));
#773 = DEFINITIONAL_REPRESENTATION('',(#774),#800);
#774 = B_SPLINE_CURVE_WITH_KNOTS('',3,(#775,#776,#777,#778,#779,#780,
    #781,#782,#783,#784,#785,#786,#787,#788,#789,#790,#791,#792,#793,
    #794,#795,#796,#797,#798,#799),.UNSPECIFIED.,.F.,.F.,(4,1,1,1,1,1,1,
    1,1,1,1,1,1,1,1,1,1,1,1,1,1,1,4),(0.,3.504450233317E-03,
    7.008900466635E-03,1.051335069995E-02,1.401780093327E-02,
    1.752225116659E-02,2.10267013999E-02,2.453115163322E-02,
    2.803560186654E-02,3.154005209986E-02,3.504450233317E-02,
    3.854895256649E-02,4.205340279981E-02,4.555785303313E-02,
    4.906230326644E-02,5.256675349976E-02,5.607120373308E-02,
    5.95756539664E-02,6.308010419971E-02,6.658455443303E-02,
    7.008900466635E-02,7.359345489966E-02,7.709790513298E-02),
  .QUASI_UNIFORM_KNOTS.);
#775 = CARTESIAN_POINT('',(6.28318530718,-0.472946400944));
#776 = CARTESIAN_POINT('',(6.261073507713,-0.47671772587));
#777 = CARTESIAN_POINT('',(6.216117723171,-0.484096041331));
#778 = CARTESIAN_POINT('',(6.14687213039,-0.494540958841));
#779 = CARTESIAN_POINT('',(6.076203844815,-0.504234112195));
#780 = CARTESIAN_POINT('',(6.004486051529,-0.513045088808));
#781 = CARTESIAN_POINT('',(5.93205363103,-0.5208479485));
#782 = CARTESIAN_POINT('',(5.85916684717,-0.527500065584));
#783 = CARTESIAN_POINT('',(5.786040578574,-0.532939412557));
#784 = CARTESIAN_POINT('',(5.712959913765,-0.537176159153));
#785 = CARTESIAN_POINT('',(5.640300261044,-0.54020474102));
#786 = CARTESIAN_POINT('',(5.568292974496,-0.542023811191));
#787 = CARTESIAN_POINT('',(5.497787143782,-0.542630887249));
#788 = CARTESIAN_POINT('',(5.427281313069,-0.542023811191));
#789 = CARTESIAN_POINT('',(5.35527402652,-0.54020474102));
#790 = CARTESIAN_POINT('',(5.282614373799,-0.537176159153));
#791 = CARTESIAN_POINT('',(5.20953370899,-0.532939412557));
#792 = CARTESIAN_POINT('',(5.136407440394,-0.527500065584));
#793 = CARTESIAN_POINT('',(5.063520656535,-0.5208479485));
#794 = CARTESIAN_POINT('',(4.991088236035,-0.513045088808));
#795 = CARTESIAN_POINT('',(4.919370442749,-0.504234112195));
#796 = CARTESIAN_POINT('',(4.848702157174,-0.494540958841));
#797 = CARTESIAN_POINT('',(4.779456564393,-0.484096041331));
#798 = CARTESIAN_POINT('',(4.734500779851,-0.47671772587));
#799 = CARTESIAN_POINT('',(4.712388980385,-0.472946400944));
#800 = ( GEOMETRIC_REPRESENTATION_CONTEXT(2) 
PARAMETRIC_REPRESENTATION_CONTEXT() REPRESENTATION_CONTEXT('2D SPACE',''
  ) );
#801 = ORIENTED_EDGE('',*,*,#802,.T.);
#802 = EDGE_CURVE('',#724,#803,#805,.T.);
#803 = VERTEX_POINT('',#804);
#804 = CARTESIAN_POINT('',(12.982723318992,0.207106781187,
    14.510386699023));
#805 = SURFACE_CURVE('',#806,(#811,#840),.PCURVE_S1.);
#806 = CIRCLE('',#807,2.190229846657);
#807 = AXIS2_PLACEMENT_3D('',#808,#809,#810);
#808 = CARTESIAN_POINT('',(11.75,0.207106781187,12.7));
#809 = DIRECTION('',(3.889384548663E-62,1.,0.));
#810 = DIRECTION('',(0.322845925174,-1.255671952969E-62,0.946451535262)
  );
#811 = PCURVE('',#370,#812);
#812 = DEFINITIONAL_REPRESENTATION('',(#813),#839);
#813 = B_SPLINE_CURVE_WITH_KNOTS('',3,(#814,#815,#816,#817,#818,#819,
    #820,#821,#822,#823,#824,#825,#826,#827,#828,#829,#830,#831,#832,
    #833,#834,#835,#836,#837,#838),.UNSPECIFIED.,.F.,.F.,(4,1,1,1,1,1,1,
    1,1,1,1,1,1,1,1,1,1,1,1,1,1,1,4),(0.,1.223039267249E-02,
    2.446078534498E-02,3.669117801747E-02,4.892157068996E-02,
    6.115196336245E-02,7.338235603494E-02,8.561274870743E-02,
    9.784314137992E-02,0.110073534052,0.122303926725,0.134534319397,
    0.14676471207,0.158995104742,0.171225497415,0.183455890087,
    0.19568628276,0.207916675432,0.220147068105,0.232377460777,
    0.24460785345,0.256838246122,0.269068638795),.QUASI_UNIFORM_KNOTS.);
#814 = CARTESIAN_POINT('',(-0.284924126622,-1.229281366224));
#815 = CARTESIAN_POINT('',(-0.281700798226,-1.225368901177));
#816 = CARTESIAN_POINT('',(-0.275478152244,-1.21753301042));
#817 = CARTESIAN_POINT('',(-0.266760538199,-1.205749082913));
#818 = CARTESIAN_POINT('',(-0.25860096403,-1.19393799099));
#819 = CARTESIAN_POINT('',(-0.250950346117,-1.18210218442));
#820 = CARTESIAN_POINT('',(-0.243764476304,-1.170243863315));
#821 = CARTESIAN_POINT('',(-0.23700419782,-1.158364969914));
#822 = CARTESIAN_POINT('',(-0.230634519373,-1.146467235063));
#823 = CARTESIAN_POINT('',(-0.224624140278,-1.134552203087));
#824 = CARTESIAN_POINT('',(-0.218944970776,-1.122621256721));
#825 = CARTESIAN_POINT('',(-0.213571741637,-1.110675637286));
#826 = CARTESIAN_POINT('',(-0.208481663589,-1.098716462197));
#827 = CARTESIAN_POINT('',(-0.203654135444,-1.08674473989));
#828 = CARTESIAN_POINT('',(-0.199070491524,-1.074761382687));
#829 = CARTESIAN_POINT('',(-0.194713782902,-1.062767217894));
#830 = CARTESIAN_POINT('',(-0.190568587198,-1.050762997405));
#831 = CARTESIAN_POINT('',(-0.186620842948,-1.038749406051));
#832 = CARTESIAN_POINT('',(-0.182857704309,-1.026727068884));
#833 = CARTESIAN_POINT('',(-0.179267415724,-1.014696557455));
#834 = CARTESIAN_POINT('',(-0.175839194354,-1.002658395676));
#835 = CARTESIAN_POINT('',(-0.172563154353,-0.990613063608));
#836 = CARTESIAN_POINT('',(-0.169430136125,-0.978561005864));
#837 = CARTESIAN_POINT('',(-0.167431340771,-0.970522082052));
#838 = CARTESIAN_POINT('',(-0.166453002006,-0.966501634002));
#839 = ( GEOMETRIC_REPRESENTATION_CONTEXT(2) 
PARAMETRIC_REPRESENTATION_CONTEXT() REPRESENTATION_CONTEXT('2D SPACE',''
  ) );
#840 = PCURVE('',#841,#846);
#841 = PLANE('',#842);
#842 = AXIS2_PLACEMENT_3D('',#843,#844,#845);
#843 = CARTESIAN_POINT('',(12.457106781186,0.207106781187,14.3));
#844 = DIRECTION('',(5.95814110634E-46,1.,0.));
#845 = DIRECTION('',(1.,-3.889384548663E-62,0.));
#846 = DEFINITIONAL_REPRESENTATION('',(#847),#851);
#847 = CIRCLE('',#848,2.190229846657);
#848 = AXIS2_PLACEMENT_2D('',#849,#850);
#849 = CARTESIAN_POINT('',(-0.707106781187,1.6));
#850 = DIRECTION('',(0.322845925174,-0.946451535262));
#851 = ( GEOMETRIC_REPRESENTATION_CONTEXT(2) 
PARAMETRIC_REPRESENTATION_CONTEXT() REPRESENTATION_CONTEXT('2D SPACE',''
  ) );
#852 = ORIENTED_EDGE('',*,*,#853,.T.);
#853 = EDGE_CURVE('',#803,#854,#856,.T.);
#854 = VERTEX_POINT('',#855);
#855 = CARTESIAN_POINT('',(12.982723318992,-0.207106781186,
    14.510386699023));
#856 = SURFACE_CURVE('',#857,(#862,#891),.PCURVE_S1.);
#857 = CIRCLE('',#858,1.25);
#858 = AXIS2_PLACEMENT_3D('',#859,#860,#861);
#859 = CARTESIAN_POINT('',(11.75,1.7763568394E-14,14.510386699023));
#860 = DIRECTION('',(0.,0.,-1.));
#861 = DIRECTION('',(1.,-3.889384548663E-62,0.));
#862 = PCURVE('',#370,#863);
#863 = DEFINITIONAL_REPRESENTATION('',(#864),#890);
#864 = B_SPLINE_CURVE_WITH_KNOTS('',3,(#865,#866,#867,#868,#869,#870,
    #871,#872,#873,#874,#875,#876,#877,#878,#879,#880,#881,#882,#883,
    #884,#885,#886,#887,#888,#889),.UNSPECIFIED.,.F.,.F.,(4,1,1,1,1,1,1,
    1,1,1,1,1,1,1,1,1,1,1,1,1,1,1,4),(6.116732305174,6.131864396265,
    6.146996487357,6.162128578448,6.177260669539,6.192392760631,
    6.207524851722,6.222656942814,6.237789033905,6.252921124997,
    6.268053216088,6.28318530718,6.298317398271,6.313449489362,
    6.328581580454,6.343713671545,6.358845762637,6.373977853728,
    6.38910994482,6.404242035911,6.419374127003,6.434506218094,
    6.449638309185),.QUASI_UNIFORM_KNOTS.);
#865 = CARTESIAN_POINT('',(-0.166453002006,-0.966501634002));
#866 = CARTESIAN_POINT('',(-0.161408971642,-0.966501634002));
#867 = CARTESIAN_POINT('',(-0.151320910914,-0.966501634002));
#868 = CARTESIAN_POINT('',(-0.136188819823,-0.966501634002));
#869 = CARTESIAN_POINT('',(-0.121056728732,-0.966501634002));
#870 = CARTESIAN_POINT('',(-0.10592463764,-0.966501634002));
#871 = CARTESIAN_POINT('',(-9.079254654868E-02,-0.966501634002));
#872 = CARTESIAN_POINT('',(-7.566045545723E-02,-0.966501634002));
#873 = CARTESIAN_POINT('',(-6.052836436579E-02,-0.966501634002));
#874 = CARTESIAN_POINT('',(-4.539627327434E-02,-0.966501634002));
#875 = CARTESIAN_POINT('',(-3.026418218289E-02,-0.966501634002));
#876 = CARTESIAN_POINT('',(-1.513209109145E-02,-0.966501634002));
#877 = CARTESIAN_POINT('',(0.,-0.966501634002));
#878 = CARTESIAN_POINT('',(1.513209109145E-02,-0.966501634002));
#879 = CARTESIAN_POINT('',(3.026418218289E-02,-0.966501634002));
#880 = CARTESIAN_POINT('',(4.539627327434E-02,-0.966501634002));
#881 = CARTESIAN_POINT('',(6.052836436579E-02,-0.966501634002));
#882 = CARTESIAN_POINT('',(7.566045545723E-02,-0.966501634002));
#883 = CARTESIAN_POINT('',(9.079254654868E-02,-0.966501634002));
#884 = CARTESIAN_POINT('',(0.10592463764,-0.966501634002));
#885 = CARTESIAN_POINT('',(0.121056728732,-0.966501634002));
#886 = CARTESIAN_POINT('',(0.136188819823,-0.966501634002));
#887 = CARTESIAN_POINT('',(0.151320910914,-0.966501634002));
#888 = CARTESIAN_POINT('',(0.161408971642,-0.966501634002));
#889 = CARTESIAN_POINT('',(0.166453002006,-0.966501634002));
#890 = ( GEOMETRIC_REPRESENTATION_CONTEXT(2) 
PARAMETRIC_REPRESENTATION_CONTEXT() REPRESENTATION_CONTEXT('2D SPACE',''
  ) );
#891 = PCURVE('',#892,#897);
#892 = CYLINDRICAL_SURFACE('',#893,1.25);
#893 = AXIS2_PLACEMENT_3D('',#894,#895,#896);
#894 = CARTESIAN_POINT('',(11.75,1.7763568394E-14,14.3));
#895 = DIRECTION('',(0.,0.,-1.));
#896 = DIRECTION('',(1.,1.224646799147E-16,0.));
#897 = DEFINITIONAL_REPRESENTATION('',(#898),#902);
#898 = LINE('',#899,#900);
#899 = CARTESIAN_POINT('',(-6.28318530718,-0.210386699023));
#900 = VECTOR('',#901,1.);
#901 = DIRECTION('',(1.,0.));
#902 = ( GEOMETRIC_REPRESENTATION_CONTEXT(2) 
PARAMETRIC_REPRESENTATION_CONTEXT() REPRESENTATION_CONTEXT('2D SPACE',''
  ) );
#903 = ORIENTED_EDGE('',*,*,#904,.T.);
#904 = EDGE_CURVE('',#854,#905,#907,.T.);
#905 = VERTEX_POINT('',#906);
#906 = CARTESIAN_POINT('',(12.457106781186,-0.207106781186,
    14.772946400944));
#907 = SURFACE_CURVE('',#908,(#913,#942),.PCURVE_S1.);
#908 = CIRCLE('',#909,2.190229846657);
#909 = AXIS2_PLACEMENT_3D('',#910,#911,#912);
#910 = CARTESIAN_POINT('',(11.75,-0.207106781186,12.7));
#911 = DIRECTION('',(-3.889384548663E-62,-1.,0.));
#912 = DIRECTION('',(0.562828289859,-2.189055654128E-62,0.826573841913)
  );
#913 = PCURVE('',#370,#914);
#914 = DEFINITIONAL_REPRESENTATION('',(#915),#941);
#915 = B_SPLINE_CURVE_WITH_KNOTS('',3,(#916,#917,#918,#919,#920,#921,
    #922,#923,#924,#925,#926,#927,#928,#929,#930,#931,#932,#933,#934,
    #935,#936,#937,#938,#939,#940),.UNSPECIFIED.,.F.,.F.,(4,1,1,1,1,1,1,
    1,1,1,1,1,1,1,1,1,1,1,1,1,1,1,4),(0.,1.223039267249E-02,
    2.446078534498E-02,3.669117801747E-02,4.892157068996E-02,
    6.115196336246E-02,7.338235603495E-02,8.561274870744E-02,
    9.784314137993E-02,0.110073534052,0.122303926725,0.134534319397,
    0.14676471207,0.158995104742,0.171225497415,0.183455890087,
    0.19568628276,0.207916675432,0.220147068105,0.232377460777,
    0.24460785345,0.256838246122,0.269068638795),.QUASI_UNIFORM_KNOTS.);
#916 = CARTESIAN_POINT('',(0.166453002006,-0.966501634002));
#917 = CARTESIAN_POINT('',(0.167431340771,-0.970522082052));
#918 = CARTESIAN_POINT('',(0.169430136125,-0.978561005864));
#919 = CARTESIAN_POINT('',(0.172563154353,-0.990613063608));
#920 = CARTESIAN_POINT('',(0.175839194354,-1.002658395676));
#921 = CARTESIAN_POINT('',(0.179267415724,-1.014696557455));
#922 = CARTESIAN_POINT('',(0.182857704309,-1.026727068884));
#923 = CARTESIAN_POINT('',(0.186620842948,-1.038749406051));
#924 = CARTESIAN_POINT('',(0.190568587198,-1.050762997405));
#925 = CARTESIAN_POINT('',(0.194713782902,-1.062767217894));
#926 = CARTESIAN_POINT('',(0.199070491524,-1.074761382687));
#927 = CARTESIAN_POINT('',(0.203654135444,-1.08674473989));
#928 = CARTESIAN_POINT('',(0.208481663589,-1.098716462197));
#929 = CARTESIAN_POINT('',(0.213571741637,-1.110675637286));
#930 = CARTESIAN_POINT('',(0.218944970776,-1.122621256721));
#931 = CARTESIAN_POINT('',(0.224624140278,-1.134552203087));
#932 = CARTESIAN_POINT('',(0.230634519373,-1.146467235063));
#933 = CARTESIAN_POINT('',(0.23700419782,-1.158364969914));
#934 = CARTESIAN_POINT('',(0.243764476304,-1.170243863315));
#935 = CARTESIAN_POINT('',(0.250950346117,-1.18210218442));
#936 = CARTESIAN_POINT('',(0.25860096403,-1.19393799099));
#937 = CARTESIAN_POINT('',(0.266760538199,-1.205749082913));
#938 = CARTESIAN_POINT('',(0.275478152244,-1.21753301042));
#939 = CARTESIAN_POINT('',(0.281700798226,-1.225368901177));
#940 = CARTESIAN_POINT('',(0.284924126622,-1.229281366224));
#941 = ( GEOMETRIC_REPRESENTATION_CONTEXT(2) 
PARAMETRIC_REPRESENTATION_CONTEXT() REPRESENTATION_CONTEXT('2D SPACE',''
  ) );
#942 = PCURVE('',#943,#948);
#943 = PLANE('',#944);
#944 = AXIS2_PLACEMENT_3D('',#945,#946,#947);
#945 = CARTESIAN_POINT('',(12.982723318992,-0.207106781186,14.3));
#946 = DIRECTION('',(-5.95814110634E-46,-1.,0.));
#947 = DIRECTION('',(-1.,3.889384548663E-62,0.));
#948 = DEFINITIONAL_REPRESENTATION('',(#949),#953);
#949 = CIRCLE('',#950,2.190229846657);
#950 = AXIS2_PLACEMENT_2D('',#951,#952);
#951 = CARTESIAN_POINT('',(1.232723318992,1.6));
#952 = DIRECTION('',(-0.562828289859,-0.826573841913));
#953 = ( GEOMETRIC_REPRESENTATION_CONTEXT(2) 
PARAMETRIC_REPRESENTATION_CONTEXT() REPRESENTATION_CONTEXT('2D SPACE',''
  ) );
#954 = ORIENTED_EDGE('',*,*,#955,.T.);
#955 = EDGE_CURVE('',#905,#956,#958,.T.);
#956 = VERTEX_POINT('',#957);
#957 = CARTESIAN_POINT('',(11.957106781186,-0.707106781186,
    14.772946400944));
#958 = SURFACE_CURVE('',#959,(#970,#999),.PCURVE_S1.);
#959 = B_SPLINE_CURVE_WITH_KNOTS('',3,(#960,#961,#962,#963,#964,#965,
    #966,#967,#968,#969),.UNSPECIFIED.,.F.,.F.,(4,2,2,2,4),(
    0.244702561616,0.263977037899,0.283251514182,0.302525990466,
    0.321800466749),.UNSPECIFIED.);
#960 = CARTESIAN_POINT('',(12.457106781186,-0.207106781186,
    14.772946400944));
#961 = CARTESIAN_POINT('',(12.396298922288,-0.207106781186,
    14.793688688037));
#962 = CARTESIAN_POINT('',(12.329962184062,-0.218952207327,
    14.81194527292));
#963 = CARTESIAN_POINT('',(12.20629402657,-0.26943834806,14.836307042013
    ));
#964 = CARTESIAN_POINT('',(12.148983766872,-0.308123014314,
    14.842428528563));
#965 = CARTESIAN_POINT('',(12.058123014314,-0.398983766872,
    14.842428528563));
#966 = CARTESIAN_POINT('',(12.01943834806,-0.45629402657,14.836307042013
    ));
#967 = CARTESIAN_POINT('',(11.968952207327,-0.579962184062,
    14.81194527292));
#968 = CARTESIAN_POINT('',(11.957106781186,-0.646298922288,
    14.793688688037));
#969 = CARTESIAN_POINT('',(11.957106781186,-0.707106781186,
    14.772946400944));
#970 = PCURVE('',#370,#971);
#971 = DEFINITIONAL_REPRESENTATION('',(#972),#998);
#972 = B_SPLINE_CURVE_WITH_KNOTS('',3,(#973,#974,#975,#976,#977,#978,
    #979,#980,#981,#982,#983,#984,#985,#986,#987,#988,#989,#990,#991,
    #992,#993,#994,#995,#996,#997),.UNSPECIFIED.,.F.,.F.,(4,1,1,1,1,1,1,
    1,1,1,1,1,1,1,1,1,1,1,1,1,1,1,4),(0.244702561616,0.248207011849,
    0.251711462082,0.255215912316,0.258720362549,0.262224812782,
    0.265729263016,0.269233713249,0.272738163482,0.276242613716,
    0.279747063949,0.283251514182,0.286755964416,0.290260414649,
    0.293764864882,0.297269315116,0.300773765349,0.304278215582,
    0.307782665816,0.311287116049,0.314791566282,0.318296016515,
    0.321800466749),.QUASI_UNIFORM_KNOTS.);
#973 = CARTESIAN_POINT('',(0.284924126622,-1.229281366224));
#974 = CARTESIAN_POINT('',(0.289145898106,-1.234397783886));
#975 = CARTESIAN_POINT('',(0.299097232661,-1.244652278999));
#976 = CARTESIAN_POINT('',(0.319181516451,-1.25984311337));
#977 = CARTESIAN_POINT('',(0.345045567453,-1.274597696894));
#978 = CARTESIAN_POINT('',(0.377351847713,-1.288633779127));
#979 = CARTESIAN_POINT('',(0.416692804985,-1.301645751247));
#980 = CARTESIAN_POINT('',(0.463549902419,-1.313284134465));
#981 = CARTESIAN_POINT('',(0.517853605353,-1.323236974853));
#982 = CARTESIAN_POINT('',(0.578815714411,-1.331266332503));
#983 = CARTESIAN_POINT('',(0.645085564237,-1.337150434763));
#984 = CARTESIAN_POINT('',(0.714892253237,-1.340727802245));
#985 = CARTESIAN_POINT('',(0.785398163397,-1.341916284249));
#986 = CARTESIAN_POINT('',(0.855904073558,-1.340727802245));
#987 = CARTESIAN_POINT('',(0.925710762558,-1.337150434763));
#988 = CARTESIAN_POINT('',(0.991980612384,-1.331266332503));
#989 = CARTESIAN_POINT('',(1.052942721442,-1.323236974853));
#990 = CARTESIAN_POINT('',(1.107246424376,-1.313284134465));
#991 = CARTESIAN_POINT('',(1.15410352181,-1.301645751247));
#992 = CARTESIAN_POINT('',(1.193444479082,-1.288633779127));
#993 = CARTESIAN_POINT('',(1.225750759342,-1.274597696894));
#994 = CARTESIAN_POINT('',(1.251614810344,-1.25984311337));
#995 = CARTESIAN_POINT('',(1.271699094134,-1.244652278999));
#996 = CARTESIAN_POINT('',(1.281650428689,-1.234397783886));
#997 = CARTESIAN_POINT('',(1.285872200173,-1.229281366224));
#998 = ( GEOMETRIC_REPRESENTATION_CONTEXT(2) 
PARAMETRIC_REPRESENTATION_CONTEXT() REPRESENTATION_CONTEXT('2D SPACE',''
  ) );
#999 = PCURVE('',#1000,#1005);
#1000 = CYLINDRICAL_SURFACE('',#1001,0.5);
#1001 = AXIS2_PLACEMENT_3D('',#1002,#1003,#1004);
#1002 = CARTESIAN_POINT('',(12.457106781186,-0.707106781186,14.3));
#1003 = DIRECTION('',(0.,0.,-1.));
#1004 = DIRECTION('',(-1.,3.889384548663E-62,0.));
#1005 = DEFINITIONAL_REPRESENTATION('',(#1006),#1032);
#1006 = B_SPLINE_CURVE_WITH_KNOTS('',3,(#1007,#1008,#1009,#1010,#1011,
    #1012,#1013,#1014,#1015,#1016,#1017,#1018,#1019,#1020,#1021,#1022,
    #1023,#1024,#1025,#1026,#1027,#1028,#1029,#1030,#1031),
  .UNSPECIFIED.,.F.,.F.,(4,1,1,1,1,1,1,1,1,1,1,1,1,1,1,1,1,1,1,1,1,1,4),
  (0.244702561616,0.248207011849,0.251711462082,0.255215912316,
    0.258720362549,0.262224812782,0.265729263016,0.269233713249,
    0.272738163482,0.276242613716,0.279747063949,0.283251514182,
    0.286755964416,0.290260414649,0.293764864882,0.297269315116,
    0.300773765349,0.304278215582,0.307782665816,0.311287116049,
    0.314791566282,0.318296016515,0.321800466749),
  .QUASI_UNIFORM_KNOTS.);
#1007 = CARTESIAN_POINT('',(1.570796326795,-0.472946400944));
#1008 = CARTESIAN_POINT('',(1.548684527329,-0.47671772587));
#1009 = CARTESIAN_POINT('',(1.503728742786,-0.484096041331));
#1010 = CARTESIAN_POINT('',(1.434483150005,-0.494540958841));
#1011 = CARTESIAN_POINT('',(1.36381486443,-0.504234112195));
#1012 = CARTESIAN_POINT('',(1.292097071144,-0.513045088808));
#1013 = CARTESIAN_POINT('',(1.219664650645,-0.5208479485));
#1014 = CARTESIAN_POINT('',(1.146777866785,-0.527500065584));
#1015 = CARTESIAN_POINT('',(1.07365159819,-0.532939412557));
#1016 = CARTESIAN_POINT('',(1.000570933381,-0.537176159153));
#1017 = CARTESIAN_POINT('',(0.927911280659,-0.54020474102));
#1018 = CARTESIAN_POINT('',(0.855903994111,-0.542023811191));
#1019 = CARTESIAN_POINT('',(0.785398163397,-0.542630887249));
#1020 = CARTESIAN_POINT('',(0.714892332684,-0.542023811191));
#1021 = CARTESIAN_POINT('',(0.642885046136,-0.54020474102));
#1022 = CARTESIAN_POINT('',(0.570225393414,-0.537176159153));
#1023 = CARTESIAN_POINT('',(0.497144728605,-0.532939412557));
#1024 = CARTESIAN_POINT('',(0.42401846001,-0.527500065584));
#1025 = CARTESIAN_POINT('',(0.35113167615,-0.5208479485));
#1026 = CARTESIAN_POINT('',(0.278699255651,-0.513045088808));
#1027 = CARTESIAN_POINT('',(0.206981462365,-0.504234112195));
#1028 = CARTESIAN_POINT('',(0.136313176789,-0.494540958841));
#1029 = CARTESIAN_POINT('',(6.706758400841E-02,-0.484096041331));
#1030 = CARTESIAN_POINT('',(2.211179946617E-02,-0.47671772587));
#1031 = CARTESIAN_POINT('',(0.,-0.472946400944));
#1032 = ( GEOMETRIC_REPRESENTATION_CONTEXT(2) 
PARAMETRIC_REPRESENTATION_CONTEXT() REPRESENTATION_CONTEXT('2D SPACE',''
  ) );
#1033 = ORIENTED_EDGE('',*,*,#1034,.T.);
#1034 = EDGE_CURVE('',#956,#1035,#1037,.T.);
#1035 = VERTEX_POINT('',#1036);
#1036 = CARTESIAN_POINT('',(11.957106781186,-1.232723318992,
    14.510386699023));
#1037 = SURFACE_CURVE('',#1038,(#1043,#1072),.PCURVE_S1.);
#1038 = CIRCLE('',#1039,2.190229846657);
#1039 = AXIS2_PLACEMENT_3D('',#1040,#1041,#1042);
#1040 = CARTESIAN_POINT('',(11.957106781186,1.7763568394E-14,12.7));
#1041 = DIRECTION('',(1.,-5.95814110634E-46,0.));
#1042 = DIRECTION('',(-1.923561577791E-46,-0.322845925174,0.946451535262
    ));
#1043 = PCURVE('',#370,#1044);
#1044 = DEFINITIONAL_REPRESENTATION('',(#1045),#1071);
#1045 = B_SPLINE_CURVE_WITH_KNOTS('',3,(#1046,#1047,#1048,#1049,#1050,
    #1051,#1052,#1053,#1054,#1055,#1056,#1057,#1058,#1059,#1060,#1061,
    #1062,#1063,#1064,#1065,#1066,#1067,#1068,#1069,#1070),
  .UNSPECIFIED.,.F.,.F.,(4,1,1,1,1,1,1,1,1,1,1,1,1,1,1,1,1,1,1,1,1,1,4),
  (0.,1.223039267249E-02,2.446078534498E-02,3.669117801747E-02,
    4.892157068996E-02,6.115196336245E-02,7.338235603494E-02,
    8.561274870743E-02,9.784314137992E-02,0.110073534052,0.122303926725,
    0.134534319397,0.14676471207,0.158995104742,0.171225497415,
    0.183455890087,0.19568628276,0.207916675432,0.220147068105,
    0.232377460777,0.24460785345,0.256838246122,0.269068638795),
  .QUASI_UNIFORM_KNOTS.);
#1046 = CARTESIAN_POINT('',(1.285872200173,-1.229281366224));
#1047 = CARTESIAN_POINT('',(1.289095528569,-1.225368901177));
#1048 = CARTESIAN_POINT('',(1.295318174551,-1.21753301042));
#1049 = CARTESIAN_POINT('',(1.304035788596,-1.205749082913));
#1050 = CARTESIAN_POINT('',(1.312195362765,-1.19393799099));
#1051 = CARTESIAN_POINT('',(1.319845980678,-1.18210218442));
#1052 = CARTESIAN_POINT('',(1.327031850491,-1.170243863315));
#1053 = CARTESIAN_POINT('',(1.333792128975,-1.158364969914));
#1054 = CARTESIAN_POINT('',(1.340161807422,-1.146467235063));
#1055 = CARTESIAN_POINT('',(1.346172186517,-1.134552203087));
#1056 = CARTESIAN_POINT('',(1.351851356019,-1.122621256721));
#1057 = CARTESIAN_POINT('',(1.357224585158,-1.110675637286));
#1058 = CARTESIAN_POINT('',(1.362314663206,-1.098716462197));
#1059 = CARTESIAN_POINT('',(1.367142191351,-1.08674473989));
#1060 = CARTESIAN_POINT('',(1.371725835271,-1.074761382687));
#1061 = CARTESIAN_POINT('',(1.376082543893,-1.062767217894));
#1062 = CARTESIAN_POINT('',(1.380227739597,-1.050762997405));
#1063 = CARTESIAN_POINT('',(1.384175483847,-1.038749406051));
#1064 = CARTESIAN_POINT('',(1.387938622486,-1.026727068884));
#1065 = CARTESIAN_POINT('',(1.391528911071,-1.014696557455));
#1066 = CARTESIAN_POINT('',(1.394957132441,-1.002658395676));
#1067 = CARTESIAN_POINT('',(1.398233172441,-0.990613063608));
#1068 = CARTESIAN_POINT('',(1.40136619067,-0.978561005864));
#1069 = CARTESIAN_POINT('',(1.403364986024,-0.970522082052));
#1070 = CARTESIAN_POINT('',(1.404343324789,-0.966501634002));
#1071 = ( GEOMETRIC_REPRESENTATION_CONTEXT(2) 
PARAMETRIC_REPRESENTATION_CONTEXT() REPRESENTATION_CONTEXT('2D SPACE',''
  ) );
#1072 = PCURVE('',#1073,#1078);
#1073 = PLANE('',#1074);
#1074 = AXIS2_PLACEMENT_3D('',#1075,#1076,#1077);
#1075 = CARTESIAN_POINT('',(11.957106781186,-0.707106781186,14.3));
#1076 = DIRECTION('',(1.,-3.889384548663E-62,0.));
#1077 = DIRECTION('',(-5.95814110634E-46,-1.,0.));
#1078 = DEFINITIONAL_REPRESENTATION('',(#1079),#1083);
#1079 = CIRCLE('',#1080,2.190229846657);
#1080 = AXIS2_PLACEMENT_2D('',#1081,#1082);
#1081 = CARTESIAN_POINT('',(-0.707106781187,1.6));
#1082 = DIRECTION('',(0.322845925174,-0.946451535262));
#1083 = ( GEOMETRIC_REPRESENTATION_CONTEXT(2) 
PARAMETRIC_REPRESENTATION_CONTEXT() REPRESENTATION_CONTEXT('2D SPACE',''
  ) );
#1084 = ORIENTED_EDGE('',*,*,#1085,.T.);
#1085 = EDGE_CURVE('',#1035,#1086,#1088,.T.);
#1086 = VERTEX_POINT('',#1087);
#1087 = CARTESIAN_POINT('',(11.542893218814,-1.232723318992,
    14.510386699023));
#1088 = SURFACE_CURVE('',#1089,(#1094,#1101),.PCURVE_S1.);
#1089 = CIRCLE('',#1090,1.25);
#1090 = AXIS2_PLACEMENT_3D('',#1091,#1092,#1093);
#1091 = CARTESIAN_POINT('',(11.75,1.7763568394E-14,14.510386699023));
#1092 = DIRECTION('',(-0.,0.,-1.));
#1093 = DIRECTION('',(0.165685424949,-0.986178655194,-0.));
#1094 = PCURVE('',#370,#1095);
#1095 = DEFINITIONAL_REPRESENTATION('',(#1096),#1100);
#1096 = LINE('',#1097,#1098);
#1097 = CARTESIAN_POINT('',(1.404343324789,-0.966501634002));
#1098 = VECTOR('',#1099,1.);
#1099 = DIRECTION('',(1.,0.));
#1100 = ( GEOMETRIC_REPRESENTATION_CONTEXT(2) 
PARAMETRIC_REPRESENTATION_CONTEXT() REPRESENTATION_CONTEXT('2D SPACE',''
  ) );
#1101 = PCURVE('',#1102,#1107);
#1102 = CYLINDRICAL_SURFACE('',#1103,1.25);
#1103 = AXIS2_PLACEMENT_3D('',#1104,#1105,#1106);
#1104 = CARTESIAN_POINT('',(11.75,1.7763568394E-14,14.3));
#1105 = DIRECTION('',(0.,0.,-1.));
#1106 = DIRECTION('',(-1.,3.889384548663E-62,0.));
#1107 = DEFINITIONAL_REPRESENTATION('',(#1108),#1112);
#1108 = LINE('',#1109,#1110);
#1109 = CARTESIAN_POINT('',(4.545935978379,-0.210386699023));
#1110 = VECTOR('',#1111,1.);
#1111 = DIRECTION('',(1.,0.));
#1112 = ( GEOMETRIC_REPRESENTATION_CONTEXT(2) 
PARAMETRIC_REPRESENTATION_CONTEXT() REPRESENTATION_CONTEXT('2D SPACE',''
  ) );
#1113 = ORIENTED_EDGE('',*,*,#1114,.T.);
#1114 = EDGE_CURVE('',#1086,#1115,#1117,.T.);
#1115 = VERTEX_POINT('',#1116);
#1116 = CARTESIAN_POINT('',(11.542893218814,-0.707106781186,
    14.772946400944));
#1117 = SURFACE_CURVE('',#1118,(#1123,#1152),.PCURVE_S1.);
#1118 = CIRCLE('',#1119,2.190229846657);
#1119 = AXIS2_PLACEMENT_3D('',#1120,#1121,#1122);
#1120 = CARTESIAN_POINT('',(11.542893218814,1.7763568394E-14,12.7));
#1121 = DIRECTION('',(-1.,5.95814110634E-46,0.));
#1122 = DIRECTION('',(-3.35341036962E-46,-0.562828289859,0.826573841913)
  );
#1123 = PCURVE('',#370,#1124);
#1124 = DEFINITIONAL_REPRESENTATION('',(#1125),#1151);
#1125 = B_SPLINE_CURVE_WITH_KNOTS('',3,(#1126,#1127,#1128,#1129,#1130,
    #1131,#1132,#1133,#1134,#1135,#1136,#1137,#1138,#1139,#1140,#1141,
    #1142,#1143,#1144,#1145,#1146,#1147,#1148,#1149,#1150),
  .UNSPECIFIED.,.F.,.F.,(4,1,1,1,1,1,1,1,1,1,1,1,1,1,1,1,1,1,1,1,1,1,4),
  (0.,1.223039267249E-02,2.446078534498E-02,3.669117801747E-02,
    4.892157068996E-02,6.115196336246E-02,7.338235603495E-02,
    8.561274870744E-02,9.784314137993E-02,0.110073534052,0.122303926725,
    0.134534319397,0.14676471207,0.158995104742,0.171225497415,
    0.183455890087,0.19568628276,0.207916675432,0.220147068105,
    0.232377460777,0.24460785345,0.256838246122,0.269068638795),
  .QUASI_UNIFORM_KNOTS.);
#1126 = CARTESIAN_POINT('',(1.737249328801,-0.966501634002));
#1127 = CARTESIAN_POINT('',(1.738227667566,-0.970522082052));
#1128 = CARTESIAN_POINT('',(1.74022646292,-0.978561005864));
#1129 = CARTESIAN_POINT('',(1.743359481148,-0.990613063608));
#1130 = CARTESIAN_POINT('',(1.746635521149,-1.002658395676));
#1131 = CARTESIAN_POINT('',(1.750063742519,-1.014696557455));
#1132 = CARTESIAN_POINT('',(1.753654031104,-1.026727068884));
#1133 = CARTESIAN_POINT('',(1.757417169743,-1.038749406051));
#1134 = CARTESIAN_POINT('',(1.761364913993,-1.050762997405));
#1135 = CARTESIAN_POINT('',(1.765510109697,-1.062767217894));
#1136 = CARTESIAN_POINT('',(1.769866818319,-1.074761382687));
#1137 = CARTESIAN_POINT('',(1.774450462239,-1.08674473989));
#1138 = CARTESIAN_POINT('',(1.779277990384,-1.098716462197));
#1139 = CARTESIAN_POINT('',(1.784368068432,-1.110675637286));
#1140 = CARTESIAN_POINT('',(1.789741297571,-1.122621256721));
#1141 = CARTESIAN_POINT('',(1.795420467072,-1.134552203087));
#1142 = CARTESIAN_POINT('',(1.801430846168,-1.146467235063));
#1143 = CARTESIAN_POINT('',(1.807800524615,-1.158364969914));
#1144 = CARTESIAN_POINT('',(1.814560803099,-1.170243863315));
#1145 = CARTESIAN_POINT('',(1.821746672912,-1.18210218442));
#1146 = CARTESIAN_POINT('',(1.829397290825,-1.19393799099));
#1147 = CARTESIAN_POINT('',(1.837556864994,-1.205749082913));
#1148 = CARTESIAN_POINT('',(1.846274479039,-1.21753301042));
#1149 = CARTESIAN_POINT('',(1.852497125021,-1.225368901177));
#1150 = CARTESIAN_POINT('',(1.855720453417,-1.229281366224));
#1151 = ( GEOMETRIC_REPRESENTATION_CONTEXT(2) 
PARAMETRIC_REPRESENTATION_CONTEXT() REPRESENTATION_CONTEXT('2D SPACE',''
  ) );
#1152 = PCURVE('',#1153,#1158);
#1153 = PLANE('',#1154);
#1154 = AXIS2_PLACEMENT_3D('',#1155,#1156,#1157);
#1155 = CARTESIAN_POINT('',(11.542893218814,-1.232723318992,14.3));
#1156 = DIRECTION('',(-1.,3.889384548663E-62,0.));
#1157 = DIRECTION('',(5.95814110634E-46,1.,0.));
#1158 = DEFINITIONAL_REPRESENTATION('',(#1159),#1163);
#1159 = CIRCLE('',#1160,2.190229846657);
#1160 = AXIS2_PLACEMENT_2D('',#1161,#1162);
#1161 = CARTESIAN_POINT('',(1.232723318992,1.6));
#1162 = DIRECTION('',(-0.562828289859,-0.826573841913));
#1163 = ( GEOMETRIC_REPRESENTATION_CONTEXT(2) 
PARAMETRIC_REPRESENTATION_CONTEXT() REPRESENTATION_CONTEXT('2D SPACE',''
  ) );
#1164 = ORIENTED_EDGE('',*,*,#1165,.T.);
#1165 = EDGE_CURVE('',#1115,#1166,#1168,.T.);
#1166 = VERTEX_POINT('',#1167);
#1167 = CARTESIAN_POINT('',(11.042893218814,-0.207106781186,
    14.772946400944));
#1168 = SURFACE_CURVE('',#1169,(#1180,#1209),.PCURVE_S1.);
#1169 = B_SPLINE_CURVE_WITH_KNOTS('',3,(#1170,#1171,#1172,#1173,#1174,
    #1175,#1176,#1177,#1178,#1179),.UNSPECIFIED.,.F.,.F.,(4,2,2,2,4),(
    0.161409114305,0.180683590588,0.199958066871,0.219232543154,
    0.238507019438),.UNSPECIFIED.);
#1170 = CARTESIAN_POINT('',(11.542893218814,-0.707106781186,
    14.772946400944));
#1171 = CARTESIAN_POINT('',(11.542893218814,-0.646298922288,
    14.793688688037));
#1172 = CARTESIAN_POINT('',(11.531047792673,-0.579962184062,
    14.81194527292));
#1173 = CARTESIAN_POINT('',(11.48056165194,-0.45629402657,
    14.836307042013));
#1174 = CARTESIAN_POINT('',(11.441876985686,-0.398983766872,
    14.842428528563));
#1175 = CARTESIAN_POINT('',(11.351016233128,-0.308123014314,
    14.842428528563));
#1176 = CARTESIAN_POINT('',(11.29370597343,-0.26943834806,
    14.836307042013));
#1177 = CARTESIAN_POINT('',(11.170037815938,-0.218952207327,
    14.81194527292));
#1178 = CARTESIAN_POINT('',(11.103701077712,-0.207106781186,
    14.793688688037));
#1179 = CARTESIAN_POINT('',(11.042893218814,-0.207106781186,
    14.772946400944));
#1180 = PCURVE('',#370,#1181);
#1181 = DEFINITIONAL_REPRESENTATION('',(#1182),#1208);
#1182 = B_SPLINE_CURVE_WITH_KNOTS('',3,(#1183,#1184,#1185,#1186,#1187,
    #1188,#1189,#1190,#1191,#1192,#1193,#1194,#1195,#1196,#1197,#1198,
    #1199,#1200,#1201,#1202,#1203,#1204,#1205,#1206,#1207),
  .UNSPECIFIED.,.F.,.F.,(4,1,1,1,1,1,1,1,1,1,1,1,1,1,1,1,1,1,1,1,1,1,4),
  (0.161409114305,0.164913564538,0.168418014771,0.171922465005,
    0.175426915238,0.178931365471,0.182435815705,0.185940265938,
    0.189444716171,0.192949166405,0.196453616638,0.199958066871,
    0.203462517105,0.206966967338,0.210471417571,0.213975867804,
    0.217480318038,0.220984768271,0.224489218504,0.227993668738,
    0.231498118971,0.235002569204,0.238507019438),
  .QUASI_UNIFORM_KNOTS.);
#1183 = CARTESIAN_POINT('',(1.855720453417,-1.229281366224));
#1184 = CARTESIAN_POINT('',(1.859942224901,-1.234397783886));
#1185 = CARTESIAN_POINT('',(1.869893559456,-1.244652278999));
#1186 = CARTESIAN_POINT('',(1.889977843246,-1.25984311337));
#1187 = CARTESIAN_POINT('',(1.915841894248,-1.274597696894));
#1188 = CARTESIAN_POINT('',(1.948148174508,-1.288633779127));
#1189 = CARTESIAN_POINT('',(1.98748913178,-1.301645751247));
#1190 = CARTESIAN_POINT('',(2.034346229213,-1.313284134465));
#1191 = CARTESIAN_POINT('',(2.088649932148,-1.323236974853));
#1192 = CARTESIAN_POINT('',(2.149612041206,-1.331266332503));
#1193 = CARTESIAN_POINT('',(2.215881891031,-1.337150434763));
#1194 = CARTESIAN_POINT('',(2.285688580032,-1.340727802245));
#1195 = CARTESIAN_POINT('',(2.356194490192,-1.341916284249));
#1196 = CARTESIAN_POINT('',(2.426700400353,-1.340727802245));
#1197 = CARTESIAN_POINT('',(2.496507089353,-1.337150434763));
#1198 = CARTESIAN_POINT('',(2.562776939179,-1.331266332503));
#1199 = CARTESIAN_POINT('',(2.623739048237,-1.323236974853));
#1200 = CARTESIAN_POINT('',(2.678042751171,-1.313284134465));
#1201 = CARTESIAN_POINT('',(2.724899848605,-1.301645751247));
#1202 = CARTESIAN_POINT('',(2.764240805877,-1.288633779127));
#1203 = CARTESIAN_POINT('',(2.796547086136,-1.274597696894));
#1204 = CARTESIAN_POINT('',(2.822411137139,-1.25984311337));
#1205 = CARTESIAN_POINT('',(2.842495420929,-1.244652278999));
#1206 = CARTESIAN_POINT('',(2.852446755484,-1.234397783886));
#1207 = CARTESIAN_POINT('',(2.856668526968,-1.229281366224));
#1208 = ( GEOMETRIC_REPRESENTATION_CONTEXT(2) 
PARAMETRIC_REPRESENTATION_CONTEXT() REPRESENTATION_CONTEXT('2D SPACE',''
  ) );
#1209 = PCURVE('',#1210,#1215);
#1210 = CYLINDRICAL_SURFACE('',#1211,0.5);
#1211 = AXIS2_PLACEMENT_3D('',#1212,#1213,#1214);
#1212 = CARTESIAN_POINT('',(11.042893218814,-0.707106781186,14.3));
#1213 = DIRECTION('',(0.,0.,-1.));
#1214 = DIRECTION('',(-1.,3.889384548663E-62,0.));
#1215 = DEFINITIONAL_REPRESENTATION('',(#1216),#1242);
#1216 = B_SPLINE_CURVE_WITH_KNOTS('',3,(#1217,#1218,#1219,#1220,#1221,
    #1222,#1223,#1224,#1225,#1226,#1227,#1228,#1229,#1230,#1231,#1232,
    #1233,#1234,#1235,#1236,#1237,#1238,#1239,#1240,#1241),
  .UNSPECIFIED.,.F.,.F.,(4,1,1,1,1,1,1,1,1,1,1,1,1,1,1,1,1,1,1,1,1,1,4),
  (0.161409114305,0.164913564538,0.168418014771,0.171922465005,
    0.175426915238,0.178931365471,0.182435815705,0.185940265938,
    0.189444716171,0.192949166405,0.196453616638,0.199958066871,
    0.203462517105,0.206966967338,0.210471417571,0.213975867804,
    0.217480318038,0.220984768271,0.224489218504,0.227993668738,
    0.231498118971,0.235002569204,0.238507019438),
  .QUASI_UNIFORM_KNOTS.);
#1217 = CARTESIAN_POINT('',(3.14159265359,-0.472946400944));
#1218 = CARTESIAN_POINT('',(3.119480854124,-0.47671772587));
#1219 = CARTESIAN_POINT('',(3.074525069581,-0.484096041331));
#1220 = CARTESIAN_POINT('',(3.0052794768,-0.494540958841));
#1221 = CARTESIAN_POINT('',(2.934611191225,-0.504234112195));
#1222 = CARTESIAN_POINT('',(2.862893397939,-0.513045088808));
#1223 = CARTESIAN_POINT('',(2.79046097744,-0.5208479485));
#1224 = CARTESIAN_POINT('',(2.71757419358,-0.527500065584));
#1225 = CARTESIAN_POINT('',(2.644447924985,-0.532939412557));
#1226 = CARTESIAN_POINT('',(2.571367260176,-0.537176159153));
#1227 = CARTESIAN_POINT('',(2.498707607454,-0.54020474102));
#1228 = CARTESIAN_POINT('',(2.426700320906,-0.542023811191));
#1229 = CARTESIAN_POINT('',(2.356194490192,-0.542630887249));
#1230 = CARTESIAN_POINT('',(2.285688659479,-0.542023811191));
#1231 = CARTESIAN_POINT('',(2.21368137293,-0.54020474102));
#1232 = CARTESIAN_POINT('',(2.141021720209,-0.537176159153));
#1233 = CARTESIAN_POINT('',(2.0679410554,-0.532939412557));
#1234 = CARTESIAN_POINT('',(1.994814786805,-0.527500065584));
#1235 = CARTESIAN_POINT('',(1.921928002945,-0.5208479485));
#1236 = CARTESIAN_POINT('',(1.849495582446,-0.513045088808));
#1237 = CARTESIAN_POINT('',(1.77777778916,-0.504234112195));
#1238 = CARTESIAN_POINT('',(1.707109503584,-0.494540958841));
#1239 = CARTESIAN_POINT('',(1.637863910803,-0.484096041331));
#1240 = CARTESIAN_POINT('',(1.592908126261,-0.47671772587));
#1241 = CARTESIAN_POINT('',(1.570796326795,-0.472946400944));
#1242 = ( GEOMETRIC_REPRESENTATION_CONTEXT(2) 
PARAMETRIC_REPRESENTATION_CONTEXT() REPRESENTATION_CONTEXT('2D SPACE',''
  ) );
#1243 = ORIENTED_EDGE('',*,*,#1244,.T.);
#1244 = EDGE_CURVE('',#1166,#1245,#1247,.T.);
#1245 = VERTEX_POINT('',#1246);
#1246 = CARTESIAN_POINT('',(10.517276681008,-0.207106781186,
    14.510386699023));
#1247 = SURFACE_CURVE('',#1248,(#1253,#1282),.PCURVE_S1.);
#1248 = CIRCLE('',#1249,2.190229846657);
#1249 = AXIS2_PLACEMENT_3D('',#1250,#1251,#1252);
#1250 = CARTESIAN_POINT('',(11.75,-0.207106781186,12.7));
#1251 = DIRECTION('',(-3.889384548663E-62,-1.,0.));
#1252 = DIRECTION('',(-0.322845925174,1.255671952969E-62,0.946451535262)
  );
#1253 = PCURVE('',#370,#1254);
#1254 = DEFINITIONAL_REPRESENTATION('',(#1255),#1281);
#1255 = B_SPLINE_CURVE_WITH_KNOTS('',3,(#1256,#1257,#1258,#1259,#1260,
    #1261,#1262,#1263,#1264,#1265,#1266,#1267,#1268,#1269,#1270,#1271,
    #1272,#1273,#1274,#1275,#1276,#1277,#1278,#1279,#1280),
  .UNSPECIFIED.,.F.,.F.,(4,1,1,1,1,1,1,1,1,1,1,1,1,1,1,1,1,1,1,1,1,1,4),
  (0.,1.223039267249E-02,2.446078534498E-02,3.669117801747E-02,
    4.892157068996E-02,6.115196336245E-02,7.338235603494E-02,
    8.561274870743E-02,9.784314137992E-02,0.110073534052,0.122303926725,
    0.134534319397,0.14676471207,0.158995104742,0.171225497415,
    0.183455890087,0.19568628276,0.207916675432,0.220147068105,
    0.232377460777,0.24460785345,0.256838246122,0.269068638795),
  .QUASI_UNIFORM_KNOTS.);
#1256 = CARTESIAN_POINT('',(2.856668526968,-1.229281366224));
#1257 = CARTESIAN_POINT('',(2.859891855363,-1.225368901177));
#1258 = CARTESIAN_POINT('',(2.866114501346,-1.21753301042));
#1259 = CARTESIAN_POINT('',(2.874832115391,-1.205749082913));
#1260 = CARTESIAN_POINT('',(2.882991689559,-1.19393799099));
#1261 = CARTESIAN_POINT('',(2.890642307473,-1.18210218442));
#1262 = CARTESIAN_POINT('',(2.897828177286,-1.170243863315));
#1263 = CARTESIAN_POINT('',(2.90458845577,-1.158364969914));
#1264 = CARTESIAN_POINT('',(2.910958134217,-1.146467235063));
#1265 = CARTESIAN_POINT('',(2.916968513312,-1.134552203087));
#1266 = CARTESIAN_POINT('',(2.922647682814,-1.122621256721));
#1267 = CARTESIAN_POINT('',(2.928020911953,-1.110675637286));
#1268 = CARTESIAN_POINT('',(2.933110990001,-1.098716462197));
#1269 = CARTESIAN_POINT('',(2.937938518146,-1.08674473989));
#1270 = CARTESIAN_POINT('',(2.942522162065,-1.074761382687));
#1271 = CARTESIAN_POINT('',(2.946878870687,-1.062767217894));
#1272 = CARTESIAN_POINT('',(2.951024066392,-1.050762997405));
#1273 = CARTESIAN_POINT('',(2.954971810642,-1.038749406051));
#1274 = CARTESIAN_POINT('',(2.958734949281,-1.026727068884));
#1275 = CARTESIAN_POINT('',(2.962325237866,-1.014696557455));
#1276 = CARTESIAN_POINT('',(2.965753459235,-1.002658395676));
#1277 = CARTESIAN_POINT('',(2.969029499236,-0.990613063608));
#1278 = CARTESIAN_POINT('',(2.972162517465,-0.978561005864));
#1279 = CARTESIAN_POINT('',(2.974161312819,-0.970522082052));
#1280 = CARTESIAN_POINT('',(2.975139651584,-0.966501634002));
#1281 = ( GEOMETRIC_REPRESENTATION_CONTEXT(2) 
PARAMETRIC_REPRESENTATION_CONTEXT() REPRESENTATION_CONTEXT('2D SPACE',''
  ) );
#1282 = PCURVE('',#1283,#1288);
#1283 = PLANE('',#1284);
#1284 = AXIS2_PLACEMENT_3D('',#1285,#1286,#1287);
#1285 = CARTESIAN_POINT('',(11.042893218814,-0.207106781186,14.3));
#1286 = DIRECTION('',(-5.95814110634E-46,-1.,0.));
#1287 = DIRECTION('',(-1.,3.889384548663E-62,0.));
#1288 = DEFINITIONAL_REPRESENTATION('',(#1289),#1293);
#1289 = CIRCLE('',#1290,2.190229846657);
#1290 = AXIS2_PLACEMENT_2D('',#1291,#1292);
#1291 = CARTESIAN_POINT('',(-0.707106781187,1.6));
#1292 = DIRECTION('',(0.322845925174,-0.946451535262));
#1293 = ( GEOMETRIC_REPRESENTATION_CONTEXT(2) 
PARAMETRIC_REPRESENTATION_CONTEXT() REPRESENTATION_CONTEXT('2D SPACE',''
  ) );
#1294 = ORIENTED_EDGE('',*,*,#1295,.T.);
#1295 = EDGE_CURVE('',#1245,#410,#1296,.T.);
#1296 = SURFACE_CURVE('',#1297,(#1302,#1309),.PCURVE_S1.);
#1297 = CIRCLE('',#1298,1.25);
#1298 = AXIS2_PLACEMENT_3D('',#1299,#1300,#1301);
#1299 = CARTESIAN_POINT('',(11.75,1.7763568394E-14,14.510386699023));
#1300 = DIRECTION('',(0.,0.,-1.));
#1301 = DIRECTION('',(-1.,3.889384548663E-62,0.));
#1302 = PCURVE('',#370,#1303);
#1303 = DEFINITIONAL_REPRESENTATION('',(#1304),#1308);
#1304 = LINE('',#1305,#1306);
#1305 = CARTESIAN_POINT('',(-3.14159265359,-0.966501634002));
#1306 = VECTOR('',#1307,1.);
#1307 = DIRECTION('',(1.,0.));
#1308 = ( GEOMETRIC_REPRESENTATION_CONTEXT(2) 
PARAMETRIC_REPRESENTATION_CONTEXT() REPRESENTATION_CONTEXT('2D SPACE',''
  ) );
#1309 = PCURVE('',#450,#1310);
#1310 = DEFINITIONAL_REPRESENTATION('',(#1311),#1315);
#1311 = LINE('',#1312,#1313);
#1312 = CARTESIAN_POINT('',(-6.28318530718,-0.210386699023));
#1313 = VECTOR('',#1314,1.);
#1314 = DIRECTION('',(1.,0.));
#1315 = ( GEOMETRIC_REPRESENTATION_CONTEXT(2) 
PARAMETRIC_REPRESENTATION_CONTEXT() REPRESENTATION_CONTEXT('2D SPACE',''
  ) );
#1316 = ORIENTED_EDGE('',*,*,#409,.F.);
#1317 = ADVANCED_FACE('',(#1318),#892,.F.);
#1318 = FACE_BOUND('',#1319,.F.);
#1319 = EDGE_LOOP('',(#1320,#1343,#1372,#1393));
#1320 = ORIENTED_EDGE('',*,*,#1321,.F.);
#1321 = EDGE_CURVE('',#1322,#854,#1324,.T.);
#1322 = VERTEX_POINT('',#1323);
#1323 = CARTESIAN_POINT('',(12.982723318992,-0.207106781186,14.3));
#1324 = SURFACE_CURVE('',#1325,(#1329,#1336),.PCURVE_S1.);
#1325 = LINE('',#1326,#1327);
#1326 = CARTESIAN_POINT('',(12.982723318992,-0.207106781186,14.3));
#1327 = VECTOR('',#1328,1.);
#1328 = DIRECTION('',(0.,0.,1.));
#1329 = PCURVE('',#892,#1330);
#1330 = DEFINITIONAL_REPRESENTATION('',(#1331),#1335);
#1331 = LINE('',#1332,#1333);
#1332 = CARTESIAN_POINT('',(0.166453002006,0.));
#1333 = VECTOR('',#1334,1.);
#1334 = DIRECTION('',(0.,-1.));
#1335 = ( GEOMETRIC_REPRESENTATION_CONTEXT(2) 
PARAMETRIC_REPRESENTATION_CONTEXT() REPRESENTATION_CONTEXT('2D SPACE',''
  ) );
#1336 = PCURVE('',#943,#1337);
#1337 = DEFINITIONAL_REPRESENTATION('',(#1338),#1342);
#1338 = LINE('',#1339,#1340);
#1339 = CARTESIAN_POINT('',(0.,0.));
#1340 = VECTOR('',#1341,1.);
#1341 = DIRECTION('',(0.,-1.));
#1342 = ( GEOMETRIC_REPRESENTATION_CONTEXT(2) 
PARAMETRIC_REPRESENTATION_CONTEXT() REPRESENTATION_CONTEXT('2D SPACE',''
  ) );
#1343 = ORIENTED_EDGE('',*,*,#1344,.F.);
#1344 = EDGE_CURVE('',#1345,#1322,#1347,.T.);
#1345 = VERTEX_POINT('',#1346);
#1346 = CARTESIAN_POINT('',(12.982723318992,0.207106781187,14.3));
#1347 = SURFACE_CURVE('',#1348,(#1353,#1360),.PCURVE_S1.);
#1348 = CIRCLE('',#1349,1.25);
#1349 = AXIS2_PLACEMENT_3D('',#1350,#1351,#1352);
#1350 = CARTESIAN_POINT('',(11.75,1.7763568394E-14,14.3));
#1351 = DIRECTION('',(0.,0.,-1.));
#1352 = DIRECTION('',(0.986178655194,0.165685424949,0.));
#1353 = PCURVE('',#892,#1354);
#1354 = DEFINITIONAL_REPRESENTATION('',(#1355),#1359);
#1355 = LINE('',#1356,#1357);
#1356 = CARTESIAN_POINT('',(-0.166453002006,0.));
#1357 = VECTOR('',#1358,1.);
#1358 = DIRECTION('',(1.,0.));
#1359 = ( GEOMETRIC_REPRESENTATION_CONTEXT(2) 
PARAMETRIC_REPRESENTATION_CONTEXT() REPRESENTATION_CONTEXT('2D SPACE',''
  ) );
#1360 = PCURVE('',#1361,#1366);
#1361 = PLANE('',#1362);
#1362 = AXIS2_PLACEMENT_3D('',#1363,#1364,#1365);
#1363 = CARTESIAN_POINT('',(11.75,1.7763568394E-14,14.3));
#1364 = DIRECTION('',(0.,0.,-1.));
#1365 = DIRECTION('',(-1.,3.889384548663E-62,0.));
#1366 = DEFINITIONAL_REPRESENTATION('',(#1367),#1371);
#1367 = CIRCLE('',#1368,1.25);
#1368 = AXIS2_PLACEMENT_2D('',#1369,#1370);
#1369 = CARTESIAN_POINT('',(0.,0.));
#1370 = DIRECTION('',(-0.986178655194,0.165685424949));
#1371 = ( GEOMETRIC_REPRESENTATION_CONTEXT(2) 
PARAMETRIC_REPRESENTATION_CONTEXT() REPRESENTATION_CONTEXT('2D SPACE',''
  ) );
#1372 = ORIENTED_EDGE('',*,*,#1373,.T.);
#1373 = EDGE_CURVE('',#1345,#803,#1374,.T.);
#1374 = SURFACE_CURVE('',#1375,(#1379,#1386),.PCURVE_S1.);
#1375 = LINE('',#1376,#1377);
#1376 = CARTESIAN_POINT('',(12.982723318992,0.207106781187,14.3));
#1377 = VECTOR('',#1378,1.);
#1378 = DIRECTION('',(0.,0.,1.));
#1379 = PCURVE('',#892,#1380);
#1380 = DEFINITIONAL_REPRESENTATION('',(#1381),#1385);
#1381 = LINE('',#1382,#1383);
#1382 = CARTESIAN_POINT('',(-0.166453002006,0.));
#1383 = VECTOR('',#1384,1.);
#1384 = DIRECTION('',(0.,-1.));
#1385 = ( GEOMETRIC_REPRESENTATION_CONTEXT(2) 
PARAMETRIC_REPRESENTATION_CONTEXT() REPRESENTATION_CONTEXT('2D SPACE',''
  ) );
#1386 = PCURVE('',#841,#1387);
#1387 = DEFINITIONAL_REPRESENTATION('',(#1388),#1392);
#1388 = LINE('',#1389,#1390);
#1389 = CARTESIAN_POINT('',(0.525616537805,0.));
#1390 = VECTOR('',#1391,1.);
#1391 = DIRECTION('',(0.,-1.));
#1392 = ( GEOMETRIC_REPRESENTATION_CONTEXT(2) 
PARAMETRIC_REPRESENTATION_CONTEXT() REPRESENTATION_CONTEXT('2D SPACE',''
  ) );
#1393 = ORIENTED_EDGE('',*,*,#853,.T.);
#1394 = ADVANCED_FACE('',(#1395),#841,.F.);
#1395 = FACE_BOUND('',#1396,.T.);
#1396 = EDGE_LOOP('',(#1397,#1398,#1421,#1442));
#1397 = ORIENTED_EDGE('',*,*,#802,.F.);
#1398 = ORIENTED_EDGE('',*,*,#1399,.F.);
#1399 = EDGE_CURVE('',#1400,#724,#1402,.T.);
#1400 = VERTEX_POINT('',#1401);
#1401 = CARTESIAN_POINT('',(12.457106781186,0.207106781187,14.3));
#1402 = SURFACE_CURVE('',#1403,(#1407,#1414),.PCURVE_S1.);
#1403 = LINE('',#1404,#1405);
#1404 = CARTESIAN_POINT('',(12.457106781186,0.207106781187,14.3));
#1405 = VECTOR('',#1406,1.);
#1406 = DIRECTION('',(0.,0.,1.));
#1407 = PCURVE('',#841,#1408);
#1408 = DEFINITIONAL_REPRESENTATION('',(#1409),#1413);
#1409 = LINE('',#1410,#1411);
#1410 = CARTESIAN_POINT('',(0.,0.));
#1411 = VECTOR('',#1412,1.);
#1412 = DIRECTION('',(0.,-1.));
#1413 = ( GEOMETRIC_REPRESENTATION_CONTEXT(2) 
PARAMETRIC_REPRESENTATION_CONTEXT() REPRESENTATION_CONTEXT('2D SPACE',''
  ) );
#1414 = PCURVE('',#768,#1415);
#1415 = DEFINITIONAL_REPRESENTATION('',(#1416),#1420);
#1416 = LINE('',#1417,#1418);
#1417 = CARTESIAN_POINT('',(4.712388980385,0.));
#1418 = VECTOR('',#1419,1.);
#1419 = DIRECTION('',(0.,-1.));
#1420 = ( GEOMETRIC_REPRESENTATION_CONTEXT(2) 
PARAMETRIC_REPRESENTATION_CONTEXT() REPRESENTATION_CONTEXT('2D SPACE',''
  ) );
#1421 = ORIENTED_EDGE('',*,*,#1422,.T.);
#1422 = EDGE_CURVE('',#1400,#1345,#1423,.T.);
#1423 = SURFACE_CURVE('',#1424,(#1428,#1435),.PCURVE_S1.);
#1424 = LINE('',#1425,#1426);
#1425 = CARTESIAN_POINT('',(12.457106781186,0.207106781187,14.3));
#1426 = VECTOR('',#1427,1.);
#1427 = DIRECTION('',(1.,-3.889384548663E-62,0.));
#1428 = PCURVE('',#841,#1429);
#1429 = DEFINITIONAL_REPRESENTATION('',(#1430),#1434);
#1430 = LINE('',#1431,#1432);
#1431 = CARTESIAN_POINT('',(0.,0.));
#1432 = VECTOR('',#1433,1.);
#1433 = DIRECTION('',(1.,0.));
#1434 = ( GEOMETRIC_REPRESENTATION_CONTEXT(2) 
PARAMETRIC_REPRESENTATION_CONTEXT() REPRESENTATION_CONTEXT('2D SPACE',''
  ) );
#1435 = PCURVE('',#1361,#1436);
#1436 = DEFINITIONAL_REPRESENTATION('',(#1437),#1441);
#1437 = LINE('',#1438,#1439);
#1438 = CARTESIAN_POINT('',(-0.707106781187,0.207106781186));
#1439 = VECTOR('',#1440,1.);
#1440 = DIRECTION('',(-1.,0.));
#1441 = ( GEOMETRIC_REPRESENTATION_CONTEXT(2) 
PARAMETRIC_REPRESENTATION_CONTEXT() REPRESENTATION_CONTEXT('2D SPACE',''
  ) );
#1442 = ORIENTED_EDGE('',*,*,#1373,.T.);
#1443 = ADVANCED_FACE('',(#1444),#1361,.F.);
#1444 = FACE_BOUND('',#1445,.T.);
#1445 = EDGE_LOOP('',(#1446,#1447,#1475,#1498,#1522,#1545,#1573,#1596,
    #1620,#1643,#1671,#1694,#1718,#1741,#1769,#1790));
#1446 = ORIENTED_EDGE('',*,*,#1422,.F.);
#1447 = ORIENTED_EDGE('',*,*,#1448,.F.);
#1448 = EDGE_CURVE('',#1449,#1400,#1451,.T.);
#1449 = VERTEX_POINT('',#1450);
#1450 = CARTESIAN_POINT('',(11.957106781186,0.707106781187,14.3));
#1451 = SURFACE_CURVE('',#1452,(#1457,#1468),.PCURVE_S1.);
#1452 = CIRCLE('',#1453,0.5);
#1453 = AXIS2_PLACEMENT_3D('',#1454,#1455,#1456);
#1454 = CARTESIAN_POINT('',(12.457106781186,0.707106781187,14.3));
#1455 = DIRECTION('',(0.,0.,1.));
#1456 = DIRECTION('',(-1.,3.889384548663E-62,0.));
#1457 = PCURVE('',#1361,#1458);
#1458 = DEFINITIONAL_REPRESENTATION('',(#1459),#1467);
#1459 = ( BOUNDED_CURVE() B_SPLINE_CURVE(2,(#1460,#1461,#1462,#1463,
#1464,#1465,#1466),.UNSPECIFIED.,.T.,.F.) B_SPLINE_CURVE_WITH_KNOTS((1,2
    ,2,2,2,1),(-2.094395102393,0.,2.094395102393,4.188790204786,
6.28318530718,8.377580409573),.UNSPECIFIED.) CURVE() 
GEOMETRIC_REPRESENTATION_ITEM() RATIONAL_B_SPLINE_CURVE((1.,0.5,1.,0.5,
1.,0.5,1.)) REPRESENTATION_ITEM('') );
#1460 = CARTESIAN_POINT('',(-0.207106781187,0.707106781187));
#1461 = CARTESIAN_POINT('',(-0.207106781187,-0.158918622598));
#1462 = CARTESIAN_POINT('',(-0.957106781186,0.274094079294));
#1463 = CARTESIAN_POINT('',(-1.707106781186,0.707106781186));
#1464 = CARTESIAN_POINT('',(-0.957106781187,1.140119483079));
#1465 = CARTESIAN_POINT('',(-0.207106781187,1.573132184971));
#1466 = CARTESIAN_POINT('',(-0.207106781187,0.707106781187));
#1467 = ( GEOMETRIC_REPRESENTATION_CONTEXT(2) 
PARAMETRIC_REPRESENTATION_CONTEXT() REPRESENTATION_CONTEXT('2D SPACE',''
  ) );
#1468 = PCURVE('',#768,#1469);
#1469 = DEFINITIONAL_REPRESENTATION('',(#1470),#1474);
#1470 = LINE('',#1471,#1472);
#1471 = CARTESIAN_POINT('',(6.28318530718,0.));
#1472 = VECTOR('',#1473,1.);
#1473 = DIRECTION('',(-1.,0.));
#1474 = ( GEOMETRIC_REPRESENTATION_CONTEXT(2) 
PARAMETRIC_REPRESENTATION_CONTEXT() REPRESENTATION_CONTEXT('2D SPACE',''
  ) );
#1475 = ORIENTED_EDGE('',*,*,#1476,.F.);
#1476 = EDGE_CURVE('',#1477,#1449,#1479,.T.);
#1477 = VERTEX_POINT('',#1478);
#1478 = CARTESIAN_POINT('',(11.957106781186,1.232723318992,14.3));
#1479 = SURFACE_CURVE('',#1480,(#1484,#1491),.PCURVE_S1.);
#1480 = LINE('',#1481,#1482);
#1481 = CARTESIAN_POINT('',(11.957106781186,1.232723318992,14.3));
#1482 = VECTOR('',#1483,1.);
#1483 = DIRECTION('',(-5.95814110634E-46,-1.,0.));
#1484 = PCURVE('',#1361,#1485);
#1485 = DEFINITIONAL_REPRESENTATION('',(#1486),#1490);
#1486 = LINE('',#1487,#1488);
#1487 = CARTESIAN_POINT('',(-0.207106781186,1.232723318992));
#1488 = VECTOR('',#1489,1.);
#1489 = DIRECTION('',(0.,-1.));
#1490 = ( GEOMETRIC_REPRESENTATION_CONTEXT(2) 
PARAMETRIC_REPRESENTATION_CONTEXT() REPRESENTATION_CONTEXT('2D SPACE',''
  ) );
#1491 = PCURVE('',#711,#1492);
#1492 = DEFINITIONAL_REPRESENTATION('',(#1493),#1497);
#1493 = LINE('',#1494,#1495);
#1494 = CARTESIAN_POINT('',(0.,-0.));
#1495 = VECTOR('',#1496,1.);
#1496 = DIRECTION('',(1.,0.));
#1497 = ( GEOMETRIC_REPRESENTATION_CONTEXT(2) 
PARAMETRIC_REPRESENTATION_CONTEXT() REPRESENTATION_CONTEXT('2D SPACE',''
  ) );
#1498 = ORIENTED_EDGE('',*,*,#1499,.F.);
#1499 = EDGE_CURVE('',#1500,#1477,#1502,.T.);
#1500 = VERTEX_POINT('',#1501);
#1501 = CARTESIAN_POINT('',(11.542893218814,1.232723318992,14.3));
#1502 = SURFACE_CURVE('',#1503,(#1508,#1515),.PCURVE_S1.);
#1503 = CIRCLE('',#1504,1.25);
#1504 = AXIS2_PLACEMENT_3D('',#1505,#1506,#1507);
#1505 = CARTESIAN_POINT('',(11.75,1.7763568394E-14,14.3));
#1506 = DIRECTION('',(0.,0.,-1.));
#1507 = DIRECTION('',(-0.165685424949,0.986178655194,0.));
#1508 = PCURVE('',#1361,#1509);
#1509 = DEFINITIONAL_REPRESENTATION('',(#1510),#1514);
#1510 = CIRCLE('',#1511,1.25);
#1511 = AXIS2_PLACEMENT_2D('',#1512,#1513);
#1512 = CARTESIAN_POINT('',(0.,0.));
#1513 = DIRECTION('',(0.165685424949,0.986178655194));
#1514 = ( GEOMETRIC_REPRESENTATION_CONTEXT(2) 
PARAMETRIC_REPRESENTATION_CONTEXT() REPRESENTATION_CONTEXT('2D SPACE',''
  ) );
#1515 = PCURVE('',#660,#1516);
#1516 = DEFINITIONAL_REPRESENTATION('',(#1517),#1521);
#1517 = LINE('',#1518,#1519);
#1518 = CARTESIAN_POINT('',(1.404343324789,0.));
#1519 = VECTOR('',#1520,1.);
#1520 = DIRECTION('',(1.,0.));
#1521 = ( GEOMETRIC_REPRESENTATION_CONTEXT(2) 
PARAMETRIC_REPRESENTATION_CONTEXT() REPRESENTATION_CONTEXT('2D SPACE',''
  ) );
#1522 = ORIENTED_EDGE('',*,*,#1523,.F.);
#1523 = EDGE_CURVE('',#1524,#1500,#1526,.T.);
#1524 = VERTEX_POINT('',#1525);
#1525 = CARTESIAN_POINT('',(11.542893218814,0.707106781187,14.3));
#1526 = SURFACE_CURVE('',#1527,(#1531,#1538),.PCURVE_S1.);
#1527 = LINE('',#1528,#1529);
#1528 = CARTESIAN_POINT('',(11.542893218814,0.707106781187,14.3));
#1529 = VECTOR('',#1530,1.);
#1530 = DIRECTION('',(5.95814110634E-46,1.,0.));
#1531 = PCURVE('',#1361,#1532);
#1532 = DEFINITIONAL_REPRESENTATION('',(#1533),#1537);
#1533 = LINE('',#1534,#1535);
#1534 = CARTESIAN_POINT('',(0.207106781186,0.707106781187));
#1535 = VECTOR('',#1536,1.);
#1536 = DIRECTION('',(0.,1.));
#1537 = ( GEOMETRIC_REPRESENTATION_CONTEXT(2) 
PARAMETRIC_REPRESENTATION_CONTEXT() REPRESENTATION_CONTEXT('2D SPACE',''
  ) );
#1538 = PCURVE('',#631,#1539);
#1539 = DEFINITIONAL_REPRESENTATION('',(#1540),#1544);
#1540 = LINE('',#1541,#1542);
#1541 = CARTESIAN_POINT('',(0.,0.));
#1542 = VECTOR('',#1543,1.);
#1543 = DIRECTION('',(1.,0.));
#1544 = ( GEOMETRIC_REPRESENTATION_CONTEXT(2) 
PARAMETRIC_REPRESENTATION_CONTEXT() REPRESENTATION_CONTEXT('2D SPACE',''
  ) );
#1545 = ORIENTED_EDGE('',*,*,#1546,.F.);
#1546 = EDGE_CURVE('',#1547,#1524,#1549,.T.);
#1547 = VERTEX_POINT('',#1548);
#1548 = CARTESIAN_POINT('',(11.042893218814,0.207106781187,14.3));
#1549 = SURFACE_CURVE('',#1550,(#1555,#1566),.PCURVE_S1.);
#1550 = CIRCLE('',#1551,0.5);
#1551 = AXIS2_PLACEMENT_3D('',#1552,#1553,#1554);
#1552 = CARTESIAN_POINT('',(11.042893218814,0.707106781187,14.3));
#1553 = DIRECTION('',(0.,0.,1.));
#1554 = DIRECTION('',(-5.95814110634E-46,-1.,0.));
#1555 = PCURVE('',#1361,#1556);
#1556 = DEFINITIONAL_REPRESENTATION('',(#1557),#1565);
#1557 = ( BOUNDED_CURVE() B_SPLINE_CURVE(2,(#1558,#1559,#1560,#1561,
#1562,#1563,#1564),.UNSPECIFIED.,.T.,.F.) B_SPLINE_CURVE_WITH_KNOTS((1,2
    ,2,2,2,1),(-2.094395102393,0.,2.094395102393,4.188790204786,
6.28318530718,8.377580409573),.UNSPECIFIED.) CURVE() 
GEOMETRIC_REPRESENTATION_ITEM() RATIONAL_B_SPLINE_CURVE((1.,0.5,1.,0.5,
1.,0.5,1.)) REPRESENTATION_ITEM('') );
#1558 = CARTESIAN_POINT('',(0.707106781187,0.207106781187));
#1559 = CARTESIAN_POINT('',(-0.158918622598,0.207106781187));
#1560 = CARTESIAN_POINT('',(0.274094079294,0.957106781186));
#1561 = CARTESIAN_POINT('',(0.707106781186,1.707106781186));
#1562 = CARTESIAN_POINT('',(1.140119483079,0.957106781187));
#1563 = CARTESIAN_POINT('',(1.573132184971,0.207106781187));
#1564 = CARTESIAN_POINT('',(0.707106781187,0.207106781187));
#1565 = ( GEOMETRIC_REPRESENTATION_CONTEXT(2) 
PARAMETRIC_REPRESENTATION_CONTEXT() REPRESENTATION_CONTEXT('2D SPACE',''
  ) );
#1566 = PCURVE('',#558,#1567);
#1567 = DEFINITIONAL_REPRESENTATION('',(#1568),#1572);
#1568 = LINE('',#1569,#1570);
#1569 = CARTESIAN_POINT('',(4.712388980385,0.));
#1570 = VECTOR('',#1571,1.);
#1571 = DIRECTION('',(-1.,0.));
#1572 = ( GEOMETRIC_REPRESENTATION_CONTEXT(2) 
PARAMETRIC_REPRESENTATION_CONTEXT() REPRESENTATION_CONTEXT('2D SPACE',''
  ) );
#1573 = ORIENTED_EDGE('',*,*,#1574,.F.);
#1574 = EDGE_CURVE('',#1575,#1547,#1577,.T.);
#1575 = VERTEX_POINT('',#1576);
#1576 = CARTESIAN_POINT('',(10.517276681008,0.207106781187,14.3));
#1577 = SURFACE_CURVE('',#1578,(#1582,#1589),.PCURVE_S1.);
#1578 = LINE('',#1579,#1580);
#1579 = CARTESIAN_POINT('',(10.517276681008,0.207106781187,14.3));
#1580 = VECTOR('',#1581,1.);
#1581 = DIRECTION('',(1.,-3.889384548663E-62,0.));
#1582 = PCURVE('',#1361,#1583);
#1583 = DEFINITIONAL_REPRESENTATION('',(#1584),#1588);
#1584 = LINE('',#1585,#1586);
#1585 = CARTESIAN_POINT('',(1.232723318992,0.207106781186));
#1586 = VECTOR('',#1587,1.);
#1587 = DIRECTION('',(-1.,0.));
#1588 = ( GEOMETRIC_REPRESENTATION_CONTEXT(2) 
PARAMETRIC_REPRESENTATION_CONTEXT() REPRESENTATION_CONTEXT('2D SPACE',''
  ) );
#1589 = PCURVE('',#501,#1590);
#1590 = DEFINITIONAL_REPRESENTATION('',(#1591),#1595);
#1591 = LINE('',#1592,#1593);
#1592 = CARTESIAN_POINT('',(0.,0.));
#1593 = VECTOR('',#1594,1.);
#1594 = DIRECTION('',(1.,0.));
#1595 = ( GEOMETRIC_REPRESENTATION_CONTEXT(2) 
PARAMETRIC_REPRESENTATION_CONTEXT() REPRESENTATION_CONTEXT('2D SPACE',''
  ) );
#1596 = ORIENTED_EDGE('',*,*,#1597,.F.);
#1597 = EDGE_CURVE('',#1598,#1575,#1600,.T.);
#1598 = VERTEX_POINT('',#1599);
#1599 = CARTESIAN_POINT('',(10.517276681008,-0.207106781186,14.3));
#1600 = SURFACE_CURVE('',#1601,(#1606,#1613),.PCURVE_S1.);
#1601 = CIRCLE('',#1602,1.25);
#1602 = AXIS2_PLACEMENT_3D('',#1603,#1604,#1605);
#1603 = CARTESIAN_POINT('',(11.75,1.7763568394E-14,14.3));
#1604 = DIRECTION('',(-0.,0.,-1.));
#1605 = DIRECTION('',(-0.986178655194,-0.165685424949,0.));
#1606 = PCURVE('',#1361,#1607);
#1607 = DEFINITIONAL_REPRESENTATION('',(#1608),#1612);
#1608 = CIRCLE('',#1609,1.25);
#1609 = AXIS2_PLACEMENT_2D('',#1610,#1611);
#1610 = CARTESIAN_POINT('',(0.,0.));
#1611 = DIRECTION('',(0.986178655194,-0.165685424949));
#1612 = ( GEOMETRIC_REPRESENTATION_CONTEXT(2) 
PARAMETRIC_REPRESENTATION_CONTEXT() REPRESENTATION_CONTEXT('2D SPACE',''
  ) );
#1613 = PCURVE('',#450,#1614);
#1614 = DEFINITIONAL_REPRESENTATION('',(#1615),#1619);
#1615 = LINE('',#1616,#1617);
#1616 = CARTESIAN_POINT('',(-0.166453002006,0.));
#1617 = VECTOR('',#1618,1.);
#1618 = DIRECTION('',(1.,0.));
#1619 = ( GEOMETRIC_REPRESENTATION_CONTEXT(2) 
PARAMETRIC_REPRESENTATION_CONTEXT() REPRESENTATION_CONTEXT('2D SPACE',''
  ) );
#1620 = ORIENTED_EDGE('',*,*,#1621,.F.);
#1621 = EDGE_CURVE('',#1622,#1598,#1624,.T.);
#1622 = VERTEX_POINT('',#1623);
#1623 = CARTESIAN_POINT('',(11.042893218814,-0.207106781186,14.3));
#1624 = SURFACE_CURVE('',#1625,(#1629,#1636),.PCURVE_S1.);
#1625 = LINE('',#1626,#1627);
#1626 = CARTESIAN_POINT('',(11.042893218814,-0.207106781186,14.3));
#1627 = VECTOR('',#1628,1.);
#1628 = DIRECTION('',(-1.,3.889384548663E-62,0.));
#1629 = PCURVE('',#1361,#1630);
#1630 = DEFINITIONAL_REPRESENTATION('',(#1631),#1635);
#1631 = LINE('',#1632,#1633);
#1632 = CARTESIAN_POINT('',(0.707106781187,-0.207106781186));
#1633 = VECTOR('',#1634,1.);
#1634 = DIRECTION('',(1.,0.));
#1635 = ( GEOMETRIC_REPRESENTATION_CONTEXT(2) 
PARAMETRIC_REPRESENTATION_CONTEXT() REPRESENTATION_CONTEXT('2D SPACE',''
  ) );
#1636 = PCURVE('',#1283,#1637);
#1637 = DEFINITIONAL_REPRESENTATION('',(#1638),#1642);
#1638 = LINE('',#1639,#1640);
#1639 = CARTESIAN_POINT('',(0.,0.));
#1640 = VECTOR('',#1641,1.);
#1641 = DIRECTION('',(1.,0.));
#1642 = ( GEOMETRIC_REPRESENTATION_CONTEXT(2) 
PARAMETRIC_REPRESENTATION_CONTEXT() REPRESENTATION_CONTEXT('2D SPACE',''
  ) );
#1643 = ORIENTED_EDGE('',*,*,#1644,.F.);
#1644 = EDGE_CURVE('',#1645,#1622,#1647,.T.);
#1645 = VERTEX_POINT('',#1646);
#1646 = CARTESIAN_POINT('',(11.542893218814,-0.707106781186,14.3));
#1647 = SURFACE_CURVE('',#1648,(#1653,#1664),.PCURVE_S1.);
#1648 = CIRCLE('',#1649,0.5);
#1649 = AXIS2_PLACEMENT_3D('',#1650,#1651,#1652);
#1650 = CARTESIAN_POINT('',(11.042893218814,-0.707106781186,14.3));
#1651 = DIRECTION('',(-0.,0.,1.));
#1652 = DIRECTION('',(1.,-3.889384548663E-62,0.));
#1653 = PCURVE('',#1361,#1654);
#1654 = DEFINITIONAL_REPRESENTATION('',(#1655),#1663);
#1655 = ( BOUNDED_CURVE() B_SPLINE_CURVE(2,(#1656,#1657,#1658,#1659,
#1660,#1661,#1662),.UNSPECIFIED.,.T.,.F.) B_SPLINE_CURVE_WITH_KNOTS((1,2
    ,2,2,2,1),(-2.094395102393,0.,2.094395102393,4.188790204786,
6.28318530718,8.377580409573),.UNSPECIFIED.) CURVE() 
GEOMETRIC_REPRESENTATION_ITEM() RATIONAL_B_SPLINE_CURVE((1.,0.5,1.,0.5,
1.,0.5,1.)) REPRESENTATION_ITEM('') );
#1656 = CARTESIAN_POINT('',(0.207106781187,-0.707106781187));
#1657 = CARTESIAN_POINT('',(0.207106781187,0.158918622598));
#1658 = CARTESIAN_POINT('',(0.957106781186,-0.274094079294));
#1659 = CARTESIAN_POINT('',(1.707106781186,-0.707106781186));
#1660 = CARTESIAN_POINT('',(0.957106781187,-1.140119483079));
#1661 = CARTESIAN_POINT('',(0.207106781187,-1.573132184971));
#1662 = CARTESIAN_POINT('',(0.207106781187,-0.707106781187));
#1663 = ( GEOMETRIC_REPRESENTATION_CONTEXT(2) 
PARAMETRIC_REPRESENTATION_CONTEXT() REPRESENTATION_CONTEXT('2D SPACE',''
  ) );
#1664 = PCURVE('',#1210,#1665);
#1665 = DEFINITIONAL_REPRESENTATION('',(#1666),#1670);
#1666 = LINE('',#1667,#1668);
#1667 = CARTESIAN_POINT('',(3.14159265359,0.));
#1668 = VECTOR('',#1669,1.);
#1669 = DIRECTION('',(-1.,0.));
#1670 = ( GEOMETRIC_REPRESENTATION_CONTEXT(2) 
PARAMETRIC_REPRESENTATION_CONTEXT() REPRESENTATION_CONTEXT('2D SPACE',''
  ) );
#1671 = ORIENTED_EDGE('',*,*,#1672,.F.);
#1672 = EDGE_CURVE('',#1673,#1645,#1675,.T.);
#1673 = VERTEX_POINT('',#1674);
#1674 = CARTESIAN_POINT('',(11.542893218814,-1.232723318992,14.3));
#1675 = SURFACE_CURVE('',#1676,(#1680,#1687),.PCURVE_S1.);
#1676 = LINE('',#1677,#1678);
#1677 = CARTESIAN_POINT('',(11.542893218814,-1.232723318992,14.3));
#1678 = VECTOR('',#1679,1.);
#1679 = DIRECTION('',(5.95814110634E-46,1.,0.));
#1680 = PCURVE('',#1361,#1681);
#1681 = DEFINITIONAL_REPRESENTATION('',(#1682),#1686);
#1682 = LINE('',#1683,#1684);
#1683 = CARTESIAN_POINT('',(0.207106781186,-1.232723318992));
#1684 = VECTOR('',#1685,1.);
#1685 = DIRECTION('',(0.,1.));
#1686 = ( GEOMETRIC_REPRESENTATION_CONTEXT(2) 
PARAMETRIC_REPRESENTATION_CONTEXT() REPRESENTATION_CONTEXT('2D SPACE',''
  ) );
#1687 = PCURVE('',#1153,#1688);
#1688 = DEFINITIONAL_REPRESENTATION('',(#1689),#1693);
#1689 = LINE('',#1690,#1691);
#1690 = CARTESIAN_POINT('',(0.,0.));
#1691 = VECTOR('',#1692,1.);
#1692 = DIRECTION('',(1.,0.));
#1693 = ( GEOMETRIC_REPRESENTATION_CONTEXT(2) 
PARAMETRIC_REPRESENTATION_CONTEXT() REPRESENTATION_CONTEXT('2D SPACE',''
  ) );
#1694 = ORIENTED_EDGE('',*,*,#1695,.F.);
#1695 = EDGE_CURVE('',#1696,#1673,#1698,.T.);
#1696 = VERTEX_POINT('',#1697);
#1697 = CARTESIAN_POINT('',(11.957106781186,-1.232723318992,14.3));
#1698 = SURFACE_CURVE('',#1699,(#1704,#1711),.PCURVE_S1.);
#1699 = CIRCLE('',#1700,1.25);
#1700 = AXIS2_PLACEMENT_3D('',#1701,#1702,#1703);
#1701 = CARTESIAN_POINT('',(11.75,1.7763568394E-14,14.3));
#1702 = DIRECTION('',(-0.,0.,-1.));
#1703 = DIRECTION('',(0.165685424949,-0.986178655194,-0.));
#1704 = PCURVE('',#1361,#1705);
#1705 = DEFINITIONAL_REPRESENTATION('',(#1706),#1710);
#1706 = CIRCLE('',#1707,1.25);
#1707 = AXIS2_PLACEMENT_2D('',#1708,#1709);
#1708 = CARTESIAN_POINT('',(0.,0.));
#1709 = DIRECTION('',(-0.165685424949,-0.986178655194));
#1710 = ( GEOMETRIC_REPRESENTATION_CONTEXT(2) 
PARAMETRIC_REPRESENTATION_CONTEXT() REPRESENTATION_CONTEXT('2D SPACE',''
  ) );
#1711 = PCURVE('',#1102,#1712);
#1712 = DEFINITIONAL_REPRESENTATION('',(#1713),#1717);
#1713 = LINE('',#1714,#1715);
#1714 = CARTESIAN_POINT('',(4.545935978379,0.));
#1715 = VECTOR('',#1716,1.);
#1716 = DIRECTION('',(1.,0.));
#1717 = ( GEOMETRIC_REPRESENTATION_CONTEXT(2) 
PARAMETRIC_REPRESENTATION_CONTEXT() REPRESENTATION_CONTEXT('2D SPACE',''
  ) );
#1718 = ORIENTED_EDGE('',*,*,#1719,.F.);
#1719 = EDGE_CURVE('',#1720,#1696,#1722,.T.);
#1720 = VERTEX_POINT('',#1721);
#1721 = CARTESIAN_POINT('',(11.957106781186,-0.707106781186,14.3));
#1722 = SURFACE_CURVE('',#1723,(#1727,#1734),.PCURVE_S1.);
#1723 = LINE('',#1724,#1725);
#1724 = CARTESIAN_POINT('',(11.957106781186,-0.707106781186,14.3));
#1725 = VECTOR('',#1726,1.);
#1726 = DIRECTION('',(-5.95814110634E-46,-1.,0.));
#1727 = PCURVE('',#1361,#1728);
#1728 = DEFINITIONAL_REPRESENTATION('',(#1729),#1733);
#1729 = LINE('',#1730,#1731);
#1730 = CARTESIAN_POINT('',(-0.207106781186,-0.707106781187));
#1731 = VECTOR('',#1732,1.);
#1732 = DIRECTION('',(0.,-1.));
#1733 = ( GEOMETRIC_REPRESENTATION_CONTEXT(2) 
PARAMETRIC_REPRESENTATION_CONTEXT() REPRESENTATION_CONTEXT('2D SPACE',''
  ) );
#1734 = PCURVE('',#1073,#1735);
#1735 = DEFINITIONAL_REPRESENTATION('',(#1736),#1740);
#1736 = LINE('',#1737,#1738);
#1737 = CARTESIAN_POINT('',(0.,-0.));
#1738 = VECTOR('',#1739,1.);
#1739 = DIRECTION('',(1.,0.));
#1740 = ( GEOMETRIC_REPRESENTATION_CONTEXT(2) 
PARAMETRIC_REPRESENTATION_CONTEXT() REPRESENTATION_CONTEXT('2D SPACE',''
  ) );
#1741 = ORIENTED_EDGE('',*,*,#1742,.F.);
#1742 = EDGE_CURVE('',#1743,#1720,#1745,.T.);
#1743 = VERTEX_POINT('',#1744);
#1744 = CARTESIAN_POINT('',(12.457106781186,-0.207106781186,14.3));
#1745 = SURFACE_CURVE('',#1746,(#1751,#1762),.PCURVE_S1.);
#1746 = CIRCLE('',#1747,0.5);
#1747 = AXIS2_PLACEMENT_3D('',#1748,#1749,#1750);
#1748 = CARTESIAN_POINT('',(12.457106781186,-0.707106781186,14.3));
#1749 = DIRECTION('',(0.,-0.,1.));
#1750 = DIRECTION('',(5.95814110634E-46,1.,0.));
#1751 = PCURVE('',#1361,#1752);
#1752 = DEFINITIONAL_REPRESENTATION('',(#1753),#1761);
#1753 = ( BOUNDED_CURVE() B_SPLINE_CURVE(2,(#1754,#1755,#1756,#1757,
#1758,#1759,#1760),.UNSPECIFIED.,.T.,.F.) B_SPLINE_CURVE_WITH_KNOTS((1,2
    ,2,2,2,1),(-2.094395102393,0.,2.094395102393,4.188790204786,
6.28318530718,8.377580409573),.UNSPECIFIED.) CURVE() 
GEOMETRIC_REPRESENTATION_ITEM() RATIONAL_B_SPLINE_CURVE((1.,0.5,1.,0.5,
1.,0.5,1.)) REPRESENTATION_ITEM('') );
#1754 = CARTESIAN_POINT('',(-0.707106781187,-0.207106781187));
#1755 = CARTESIAN_POINT('',(0.158918622598,-0.207106781187));
#1756 = CARTESIAN_POINT('',(-0.274094079294,-0.957106781186));
#1757 = CARTESIAN_POINT('',(-0.707106781186,-1.707106781186));
#1758 = CARTESIAN_POINT('',(-1.140119483079,-0.957106781187));
#1759 = CARTESIAN_POINT('',(-1.573132184971,-0.207106781187));
#1760 = CARTESIAN_POINT('',(-0.707106781187,-0.207106781187));
#1761 = ( GEOMETRIC_REPRESENTATION_CONTEXT(2) 
PARAMETRIC_REPRESENTATION_CONTEXT() REPRESENTATION_CONTEXT('2D SPACE',''
  ) );
#1762 = PCURVE('',#1000,#1763);
#1763 = DEFINITIONAL_REPRESENTATION('',(#1764),#1768);
#1764 = LINE('',#1765,#1766);
#1765 = CARTESIAN_POINT('',(1.570796326795,0.));
#1766 = VECTOR('',#1767,1.);
#1767 = DIRECTION('',(-1.,0.));
#1768 = ( GEOMETRIC_REPRESENTATION_CONTEXT(2) 
PARAMETRIC_REPRESENTATION_CONTEXT() REPRESENTATION_CONTEXT('2D SPACE',''
  ) );
#1769 = ORIENTED_EDGE('',*,*,#1770,.F.);
#1770 = EDGE_CURVE('',#1322,#1743,#1771,.T.);
#1771 = SURFACE_CURVE('',#1772,(#1776,#1783),.PCURVE_S1.);
#1772 = LINE('',#1773,#1774);
#1773 = CARTESIAN_POINT('',(12.982723318992,-0.207106781186,14.3));
#1774 = VECTOR('',#1775,1.);
#1775 = DIRECTION('',(-1.,3.889384548663E-62,0.));
#1776 = PCURVE('',#1361,#1777);
#1777 = DEFINITIONAL_REPRESENTATION('',(#1778),#1782);
#1778 = LINE('',#1779,#1780);
#1779 = CARTESIAN_POINT('',(-1.232723318992,-0.207106781186));
#1780 = VECTOR('',#1781,1.);
#1781 = DIRECTION('',(1.,0.));
#1782 = ( GEOMETRIC_REPRESENTATION_CONTEXT(2) 
PARAMETRIC_REPRESENTATION_CONTEXT() REPRESENTATION_CONTEXT('2D SPACE',''
  ) );
#1783 = PCURVE('',#943,#1784);
#1784 = DEFINITIONAL_REPRESENTATION('',(#1785),#1789);
#1785 = LINE('',#1786,#1787);
#1786 = CARTESIAN_POINT('',(0.,0.));
#1787 = VECTOR('',#1788,1.);
#1788 = DIRECTION('',(1.,0.));
#1789 = ( GEOMETRIC_REPRESENTATION_CONTEXT(2) 
PARAMETRIC_REPRESENTATION_CONTEXT() REPRESENTATION_CONTEXT('2D SPACE',''
  ) );
#1790 = ORIENTED_EDGE('',*,*,#1344,.F.);
#1791 = ADVANCED_FACE('',(#1792),#943,.F.);
#1792 = FACE_BOUND('',#1793,.T.);
#1793 = EDGE_LOOP('',(#1794,#1795,#1796,#1797));
#1794 = ORIENTED_EDGE('',*,*,#904,.F.);
#1795 = ORIENTED_EDGE('',*,*,#1321,.F.);
#1796 = ORIENTED_EDGE('',*,*,#1770,.T.);
#1797 = ORIENTED_EDGE('',*,*,#1798,.T.);
#1798 = EDGE_CURVE('',#1743,#905,#1799,.T.);
#1799 = SURFACE_CURVE('',#1800,(#1804,#1811),.PCURVE_S1.);
#1800 = LINE('',#1801,#1802);
#1801 = CARTESIAN_POINT('',(12.457106781186,-0.207106781186,14.3));
#1802 = VECTOR('',#1803,1.);
#1803 = DIRECTION('',(0.,0.,1.));
#1804 = PCURVE('',#943,#1805);
#1805 = DEFINITIONAL_REPRESENTATION('',(#1806),#1810);
#1806 = LINE('',#1807,#1808);
#1807 = CARTESIAN_POINT('',(0.525616537805,0.));
#1808 = VECTOR('',#1809,1.);
#1809 = DIRECTION('',(0.,-1.));
#1810 = ( GEOMETRIC_REPRESENTATION_CONTEXT(2) 
PARAMETRIC_REPRESENTATION_CONTEXT() REPRESENTATION_CONTEXT('2D SPACE',''
  ) );
#1811 = PCURVE('',#1000,#1812);
#1812 = DEFINITIONAL_REPRESENTATION('',(#1813),#1817);
#1813 = LINE('',#1814,#1815);
#1814 = CARTESIAN_POINT('',(1.570796326795,0.));
#1815 = VECTOR('',#1816,1.);
#1816 = DIRECTION('',(0.,-1.));
#1817 = ( GEOMETRIC_REPRESENTATION_CONTEXT(2) 
PARAMETRIC_REPRESENTATION_CONTEXT() REPRESENTATION_CONTEXT('2D SPACE',''
  ) );
#1818 = ADVANCED_FACE('',(#1819),#1000,.T.);
#1819 = FACE_BOUND('',#1820,.T.);
#1820 = EDGE_LOOP('',(#1821,#1822,#1823,#1824));
#1821 = ORIENTED_EDGE('',*,*,#955,.F.);
#1822 = ORIENTED_EDGE('',*,*,#1798,.F.);
#1823 = ORIENTED_EDGE('',*,*,#1742,.T.);
#1824 = ORIENTED_EDGE('',*,*,#1825,.T.);
#1825 = EDGE_CURVE('',#1720,#956,#1826,.T.);
#1826 = SURFACE_CURVE('',#1827,(#1831,#1838),.PCURVE_S1.);
#1827 = LINE('',#1828,#1829);
#1828 = CARTESIAN_POINT('',(11.957106781186,-0.707106781186,14.3));
#1829 = VECTOR('',#1830,1.);
#1830 = DIRECTION('',(0.,0.,1.));
#1831 = PCURVE('',#1000,#1832);
#1832 = DEFINITIONAL_REPRESENTATION('',(#1833),#1837);
#1833 = LINE('',#1834,#1835);
#1834 = CARTESIAN_POINT('',(0.,0.));
#1835 = VECTOR('',#1836,1.);
#1836 = DIRECTION('',(0.,-1.));
#1837 = ( GEOMETRIC_REPRESENTATION_CONTEXT(2) 
PARAMETRIC_REPRESENTATION_CONTEXT() REPRESENTATION_CONTEXT('2D SPACE',''
  ) );
#1838 = PCURVE('',#1073,#1839);
#1839 = DEFINITIONAL_REPRESENTATION('',(#1840),#1844);
#1840 = LINE('',#1841,#1842);
#1841 = CARTESIAN_POINT('',(0.,-0.));
#1842 = VECTOR('',#1843,1.);
#1843 = DIRECTION('',(0.,-1.));
#1844 = ( GEOMETRIC_REPRESENTATION_CONTEXT(2) 
PARAMETRIC_REPRESENTATION_CONTEXT() REPRESENTATION_CONTEXT('2D SPACE',''
  ) );
#1845 = ADVANCED_FACE('',(#1846),#1073,.F.);
#1846 = FACE_BOUND('',#1847,.T.);
#1847 = EDGE_LOOP('',(#1848,#1849,#1850,#1851));
#1848 = ORIENTED_EDGE('',*,*,#1034,.F.);
#1849 = ORIENTED_EDGE('',*,*,#1825,.F.);
#1850 = ORIENTED_EDGE('',*,*,#1719,.T.);
#1851 = ORIENTED_EDGE('',*,*,#1852,.T.);
#1852 = EDGE_CURVE('',#1696,#1035,#1853,.T.);
#1853 = SURFACE_CURVE('',#1854,(#1858,#1865),.PCURVE_S1.);
#1854 = LINE('',#1855,#1856);
#1855 = CARTESIAN_POINT('',(11.957106781186,-1.232723318992,14.3));
#1856 = VECTOR('',#1857,1.);
#1857 = DIRECTION('',(0.,0.,1.));
#1858 = PCURVE('',#1073,#1859);
#1859 = DEFINITIONAL_REPRESENTATION('',(#1860),#1864);
#1860 = LINE('',#1861,#1862);
#1861 = CARTESIAN_POINT('',(0.525616537805,0.));
#1862 = VECTOR('',#1863,1.);
#1863 = DIRECTION('',(0.,-1.));
#1864 = ( GEOMETRIC_REPRESENTATION_CONTEXT(2) 
PARAMETRIC_REPRESENTATION_CONTEXT() REPRESENTATION_CONTEXT('2D SPACE',''
  ) );
#1865 = PCURVE('',#1102,#1866);
#1866 = DEFINITIONAL_REPRESENTATION('',(#1867),#1871);
#1867 = LINE('',#1868,#1869);
#1868 = CARTESIAN_POINT('',(4.545935978379,0.));
#1869 = VECTOR('',#1870,1.);
#1870 = DIRECTION('',(0.,-1.));
#1871 = ( GEOMETRIC_REPRESENTATION_CONTEXT(2) 
PARAMETRIC_REPRESENTATION_CONTEXT() REPRESENTATION_CONTEXT('2D SPACE',''
  ) );
#1872 = ADVANCED_FACE('',(#1873),#1102,.F.);
#1873 = FACE_BOUND('',#1874,.F.);
#1874 = EDGE_LOOP('',(#1875,#1896,#1897,#1898));
#1875 = ORIENTED_EDGE('',*,*,#1876,.F.);
#1876 = EDGE_CURVE('',#1673,#1086,#1877,.T.);
#1877 = SURFACE_CURVE('',#1878,(#1882,#1889),.PCURVE_S1.);
#1878 = LINE('',#1879,#1880);
#1879 = CARTESIAN_POINT('',(11.542893218814,-1.232723318992,14.3));
#1880 = VECTOR('',#1881,1.);
#1881 = DIRECTION('',(0.,0.,1.));
#1882 = PCURVE('',#1102,#1883);
#1883 = DEFINITIONAL_REPRESENTATION('',(#1884),#1888);
#1884 = LINE('',#1885,#1886);
#1885 = CARTESIAN_POINT('',(4.878841982391,0.));
#1886 = VECTOR('',#1887,1.);
#1887 = DIRECTION('',(0.,-1.));
#1888 = ( GEOMETRIC_REPRESENTATION_CONTEXT(2) 
PARAMETRIC_REPRESENTATION_CONTEXT() REPRESENTATION_CONTEXT('2D SPACE',''
  ) );
#1889 = PCURVE('',#1153,#1890);
#1890 = DEFINITIONAL_REPRESENTATION('',(#1891),#1895);
#1891 = LINE('',#1892,#1893);
#1892 = CARTESIAN_POINT('',(0.,0.));
#1893 = VECTOR('',#1894,1.);
#1894 = DIRECTION('',(0.,-1.));
#1895 = ( GEOMETRIC_REPRESENTATION_CONTEXT(2) 
PARAMETRIC_REPRESENTATION_CONTEXT() REPRESENTATION_CONTEXT('2D SPACE',''
  ) );
#1896 = ORIENTED_EDGE('',*,*,#1695,.F.);
#1897 = ORIENTED_EDGE('',*,*,#1852,.T.);
#1898 = ORIENTED_EDGE('',*,*,#1085,.T.);
#1899 = ADVANCED_FACE('',(#1900),#1153,.F.);
#1900 = FACE_BOUND('',#1901,.T.);
#1901 = EDGE_LOOP('',(#1902,#1903,#1904,#1905));
#1902 = ORIENTED_EDGE('',*,*,#1114,.F.);
#1903 = ORIENTED_EDGE('',*,*,#1876,.F.);
#1904 = ORIENTED_EDGE('',*,*,#1672,.T.);
#1905 = ORIENTED_EDGE('',*,*,#1906,.T.);
#1906 = EDGE_CURVE('',#1645,#1115,#1907,.T.);
#1907 = SURFACE_CURVE('',#1908,(#1912,#1919),.PCURVE_S1.);
#1908 = LINE('',#1909,#1910);
#1909 = CARTESIAN_POINT('',(11.542893218814,-0.707106781186,14.3));
#1910 = VECTOR('',#1911,1.);
#1911 = DIRECTION('',(0.,0.,1.));
#1912 = PCURVE('',#1153,#1913);
#1913 = DEFINITIONAL_REPRESENTATION('',(#1914),#1918);
#1914 = LINE('',#1915,#1916);
#1915 = CARTESIAN_POINT('',(0.525616537805,0.));
#1916 = VECTOR('',#1917,1.);
#1917 = DIRECTION('',(0.,-1.));
#1918 = ( GEOMETRIC_REPRESENTATION_CONTEXT(2) 
PARAMETRIC_REPRESENTATION_CONTEXT() REPRESENTATION_CONTEXT('2D SPACE',''
  ) );
#1919 = PCURVE('',#1210,#1920);
#1920 = DEFINITIONAL_REPRESENTATION('',(#1921),#1925);
#1921 = LINE('',#1922,#1923);
#1922 = CARTESIAN_POINT('',(3.14159265359,0.));
#1923 = VECTOR('',#1924,1.);
#1924 = DIRECTION('',(0.,-1.));
#1925 = ( GEOMETRIC_REPRESENTATION_CONTEXT(2) 
PARAMETRIC_REPRESENTATION_CONTEXT() REPRESENTATION_CONTEXT('2D SPACE',''
  ) );
#1926 = ADVANCED_FACE('',(#1927),#1210,.T.);
#1927 = FACE_BOUND('',#1928,.T.);
#1928 = EDGE_LOOP('',(#1929,#1930,#1931,#1932));
#1929 = ORIENTED_EDGE('',*,*,#1165,.F.);
#1930 = ORIENTED_EDGE('',*,*,#1906,.F.);
#1931 = ORIENTED_EDGE('',*,*,#1644,.T.);
#1932 = ORIENTED_EDGE('',*,*,#1933,.T.);
#1933 = EDGE_CURVE('',#1622,#1166,#1934,.T.);
#1934 = SURFACE_CURVE('',#1935,(#1939,#1946),.PCURVE_S1.);
#1935 = LINE('',#1936,#1937);
#1936 = CARTESIAN_POINT('',(11.042893218814,-0.207106781186,14.3));
#1937 = VECTOR('',#1938,1.);
#1938 = DIRECTION('',(0.,0.,1.));
#1939 = PCURVE('',#1210,#1940);
#1940 = DEFINITIONAL_REPRESENTATION('',(#1941),#1945);
#1941 = LINE('',#1942,#1943);
#1942 = CARTESIAN_POINT('',(1.570796326795,0.));
#1943 = VECTOR('',#1944,1.);
#1944 = DIRECTION('',(0.,-1.));
#1945 = ( GEOMETRIC_REPRESENTATION_CONTEXT(2) 
PARAMETRIC_REPRESENTATION_CONTEXT() REPRESENTATION_CONTEXT('2D SPACE',''
  ) );
#1946 = PCURVE('',#1283,#1947);
#1947 = DEFINITIONAL_REPRESENTATION('',(#1948),#1952);
#1948 = LINE('',#1949,#1950);
#1949 = CARTESIAN_POINT('',(0.,0.));
#1950 = VECTOR('',#1951,1.);
#1951 = DIRECTION('',(0.,-1.));
#1952 = ( GEOMETRIC_REPRESENTATION_CONTEXT(2) 
PARAMETRIC_REPRESENTATION_CONTEXT() REPRESENTATION_CONTEXT('2D SPACE',''
  ) );
#1953 = ADVANCED_FACE('',(#1954),#1283,.F.);
#1954 = FACE_BOUND('',#1955,.T.);
#1955 = EDGE_LOOP('',(#1956,#1957,#1958,#1959));
#1956 = ORIENTED_EDGE('',*,*,#1244,.F.);
#1957 = ORIENTED_EDGE('',*,*,#1933,.F.);
#1958 = ORIENTED_EDGE('',*,*,#1621,.T.);
#1959 = ORIENTED_EDGE('',*,*,#1960,.T.);
#1960 = EDGE_CURVE('',#1598,#1245,#1961,.T.);
#1961 = SURFACE_CURVE('',#1962,(#1966,#1973),.PCURVE_S1.);
#1962 = LINE('',#1963,#1964);
#1963 = CARTESIAN_POINT('',(10.517276681008,-0.207106781186,14.3));
#1964 = VECTOR('',#1965,1.);
#1965 = DIRECTION('',(0.,0.,1.));
#1966 = PCURVE('',#1283,#1967);
#1967 = DEFINITIONAL_REPRESENTATION('',(#1968),#1972);
#1968 = LINE('',#1969,#1970);
#1969 = CARTESIAN_POINT('',(0.525616537805,0.));
#1970 = VECTOR('',#1971,1.);
#1971 = DIRECTION('',(0.,-1.));
#1972 = ( GEOMETRIC_REPRESENTATION_CONTEXT(2) 
PARAMETRIC_REPRESENTATION_CONTEXT() REPRESENTATION_CONTEXT('2D SPACE',''
  ) );
#1973 = PCURVE('',#450,#1974);
#1974 = DEFINITIONAL_REPRESENTATION('',(#1975),#1979);
#1975 = LINE('',#1976,#1977);
#1976 = CARTESIAN_POINT('',(-0.166453002006,0.));
#1977 = VECTOR('',#1978,1.);
#1978 = DIRECTION('',(0.,-1.));
#1979 = ( GEOMETRIC_REPRESENTATION_CONTEXT(2) 
PARAMETRIC_REPRESENTATION_CONTEXT() REPRESENTATION_CONTEXT('2D SPACE',''
  ) );
#1980 = ADVANCED_FACE('',(#1981),#450,.F.);
#1981 = FACE_BOUND('',#1982,.F.);
#1982 = EDGE_LOOP('',(#1983,#1984,#2005,#2006,#2007));
#1983 = ORIENTED_EDGE('',*,*,#433,.T.);
#1984 = ORIENTED_EDGE('',*,*,#1985,.F.);
#1985 = EDGE_CURVE('',#1575,#434,#1986,.T.);
#1986 = SURFACE_CURVE('',#1987,(#1991,#1998),.PCURVE_S1.);
#1987 = LINE('',#1988,#1989);
#1988 = CARTESIAN_POINT('',(10.517276681008,0.207106781187,14.3));
#1989 = VECTOR('',#1990,1.);
#1990 = DIRECTION('',(0.,0.,1.));
#1991 = PCURVE('',#450,#1992);
#1992 = DEFINITIONAL_REPRESENTATION('',(#1993),#1997);
#1993 = LINE('',#1994,#1995);
#1994 = CARTESIAN_POINT('',(0.166453002006,0.));
#1995 = VECTOR('',#1996,1.);
#1996 = DIRECTION('',(0.,-1.));
#1997 = ( GEOMETRIC_REPRESENTATION_CONTEXT(2) 
PARAMETRIC_REPRESENTATION_CONTEXT() REPRESENTATION_CONTEXT('2D SPACE',''
  ) );
#1998 = PCURVE('',#501,#1999);
#1999 = DEFINITIONAL_REPRESENTATION('',(#2000),#2004);
#2000 = LINE('',#2001,#2002);
#2001 = CARTESIAN_POINT('',(0.,0.));
#2002 = VECTOR('',#2003,1.);
#2003 = DIRECTION('',(0.,-1.));
#2004 = ( GEOMETRIC_REPRESENTATION_CONTEXT(2) 
PARAMETRIC_REPRESENTATION_CONTEXT() REPRESENTATION_CONTEXT('2D SPACE',''
  ) );
#2005 = ORIENTED_EDGE('',*,*,#1597,.F.);
#2006 = ORIENTED_EDGE('',*,*,#1960,.T.);
#2007 = ORIENTED_EDGE('',*,*,#1295,.T.);
#2008 = ADVANCED_FACE('',(#2009),#501,.F.);
#2009 = FACE_BOUND('',#2010,.T.);
#2010 = EDGE_LOOP('',(#2011,#2012,#2013,#2014));
#2011 = ORIENTED_EDGE('',*,*,#462,.F.);
#2012 = ORIENTED_EDGE('',*,*,#1985,.F.);
#2013 = ORIENTED_EDGE('',*,*,#1574,.T.);
#2014 = ORIENTED_EDGE('',*,*,#2015,.T.);
#2015 = EDGE_CURVE('',#1547,#463,#2016,.T.);
#2016 = SURFACE_CURVE('',#2017,(#2021,#2028),.PCURVE_S1.);
#2017 = LINE('',#2018,#2019);
#2018 = CARTESIAN_POINT('',(11.042893218814,0.207106781187,14.3));
#2019 = VECTOR('',#2020,1.);
#2020 = DIRECTION('',(0.,0.,1.));
#2021 = PCURVE('',#501,#2022);
#2022 = DEFINITIONAL_REPRESENTATION('',(#2023),#2027);
#2023 = LINE('',#2024,#2025);
#2024 = CARTESIAN_POINT('',(0.525616537805,0.));
#2025 = VECTOR('',#2026,1.);
#2026 = DIRECTION('',(0.,-1.));
#2027 = ( GEOMETRIC_REPRESENTATION_CONTEXT(2) 
PARAMETRIC_REPRESENTATION_CONTEXT() REPRESENTATION_CONTEXT('2D SPACE',''
  ) );
#2028 = PCURVE('',#558,#2029);
#2029 = DEFINITIONAL_REPRESENTATION('',(#2030),#2034);
#2030 = LINE('',#2031,#2032);
#2031 = CARTESIAN_POINT('',(4.712388980385,0.));
#2032 = VECTOR('',#2033,1.);
#2033 = DIRECTION('',(0.,-1.));
#2034 = ( GEOMETRIC_REPRESENTATION_CONTEXT(2) 
PARAMETRIC_REPRESENTATION_CONTEXT() REPRESENTATION_CONTEXT('2D SPACE',''
  ) );
#2035 = ADVANCED_FACE('',(#2036),#558,.T.);
#2036 = FACE_BOUND('',#2037,.T.);
#2037 = EDGE_LOOP('',(#2038,#2039,#2040,#2041));
#2038 = ORIENTED_EDGE('',*,*,#513,.F.);
#2039 = ORIENTED_EDGE('',*,*,#2015,.F.);
#2040 = ORIENTED_EDGE('',*,*,#1546,.T.);
#2041 = ORIENTED_EDGE('',*,*,#2042,.T.);
#2042 = EDGE_CURVE('',#1524,#514,#2043,.T.);
#2043 = SURFACE_CURVE('',#2044,(#2048,#2055),.PCURVE_S1.);
#2044 = LINE('',#2045,#2046);
#2045 = CARTESIAN_POINT('',(11.542893218814,0.707106781187,14.3));
#2046 = VECTOR('',#2047,1.);
#2047 = DIRECTION('',(0.,0.,1.));
#2048 = PCURVE('',#558,#2049);
#2049 = DEFINITIONAL_REPRESENTATION('',(#2050),#2054);
#2050 = LINE('',#2051,#2052);
#2051 = CARTESIAN_POINT('',(3.14159265359,0.));
#2052 = VECTOR('',#2053,1.);
#2053 = DIRECTION('',(0.,-1.));
#2054 = ( GEOMETRIC_REPRESENTATION_CONTEXT(2) 
PARAMETRIC_REPRESENTATION_CONTEXT() REPRESENTATION_CONTEXT('2D SPACE',''
  ) );
#2055 = PCURVE('',#631,#2056);
#2056 = DEFINITIONAL_REPRESENTATION('',(#2057),#2061);
#2057 = LINE('',#2058,#2059);
#2058 = CARTESIAN_POINT('',(0.,0.));
#2059 = VECTOR('',#2060,1.);
#2060 = DIRECTION('',(0.,-1.));
#2061 = ( GEOMETRIC_REPRESENTATION_CONTEXT(2) 
PARAMETRIC_REPRESENTATION_CONTEXT() REPRESENTATION_CONTEXT('2D SPACE',''
  ) );
#2062 = ADVANCED_FACE('',(#2063),#631,.F.);
#2063 = FACE_BOUND('',#2064,.T.);
#2064 = EDGE_LOOP('',(#2065,#2066,#2067,#2068));
#2065 = ORIENTED_EDGE('',*,*,#592,.F.);
#2066 = ORIENTED_EDGE('',*,*,#2042,.F.);
#2067 = ORIENTED_EDGE('',*,*,#1523,.T.);
#2068 = ORIENTED_EDGE('',*,*,#2069,.T.);
#2069 = EDGE_CURVE('',#1500,#593,#2070,.T.);
#2070 = SURFACE_CURVE('',#2071,(#2075,#2082),.PCURVE_S1.);
#2071 = LINE('',#2072,#2073);
#2072 = CARTESIAN_POINT('',(11.542893218814,1.232723318992,14.3));
#2073 = VECTOR('',#2074,1.);
#2074 = DIRECTION('',(0.,0.,1.));
#2075 = PCURVE('',#631,#2076);
#2076 = DEFINITIONAL_REPRESENTATION('',(#2077),#2081);
#2077 = LINE('',#2078,#2079);
#2078 = CARTESIAN_POINT('',(0.525616537805,0.));
#2079 = VECTOR('',#2080,1.);
#2080 = DIRECTION('',(0.,-1.));
#2081 = ( GEOMETRIC_REPRESENTATION_CONTEXT(2) 
PARAMETRIC_REPRESENTATION_CONTEXT() REPRESENTATION_CONTEXT('2D SPACE',''
  ) );
#2082 = PCURVE('',#660,#2083);
#2083 = DEFINITIONAL_REPRESENTATION('',(#2084),#2088);
#2084 = LINE('',#2085,#2086);
#2085 = CARTESIAN_POINT('',(1.404343324789,0.));
#2086 = VECTOR('',#2087,1.);
#2087 = DIRECTION('',(0.,-1.));
#2088 = ( GEOMETRIC_REPRESENTATION_CONTEXT(2) 
PARAMETRIC_REPRESENTATION_CONTEXT() REPRESENTATION_CONTEXT('2D SPACE',''
  ) );
#2089 = ADVANCED_FACE('',(#2090),#660,.F.);
#2090 = FACE_BOUND('',#2091,.F.);
#2091 = EDGE_LOOP('',(#2092,#2113,#2114,#2115));
#2092 = ORIENTED_EDGE('',*,*,#2093,.F.);
#2093 = EDGE_CURVE('',#1477,#644,#2094,.T.);
#2094 = SURFACE_CURVE('',#2095,(#2099,#2106),.PCURVE_S1.);
#2095 = LINE('',#2096,#2097);
#2096 = CARTESIAN_POINT('',(11.957106781186,1.232723318992,14.3));
#2097 = VECTOR('',#2098,1.);
#2098 = DIRECTION('',(0.,0.,1.));
#2099 = PCURVE('',#660,#2100);
#2100 = DEFINITIONAL_REPRESENTATION('',(#2101),#2105);
#2101 = LINE('',#2102,#2103);
#2102 = CARTESIAN_POINT('',(1.737249328801,0.));
#2103 = VECTOR('',#2104,1.);
#2104 = DIRECTION('',(0.,-1.));
#2105 = ( GEOMETRIC_REPRESENTATION_CONTEXT(2) 
PARAMETRIC_REPRESENTATION_CONTEXT() REPRESENTATION_CONTEXT('2D SPACE',''
  ) );
#2106 = PCURVE('',#711,#2107);
#2107 = DEFINITIONAL_REPRESENTATION('',(#2108),#2112);
#2108 = LINE('',#2109,#2110);
#2109 = CARTESIAN_POINT('',(0.,-0.));
#2110 = VECTOR('',#2111,1.);
#2111 = DIRECTION('',(0.,-1.));
#2112 = ( GEOMETRIC_REPRESENTATION_CONTEXT(2) 
PARAMETRIC_REPRESENTATION_CONTEXT() REPRESENTATION_CONTEXT('2D SPACE',''
  ) );
#2113 = ORIENTED_EDGE('',*,*,#1499,.F.);
#2114 = ORIENTED_EDGE('',*,*,#2069,.T.);
#2115 = ORIENTED_EDGE('',*,*,#643,.T.);
#2116 = ADVANCED_FACE('',(#2117),#711,.F.);
#2117 = FACE_BOUND('',#2118,.T.);
#2118 = EDGE_LOOP('',(#2119,#2120,#2121,#2122));
#2119 = ORIENTED_EDGE('',*,*,#672,.F.);
#2120 = ORIENTED_EDGE('',*,*,#2093,.F.);
#2121 = ORIENTED_EDGE('',*,*,#1476,.T.);
#2122 = ORIENTED_EDGE('',*,*,#2123,.T.);
#2123 = EDGE_CURVE('',#1449,#673,#2124,.T.);
#2124 = SURFACE_CURVE('',#2125,(#2129,#2136),.PCURVE_S1.);
#2125 = LINE('',#2126,#2127);
#2126 = CARTESIAN_POINT('',(11.957106781186,0.707106781187,14.3));
#2127 = VECTOR('',#2128,1.);
#2128 = DIRECTION('',(0.,0.,1.));
#2129 = PCURVE('',#711,#2130);
#2130 = DEFINITIONAL_REPRESENTATION('',(#2131),#2135);
#2131 = LINE('',#2132,#2133);
#2132 = CARTESIAN_POINT('',(0.525616537805,0.));
#2133 = VECTOR('',#2134,1.);
#2134 = DIRECTION('',(0.,-1.));
#2135 = ( GEOMETRIC_REPRESENTATION_CONTEXT(2) 
PARAMETRIC_REPRESENTATION_CONTEXT() REPRESENTATION_CONTEXT('2D SPACE',''
  ) );
#2136 = PCURVE('',#768,#2137);
#2137 = DEFINITIONAL_REPRESENTATION('',(#2138),#2142);
#2138 = LINE('',#2139,#2140);
#2139 = CARTESIAN_POINT('',(6.28318530718,0.));
#2140 = VECTOR('',#2141,1.);
#2141 = DIRECTION('',(0.,-1.));
#2142 = ( GEOMETRIC_REPRESENTATION_CONTEXT(2) 
PARAMETRIC_REPRESENTATION_CONTEXT() REPRESENTATION_CONTEXT('2D SPACE',''
  ) );
#2143 = ADVANCED_FACE('',(#2144),#768,.T.);
#2144 = FACE_BOUND('',#2145,.T.);
#2145 = EDGE_LOOP('',(#2146,#2147,#2148,#2149));
#2146 = ORIENTED_EDGE('',*,*,#723,.F.);
#2147 = ORIENTED_EDGE('',*,*,#2123,.F.);
#2148 = ORIENTED_EDGE('',*,*,#1448,.T.);
#2149 = ORIENTED_EDGE('',*,*,#1399,.T.);
#2150 = ( GEOMETRIC_REPRESENTATION_CONTEXT(3) 
GLOBAL_UNCERTAINTY_ASSIGNED_CONTEXT((#2154)) 
GLOBAL_UNIT_ASSIGNED_CONTEXT((#2151,#2152,#2153)) REPRESENTATION_CONTEXT
('Context #1','3D Context with UNIT and UNCERTAINTY') );
#2151 = ( LENGTH_UNIT() NAMED_UNIT(*) SI_UNIT(.MILLI.,.METRE.) );
#2152 = ( NAMED_UNIT(*) PLANE_ANGLE_UNIT() SI_UNIT($,.RADIAN.) );
#2153 = ( NAMED_UNIT(*) SI_UNIT($,.STERADIAN.) SOLID_ANGLE_UNIT() );
#2154 = UNCERTAINTY_MEASURE_WITH_UNIT(LENGTH_MEASURE(2.E-05),#2151,
  'distance_accuracy_value','confusion accuracy');
#2155 = PRODUCT_RELATED_PRODUCT_CATEGORY('part',$,(#7));
ENDSEC;
END-ISO-10303-21;
