ISO-10303-21;
HEADER;
FILE_DESCRIPTION(('Open CASCADE Model'),'2;1');
FILE_NAME('Open CASCADE Shape Model','2026-09-22T14:11:47',('Author'),(
    'Open CASCADE'),'Open CASCADE STEP processor 7.9','Open CASCADE 7.9'
  ,'Unknown');
FILE_SCHEMA(('AUTOMOTIVE_DESIGN { 1 0 10303 214 1 1 1 1 }'));
ENDSEC;
DATA;
#1 = APPLICATION_PROTOCOL_DEFINITION('international standard',
  'automotive_design',2000,#2);
#2 = APPLICATION_CONTEXT(
  'core data for automotive mechanical design processes');
#3 = SHAPE_DEFINITION_REPRESENTATION(#4,#10);
#4 = PRODUCT_DEFINITION_SHAPE('','',#5);
#5 = PRODUCT_DEFINITION('design','',#6,#9);
#6 = PRODUCT_DEFINITION_FORMATION('','',#7);
#7 = PRODUCT('Open CASCADE STEP translator 7.9 9',
  'Open CASCADE STEP translator 7.9 9','',(#8));
#8 = PRODUCT_CONTEXT('',#2,'mechanical');
#9 = PRODUCT_DEFINITION_CONTEXT('part definition',#2,'design');
#10 = ADVANCED_BREP_SHAPE_REPRESENTATION('',(#11,#15),#4044);
#11 = AXIS2_PLACEMENT_3D('',#12,#13,#14);
#12 = CARTESIAN_POINT('',(0.,0.,0.));
#13 = DIRECTION('',(0.,0.,1.));
#14 = DIRECTION('',(1.,0.,-0.));
#15 = MANIFOLD_SOLID_BREP('',#16);
#16 = CLOSED_SHELL('',(#17,#329,#406,#478,#550,#622,#654,#843,#947,#1227
    ,#1357,#1740,#2380,#2456,#2510,#2586,#2613,#2640,#2667,#2714,#2721,
    #2728,#2735,#2842,#2919,#3136,#3217,#3293,#3320,#3367,#3374,#3381,
    #3432,#3485,#3600,#3655,#3710,#3760,#3768,#3817,#3871,#3898,#3947,
    #3996,#4023,#4030,#4037));
#17 = ADVANCED_FACE('',(#18),#33,.F.);
#18 = FACE_BOUND('',#19,.T.);
#19 = EDGE_LOOP('',(#20,#56,#89,#118,#151,#180,#208,#241,#269,#298));
#20 = ORIENTED_EDGE('',*,*,#21,.T.);
#21 = EDGE_CURVE('',#22,#24,#26,.T.);
#22 = VERTEX_POINT('',#23);
#23 = CARTESIAN_POINT('',(3.643257390376,-1.526163683053,-18.8));
#24 = VERTEX_POINT('',#25);
#25 = CARTESIAN_POINT('',(0.499932175331,3.918235294118,-18.8));
#26 = SURFACE_CURVE('',#27,(#32,#44),.PCURVE_S1.);
#27 = CIRCLE('',#28,3.95);
#28 = AXIS2_PLACEMENT_3D('',#29,#30,#31);
#29 = CARTESIAN_POINT('',(5.291892352179E-60,1.7763568394E-14,-18.8));
#30 = DIRECTION('',(-0.,0.,1.));
#31 = DIRECTION('',(0.922343643133,-0.386370552672,0.));
#32 = PCURVE('',#33,#38);
#33 = PLANE('',#34);
#34 = AXIS2_PLACEMENT_3D('',#35,#36,#37);
#35 = CARTESIAN_POINT('',(5.291892352179E-60,1.7763568394E-14,-18.8));
#36 = DIRECTION('',(0.,0.,1.));
#37 = DIRECTION('',(1.,-3.889384548663E-62,0.));
#38 = DEFINITIONAL_REPRESENTATION('',(#39),#43);
#39 = CIRCLE('',#40,3.95);
#40 = AXIS2_PLACEMENT_2D('',#41,#42);
#41 = CARTESIAN_POINT('',(0.,0.));
#42 = DIRECTION('',(0.922343643133,-0.386370552672));
#43 = ( GEOMETRIC_REPRESENTATION_CONTEXT(2) 
PARAMETRIC_REPRESENTATION_CONTEXT() REPRESENTATION_CONTEXT('2D SPACE',''
  ) );
#44 = PCURVE('',#45,#50);
#45 = CYLINDRICAL_SURFACE('',#46,3.95);
#46 = AXIS2_PLACEMENT_3D('',#47,#48,#49);
#47 = CARTESIAN_POINT('',(5.291892352179E-60,1.7763568394E-14,-20.));
#48 = DIRECTION('',(0.,-0.,-1.));
#49 = DIRECTION('',(0.866025403784,0.5,0.));
#50 = DEFINITIONAL_REPRESENTATION('',(#51),#55);
#51 = LINE('',#52,#53);
#52 = CARTESIAN_POINT('',(7.203477389501,-1.2));
#53 = VECTOR('',#54,1.);
#54 = DIRECTION('',(-1.,0.));
#55 = ( GEOMETRIC_REPRESENTATION_CONTEXT(2) 
PARAMETRIC_REPRESENTATION_CONTEXT() REPRESENTATION_CONTEXT('2D SPACE',''
  ) );
#56 = ORIENTED_EDGE('',*,*,#57,.T.);
#57 = EDGE_CURVE('',#24,#58,#60,.T.);
#58 = VERTEX_POINT('',#59);
#59 = CARTESIAN_POINT('',(-0.499932175331,3.918235294118,-18.8));
#60 = SURFACE_CURVE('',#61,(#66,#77),.PCURVE_S1.);
#61 = CIRCLE('',#62,0.6);
#62 = AXIS2_PLACEMENT_3D('',#63,#64,#65);
#63 = CARTESIAN_POINT('',(2.532209970195E-45,4.25,-18.8));
#64 = DIRECTION('',(0.,-0.,-1.));
#65 = DIRECTION('',(0.833220292218,-0.552941176471,0.));
#66 = PCURVE('',#33,#67);
#67 = DEFINITIONAL_REPRESENTATION('',(#68),#76);
#68 = ( BOUNDED_CURVE() B_SPLINE_CURVE(2,(#69,#70,#71,#72,#73,#74,#75),
.UNSPECIFIED.,.T.,.F.) B_SPLINE_CURVE_WITH_KNOTS((1,2,2,2,2,1),(
    -2.094395102393,0.,2.094395102393,4.188790204786,6.28318530718,
8.377580409573),.UNSPECIFIED.) CURVE() GEOMETRIC_REPRESENTATION_ITEM() 
RATIONAL_B_SPLINE_CURVE((1.,0.5,1.,0.5,1.,0.5,1.)) REPRESENTATION_ITEM(
  '') );
#69 = CARTESIAN_POINT('',(0.499932175331,3.918235294118));
#70 = CARTESIAN_POINT('',(-7.470115141577E-02,3.052327366107));
#71 = CARTESIAN_POINT('',(-0.537282751038,3.982928388936));
#72 = CARTESIAN_POINT('',(-0.999864350661,4.913529411765));
#73 = CARTESIAN_POINT('',(3.735057570789E-02,4.848836316947));
#74 = CARTESIAN_POINT('',(1.074565502077,4.784143222129));
#75 = CARTESIAN_POINT('',(0.499932175331,3.918235294118));
#76 = ( GEOMETRIC_REPRESENTATION_CONTEXT(2) 
PARAMETRIC_REPRESENTATION_CONTEXT() REPRESENTATION_CONTEXT('2D SPACE',''
  ) );
#77 = PCURVE('',#78,#83);
#78 = CYLINDRICAL_SURFACE('',#79,0.6);
#79 = AXIS2_PLACEMENT_3D('',#80,#81,#82);
#80 = CARTESIAN_POINT('',(2.532209970195E-45,4.25,-20.));
#81 = DIRECTION('',(0.,-0.,-1.));
#82 = DIRECTION('',(-1.,3.889384548663E-62,0.));
#83 = DEFINITIONAL_REPRESENTATION('',(#84),#88);
#84 = LINE('',#85,#86);
#85 = CARTESIAN_POINT('',(3.727482664608,-1.2));
#86 = VECTOR('',#87,1.);
#87 = DIRECTION('',(1.,0.));
#88 = ( GEOMETRIC_REPRESENTATION_CONTEXT(2) 
PARAMETRIC_REPRESENTATION_CONTEXT() REPRESENTATION_CONTEXT('2D SPACE',''
  ) );
#89 = ORIENTED_EDGE('',*,*,#90,.T.);
#90 = EDGE_CURVE('',#58,#91,#93,.T.);
#91 = VERTEX_POINT('',#92);
#92 = CARTESIAN_POINT('',(-3.643257390376,-1.526163683053,-18.8));
#93 = SURFACE_CURVE('',#94,(#99,#106),.PCURVE_S1.);
#94 = CIRCLE('',#95,3.95);
#95 = AXIS2_PLACEMENT_3D('',#96,#97,#98);
#96 = CARTESIAN_POINT('',(5.291892352179E-60,1.7763568394E-14,-18.8));
#97 = DIRECTION('',(0.,0.,1.));
#98 = DIRECTION('',(-0.126565107679,0.991958302308,0.));
#99 = PCURVE('',#33,#100);
#100 = DEFINITIONAL_REPRESENTATION('',(#101),#105);
#101 = CIRCLE('',#102,3.95);
#102 = AXIS2_PLACEMENT_2D('',#103,#104);
#103 = CARTESIAN_POINT('',(0.,0.));
#104 = DIRECTION('',(-0.126565107679,0.991958302308));
#105 = ( GEOMETRIC_REPRESENTATION_CONTEXT(2) 
PARAMETRIC_REPRESENTATION_CONTEXT() REPRESENTATION_CONTEXT('2D SPACE',''
  ) );
#106 = PCURVE('',#107,#112);
#107 = CYLINDRICAL_SURFACE('',#108,3.95);
#108 = AXIS2_PLACEMENT_3D('',#109,#110,#111);
#109 = CARTESIAN_POINT('',(5.291892352179E-60,1.7763568394E-14,-20.));
#110 = DIRECTION('',(0.,-0.,-1.));
#111 = DIRECTION('',(-1.,3.889384548663E-62,0.));
#112 = DEFINITIONAL_REPRESENTATION('',(#113),#117);
#113 = LINE('',#114,#115);
#114 = CARTESIAN_POINT('',(1.44389085792,-1.2));
#115 = VECTOR('',#116,1.);
#116 = DIRECTION('',(-1.,0.));
#117 = ( GEOMETRIC_REPRESENTATION_CONTEXT(2) 
PARAMETRIC_REPRESENTATION_CONTEXT() REPRESENTATION_CONTEXT('2D SPACE',''
  ) );
#118 = ORIENTED_EDGE('',*,*,#119,.T.);
#119 = EDGE_CURVE('',#91,#120,#122,.T.);
#120 = VERTEX_POINT('',#121);
#121 = CARTESIAN_POINT('',(-3.143325215045,-2.392071611064,-18.8));
#122 = SURFACE_CURVE('',#123,(#128,#139),.PCURVE_S1.);
#123 = CIRCLE('',#124,0.6);
#124 = AXIS2_PLACEMENT_3D('',#125,#126,#127);
#125 = CARTESIAN_POINT('',(-3.680607966084,-2.125,-18.8));
#126 = DIRECTION('',(0.,0.,-1.));
#127 = DIRECTION('',(6.225095951314E-02,0.998060528245,0.));
#128 = PCURVE('',#33,#129);
#129 = DEFINITIONAL_REPRESENTATION('',(#130),#138);
#130 = ( BOUNDED_CURVE() B_SPLINE_CURVE(2,(#131,#132,#133,#134,#135,#136
,#137),.UNSPECIFIED.,.T.,.F.) B_SPLINE_CURVE_WITH_KNOTS((1,2,2,2,2,1),(
    -2.094395102393,0.,2.094395102393,4.188790204786,6.28318530718,
8.377580409573),.UNSPECIFIED.) CURVE() GEOMETRIC_REPRESENTATION_ITEM() 
RATIONAL_B_SPLINE_CURVE((1.,0.5,1.,0.5,1.,0.5,1.)) REPRESENTATION_ITEM(
  '') );
#131 = CARTESIAN_POINT('',(-3.643257390376,-1.526163683053));
#132 = CARTESIAN_POINT('',(-2.606042464007,-1.590856777871));
#133 = CARTESIAN_POINT('',(-3.180675790753,-2.456764705882));
#134 = CARTESIAN_POINT('',(-3.7553091175,-3.322672633893));
#135 = CARTESIAN_POINT('',(-4.217890717122,-2.392071611064));
#136 = CARTESIAN_POINT('',(-4.680472316745,-1.461470588235));
#137 = CARTESIAN_POINT('',(-3.643257390376,-1.526163683053));
#138 = ( GEOMETRIC_REPRESENTATION_CONTEXT(2) 
PARAMETRIC_REPRESENTATION_CONTEXT() REPRESENTATION_CONTEXT('2D SPACE',''
  ) );
#139 = PCURVE('',#140,#145);
#140 = CYLINDRICAL_SURFACE('',#141,0.6);
#141 = AXIS2_PLACEMENT_3D('',#142,#143,#144);
#142 = CARTESIAN_POINT('',(-3.680607966084,-2.125,-20.));
#143 = DIRECTION('',(0.,-0.,-1.));
#144 = DIRECTION('',(0.866025403784,0.5,0.));
#145 = DEFINITIONAL_REPRESENTATION('',(#146),#150);
#146 = LINE('',#147,#148);
#147 = CARTESIAN_POINT('',(-0.984906315777,-1.2));
#148 = VECTOR('',#149,1.);
#149 = DIRECTION('',(1.,0.));
#150 = ( GEOMETRIC_REPRESENTATION_CONTEXT(2) 
PARAMETRIC_REPRESENTATION_CONTEXT() REPRESENTATION_CONTEXT('2D SPACE',''
  ) );
#151 = ORIENTED_EDGE('',*,*,#152,.T.);
#152 = EDGE_CURVE('',#120,#153,#155,.T.);
#153 = VERTEX_POINT('',#154);
#154 = CARTESIAN_POINT('',(-0.842424372227,-3.859121814232,-18.8));
#155 = SURFACE_CURVE('',#156,(#161,#168),.PCURVE_S1.);
#156 = CIRCLE('',#157,3.95);
#157 = AXIS2_PLACEMENT_3D('',#158,#159,#160);
#158 = CARTESIAN_POINT('',(5.291892352179E-60,1.7763568394E-14,-18.8));
#159 = DIRECTION('',(0.,0.,1.));
#160 = DIRECTION('',(-0.795778535455,-0.605587749637,0.));
#161 = PCURVE('',#33,#162);
#162 = DEFINITIONAL_REPRESENTATION('',(#163),#167);
#163 = CIRCLE('',#164,3.95);
#164 = AXIS2_PLACEMENT_2D('',#165,#166);
#165 = CARTESIAN_POINT('',(0.,0.));
#166 = DIRECTION('',(-0.795778535455,-0.605587749637));
#167 = ( GEOMETRIC_REPRESENTATION_CONTEXT(2) 
PARAMETRIC_REPRESENTATION_CONTEXT() REPRESENTATION_CONTEXT('2D SPACE',''
  ) );
#168 = PCURVE('',#169,#174);
#169 = CYLINDRICAL_SURFACE('',#170,3.95);
#170 = AXIS2_PLACEMENT_3D('',#171,#172,#173);
#171 = CARTESIAN_POINT('',(5.291892352179E-60,1.7763568394E-14,-20.));
#172 = DIRECTION('',(0.,-0.,-1.));
#173 = DIRECTION('',(-1.,3.889384548663E-62,0.));
#174 = DEFINITIONAL_REPRESENTATION('',(#175),#179);
#175 = LINE('',#176,#177);
#176 = CARTESIAN_POINT('',(5.632681062706,-1.2));
#177 = VECTOR('',#178,1.);
#178 = DIRECTION('',(-1.,0.));
#179 = ( GEOMETRIC_REPRESENTATION_CONTEXT(2) 
PARAMETRIC_REPRESENTATION_CONTEXT() REPRESENTATION_CONTEXT('2D SPACE',''
  ) );
#180 = ORIENTED_EDGE('',*,*,#181,.F.);
#181 = EDGE_CURVE('',#182,#153,#184,.T.);
#182 = VERTEX_POINT('',#183);
#183 = CARTESIAN_POINT('',(-1.310370545421,-4.669628361411,-18.8));
#184 = SURFACE_CURVE('',#185,(#189,#196),.PCURVE_S1.);
#185 = LINE('',#186,#187);
#186 = CARTESIAN_POINT('',(-1.310370545421,-4.669628361411,-18.8));
#187 = VECTOR('',#188,1.);
#188 = DIRECTION('',(0.5,0.866025403784,0.));
#189 = PCURVE('',#33,#190);
#190 = DEFINITIONAL_REPRESENTATION('',(#191),#195);
#191 = LINE('',#192,#193);
#192 = CARTESIAN_POINT('',(-1.310370545421,-4.669628361411));
#193 = VECTOR('',#194,1.);
#194 = DIRECTION('',(0.5,0.866025403784));
#195 = ( GEOMETRIC_REPRESENTATION_CONTEXT(2) 
PARAMETRIC_REPRESENTATION_CONTEXT() REPRESENTATION_CONTEXT('2D SPACE',''
  ) );
#196 = PCURVE('',#197,#202);
#197 = PLANE('',#198);
#198 = AXIS2_PLACEMENT_3D('',#199,#200,#201);
#199 = CARTESIAN_POINT('',(-5.,-11.06025403784,-20.));
#200 = DIRECTION('',(-0.866025403784,0.5,0.));
#201 = DIRECTION('',(0.5,0.866025403784,0.));
#202 = DEFINITIONAL_REPRESENTATION('',(#203),#207);
#203 = LINE('',#204,#205);
#204 = CARTESIAN_POINT('',(7.379258909154,-1.2));
#205 = VECTOR('',#206,1.);
#206 = DIRECTION('',(1.,0.));
#207 = ( GEOMETRIC_REPRESENTATION_CONTEXT(2) 
PARAMETRIC_REPRESENTATION_CONTEXT() REPRESENTATION_CONTEXT('2D SPACE',''
  ) );
#208 = ORIENTED_EDGE('',*,*,#209,.T.);
#209 = EDGE_CURVE('',#182,#210,#212,.T.);
#210 = VERTEX_POINT('',#211);
#211 = CARTESIAN_POINT('',(1.310370545421,-4.669628361411,-18.8));
#212 = SURFACE_CURVE('',#213,(#218,#229),.PCURVE_S1.);
#213 = CIRCLE('',#214,4.85);
#214 = AXIS2_PLACEMENT_3D('',#215,#216,#217);
#215 = CARTESIAN_POINT('',(5.291892352179E-60,1.7763568394E-14,-18.8));
#216 = DIRECTION('',(0.,-0.,-1.));
#217 = DIRECTION('',(-0.270179493901,-0.962809971425,0.));
#218 = PCURVE('',#33,#219);
#219 = DEFINITIONAL_REPRESENTATION('',(#220),#228);
#220 = ( BOUNDED_CURVE() B_SPLINE_CURVE(2,(#221,#222,#223,#224,#225,#226
,#227),.UNSPECIFIED.,.T.,.F.) B_SPLINE_CURVE_WITH_KNOTS((1,2,2,2,2,1),(
    -2.094395102393,0.,2.094395102393,4.188790204786,6.28318530718,
8.377580409573),.UNSPECIFIED.) CURVE() GEOMETRIC_REPRESENTATION_ITEM() 
RATIONAL_B_SPLINE_CURVE((1.,0.5,1.,0.5,1.,0.5,1.)) REPRESENTATION_ITEM(
  '') );
#221 = CARTESIAN_POINT('',(-1.310370545421,-4.669628361411));
#222 = CARTESIAN_POINT('',(-9.398404119849,-2.4));
#223 = CARTESIAN_POINT('',(-3.388831514504,3.469628361411));
#224 = CARTESIAN_POINT('',(2.620741090842,9.339256722822));
#225 = CARTESIAN_POINT('',(4.699202059925,1.2));
#226 = CARTESIAN_POINT('',(6.777663029007,-6.939256722822));
#227 = CARTESIAN_POINT('',(-1.310370545421,-4.669628361411));
#228 = ( GEOMETRIC_REPRESENTATION_CONTEXT(2) 
PARAMETRIC_REPRESENTATION_CONTEXT() REPRESENTATION_CONTEXT('2D SPACE',''
  ) );
#229 = PCURVE('',#230,#235);
#230 = CONICAL_SURFACE('',#231,5.075,0.571337479834);
#231 = AXIS2_PLACEMENT_3D('',#232,#233,#234);
#232 = CARTESIAN_POINT('',(5.291892352179E-60,1.7763568394E-14,-18.45));
#233 = DIRECTION('',(0.,0.,1.));
#234 = DIRECTION('',(5.95814110634E-46,1.,0.));
#235 = DEFINITIONAL_REPRESENTATION('',(#236),#240);
#236 = LINE('',#237,#238);
#237 = CARTESIAN_POINT('',(9.151198507045,-0.35));
#238 = VECTOR('',#239,1.);
#239 = DIRECTION('',(-1.,-7.32655397213E-17));
#240 = ( GEOMETRIC_REPRESENTATION_CONTEXT(2) 
PARAMETRIC_REPRESENTATION_CONTEXT() REPRESENTATION_CONTEXT('2D SPACE',''
  ) );
#241 = ORIENTED_EDGE('',*,*,#242,.T.);
#242 = EDGE_CURVE('',#210,#243,#245,.T.);
#243 = VERTEX_POINT('',#244);
#244 = CARTESIAN_POINT('',(0.842424372227,-3.859121814232,-18.8));
#245 = SURFACE_CURVE('',#246,(#250,#257),.PCURVE_S1.);
#246 = LINE('',#247,#248);
#247 = CARTESIAN_POINT('',(1.310370545421,-4.669628361411,-18.8));
#248 = VECTOR('',#249,1.);
#249 = DIRECTION('',(-0.5,0.866025403784,0.));
#250 = PCURVE('',#33,#251);
#251 = DEFINITIONAL_REPRESENTATION('',(#252),#256);
#252 = LINE('',#253,#254);
#253 = CARTESIAN_POINT('',(1.310370545421,-4.669628361411));
#254 = VECTOR('',#255,1.);
#255 = DIRECTION('',(-0.5,0.866025403784));
#256 = ( GEOMETRIC_REPRESENTATION_CONTEXT(2) 
PARAMETRIC_REPRESENTATION_CONTEXT() REPRESENTATION_CONTEXT('2D SPACE',''
  ) );
#257 = PCURVE('',#258,#263);
#258 = PLANE('',#259);
#259 = AXIS2_PLACEMENT_3D('',#260,#261,#262);
#260 = CARTESIAN_POINT('',(-1.429953865522E-45,-2.4,-20.));
#261 = DIRECTION('',(0.866025403784,0.5,0.));
#262 = DIRECTION('',(0.5,-0.866025403784,0.));
#263 = DEFINITIONAL_REPRESENTATION('',(#264),#268);
#264 = LINE('',#265,#266);
#265 = CARTESIAN_POINT('',(2.620741090842,-1.2));
#266 = VECTOR('',#267,1.);
#267 = DIRECTION('',(-1.,-0.));
#268 = ( GEOMETRIC_REPRESENTATION_CONTEXT(2) 
PARAMETRIC_REPRESENTATION_CONTEXT() REPRESENTATION_CONTEXT('2D SPACE',''
  ) );
#269 = ORIENTED_EDGE('',*,*,#270,.T.);
#270 = EDGE_CURVE('',#243,#271,#273,.T.);
#271 = VERTEX_POINT('',#272);
#272 = CARTESIAN_POINT('',(3.143325215045,-2.392071611064,-18.8));
#273 = SURFACE_CURVE('',#274,(#279,#286),.PCURVE_S1.);
#274 = CIRCLE('',#275,3.95);
#275 = AXIS2_PLACEMENT_3D('',#276,#277,#278);
#276 = CARTESIAN_POINT('',(5.291892352179E-60,1.7763568394E-14,-18.8));
#277 = DIRECTION('',(-0.,0.,1.));
#278 = DIRECTION('',(0.213271992969,-0.976992864362,0.));
#279 = PCURVE('',#33,#280);
#280 = DEFINITIONAL_REPRESENTATION('',(#281),#285);
#281 = CIRCLE('',#282,3.95);
#282 = AXIS2_PLACEMENT_2D('',#283,#284);
#283 = CARTESIAN_POINT('',(0.,0.));
#284 = DIRECTION('',(0.213271992969,-0.976992864362));
#285 = ( GEOMETRIC_REPRESENTATION_CONTEXT(2) 
PARAMETRIC_REPRESENTATION_CONTEXT() REPRESENTATION_CONTEXT('2D SPACE',''
  ) );
#286 = PCURVE('',#287,#292);
#287 = CYLINDRICAL_SURFACE('',#288,3.95);
#288 = AXIS2_PLACEMENT_3D('',#289,#290,#291);
#289 = CARTESIAN_POINT('',(5.291892352179E-60,1.7763568394E-14,-20.));
#290 = DIRECTION('',(0.,-0.,-1.));
#291 = DIRECTION('',(-1.,3.889384548663E-62,0.));
#292 = DEFINITIONAL_REPRESENTATION('',(#293),#297);
#293 = LINE('',#294,#295);
#294 = CARTESIAN_POINT('',(4.497466192789,-1.2));
#295 = VECTOR('',#296,1.);
#296 = DIRECTION('',(-1.,0.));
#297 = ( GEOMETRIC_REPRESENTATION_CONTEXT(2) 
PARAMETRIC_REPRESENTATION_CONTEXT() REPRESENTATION_CONTEXT('2D SPACE',''
  ) );
#298 = ORIENTED_EDGE('',*,*,#299,.T.);
#299 = EDGE_CURVE('',#271,#22,#300,.T.);
#300 = SURFACE_CURVE('',#301,(#306,#317),.PCURVE_S1.);
#301 = CIRCLE('',#302,0.6);
#302 = AXIS2_PLACEMENT_3D('',#303,#304,#305);
#303 = CARTESIAN_POINT('',(3.680607966084,-2.125,-18.8));
#304 = DIRECTION('',(0.,-0.,-1.));
#305 = DIRECTION('',(-0.895471251731,-0.445119351774,0.));
#306 = PCURVE('',#33,#307);
#307 = DEFINITIONAL_REPRESENTATION('',(#308),#316);
#308 = ( BOUNDED_CURVE() B_SPLINE_CURVE(2,(#309,#310,#311,#312,#313,#314
,#315),.UNSPECIFIED.,.T.,.F.) B_SPLINE_CURVE_WITH_KNOTS((1,2,2,2,2,1),(
    -2.094395102393,0.,2.094395102393,4.188790204786,6.28318530718,
8.377580409573),.UNSPECIFIED.) CURVE() GEOMETRIC_REPRESENTATION_ITEM() 
RATIONAL_B_SPLINE_CURVE((1.,0.5,1.,0.5,1.,0.5,1.)) REPRESENTATION_ITEM(
  '') );
#309 = CARTESIAN_POINT('',(3.143325215046,-2.392071611064));
#310 = CARTESIAN_POINT('',(2.680743615423,-1.461470588235));
#311 = CARTESIAN_POINT('',(3.717958541792,-1.526163683053));
#312 = CARTESIAN_POINT('',(4.755173468161,-1.590856777871));
#313 = CARTESIAN_POINT('',(4.180540141415,-2.456764705882));
#314 = CARTESIAN_POINT('',(3.605906814668,-3.322672633893));
#315 = CARTESIAN_POINT('',(3.143325215046,-2.392071611064));
#316 = ( GEOMETRIC_REPRESENTATION_CONTEXT(2) 
PARAMETRIC_REPRESENTATION_CONTEXT() REPRESENTATION_CONTEXT('2D SPACE',''
  ) );
#317 = PCURVE('',#318,#323);
#318 = CYLINDRICAL_SURFACE('',#319,0.6);
#319 = AXIS2_PLACEMENT_3D('',#320,#321,#322);
#320 = CARTESIAN_POINT('',(3.680607966084,-2.125,-20.));
#321 = DIRECTION('',(0.,-0.,-1.));
#322 = DIRECTION('',(-1.,3.889384548663E-62,0.));
#323 = DEFINITIONAL_REPRESENTATION('',(#324),#328);
#324 = LINE('',#325,#326);
#325 = CARTESIAN_POINT('',(-0.461307540179,-1.2));
#326 = VECTOR('',#327,1.);
#327 = DIRECTION('',(1.,0.));
#328 = ( GEOMETRIC_REPRESENTATION_CONTEXT(2) 
PARAMETRIC_REPRESENTATION_CONTEXT() REPRESENTATION_CONTEXT('2D SPACE',''
  ) );
#329 = ADVANCED_FACE('',(#330),#107,.T.);
#330 = FACE_BOUND('',#331,.T.);
#331 = EDGE_LOOP('',(#332,#355,#356,#379));
#332 = ORIENTED_EDGE('',*,*,#333,.F.);
#333 = EDGE_CURVE('',#91,#334,#336,.T.);
#334 = VERTEX_POINT('',#335);
#335 = CARTESIAN_POINT('',(-3.643257390376,-1.526163683053,-20.));
#336 = SURFACE_CURVE('',#337,(#341,#348),.PCURVE_S1.);
#337 = LINE('',#338,#339);
#338 = CARTESIAN_POINT('',(-3.643257390376,-1.526163683053,-18.8));
#339 = VECTOR('',#340,1.);
#340 = DIRECTION('',(0.,-0.,-1.));
#341 = PCURVE('',#107,#342);
#342 = DEFINITIONAL_REPRESENTATION('',(#343),#347);
#343 = LINE('',#344,#345);
#344 = CARTESIAN_POINT('',(-0.396693306723,-1.2));
#345 = VECTOR('',#346,1.);
#346 = DIRECTION('',(0.,1.));
#347 = ( GEOMETRIC_REPRESENTATION_CONTEXT(2) 
PARAMETRIC_REPRESENTATION_CONTEXT() REPRESENTATION_CONTEXT('2D SPACE',''
  ) );
#348 = PCURVE('',#140,#349);
#349 = DEFINITIONAL_REPRESENTATION('',(#350),#354);
#350 = LINE('',#351,#352);
#351 = CARTESIAN_POINT('',(-0.984906315776,-1.2));
#352 = VECTOR('',#353,1.);
#353 = DIRECTION('',(0.,1.));
#354 = ( GEOMETRIC_REPRESENTATION_CONTEXT(2) 
PARAMETRIC_REPRESENTATION_CONTEXT() REPRESENTATION_CONTEXT('2D SPACE',''
  ) );
#355 = ORIENTED_EDGE('',*,*,#90,.F.);
#356 = ORIENTED_EDGE('',*,*,#357,.T.);
#357 = EDGE_CURVE('',#58,#358,#360,.T.);
#358 = VERTEX_POINT('',#359);
#359 = CARTESIAN_POINT('',(-0.499932175331,3.918235294118,-20.));
#360 = SURFACE_CURVE('',#361,(#365,#372),.PCURVE_S1.);
#361 = LINE('',#362,#363);
#362 = CARTESIAN_POINT('',(-0.499932175331,3.918235294118,-18.8));
#363 = VECTOR('',#364,1.);
#364 = DIRECTION('',(0.,-0.,-1.));
#365 = PCURVE('',#107,#366);
#366 = DEFINITIONAL_REPRESENTATION('',(#367),#371);
#367 = LINE('',#368,#369);
#368 = CARTESIAN_POINT('',(1.44389085792,-1.2));
#369 = VECTOR('',#370,1.);
#370 = DIRECTION('',(0.,1.));
#371 = ( GEOMETRIC_REPRESENTATION_CONTEXT(2) 
PARAMETRIC_REPRESENTATION_CONTEXT() REPRESENTATION_CONTEXT('2D SPACE',''
  ) );
#372 = PCURVE('',#78,#373);
#373 = DEFINITIONAL_REPRESENTATION('',(#374),#378);
#374 = LINE('',#375,#376);
#375 = CARTESIAN_POINT('',(5.697295296162,-1.2));
#376 = VECTOR('',#377,1.);
#377 = DIRECTION('',(0.,1.));
#378 = ( GEOMETRIC_REPRESENTATION_CONTEXT(2) 
PARAMETRIC_REPRESENTATION_CONTEXT() REPRESENTATION_CONTEXT('2D SPACE',''
  ) );
#379 = ORIENTED_EDGE('',*,*,#380,.F.);
#380 = EDGE_CURVE('',#334,#358,#381,.T.);
#381 = SURFACE_CURVE('',#382,(#387,#394),.PCURVE_S1.);
#382 = CIRCLE('',#383,3.95);
#383 = AXIS2_PLACEMENT_3D('',#384,#385,#386);
#384 = CARTESIAN_POINT('',(5.291892352179E-60,1.7763568394E-14,-20.));
#385 = DIRECTION('',(0.,-0.,-1.));
#386 = DIRECTION('',(-0.922343643133,-0.386370552672,0.));
#387 = PCURVE('',#107,#388);
#388 = DEFINITIONAL_REPRESENTATION('',(#389),#393);
#389 = LINE('',#390,#391);
#390 = CARTESIAN_POINT('',(-0.396693306723,0.));
#391 = VECTOR('',#392,1.);
#392 = DIRECTION('',(1.,0.));
#393 = ( GEOMETRIC_REPRESENTATION_CONTEXT(2) 
PARAMETRIC_REPRESENTATION_CONTEXT() REPRESENTATION_CONTEXT('2D SPACE',''
  ) );
#394 = PCURVE('',#395,#400);
#395 = PLANE('',#396);
#396 = AXIS2_PLACEMENT_3D('',#397,#398,#399);
#397 = CARTESIAN_POINT('',(5.291892352179E-60,1.7763568394E-14,-20.));
#398 = DIRECTION('',(0.,-0.,-1.));
#399 = DIRECTION('',(-1.,3.889384548663E-62,0.));
#400 = DEFINITIONAL_REPRESENTATION('',(#401),#405);
#401 = CIRCLE('',#402,3.95);
#402 = AXIS2_PLACEMENT_2D('',#403,#404);
#403 = CARTESIAN_POINT('',(0.,0.));
#404 = DIRECTION('',(0.922343643133,-0.386370552672));
#405 = ( GEOMETRIC_REPRESENTATION_CONTEXT(2) 
PARAMETRIC_REPRESENTATION_CONTEXT() REPRESENTATION_CONTEXT('2D SPACE',''
  ) );
#406 = ADVANCED_FACE('',(#407),#169,.T.);
#407 = FACE_BOUND('',#408,.T.);
#408 = EDGE_LOOP('',(#409,#432,#456,#477));
#409 = ORIENTED_EDGE('',*,*,#410,.T.);
#410 = EDGE_CURVE('',#120,#411,#413,.T.);
#411 = VERTEX_POINT('',#412);
#412 = CARTESIAN_POINT('',(-3.143325215045,-2.392071611064,-20.));
#413 = SURFACE_CURVE('',#414,(#418,#425),.PCURVE_S1.);
#414 = LINE('',#415,#416);
#415 = CARTESIAN_POINT('',(-3.143325215045,-2.392071611064,-18.8));
#416 = VECTOR('',#417,1.);
#417 = DIRECTION('',(0.,-0.,-1.));
#418 = PCURVE('',#169,#419);
#419 = DEFINITIONAL_REPRESENTATION('',(#420),#424);
#420 = LINE('',#421,#422);
#421 = CARTESIAN_POINT('',(5.632681062706,-1.2));
#422 = VECTOR('',#423,1.);
#423 = DIRECTION('',(0.,1.));
#424 = ( GEOMETRIC_REPRESENTATION_CONTEXT(2) 
PARAMETRIC_REPRESENTATION_CONTEXT() REPRESENTATION_CONTEXT('2D SPACE',''
  ) );
#425 = PCURVE('',#140,#426);
#426 = DEFINITIONAL_REPRESENTATION('',(#427),#431);
#427 = LINE('',#428,#429);
#428 = CARTESIAN_POINT('',(0.984906315776,-1.2));
#429 = VECTOR('',#430,1.);
#430 = DIRECTION('',(0.,1.));
#431 = ( GEOMETRIC_REPRESENTATION_CONTEXT(2) 
PARAMETRIC_REPRESENTATION_CONTEXT() REPRESENTATION_CONTEXT('2D SPACE',''
  ) );
#432 = ORIENTED_EDGE('',*,*,#433,.F.);
#433 = EDGE_CURVE('',#434,#411,#436,.T.);
#434 = VERTEX_POINT('',#435);
#435 = CARTESIAN_POINT('',(-0.842424372227,-3.859121814232,-20.));
#436 = SURFACE_CURVE('',#437,(#442,#449),.PCURVE_S1.);
#437 = CIRCLE('',#438,3.95);
#438 = AXIS2_PLACEMENT_3D('',#439,#440,#441);
#439 = CARTESIAN_POINT('',(5.291892352179E-60,1.7763568394E-14,-20.));
#440 = DIRECTION('',(0.,-0.,-1.));
#441 = DIRECTION('',(-0.213271992969,-0.976992864362,0.));
#442 = PCURVE('',#169,#443);
#443 = DEFINITIONAL_REPRESENTATION('',(#444),#448);
#444 = LINE('',#445,#446);
#445 = CARTESIAN_POINT('',(4.927311767981,0.));
#446 = VECTOR('',#447,1.);
#447 = DIRECTION('',(1.,0.));
#448 = ( GEOMETRIC_REPRESENTATION_CONTEXT(2) 
PARAMETRIC_REPRESENTATION_CONTEXT() REPRESENTATION_CONTEXT('2D SPACE',''
  ) );
#449 = PCURVE('',#395,#450);
#450 = DEFINITIONAL_REPRESENTATION('',(#451),#455);
#451 = CIRCLE('',#452,3.95);
#452 = AXIS2_PLACEMENT_2D('',#453,#454);
#453 = CARTESIAN_POINT('',(0.,0.));
#454 = DIRECTION('',(0.213271992969,-0.976992864362));
#455 = ( GEOMETRIC_REPRESENTATION_CONTEXT(2) 
PARAMETRIC_REPRESENTATION_CONTEXT() REPRESENTATION_CONTEXT('2D SPACE',''
  ) );
#456 = ORIENTED_EDGE('',*,*,#457,.F.);
#457 = EDGE_CURVE('',#153,#434,#458,.T.);
#458 = SURFACE_CURVE('',#459,(#463,#470),.PCURVE_S1.);
#459 = LINE('',#460,#461);
#460 = CARTESIAN_POINT('',(-0.842424372227,-3.859121814232,-18.8));
#461 = VECTOR('',#462,1.);
#462 = DIRECTION('',(0.,-0.,-1.));
#463 = PCURVE('',#169,#464);
#464 = DEFINITIONAL_REPRESENTATION('',(#465),#469);
#465 = LINE('',#466,#467);
#466 = CARTESIAN_POINT('',(4.927311767981,-1.2));
#467 = VECTOR('',#468,1.);
#468 = DIRECTION('',(0.,1.));
#469 = ( GEOMETRIC_REPRESENTATION_CONTEXT(2) 
PARAMETRIC_REPRESENTATION_CONTEXT() REPRESENTATION_CONTEXT('2D SPACE',''
  ) );
#470 = PCURVE('',#197,#471);
#471 = DEFINITIONAL_REPRESENTATION('',(#472),#476);
#472 = LINE('',#473,#474);
#473 = CARTESIAN_POINT('',(8.315151255542,-1.2));
#474 = VECTOR('',#475,1.);
#475 = DIRECTION('',(0.,1.));
#476 = ( GEOMETRIC_REPRESENTATION_CONTEXT(2) 
PARAMETRIC_REPRESENTATION_CONTEXT() REPRESENTATION_CONTEXT('2D SPACE',''
  ) );
#477 = ORIENTED_EDGE('',*,*,#152,.F.);
#478 = ADVANCED_FACE('',(#479),#45,.T.);
#479 = FACE_BOUND('',#480,.T.);
#480 = EDGE_LOOP('',(#481,#504,#505,#528));
#481 = ORIENTED_EDGE('',*,*,#482,.F.);
#482 = EDGE_CURVE('',#24,#483,#485,.T.);
#483 = VERTEX_POINT('',#484);
#484 = CARTESIAN_POINT('',(0.499932175331,3.918235294118,-20.));
#485 = SURFACE_CURVE('',#486,(#490,#497),.PCURVE_S1.);
#486 = LINE('',#487,#488);
#487 = CARTESIAN_POINT('',(0.499932175331,3.918235294118,-18.8));
#488 = VECTOR('',#489,1.);
#489 = DIRECTION('',(0.,-0.,-1.));
#490 = PCURVE('',#45,#491);
#491 = DEFINITIONAL_REPRESENTATION('',(#492),#496);
#492 = LINE('',#493,#494);
#493 = CARTESIAN_POINT('',(5.362893224858,-1.2));
#494 = VECTOR('',#495,1.);
#495 = DIRECTION('',(0.,1.));
#496 = ( GEOMETRIC_REPRESENTATION_CONTEXT(2) 
PARAMETRIC_REPRESENTATION_CONTEXT() REPRESENTATION_CONTEXT('2D SPACE',''
  ) );
#497 = PCURVE('',#78,#498);
#498 = DEFINITIONAL_REPRESENTATION('',(#499),#503);
#499 = LINE('',#500,#501);
#500 = CARTESIAN_POINT('',(3.727482664607,-1.2));
#501 = VECTOR('',#502,1.);
#502 = DIRECTION('',(0.,1.));
#503 = ( GEOMETRIC_REPRESENTATION_CONTEXT(2) 
PARAMETRIC_REPRESENTATION_CONTEXT() REPRESENTATION_CONTEXT('2D SPACE',''
  ) );
#504 = ORIENTED_EDGE('',*,*,#21,.F.);
#505 = ORIENTED_EDGE('',*,*,#506,.T.);
#506 = EDGE_CURVE('',#22,#507,#509,.T.);
#507 = VERTEX_POINT('',#508);
#508 = CARTESIAN_POINT('',(3.643257390376,-1.526163683053,-20.));
#509 = SURFACE_CURVE('',#510,(#514,#521),.PCURVE_S1.);
#510 = LINE('',#511,#512);
#511 = CARTESIAN_POINT('',(3.643257390376,-1.526163683053,-18.8));
#512 = VECTOR('',#513,1.);
#513 = DIRECTION('',(0.,-0.,-1.));
#514 = PCURVE('',#45,#515);
#515 = DEFINITIONAL_REPRESENTATION('',(#516),#520);
#516 = LINE('',#517,#518);
#517 = CARTESIAN_POINT('',(7.203477389501,-1.2));
#518 = VECTOR('',#519,1.);
#519 = DIRECTION('',(0.,1.));
#520 = ( GEOMETRIC_REPRESENTATION_CONTEXT(2) 
PARAMETRIC_REPRESENTATION_CONTEXT() REPRESENTATION_CONTEXT('2D SPACE',''
  ) );
#521 = PCURVE('',#318,#522);
#522 = DEFINITIONAL_REPRESENTATION('',(#523),#527);
#523 = LINE('',#524,#525);
#524 = CARTESIAN_POINT('',(1.508505091375,-1.2));
#525 = VECTOR('',#526,1.);
#526 = DIRECTION('',(0.,1.));
#527 = ( GEOMETRIC_REPRESENTATION_CONTEXT(2) 
PARAMETRIC_REPRESENTATION_CONTEXT() REPRESENTATION_CONTEXT('2D SPACE',''
  ) );
#528 = ORIENTED_EDGE('',*,*,#529,.F.);
#529 = EDGE_CURVE('',#483,#507,#530,.T.);
#530 = SURFACE_CURVE('',#531,(#536,#543),.PCURVE_S1.);
#531 = CIRCLE('',#532,3.95);
#532 = AXIS2_PLACEMENT_3D('',#533,#534,#535);
#533 = CARTESIAN_POINT('',(5.291892352179E-60,1.7763568394E-14,-20.));
#534 = DIRECTION('',(0.,0.,-1.));
#535 = DIRECTION('',(0.126565107679,0.991958302308,0.));
#536 = PCURVE('',#45,#537);
#537 = DEFINITIONAL_REPRESENTATION('',(#538),#542);
#538 = LINE('',#539,#540);
#539 = CARTESIAN_POINT('',(5.362893224858,0.));
#540 = VECTOR('',#541,1.);
#541 = DIRECTION('',(1.,0.));
#542 = ( GEOMETRIC_REPRESENTATION_CONTEXT(2) 
PARAMETRIC_REPRESENTATION_CONTEXT() REPRESENTATION_CONTEXT('2D SPACE',''
  ) );
#543 = PCURVE('',#395,#544);
#544 = DEFINITIONAL_REPRESENTATION('',(#545),#549);
#545 = CIRCLE('',#546,3.95);
#546 = AXIS2_PLACEMENT_2D('',#547,#548);
#547 = CARTESIAN_POINT('',(0.,0.));
#548 = DIRECTION('',(-0.126565107679,0.991958302308));
#549 = ( GEOMETRIC_REPRESENTATION_CONTEXT(2) 
PARAMETRIC_REPRESENTATION_CONTEXT() REPRESENTATION_CONTEXT('2D SPACE',''
  ) );
#550 = ADVANCED_FACE('',(#551),#287,.T.);
#551 = FACE_BOUND('',#552,.T.);
#552 = EDGE_LOOP('',(#553,#576,#577,#600));
#553 = ORIENTED_EDGE('',*,*,#554,.F.);
#554 = EDGE_CURVE('',#271,#555,#557,.T.);
#555 = VERTEX_POINT('',#556);
#556 = CARTESIAN_POINT('',(3.143325215045,-2.392071611064,-20.));
#557 = SURFACE_CURVE('',#558,(#562,#569),.PCURVE_S1.);
#558 = LINE('',#559,#560);
#559 = CARTESIAN_POINT('',(3.143325215045,-2.392071611064,-18.8));
#560 = VECTOR('',#561,1.);
#561 = DIRECTION('',(0.,-0.,-1.));
#562 = PCURVE('',#287,#563);
#563 = DEFINITIONAL_REPRESENTATION('',(#564),#568);
#564 = LINE('',#565,#566);
#565 = CARTESIAN_POINT('',(3.792096898063,-1.2));
#566 = VECTOR('',#567,1.);
#567 = DIRECTION('',(0.,1.));
#568 = ( GEOMETRIC_REPRESENTATION_CONTEXT(2) 
PARAMETRIC_REPRESENTATION_CONTEXT() REPRESENTATION_CONTEXT('2D SPACE',''
  ) );
#569 = PCURVE('',#318,#570);
#570 = DEFINITIONAL_REPRESENTATION('',(#571),#575);
#571 = LINE('',#572,#573);
#572 = CARTESIAN_POINT('',(-0.461307540178,-1.2));
#573 = VECTOR('',#574,1.);
#574 = DIRECTION('',(0.,1.));
#575 = ( GEOMETRIC_REPRESENTATION_CONTEXT(2) 
PARAMETRIC_REPRESENTATION_CONTEXT() REPRESENTATION_CONTEXT('2D SPACE',''
  ) );
#576 = ORIENTED_EDGE('',*,*,#270,.F.);
#577 = ORIENTED_EDGE('',*,*,#578,.T.);
#578 = EDGE_CURVE('',#243,#579,#581,.T.);
#579 = VERTEX_POINT('',#580);
#580 = CARTESIAN_POINT('',(0.842424372227,-3.859121814232,-20.));
#581 = SURFACE_CURVE('',#582,(#586,#593),.PCURVE_S1.);
#582 = LINE('',#583,#584);
#583 = CARTESIAN_POINT('',(0.842424372227,-3.859121814232,-18.8));
#584 = VECTOR('',#585,1.);
#585 = DIRECTION('',(0.,-0.,-1.));
#586 = PCURVE('',#287,#587);
#587 = DEFINITIONAL_REPRESENTATION('',(#588),#592);
#588 = LINE('',#589,#590);
#589 = CARTESIAN_POINT('',(4.497466192789,-1.2));
#590 = VECTOR('',#591,1.);
#591 = DIRECTION('',(0.,1.));
#592 = ( GEOMETRIC_REPRESENTATION_CONTEXT(2) 
PARAMETRIC_REPRESENTATION_CONTEXT() REPRESENTATION_CONTEXT('2D SPACE',''
  ) );
#593 = PCURVE('',#258,#594);
#594 = DEFINITIONAL_REPRESENTATION('',(#595),#599);
#595 = LINE('',#596,#597);
#596 = CARTESIAN_POINT('',(1.684848744454,-1.2));
#597 = VECTOR('',#598,1.);
#598 = DIRECTION('',(0.,1.));
#599 = ( GEOMETRIC_REPRESENTATION_CONTEXT(2) 
PARAMETRIC_REPRESENTATION_CONTEXT() REPRESENTATION_CONTEXT('2D SPACE',''
  ) );
#600 = ORIENTED_EDGE('',*,*,#601,.F.);
#601 = EDGE_CURVE('',#555,#579,#602,.T.);
#602 = SURFACE_CURVE('',#603,(#608,#615),.PCURVE_S1.);
#603 = CIRCLE('',#604,3.95);
#604 = AXIS2_PLACEMENT_3D('',#605,#606,#607);
#605 = CARTESIAN_POINT('',(5.291892352179E-60,1.7763568394E-14,-20.));
#606 = DIRECTION('',(0.,-0.,-1.));
#607 = DIRECTION('',(0.795778535455,-0.605587749637,0.));
#608 = PCURVE('',#287,#609);
#609 = DEFINITIONAL_REPRESENTATION('',(#610),#614);
#610 = LINE('',#611,#612);
#611 = CARTESIAN_POINT('',(3.792096898063,0.));
#612 = VECTOR('',#613,1.);
#613 = DIRECTION('',(1.,0.));
#614 = ( GEOMETRIC_REPRESENTATION_CONTEXT(2) 
PARAMETRIC_REPRESENTATION_CONTEXT() REPRESENTATION_CONTEXT('2D SPACE',''
  ) );
#615 = PCURVE('',#395,#616);
#616 = DEFINITIONAL_REPRESENTATION('',(#617),#621);
#617 = CIRCLE('',#618,3.95);
#618 = AXIS2_PLACEMENT_2D('',#619,#620);
#619 = CARTESIAN_POINT('',(0.,0.));
#620 = DIRECTION('',(-0.795778535455,-0.605587749637));
#621 = ( GEOMETRIC_REPRESENTATION_CONTEXT(2) 
PARAMETRIC_REPRESENTATION_CONTEXT() REPRESENTATION_CONTEXT('2D SPACE',''
  ) );
#622 = ADVANCED_FACE('',(#623),#140,.F.);
#623 = FACE_BOUND('',#624,.F.);
#624 = EDGE_LOOP('',(#625,#626,#652,#653));
#625 = ORIENTED_EDGE('',*,*,#410,.T.);
#626 = ORIENTED_EDGE('',*,*,#627,.T.);
#627 = EDGE_CURVE('',#411,#334,#628,.T.);
#628 = SURFACE_CURVE('',#629,(#634,#641),.PCURVE_S1.);
#629 = CIRCLE('',#630,0.6);
#630 = AXIS2_PLACEMENT_3D('',#631,#632,#633);
#631 = CARTESIAN_POINT('',(-3.680607966084,-2.125,-20.));
#632 = DIRECTION('',(-0.,0.,1.));
#633 = DIRECTION('',(0.895471251731,-0.445119351774,0.));
#634 = PCURVE('',#140,#635);
#635 = DEFINITIONAL_REPRESENTATION('',(#636),#640);
#636 = LINE('',#637,#638);
#637 = CARTESIAN_POINT('',(0.984906315777,0.));
#638 = VECTOR('',#639,1.);
#639 = DIRECTION('',(-1.,0.));
#640 = ( GEOMETRIC_REPRESENTATION_CONTEXT(2) 
PARAMETRIC_REPRESENTATION_CONTEXT() REPRESENTATION_CONTEXT('2D SPACE',''
  ) );
#641 = PCURVE('',#395,#642);
#642 = DEFINITIONAL_REPRESENTATION('',(#643),#651);
#643 = ( BOUNDED_CURVE() B_SPLINE_CURVE(2,(#644,#645,#646,#647,#648,#649
,#650),.UNSPECIFIED.,.T.,.F.) B_SPLINE_CURVE_WITH_KNOTS((1,2,2,2,2,1),(
    -2.094395102393,0.,2.094395102393,4.188790204786,6.28318530718,
8.377580409573),.UNSPECIFIED.) CURVE() GEOMETRIC_REPRESENTATION_ITEM() 
RATIONAL_B_SPLINE_CURVE((1.,0.5,1.,0.5,1.,0.5,1.)) REPRESENTATION_ITEM(
  '') );
#644 = CARTESIAN_POINT('',(3.143325215046,-2.392071611064));
#645 = CARTESIAN_POINT('',(2.680743615423,-1.461470588235));
#646 = CARTESIAN_POINT('',(3.717958541792,-1.526163683053));
#647 = CARTESIAN_POINT('',(4.755173468161,-1.590856777871));
#648 = CARTESIAN_POINT('',(4.180540141415,-2.456764705882));
#649 = CARTESIAN_POINT('',(3.605906814668,-3.322672633893));
#650 = CARTESIAN_POINT('',(3.143325215046,-2.392071611064));
#651 = ( GEOMETRIC_REPRESENTATION_CONTEXT(2) 
PARAMETRIC_REPRESENTATION_CONTEXT() REPRESENTATION_CONTEXT('2D SPACE',''
  ) );
#652 = ORIENTED_EDGE('',*,*,#333,.F.);
#653 = ORIENTED_EDGE('',*,*,#119,.T.);
#654 = ADVANCED_FACE('',(#655),#395,.T.);
#655 = FACE_BOUND('',#656,.T.);
#656 = EDGE_LOOP('',(#657,#687,#708,#709,#710,#711,#733,#734,#760,#761,
    #784,#812));
#657 = ORIENTED_EDGE('',*,*,#658,.F.);
#658 = EDGE_CURVE('',#659,#661,#663,.T.);
#659 = VERTEX_POINT('',#660);
#660 = CARTESIAN_POINT('',(-0.65,-3.52583302492,-20.));
#661 = VERTEX_POINT('',#662);
#662 = CARTESIAN_POINT('',(-0.65,-2.672077843177,-20.));
#663 = SURFACE_CURVE('',#664,(#668,#675),.PCURVE_S1.);
#664 = LINE('',#665,#666);
#665 = CARTESIAN_POINT('',(-0.65,-3.52583302492,-20.));
#666 = VECTOR('',#667,1.);
#667 = DIRECTION('',(5.95814110634E-46,1.,0.));
#668 = PCURVE('',#395,#669);
#669 = DEFINITIONAL_REPRESENTATION('',(#670),#674);
#670 = LINE('',#671,#672);
#671 = CARTESIAN_POINT('',(0.65,-3.52583302492));
#672 = VECTOR('',#673,1.);
#673 = DIRECTION('',(0.,1.));
#674 = ( GEOMETRIC_REPRESENTATION_CONTEXT(2) 
PARAMETRIC_REPRESENTATION_CONTEXT() REPRESENTATION_CONTEXT('2D SPACE',''
  ) );
#675 = PCURVE('',#676,#681);
#676 = PLANE('',#677);
#677 = AXIS2_PLACEMENT_3D('',#678,#679,#680);
#678 = CARTESIAN_POINT('',(-0.65,-3.52583302492,-20.));
#679 = DIRECTION('',(-1.,3.889384548663E-62,0.));
#680 = DIRECTION('',(5.95814110634E-46,1.,0.));
#681 = DEFINITIONAL_REPRESENTATION('',(#682),#686);
#682 = LINE('',#683,#684);
#683 = CARTESIAN_POINT('',(0.,-0.));
#684 = VECTOR('',#685,1.);
#685 = DIRECTION('',(1.,0.));
#686 = ( GEOMETRIC_REPRESENTATION_CONTEXT(2) 
PARAMETRIC_REPRESENTATION_CONTEXT() REPRESENTATION_CONTEXT('2D SPACE',''
  ) );
#687 = ORIENTED_EDGE('',*,*,#688,.F.);
#688 = EDGE_CURVE('',#434,#659,#689,.T.);
#689 = SURFACE_CURVE('',#690,(#694,#701),.PCURVE_S1.);
#690 = LINE('',#691,#692);
#691 = CARTESIAN_POINT('',(-0.842424372227,-3.859121814232,-20.));
#692 = VECTOR('',#693,1.);
#693 = DIRECTION('',(0.5,0.866025403784,0.));
#694 = PCURVE('',#395,#695);
#695 = DEFINITIONAL_REPRESENTATION('',(#696),#700);
#696 = LINE('',#697,#698);
#697 = CARTESIAN_POINT('',(0.842424372227,-3.859121814232));
#698 = VECTOR('',#699,1.);
#699 = DIRECTION('',(-0.5,0.866025403784));
#700 = ( GEOMETRIC_REPRESENTATION_CONTEXT(2) 
PARAMETRIC_REPRESENTATION_CONTEXT() REPRESENTATION_CONTEXT('2D SPACE',''
  ) );
#701 = PCURVE('',#197,#702);
#702 = DEFINITIONAL_REPRESENTATION('',(#703),#707);
#703 = LINE('',#704,#705);
#704 = CARTESIAN_POINT('',(8.315151255542,0.));
#705 = VECTOR('',#706,1.);
#706 = DIRECTION('',(1.,0.));
#707 = ( GEOMETRIC_REPRESENTATION_CONTEXT(2) 
PARAMETRIC_REPRESENTATION_CONTEXT() REPRESENTATION_CONTEXT('2D SPACE',''
  ) );
#708 = ORIENTED_EDGE('',*,*,#433,.T.);
#709 = ORIENTED_EDGE('',*,*,#627,.T.);
#710 = ORIENTED_EDGE('',*,*,#380,.T.);
#711 = ORIENTED_EDGE('',*,*,#712,.F.);
#712 = EDGE_CURVE('',#483,#358,#713,.T.);
#713 = SURFACE_CURVE('',#714,(#719,#726),.PCURVE_S1.);
#714 = CIRCLE('',#715,0.6);
#715 = AXIS2_PLACEMENT_3D('',#716,#717,#718);
#716 = CARTESIAN_POINT('',(2.532209970195E-45,4.25,-20.));
#717 = DIRECTION('',(0.,-0.,-1.));
#718 = DIRECTION('',(0.833220292218,-0.552941176471,0.));
#719 = PCURVE('',#395,#720);
#720 = DEFINITIONAL_REPRESENTATION('',(#721),#725);
#721 = CIRCLE('',#722,0.6);
#722 = AXIS2_PLACEMENT_2D('',#723,#724);
#723 = CARTESIAN_POINT('',(0.,4.25));
#724 = DIRECTION('',(-0.833220292218,-0.552941176471));
#725 = ( GEOMETRIC_REPRESENTATION_CONTEXT(2) 
PARAMETRIC_REPRESENTATION_CONTEXT() REPRESENTATION_CONTEXT('2D SPACE',''
  ) );
#726 = PCURVE('',#78,#727);
#727 = DEFINITIONAL_REPRESENTATION('',(#728),#732);
#728 = LINE('',#729,#730);
#729 = CARTESIAN_POINT('',(3.727482664608,0.));
#730 = VECTOR('',#731,1.);
#731 = DIRECTION('',(1.,0.));
#732 = ( GEOMETRIC_REPRESENTATION_CONTEXT(2) 
PARAMETRIC_REPRESENTATION_CONTEXT() REPRESENTATION_CONTEXT('2D SPACE',''
  ) );
#733 = ORIENTED_EDGE('',*,*,#529,.T.);
#734 = ORIENTED_EDGE('',*,*,#735,.T.);
#735 = EDGE_CURVE('',#507,#555,#736,.T.);
#736 = SURFACE_CURVE('',#737,(#742,#753),.PCURVE_S1.);
#737 = CIRCLE('',#738,0.6);
#738 = AXIS2_PLACEMENT_3D('',#739,#740,#741);
#739 = CARTESIAN_POINT('',(3.680607966084,-2.125,-20.));
#740 = DIRECTION('',(0.,0.,1.));
#741 = DIRECTION('',(-6.225095951314E-02,0.998060528245,0.));
#742 = PCURVE('',#395,#743);
#743 = DEFINITIONAL_REPRESENTATION('',(#744),#752);
#744 = ( BOUNDED_CURVE() B_SPLINE_CURVE(2,(#745,#746,#747,#748,#749,#750
,#751),.UNSPECIFIED.,.T.,.F.) B_SPLINE_CURVE_WITH_KNOTS((1,2,2,2,2,1),(
    -2.094395102393,0.,2.094395102393,4.188790204786,6.28318530718,
8.377580409573),.UNSPECIFIED.) CURVE() GEOMETRIC_REPRESENTATION_ITEM() 
RATIONAL_B_SPLINE_CURVE((1.,0.5,1.,0.5,1.,0.5,1.)) REPRESENTATION_ITEM(
  '') );
#745 = CARTESIAN_POINT('',(-3.643257390376,-1.526163683053));
#746 = CARTESIAN_POINT('',(-2.606042464007,-1.590856777871));
#747 = CARTESIAN_POINT('',(-3.180675790753,-2.456764705882));
#748 = CARTESIAN_POINT('',(-3.7553091175,-3.322672633893));
#749 = CARTESIAN_POINT('',(-4.217890717122,-2.392071611064));
#750 = CARTESIAN_POINT('',(-4.680472316745,-1.461470588235));
#751 = CARTESIAN_POINT('',(-3.643257390376,-1.526163683053));
#752 = ( GEOMETRIC_REPRESENTATION_CONTEXT(2) 
PARAMETRIC_REPRESENTATION_CONTEXT() REPRESENTATION_CONTEXT('2D SPACE',''
  ) );
#753 = PCURVE('',#318,#754);
#754 = DEFINITIONAL_REPRESENTATION('',(#755),#759);
#755 = LINE('',#756,#757);
#756 = CARTESIAN_POINT('',(1.508505091375,0.));
#757 = VECTOR('',#758,1.);
#758 = DIRECTION('',(-1.,0.));
#759 = ( GEOMETRIC_REPRESENTATION_CONTEXT(2) 
PARAMETRIC_REPRESENTATION_CONTEXT() REPRESENTATION_CONTEXT('2D SPACE',''
  ) );
#760 = ORIENTED_EDGE('',*,*,#601,.T.);
#761 = ORIENTED_EDGE('',*,*,#762,.T.);
#762 = EDGE_CURVE('',#579,#763,#765,.T.);
#763 = VERTEX_POINT('',#764);
#764 = CARTESIAN_POINT('',(0.65,-3.52583302492,-20.));
#765 = SURFACE_CURVE('',#766,(#770,#777),.PCURVE_S1.);
#766 = LINE('',#767,#768);
#767 = CARTESIAN_POINT('',(0.842424372227,-3.859121814232,-20.));
#768 = VECTOR('',#769,1.);
#769 = DIRECTION('',(-0.5,0.866025403784,0.));
#770 = PCURVE('',#395,#771);
#771 = DEFINITIONAL_REPRESENTATION('',(#772),#776);
#772 = LINE('',#773,#774);
#773 = CARTESIAN_POINT('',(-0.842424372227,-3.859121814232));
#774 = VECTOR('',#775,1.);
#775 = DIRECTION('',(0.5,0.866025403784));
#776 = ( GEOMETRIC_REPRESENTATION_CONTEXT(2) 
PARAMETRIC_REPRESENTATION_CONTEXT() REPRESENTATION_CONTEXT('2D SPACE',''
  ) );
#777 = PCURVE('',#258,#778);
#778 = DEFINITIONAL_REPRESENTATION('',(#779),#783);
#779 = LINE('',#780,#781);
#780 = CARTESIAN_POINT('',(1.684848744454,0.));
#781 = VECTOR('',#782,1.);
#782 = DIRECTION('',(-1.,-0.));
#783 = ( GEOMETRIC_REPRESENTATION_CONTEXT(2) 
PARAMETRIC_REPRESENTATION_CONTEXT() REPRESENTATION_CONTEXT('2D SPACE',''
  ) );
#784 = ORIENTED_EDGE('',*,*,#785,.F.);
#785 = EDGE_CURVE('',#786,#763,#788,.T.);
#786 = VERTEX_POINT('',#787);
#787 = CARTESIAN_POINT('',(0.65,-2.672077843177,-20.));
#788 = SURFACE_CURVE('',#789,(#793,#800),.PCURVE_S1.);
#789 = LINE('',#790,#791);
#790 = CARTESIAN_POINT('',(0.65,-2.672077843177,-20.));
#791 = VECTOR('',#792,1.);
#792 = DIRECTION('',(-5.95814110634E-46,-1.,0.));
#793 = PCURVE('',#395,#794);
#794 = DEFINITIONAL_REPRESENTATION('',(#795),#799);
#795 = LINE('',#796,#797);
#796 = CARTESIAN_POINT('',(-0.65,-2.672077843177));
#797 = VECTOR('',#798,1.);
#798 = DIRECTION('',(0.,-1.));
#799 = ( GEOMETRIC_REPRESENTATION_CONTEXT(2) 
PARAMETRIC_REPRESENTATION_CONTEXT() REPRESENTATION_CONTEXT('2D SPACE',''
  ) );
#800 = PCURVE('',#801,#806);
#801 = PLANE('',#802);
#802 = AXIS2_PLACEMENT_3D('',#803,#804,#805);
#803 = CARTESIAN_POINT('',(0.65,-2.672077843177,-20.));
#804 = DIRECTION('',(1.,-3.889384548663E-62,0.));
#805 = DIRECTION('',(-5.95814110634E-46,-1.,0.));
#806 = DEFINITIONAL_REPRESENTATION('',(#807),#811);
#807 = LINE('',#808,#809);
#808 = CARTESIAN_POINT('',(0.,0.));
#809 = VECTOR('',#810,1.);
#810 = DIRECTION('',(1.,0.));
#811 = ( GEOMETRIC_REPRESENTATION_CONTEXT(2) 
PARAMETRIC_REPRESENTATION_CONTEXT() REPRESENTATION_CONTEXT('2D SPACE',''
  ) );
#812 = ORIENTED_EDGE('',*,*,#813,.T.);
#813 = EDGE_CURVE('',#786,#661,#814,.T.);
#814 = SURFACE_CURVE('',#815,(#820,#831),.PCURVE_S1.);
#815 = CIRCLE('',#816,2.75);
#816 = AXIS2_PLACEMENT_3D('',#817,#818,#819);
#817 = CARTESIAN_POINT('',(5.291892352179E-60,1.7763568394E-14,-20.));
#818 = DIRECTION('',(-0.,0.,1.));
#819 = DIRECTION('',(0.236363636364,-0.971664670246,0.));
#820 = PCURVE('',#395,#821);
#821 = DEFINITIONAL_REPRESENTATION('',(#822),#830);
#822 = ( BOUNDED_CURVE() B_SPLINE_CURVE(2,(#823,#824,#825,#826,#827,#828
,#829),.UNSPECIFIED.,.T.,.F.) B_SPLINE_CURVE_WITH_KNOTS((1,2,2,2,2,1),(
    -2.094395102393,0.,2.094395102393,4.188790204786,6.28318530718,
8.377580409573),.UNSPECIFIED.) CURVE() GEOMETRIC_REPRESENTATION_ITEM() 
RATIONAL_B_SPLINE_CURVE((1.,0.5,1.,0.5,1.,0.5,1.)) REPRESENTATION_ITEM(
  '') );
#823 = CARTESIAN_POINT('',(-0.65,-2.672077843178));
#824 = CARTESIAN_POINT('',(-5.278174586162,-1.546244818258));
#825 = CARTESIAN_POINT('',(-1.989087293081,1.898955434049));
#826 = CARTESIAN_POINT('',(1.3,5.344155686355));
#827 = CARTESIAN_POINT('',(2.639087293081,0.773122409129));
#828 = CARTESIAN_POINT('',(3.978174586163,-3.797910868097));
#829 = CARTESIAN_POINT('',(-0.65,-2.672077843178));
#830 = ( GEOMETRIC_REPRESENTATION_CONTEXT(2) 
PARAMETRIC_REPRESENTATION_CONTEXT() REPRESENTATION_CONTEXT('2D SPACE',''
  ) );
#831 = PCURVE('',#832,#837);
#832 = CYLINDRICAL_SURFACE('',#833,2.75);
#833 = AXIS2_PLACEMENT_3D('',#834,#835,#836);
#834 = CARTESIAN_POINT('',(5.291892352179E-60,1.7763568394E-14,-18.8));
#835 = DIRECTION('',(0.,-0.,-1.));
#836 = DIRECTION('',(-2.832769448824E-16,1.,-0.));
#837 = DEFINITIONAL_REPRESENTATION('',(#838),#842);
#838 = LINE('',#839,#840);
#839 = CARTESIAN_POINT('',(2.902970922276,1.2));
#840 = VECTOR('',#841,1.);
#841 = DIRECTION('',(-1.,0.));
#842 = ( GEOMETRIC_REPRESENTATION_CONTEXT(2) 
PARAMETRIC_REPRESENTATION_CONTEXT() REPRESENTATION_CONTEXT('2D SPACE',''
  ) );
#843 = ADVANCED_FACE('',(#844),#676,.F.);
#844 = FACE_BOUND('',#845,.T.);
#845 = EDGE_LOOP('',(#846,#904,#925,#926));
#846 = ORIENTED_EDGE('',*,*,#847,.T.);
#847 = EDGE_CURVE('',#848,#850,#852,.T.);
#848 = VERTEX_POINT('',#849);
#849 = CARTESIAN_POINT('',(-0.649999946473,-2.672077623135,
    -19.80000027044));
#850 = VERTEX_POINT('',#851);
#851 = CARTESIAN_POINT('',(-0.65,-3.52583302492,-18.68633586508));
#852 = SURFACE_CURVE('',#853,(#860,#870),.PCURVE_S1.);
#853 = B_SPLINE_CURVE_WITH_KNOTS('',3,(#854,#855,#856,#857,#858,#859),
  .UNSPECIFIED.,.F.,.F.,(4,1,1,4),(0.,0.333333333333,0.666666666667,1.),
  .UNSPECIFIED.);
#854 = CARTESIAN_POINT('',(-0.65,-2.672077843177,-19.79999981814));
#855 = CARTESIAN_POINT('',(-0.65,-2.76070895897,-19.68517343242));
#856 = CARTESIAN_POINT('',(-0.65,-2.942087534579,-19.44955095996));
#857 = CARTESIAN_POINT('',(-0.65,-3.226550504318,-19.07839201467));
#858 = CARTESIAN_POINT('',(-0.65,-3.424660487283,-18.81899718571));
#859 = CARTESIAN_POINT('',(-0.65,-3.52583302492,-18.68633586508));
#860 = PCURVE('',#676,#861);
#861 = DEFINITIONAL_REPRESENTATION('',(#862),#869);
#862 = B_SPLINE_CURVE_WITH_KNOTS('',3,(#863,#864,#865,#866,#867,#868),
  .UNSPECIFIED.,.F.,.F.,(4,1,1,4),(0.,0.333333333333,0.666666666667,1.),
  .UNSPECIFIED.);
#863 = CARTESIAN_POINT('',(0.853755181743,-0.200000181851));
#864 = CARTESIAN_POINT('',(0.76512406595,-0.314826567577));
#865 = CARTESIAN_POINT('',(0.583745490341,-0.550449040036));
#866 = CARTESIAN_POINT('',(0.299282520602,-0.921607985328));
#867 = CARTESIAN_POINT('',(0.101172537637,-1.181002814287));
#868 = CARTESIAN_POINT('',(0.,-1.313664134912));
#869 = ( GEOMETRIC_REPRESENTATION_CONTEXT(2) 
PARAMETRIC_REPRESENTATION_CONTEXT() REPRESENTATION_CONTEXT('2D SPACE',''
  ) );
#870 = PCURVE('',#871,#876);
#871 = CONICAL_SURFACE('',#872,3.799999693782,0.643500762394);
#872 = AXIS2_PLACEMENT_3D('',#873,#874,#875);
#873 = CARTESIAN_POINT('',(5.136417353113E-07,3.913560439273E-06,
    -18.40000444821));
#874 = DIRECTION('',(0.,0.,1.));
#875 = DIRECTION('',(5.95814110634E-46,1.,0.));
#876 = DEFINITIONAL_REPRESENTATION('',(#877),#903);
#877 = B_SPLINE_CURVE_WITH_KNOTS('',3,(#878,#879,#880,#881,#882,#883,
    #884,#885,#886,#887,#888,#889,#890,#891,#892,#893,#894,#895,#896,
    #897,#898,#899,#900,#901,#902),.UNSPECIFIED.,.F.,.F.,(4,1,1,1,1,1,1,
    1,1,1,1,1,1,1,1,1,1,1,1,1,1,1,4),(0.,4.545454545455E-02,
    9.090909090909E-02,0.136363636364,0.181818181818,0.227272727273,
    0.272727272727,0.318181818182,0.363636363636,0.409090909091,
    0.454545454545,0.5,0.545454545455,0.590909090909,0.636363636364,
    0.681818181818,0.727272727273,0.772727272727,0.818181818182,
    0.863636363636,0.909090909091,0.954545454545,1.),
  .QUASI_UNIFORM_KNOTS.);
#878 = CARTESIAN_POINT('',(2.902971077162,-1.399995369939));
#879 = CARTESIAN_POINT('',(2.904009873424,-1.384337225803));
#880 = CARTESIAN_POINT('',(2.90606744191,-1.352909922393));
#881 = CARTESIAN_POINT('',(2.909095155021,-1.305436402776));
#882 = CARTESIAN_POINT('',(2.912065677437,-1.257630802271));
#883 = CARTESIAN_POINT('',(2.91498040061,-1.209493595026));
#884 = CARTESIAN_POINT('',(2.917840680131,-1.161025246415));
#885 = CARTESIAN_POINT('',(2.920647831036,-1.112226223965));
#886 = CARTESIAN_POINT('',(2.923403132586,-1.063096954429));
#887 = CARTESIAN_POINT('',(2.926107821199,-1.013637985978));
#888 = CARTESIAN_POINT('',(2.928763134881,-0.963849103385));
#889 = CARTESIAN_POINT('',(2.931370290761,-0.913729726967));
#890 = CARTESIAN_POINT('',(2.933930464388,-0.863279356742));
#891 = CARTESIAN_POINT('',(2.936444796438,-0.812497465066));
#892 = CARTESIAN_POINT('',(2.938914392923,-0.761383518417));
#893 = CARTESIAN_POINT('',(2.941340325391,-0.709936999037));
#894 = CARTESIAN_POINT('',(2.943723637378,-0.658157297901));
#895 = CARTESIAN_POINT('',(2.94606532386,-0.60604415743));
#896 = CARTESIAN_POINT('',(2.948366316348,-0.553598070337));
#897 = CARTESIAN_POINT('',(2.950627527734,-0.500819397732));
#898 = CARTESIAN_POINT('',(2.952849845116,-0.447708530757));
#899 = CARTESIAN_POINT('',(2.955034131947,-0.394265847328));
#900 = CARTESIAN_POINT('',(2.957181230892,-0.340491724316));
#901 = CARTESIAN_POINT('',(2.9585883799,-0.304421596659));
#902 = CARTESIAN_POINT('',(2.95928602868,-0.286331416877));
#903 = ( GEOMETRIC_REPRESENTATION_CONTEXT(2) 
PARAMETRIC_REPRESENTATION_CONTEXT() REPRESENTATION_CONTEXT('2D SPACE',''
  ) );
#904 = ORIENTED_EDGE('',*,*,#905,.T.);
#905 = EDGE_CURVE('',#850,#659,#906,.T.);
#906 = SURFACE_CURVE('',#907,(#911,#918),.PCURVE_S1.);
#907 = LINE('',#908,#909);
#908 = CARTESIAN_POINT('',(-0.65,-3.52583302492,-18.68633586508));
#909 = VECTOR('',#910,1.);
#910 = DIRECTION('',(0.,-0.,-1.));
#911 = PCURVE('',#676,#912);
#912 = DEFINITIONAL_REPRESENTATION('',(#913),#917);
#913 = LINE('',#914,#915);
#914 = CARTESIAN_POINT('',(0.,-1.313664134912));
#915 = VECTOR('',#916,1.);
#916 = DIRECTION('',(0.,1.));
#917 = ( GEOMETRIC_REPRESENTATION_CONTEXT(2) 
PARAMETRIC_REPRESENTATION_CONTEXT() REPRESENTATION_CONTEXT('2D SPACE',''
  ) );
#918 = PCURVE('',#197,#919);
#919 = DEFINITIONAL_REPRESENTATION('',(#920),#924);
#920 = LINE('',#921,#922);
#921 = CARTESIAN_POINT('',(8.699999999996,-1.313664134912));
#922 = VECTOR('',#923,1.);
#923 = DIRECTION('',(0.,1.));
#924 = ( GEOMETRIC_REPRESENTATION_CONTEXT(2) 
PARAMETRIC_REPRESENTATION_CONTEXT() REPRESENTATION_CONTEXT('2D SPACE',''
  ) );
#925 = ORIENTED_EDGE('',*,*,#658,.T.);
#926 = ORIENTED_EDGE('',*,*,#927,.F.);
#927 = EDGE_CURVE('',#848,#661,#928,.T.);
#928 = SURFACE_CURVE('',#929,(#933,#940),.PCURVE_S1.);
#929 = LINE('',#930,#931);
#930 = CARTESIAN_POINT('',(-0.65,-2.672077843177,-19.79999981814));
#931 = VECTOR('',#932,1.);
#932 = DIRECTION('',(0.,-0.,-1.));
#933 = PCURVE('',#676,#934);
#934 = DEFINITIONAL_REPRESENTATION('',(#935),#939);
#935 = LINE('',#936,#937);
#936 = CARTESIAN_POINT('',(0.853755181743,-0.200000181851));
#937 = VECTOR('',#938,1.);
#938 = DIRECTION('',(0.,1.));
#939 = ( GEOMETRIC_REPRESENTATION_CONTEXT(2) 
PARAMETRIC_REPRESENTATION_CONTEXT() REPRESENTATION_CONTEXT('2D SPACE',''
  ) );
#940 = PCURVE('',#832,#941);
#941 = DEFINITIONAL_REPRESENTATION('',(#942),#946);
#942 = LINE('',#943,#944);
#943 = CARTESIAN_POINT('',(-2.902970922276,0.999999818149));
#944 = VECTOR('',#945,1.);
#945 = DIRECTION('',(0.,1.));
#946 = ( GEOMETRIC_REPRESENTATION_CONTEXT(2) 
PARAMETRIC_REPRESENTATION_CONTEXT() REPRESENTATION_CONTEXT('2D SPACE',''
  ) );
#947 = ADVANCED_FACE('',(#948),#871,.F.);
#948 = FACE_BOUND('',#949,.F.);
#949 = EDGE_LOOP('',(#950,#999,#1126,#1155,#1205,#1226));
#950 = ORIENTED_EDGE('',*,*,#951,.F.);
#951 = EDGE_CURVE('',#952,#850,#954,.T.);
#952 = VERTEX_POINT('',#953);
#953 = CARTESIAN_POINT('',(-0.999303893075,-4.130845115007,-17.8));
#954 = SURFACE_CURVE('',#955,(#961,#990),.PCURVE_S1.);
#955 = B_SPLINE_CURVE_WITH_KNOTS('',3,(#956,#957,#958,#959,#960),
  .UNSPECIFIED.,.F.,.F.,(4,1,4),(0.,0.5,1.),.QUASI_UNIFORM_KNOTS.);
#956 = CARTESIAN_POINT('',(-0.999303893075,-4.130845115007,-17.8));
#957 = CARTESIAN_POINT('',(-0.937879382856,-4.024454742477,
    -17.95713392734));
#958 = CARTESIAN_POINT('',(-0.818255925241,-3.817260836111,
    -18.26201907737));
#959 = CARTESIAN_POINT('',(-0.705029300883,-3.621146569954,
    -18.54805476833));
#960 = CARTESIAN_POINT('',(-0.65,-3.52583302492,-18.68633586508));
#961 = PCURVE('',#871,#962);
#962 = DEFINITIONAL_REPRESENTATION('',(#963),#989);
#963 = B_SPLINE_CURVE_WITH_KNOTS('',3,(#964,#965,#966,#967,#968,#969,
    #970,#971,#972,#973,#974,#975,#976,#977,#978,#979,#980,#981,#982,
    #983,#984,#985,#986,#987,#988),.UNSPECIFIED.,.F.,.F.,(4,1,1,1,1,1,1,
    1,1,1,1,1,1,1,1,1,1,1,1,1,1,1,4),(0.,4.545454545455E-02,
    9.090909090909E-02,0.136363636364,0.181818181818,0.227272727273,
    0.272727272727,0.318181818182,0.363636363636,0.409090909091,
    0.454545454545,0.5,0.545454545455,0.590909090909,0.636363636364,
    0.681818181818,0.727272727273,0.772727272727,0.818181818182,
    0.863636363636,0.909090909091,0.954545454545,1.),
  .QUASI_UNIFORM_KNOTS.);
#964 = CARTESIAN_POINT('',(2.90424003024,0.60000444821));
#965 = CARTESIAN_POINT('',(2.904981993707,0.585719545813));
#966 = CARTESIAN_POINT('',(2.906473600085,0.5572272873));
#967 = CARTESIAN_POINT('',(2.908734319944,0.514721628903));
#968 = CARTESIAN_POINT('',(2.91101862102,0.472448789991));
#969 = CARTESIAN_POINT('',(2.913326777851,0.430408862142));
#970 = CARTESIAN_POINT('',(2.915659067325,0.3886019379));
#971 = CARTESIAN_POINT('',(2.918015768999,0.34702811092));
#972 = CARTESIAN_POINT('',(2.920397164986,0.305687475929));
#973 = CARTESIAN_POINT('',(2.922803539962,0.264580128747));
#974 = CARTESIAN_POINT('',(2.925235181128,0.223706166281));
#975 = CARTESIAN_POINT('',(2.927692378187,0.183065686533));
#976 = CARTESIAN_POINT('',(2.930175423314,0.142658788603));
#977 = CARTESIAN_POINT('',(2.932684611113,0.102485572684));
#978 = CARTESIAN_POINT('',(2.935220239773,6.254614311897E-02));
#979 = CARTESIAN_POINT('',(2.937782609916,2.284060537438E-02));
#980 = CARTESIAN_POINT('',(2.940372024552,-1.663093396292E-02));
#981 = CARTESIAN_POINT('',(2.942988789033,-5.586836718369E-02));
#982 = CARTESIAN_POINT('',(2.945633211001,-9.487158545844E-02));
#983 = CARTESIAN_POINT('',(2.948305600342,-0.133640478837));
#984 = CARTESIAN_POINT('',(2.951006269106,-0.172174936259));
#985 = CARTESIAN_POINT('',(2.953735531513,-0.210474845524));
#986 = CARTESIAN_POINT('',(2.956493703642,-0.248540093431));
#987 = CARTESIAN_POINT('',(2.958351970723,-0.27376040799));
#988 = CARTESIAN_POINT('',(2.95928602868,-0.286331416877));
#989 = ( GEOMETRIC_REPRESENTATION_CONTEXT(2) 
PARAMETRIC_REPRESENTATION_CONTEXT() REPRESENTATION_CONTEXT('2D SPACE',''
  ) );
#990 = PCURVE('',#197,#991);
#991 = DEFINITIONAL_REPRESENTATION('',(#992),#998);
#992 = B_SPLINE_CURVE_WITH_KNOTS('',3,(#993,#994,#995,#996,#997),
  .UNSPECIFIED.,.F.,.F.,(4,1,4),(0.,0.5,1.),.QUASI_UNIFORM_KNOTS.);
#993 = CARTESIAN_POINT('',(8.001392213846,-2.2));
#994 = CARTESIAN_POINT('',(8.124241234285,-2.042866072657));
#995 = CARTESIAN_POINT('',(8.363488149515,-1.737980922625));
#996 = CARTESIAN_POINT('',(8.58994139823,-1.45194523167));
#997 = CARTESIAN_POINT('',(8.699999999996,-1.313664134912));
#998 = ( GEOMETRIC_REPRESENTATION_CONTEXT(2) 
PARAMETRIC_REPRESENTATION_CONTEXT() REPRESENTATION_CONTEXT('2D SPACE',''
  ) );
#999 = ORIENTED_EDGE('',*,*,#1000,.F.);
#1000 = EDGE_CURVE('',#1001,#952,#1003,.T.);
#1001 = VERTEX_POINT('',#1002);
#1002 = CARTESIAN_POINT('',(-2.07032759755,-4.385912587268,-17.));
#1003 = SURFACE_CURVE('',#1004,(#1019,#1070),.PCURVE_S1.);
#1004 = B_SPLINE_CURVE_WITH_KNOTS('',3,(#1005,#1006,#1007,#1008,#1009,
    #1010,#1011,#1012,#1013,#1014,#1015,#1016,#1017,#1018),
  .UNSPECIFIED.,.F.,.F.,(4,2,2,2,2,2,4),(-0.163641253697,-0.158108804564
    ,-0.139412678944,-0.120716553323,-8.332430208285E-02,
    -4.166215104143E-02,-2.053958884512E-02),.UNSPECIFIED.);
#1005 = CARTESIAN_POINT('',(-2.07032759755,-4.385912587268,-17.));
#1006 = CARTESIAN_POINT('',(-2.052849741053,-4.394162834992,-17.));
#1007 = CARTESIAN_POINT('',(-2.035404819809,-4.401687244509,
    -17.00070101796));
#1008 = CARTESIAN_POINT('',(-1.960495319463,-4.431341964134,
    -17.00632697676));
#1009 = CARTESIAN_POINT('',(-1.900451357305,-4.448041323774,
    -17.01779055798));
#1010 = CARTESIAN_POINT('',(-1.78003961925,-4.469052236843,
    -17.05315107746));
#1011 = CARTESIAN_POINT('',(-1.719673633884,-4.473354489628,
    -17.07705963773));
#1012 = CARTESIAN_POINT('',(-1.544193955256,-4.469756405345,
    -17.16302713403));
#1013 = CARTESIAN_POINT('',(-1.434759545966,-4.444810044099,
    -17.23995178746));
#1014 = CARTESIAN_POINT('',(-1.245984481537,-4.370528891143,
    -17.40813700952));
#1015 = CARTESIAN_POINT('',(-1.155154300185,-4.312687149872,
    -17.51408125255));
#1016 = CARTESIAN_POINT('',(-1.051472681738,-4.208332352478,
    -17.68315941038));
#1017 = CARTESIAN_POINT('',(-1.022116086554,-4.170356993144,
    -17.741642684));
#1018 = CARTESIAN_POINT('',(-0.999303893076,-4.130845115007,-17.8));
#1019 = PCURVE('',#871,#1020);
#1020 = DEFINITIONAL_REPRESENTATION('',(#1021),#1069);
#1021 = B_SPLINE_CURVE_WITH_KNOTS('',3,(#1022,#1023,#1024,#1025,#1026,
    #1027,#1028,#1029,#1030,#1031,#1032,#1033,#1034,#1035,#1036,#1037,
    #1038,#1039,#1040,#1041,#1042,#1043,#1044,#1045,#1046,#1047,#1048,
    #1049,#1050,#1051,#1052,#1053,#1054,#1055,#1056,#1057,#1058,#1059,
    #1060,#1061,#1062,#1063,#1064,#1065,#1066,#1067,#1068),
  .UNSPECIFIED.,.F.,.F.,(4,1,1,1,1,1,1,1,1,1,1,1,1,1,1,1,1,1,1,1,1,1,1,1
    ,1,1,1,1,1,1,1,1,1,1,1,1,1,1,1,1,1,1,1,1,4),(-0.163641253697,
    -0.160388943132,-0.157136632567,-0.153884322002,-0.150632011437,
    -0.147379700872,-0.144127390308,-0.140875079743,-0.137622769178,
    -0.134370458613,-0.131118148048,-0.127865837484,-0.124613526919,
    -0.121361216354,-0.118108905789,-0.114856595224,-0.11160428466,
    -0.108351974095,-0.10509966353,-0.101847352965,-9.859504240043E-02,
    -9.534273183562E-02,-9.209042127082E-02,-8.883811070601E-02,
    -8.558580014121E-02,-8.23334895764E-02,-7.90811790116E-02,
    -7.582886844679E-02,-7.257655788199E-02,-6.932424731719E-02,
    -6.607193675238E-02,-6.281962618758E-02,-5.956731562277E-02,
    -5.631500505797E-02,-5.306269449316E-02,-4.981038392836E-02,
    -4.655807336355E-02,-4.330576279875E-02,-4.005345223394E-02,
    -3.680114166914E-02,-3.354883110434E-02,-3.029652053953E-02,
    -2.704420997473E-02,-2.379189940992E-02,-2.053958884512E-02),
  .QUASI_UNIFORM_KNOTS.);
#1022 = CARTESIAN_POINT('',(2.700562164442,1.400004448211));
#1023 = CARTESIAN_POINT('',(2.702924626943,1.399993978809));
#1024 = CARTESIAN_POINT('',(2.707540681863,1.399520960268));
#1025 = CARTESIAN_POINT('',(2.714257501481,1.397494276298));
#1026 = CARTESIAN_POINT('',(2.720917797072,1.394204932931));
#1027 = CARTESIAN_POINT('',(2.727562438,1.389653478936));
#1028 = CARTESIAN_POINT('',(2.734169933337,1.383877149054));
#1029 = CARTESIAN_POINT('',(2.740735236085,1.376902373851));
#1030 = CARTESIAN_POINT('',(2.747248694702,1.368758348675));
#1031 = CARTESIAN_POINT('',(2.753701380228,1.359470263241));
#1032 = CARTESIAN_POINT('',(2.760084925655,1.349074547857));
#1033 = CARTESIAN_POINT('',(2.766392070689,1.337621142281));
#1034 = CARTESIAN_POINT('',(2.772614933285,1.325156814295));
#1035 = CARTESIAN_POINT('',(2.778745275157,1.311727797915));
#1036 = CARTESIAN_POINT('',(2.784774826287,1.297382783677));
#1037 = CARTESIAN_POINT('',(2.790693686435,1.282158370787));
#1038 = CARTESIAN_POINT('',(2.796494350722,1.266090555926));
#1039 = CARTESIAN_POINT('',(2.802172724979,1.24925466069));
#1040 = CARTESIAN_POINT('',(2.807723354726,1.231716212194));
#1041 = CARTESIAN_POINT('',(2.813140627862,1.213543138916));
#1042 = CARTESIAN_POINT('',(2.818418444089,1.194802574247));
#1043 = CARTESIAN_POINT('',(2.823550359608,1.175561485831));
#1044 = CARTESIAN_POINT('',(2.828529367509,1.155887407254));
#1045 = CARTESIAN_POINT('',(2.833348664611,1.135844948477));
#1046 = CARTESIAN_POINT('',(2.83799884232,1.115509103585));
#1047 = CARTESIAN_POINT('',(2.842478401429,1.094915605923));
#1048 = CARTESIAN_POINT('',(2.846754554727,1.074246312527));
#1049 = CARTESIAN_POINT('',(2.850940284085,1.052993349291));
#1050 = CARTESIAN_POINT('',(2.855040033363,1.031137062281));
#1051 = CARTESIAN_POINT('',(2.859044502657,1.008723491519));
#1052 = CARTESIAN_POINT('',(2.862947764832,0.985780870933));
#1053 = CARTESIAN_POINT('',(2.866742673678,0.962342015704));
#1054 = CARTESIAN_POINT('',(2.870422089243,0.938438339136));
#1055 = CARTESIAN_POINT('',(2.873978544047,0.914101472655));
#1056 = CARTESIAN_POINT('',(2.877404329987,0.889362852942));
#1057 = CARTESIAN_POINT('',(2.880691463276,0.864253847072));
#1058 = CARTESIAN_POINT('',(2.883831718458,0.838805768738));
#1059 = CARTESIAN_POINT('',(2.886816510285,0.813049802928));
#1060 = CARTESIAN_POINT('',(2.889637317651,0.787017417046));
#1061 = CARTESIAN_POINT('',(2.892284094377,0.760738929747));
#1062 = CARTESIAN_POINT('',(2.894755246063,0.734251533493));
#1063 = CARTESIAN_POINT('',(2.897045132598,0.707593017797));
#1064 = CARTESIAN_POINT('',(2.899148084334,0.680800886446));
#1065 = CARTESIAN_POINT('',(2.901058185039,0.653912920875));
#1066 = CARTESIAN_POINT('',(2.902769359018,0.626967026307));
#1067 = CARTESIAN_POINT('',(2.903773307127,0.608989934081));
#1068 = CARTESIAN_POINT('',(2.90424003024,0.60000444821));
#1069 = ( GEOMETRIC_REPRESENTATION_CONTEXT(2) 
PARAMETRIC_REPRESENTATION_CONTEXT() REPRESENTATION_CONTEXT('2D SPACE',''
  ) );
#1070 = PCURVE('',#1071,#1076);
#1071 = CYLINDRICAL_SURFACE('',#1072,0.8);
#1072 = AXIS2_PLACEMENT_3D('',#1073,#1074,#1075);
#1073 = CARTESIAN_POINT('',(-10.3166830861,-18.66901927071,-17.8));
#1074 = DIRECTION('',(0.5,0.866025403784,0.));
#1075 = DIRECTION('',(0.,0.,1.));
#1076 = DEFINITIONAL_REPRESENTATION('',(#1077),#1125);
#1077 = B_SPLINE_CURVE_WITH_KNOTS('',3,(#1078,#1079,#1080,#1081,#1082,
    #1083,#1084,#1085,#1086,#1087,#1088,#1089,#1090,#1091,#1092,#1093,
    #1094,#1095,#1096,#1097,#1098,#1099,#1100,#1101,#1102,#1103,#1104,
    #1105,#1106,#1107,#1108,#1109,#1110,#1111,#1112,#1113,#1114,#1115,
    #1116,#1117,#1118,#1119,#1120,#1121,#1122,#1123,#1124),
  .UNSPECIFIED.,.F.,.F.,(4,1,1,1,1,1,1,1,1,1,1,1,1,1,1,1,1,1,1,1,1,1,1,1
    ,1,1,1,1,1,1,1,1,1,1,1,1,1,1,1,1,1,1,1,1,4),(-0.163641253697,
    -0.160388943132,-0.157136632567,-0.153884322002,-0.150632011437,
    -0.147379700872,-0.144127390308,-0.140875079743,-0.137622769178,
    -0.134370458613,-0.131118148048,-0.127865837484,-0.124613526919,
    -0.121361216354,-0.118108905789,-0.114856595224,-0.11160428466,
    -0.108351974095,-0.10509966353,-0.101847352965,-9.859504240043E-02,
    -9.534273183562E-02,-9.209042127082E-02,-8.883811070601E-02,
    -8.558580014121E-02,-8.23334895764E-02,-7.90811790116E-02,
    -7.582886844679E-02,-7.257655788199E-02,-6.932424731719E-02,
    -6.607193675238E-02,-6.281962618758E-02,-5.956731562277E-02,
    -5.631500505797E-02,-5.306269449316E-02,-4.981038392836E-02,
    -4.655807336355E-02,-4.330576279875E-02,-4.005345223394E-02,
    -3.680114166914E-02,-3.354883110434E-02,-3.029652053953E-02,
    -2.704420997473E-02,-2.379189940992E-02,-2.053958884512E-02),
  .QUASI_UNIFORM_KNOTS.);
#1078 = CARTESIAN_POINT('',(0.,16.492710977099));
#1079 = CARTESIAN_POINT('',(1.427251574309E-02,16.493665417045));
#1080 = CARTESIAN_POINT('',(4.211800665714E-02,16.495943776687));
#1081 = CARTESIAN_POINT('',(8.255073940114E-02,16.500480756994));
#1082 = CARTESIAN_POINT('',(0.122602543033,16.506146977417));
#1083 = CARTESIAN_POINT('',(0.162557894578,16.512956445346));
#1084 = CARTESIAN_POINT('',(0.2023256928,16.520864118397));
#1085 = CARTESIAN_POINT('',(0.241912518594,16.529840935619));
#1086 = CARTESIAN_POINT('',(0.28129692333,16.539852960098));
#1087 = CARTESIAN_POINT('',(0.320462729637,16.550869777338));
#1088 = CARTESIAN_POINT('',(0.359396099681,16.562849813645));
#1089 = CARTESIAN_POINT('',(0.398085391487,16.575739869212));
#1090 = CARTESIAN_POINT('',(0.436514442806,16.589489046307));
#1091 = CARTESIAN_POINT('',(0.474664691522,16.604046371334));
#1092 = CARTESIAN_POINT('',(0.512515786908,16.619358872073));
#1093 = CARTESIAN_POINT('',(0.550044629573,16.635381646666));
#1094 = CARTESIAN_POINT('',(0.587245107806,16.652069712522));
#1095 = CARTESIAN_POINT('',(0.624106744575,16.669350683551));
#1096 = CARTESIAN_POINT('',(0.66061292843,16.687158851789));
#1097 = CARTESIAN_POINT('',(0.696742120237,16.705426732695));
#1098 = CARTESIAN_POINT('',(0.732468160604,16.724087269914));
#1099 = CARTESIAN_POINT('',(0.767761320563,16.743073470918));
#1100 = CARTESIAN_POINT('',(0.80258739041,16.762317659694));
#1101 = CARTESIAN_POINT('',(0.836913925068,16.781754830329));
#1102 = CARTESIAN_POINT('',(0.870689808982,16.801309980006));
#1103 = CARTESIAN_POINT('',(0.903924294765,16.820945423421));
#1104 = CARTESIAN_POINT('',(0.936394657019,16.840484202119));
#1105 = CARTESIAN_POINT('',(0.968968605929,16.860406539325));
#1106 = CARTESIAN_POINT('',(1.001714862121,16.880724630067));
#1107 = CARTESIAN_POINT('',(1.034599464785,16.901388155836));
#1108 = CARTESIAN_POINT('',(1.067615173951,16.92236354858));
#1109 = CARTESIAN_POINT('',(1.100747149851,16.943612751964));
#1110 = CARTESIAN_POINT('',(1.133982511383,16.965098912322));
#1111 = CARTESIAN_POINT('',(1.167308143522,16.986784853601));
#1112 = CARTESIAN_POINT('',(1.20071165613,17.008633486617));
#1113 = CARTESIAN_POINT('',(1.234181497537,17.030607697104));
#1114 = CARTESIAN_POINT('',(1.267707289831,17.052670384258));
#1115 = CARTESIAN_POINT('',(1.301280098207,17.074784418501));
#1116 = CARTESIAN_POINT('',(1.334892703038,17.096912771896));
#1117 = CARTESIAN_POINT('',(1.368539874586,17.119018038713));
#1118 = CARTESIAN_POINT('',(1.40222135889,17.141065699386));
#1119 = CARTESIAN_POINT('',(1.435926954494,17.163019202733));
#1120 = CARTESIAN_POINT('',(1.46964733518,17.184842176684));
#1121 = CARTESIAN_POINT('',(1.503372676032,17.206498201172));
#1122 = CARTESIAN_POINT('',(1.537093306089,17.227950868997));
#1123 = CARTESIAN_POINT('',(1.559564543352,17.242092802662));
#1124 = CARTESIAN_POINT('',(1.570796326795,17.249117739993));
#1125 = ( GEOMETRIC_REPRESENTATION_CONTEXT(2) 
PARAMETRIC_REPRESENTATION_CONTEXT() REPRESENTATION_CONTEXT('2D SPACE',''
  ) );
#1126 = ORIENTED_EDGE('',*,*,#1127,.T.);
#1127 = EDGE_CURVE('',#1001,#1128,#1130,.T.);
#1128 = VERTEX_POINT('',#1129);
#1129 = CARTESIAN_POINT('',(-3.771228941603,-3.049643676813,
    -17.00000000054));
#1130 = SURFACE_CURVE('',#1131,(#1136,#1143),.PCURVE_S1.);
#1131 = CIRCLE('',#1132,4.850002272188);
#1132 = AXIS2_PLACEMENT_3D('',#1133,#1134,#1135);
#1133 = CARTESIAN_POINT('',(5.136417353113E-07,3.913560439273E-06,-17.)
  );
#1134 = DIRECTION('',(0.,-0.,-1.));
#1135 = DIRECTION('',(-0.426871575517,-0.90431225692,0.));
#1136 = PCURVE('',#871,#1137);
#1137 = DEFINITIONAL_REPRESENTATION('',(#1138),#1142);
#1138 = LINE('',#1139,#1140);
#1139 = CARTESIAN_POINT('',(2.700562164442,1.400004448211));
#1140 = VECTOR('',#1141,1.);
#1141 = DIRECTION('',(-1.,0.));
#1142 = ( GEOMETRIC_REPRESENTATION_CONTEXT(2) 
PARAMETRIC_REPRESENTATION_CONTEXT() REPRESENTATION_CONTEXT('2D SPACE',''
  ) );
#1143 = PCURVE('',#1144,#1149);
#1144 = PLANE('',#1145);
#1145 = AXIS2_PLACEMENT_3D('',#1146,#1147,#1148);
#1146 = CARTESIAN_POINT('',(5.291892352179E-60,1.7763568394E-14,-17.));
#1147 = DIRECTION('',(0.,-0.,-1.));
#1148 = DIRECTION('',(-1.,3.889384548663E-62,0.));
#1149 = DEFINITIONAL_REPRESENTATION('',(#1150),#1154);
#1150 = CIRCLE('',#1151,4.850002272188);
#1151 = AXIS2_PLACEMENT_2D('',#1152,#1153);
#1152 = CARTESIAN_POINT('',(-5.136417353113E-07,3.913560421509E-06));
#1153 = DIRECTION('',(0.426871575517,-0.90431225692));
#1154 = ( GEOMETRIC_REPRESENTATION_CONTEXT(2) 
PARAMETRIC_REPRESENTATION_CONTEXT() REPRESENTATION_CONTEXT('2D SPACE',''
  ) );
#1155 = ORIENTED_EDGE('',*,*,#1156,.T.);
#1156 = EDGE_CURVE('',#1128,#1157,#1159,.T.);
#1157 = VERTEX_POINT('',#1158);
#1158 = CARTESIAN_POINT('',(-2.523965627856,-1.091831551044,
    -19.80000176302));
#1159 = SURFACE_CURVE('',#1160,(#1164,#1193),.PCURVE_S1.);
#1160 = ( BOUNDED_CURVE() B_SPLINE_CURVE(2,(#1161,#1162,#1163),
.UNSPECIFIED.,.F.,.F.) B_SPLINE_CURVE_WITH_KNOTS((3,3),(0.249792982061,
0.652977628519),.PIECEWISE_BEZIER_KNOTS.) CURVE() 
GEOMETRIC_REPRESENTATION_ITEM() RATIONAL_B_SPLINE_CURVE((1.113568304012,
1.170564737149,1.115681693335)) REPRESENTATION_ITEM('') );
#1161 = CARTESIAN_POINT('',(-3.771228941521,-3.049643677506,
    -17.00000000096));
#1162 = CARTESIAN_POINT('',(-2.975278049249,-1.800251041812,
    -18.87269344898));
#1163 = CARTESIAN_POINT('',(-2.523965565323,-1.091832345021,
    -19.80000233914));
#1164 = PCURVE('',#871,#1165);
#1165 = DEFINITIONAL_REPRESENTATION('',(#1166),#1192);
#1166 = B_SPLINE_CURVE_WITH_KNOTS('',3,(#1167,#1168,#1169,#1170,#1171,
    #1172,#1173,#1174,#1175,#1176,#1177,#1178,#1179,#1180,#1181,#1182,
    #1183,#1184,#1185,#1186,#1187,#1188,#1189,#1190,#1191),
  .UNSPECIFIED.,.F.,.F.,(4,1,1,1,1,1,1,1,1,1,1,1,1,1,1,1,1,1,1,1,1,1,4),
  (0.249792982061,0.2681195569,0.286446131739,0.304772706578,
    0.323099281417,0.341425856256,0.359752431095,0.378079005934,
    0.396405580773,0.414732155612,0.433058730451,0.45138530529,
    0.469711880129,0.488038454968,0.506365029807,0.524691604646,
    0.543018179485,0.561344754324,0.579671329163,0.597997904002,
    0.616324478841,0.63465105368,0.652977628519),.QUASI_UNIFORM_KNOTS.);
#1167 = CARTESIAN_POINT('',(2.250796325813,1.400004447242));
#1168 = CARTESIAN_POINT('',(2.24770281261,1.340353211519));
#1169 = CARTESIAN_POINT('',(2.241444666124,1.223158550154));
#1170 = CARTESIAN_POINT('',(2.23183663418,1.053410676237));
#1171 = CARTESIAN_POINT('',(2.22200045942,0.889420283302));
#1172 = CARTESIAN_POINT('',(2.211928386432,0.730926371845));
#1173 = CARTESIAN_POINT('',(2.201612362478,0.577682939381));
#1174 = CARTESIAN_POINT('',(2.191043983544,0.429460193893));
#1175 = CARTESIAN_POINT('',(2.180214488028,0.286042743788));
#1176 = CARTESIAN_POINT('',(2.16911473666,0.147228735164));
#1177 = CARTESIAN_POINT('',(2.157735195071,1.282885863756E-02));
#1178 = CARTESIAN_POINT('',(2.146065914574,-0.11733449759));
#1179 = CARTESIAN_POINT('',(2.134096512326,-0.243428033263));
#1180 = CARTESIAN_POINT('',(2.121816150523,-0.365608246886));
#1181 = CARTESIAN_POINT('',(2.109213514698,-0.484022083741));
#1182 = CARTESIAN_POINT('',(2.096276791091,-0.598807525159));
#1183 = CARTESIAN_POINT('',(2.082993643126,-0.710094124826));
#1184 = CARTESIAN_POINT('',(2.069351186799,-0.818003494811));
#1185 = CARTESIAN_POINT('',(2.055335965772,-0.922649751138));
#1186 = CARTESIAN_POINT('',(2.040933923295,-1.024139899987));
#1187 = CARTESIAN_POINT('',(2.026130381762,-1.12257425063));
#1188 = CARTESIAN_POINT('',(2.010909989824,-1.218046547116));
#1189 = CARTESIAN_POINT('',(1.995256786914,-1.310644979751));
#1190 = CARTESIAN_POINT('',(1.984521479809,-1.370514828658));
#1191 = CARTESIAN_POINT('',(1.979076089131,-1.399997890934));
#1192 = ( GEOMETRIC_REPRESENTATION_CONTEXT(2) 
PARAMETRIC_REPRESENTATION_CONTEXT() REPRESENTATION_CONTEXT('2D SPACE',''
  ) );
#1193 = PCURVE('',#1194,#1199);
#1194 = PLANE('',#1195);
#1195 = AXIS2_PLACEMENT_3D('',#1196,#1197,#1198);
#1196 = CARTESIAN_POINT('',(-13.10883712567,-17.70675256894,-18.8));
#1197 = DIRECTION('',(-0.843391445813,0.537299608347,0.));
#1198 = DIRECTION('',(0.537299608347,0.843391445813,0.));
#1199 = DEFINITIONAL_REPRESENTATION('',(#1200),#1204);
#1200 = ( BOUNDED_CURVE() B_SPLINE_CURVE(2,(#1201,#1202,#1203),
.UNSPECIFIED.,.F.,.F.) B_SPLINE_CURVE_WITH_KNOTS((3,3),(0.249792982061,
0.652977628519),.PIECEWISE_BEZIER_KNOTS.) CURVE() 
GEOMETRIC_REPRESENTATION_ITEM() RATIONAL_B_SPLINE_CURVE((1.113568304012,
1.170564737149,1.115681693335)) REPRESENTATION_ITEM('') );
#1201 = CARTESIAN_POINT('',(17.378773479623,-1.799999999031));
#1202 = CARTESIAN_POINT('',(18.86016464371,7.26934489856E-02));
#1203 = CARTESIAN_POINT('',(19.700128933493,1.000002339145));
#1204 = ( GEOMETRIC_REPRESENTATION_CONTEXT(2) 
PARAMETRIC_REPRESENTATION_CONTEXT() REPRESENTATION_CONTEXT('2D SPACE',''
  ) );
#1205 = ORIENTED_EDGE('',*,*,#1206,.T.);
#1206 = EDGE_CURVE('',#1157,#848,#1207,.T.);
#1207 = SURFACE_CURVE('',#1208,(#1213,#1220),.PCURVE_S1.);
#1208 = CIRCLE('',#1209,2.750003244698);
#1209 = AXIS2_PLACEMENT_3D('',#1210,#1211,#1212);
#1210 = CARTESIAN_POINT('',(5.136417353113E-07,3.913560439273E-06,
    -19.80000072398));
#1211 = DIRECTION('',(0.,0.,1.));
#1212 = DIRECTION('',(-0.917805169069,-0.397031071365,0.));
#1213 = PCURVE('',#871,#1214);
#1214 = DEFINITIONAL_REPRESENTATION('',(#1215),#1219);
#1215 = LINE('',#1216,#1217);
#1216 = CARTESIAN_POINT('',(-4.304109220042,-1.399996275775));
#1217 = VECTOR('',#1218,1.);
#1218 = DIRECTION('',(1.,1.922682552742E-16));
#1219 = ( GEOMETRIC_REPRESENTATION_CONTEXT(2) 
PARAMETRIC_REPRESENTATION_CONTEXT() REPRESENTATION_CONTEXT('2D SPACE',''
  ) );
#1220 = PCURVE('',#832,#1221);
#1221 = DEFINITIONAL_REPRESENTATION('',(#1222),#1225);
#1222 = B_SPLINE_CURVE_WITH_KNOTS('',1,(#1223,#1224),.UNSPECIFIED.,.F.,
  .F.,(2,2),(6.283185035158,7.207080297204),.PIECEWISE_BEZIER_KNOTS.);
#1223 = CARTESIAN_POINT('',(-1.979074583132,1.000000723985));
#1224 = CARTESIAN_POINT('',(-2.902970922276,1.000000723985));
#1225 = ( GEOMETRIC_REPRESENTATION_CONTEXT(2) 
PARAMETRIC_REPRESENTATION_CONTEXT() REPRESENTATION_CONTEXT('2D SPACE',''
  ) );
#1226 = ORIENTED_EDGE('',*,*,#847,.T.);
#1227 = ADVANCED_FACE('',(#1228),#197,.F.);
#1228 = FACE_BOUND('',#1229,.T.);
#1229 = EDGE_LOOP('',(#1230,#1231,#1232,#1255,#1283,#1311,#1354,#1355,
    #1356));
#1230 = ORIENTED_EDGE('',*,*,#905,.F.);
#1231 = ORIENTED_EDGE('',*,*,#951,.F.);
#1232 = ORIENTED_EDGE('',*,*,#1233,.F.);
#1233 = EDGE_CURVE('',#1234,#952,#1236,.T.);
#1234 = VERTEX_POINT('',#1235);
#1235 = CARTESIAN_POINT('',(-1.413446624252,-4.848161366992,-17.8));
#1236 = SURFACE_CURVE('',#1237,(#1241,#1248),.PCURVE_S1.);
#1237 = LINE('',#1238,#1239);
#1238 = CARTESIAN_POINT('',(-1.413446624252,-4.848161366992,-17.8));
#1239 = VECTOR('',#1240,1.);
#1240 = DIRECTION('',(0.5,0.866025403784,0.));
#1241 = PCURVE('',#197,#1242);
#1242 = DEFINITIONAL_REPRESENTATION('',(#1243),#1247);
#1243 = LINE('',#1244,#1245);
#1244 = CARTESIAN_POINT('',(7.173106751491,-2.2));
#1245 = VECTOR('',#1246,1.);
#1246 = DIRECTION('',(1.,0.));
#1247 = ( GEOMETRIC_REPRESENTATION_CONTEXT(2) 
PARAMETRIC_REPRESENTATION_CONTEXT() REPRESENTATION_CONTEXT('2D SPACE',''
  ) );
#1248 = PCURVE('',#1071,#1249);
#1249 = DEFINITIONAL_REPRESENTATION('',(#1250),#1254);
#1250 = LINE('',#1251,#1252);
#1251 = CARTESIAN_POINT('',(1.570796326795,16.420832277639));
#1252 = VECTOR('',#1253,1.);
#1253 = DIRECTION('',(0.,1.));
#1254 = ( GEOMETRIC_REPRESENTATION_CONTEXT(2) 
PARAMETRIC_REPRESENTATION_CONTEXT() REPRESENTATION_CONTEXT('2D SPACE',''
  ) );
#1255 = ORIENTED_EDGE('',*,*,#1256,.F.);
#1256 = EDGE_CURVE('',#1257,#1234,#1259,.T.);
#1257 = VERTEX_POINT('',#1258);
#1258 = CARTESIAN_POINT('',(-1.541951415287,-5.070738194079,-17.8));
#1259 = SURFACE_CURVE('',#1260,(#1264,#1271),.PCURVE_S1.);
#1260 = LINE('',#1261,#1262);
#1261 = CARTESIAN_POINT('',(-1.541951415287,-5.070738194079,-17.8));
#1262 = VECTOR('',#1263,1.);
#1263 = DIRECTION('',(0.5,0.866025403784,0.));
#1264 = PCURVE('',#197,#1265);
#1265 = DEFINITIONAL_REPRESENTATION('',(#1266),#1270);
#1266 = LINE('',#1267,#1268);
#1267 = CARTESIAN_POINT('',(6.916097169423,-2.2));
#1268 = VECTOR('',#1269,1.);
#1269 = DIRECTION('',(1.,0.));
#1270 = ( GEOMETRIC_REPRESENTATION_CONTEXT(2) 
PARAMETRIC_REPRESENTATION_CONTEXT() REPRESENTATION_CONTEXT('2D SPACE',''
  ) );
#1271 = PCURVE('',#1272,#1277);
#1272 = PLANE('',#1273);
#1273 = AXIS2_PLACEMENT_3D('',#1274,#1275,#1276);
#1274 = CARTESIAN_POINT('',(5.291892352179E-60,1.7763568394E-14,-17.8));
#1275 = DIRECTION('',(0.,-0.,-1.));
#1276 = DIRECTION('',(-1.,3.889384548663E-62,0.));
#1277 = DEFINITIONAL_REPRESENTATION('',(#1278),#1282);
#1278 = LINE('',#1279,#1280);
#1279 = CARTESIAN_POINT('',(1.541951415287,-5.070738194079));
#1280 = VECTOR('',#1281,1.);
#1281 = DIRECTION('',(-0.5,0.866025403784));
#1282 = ( GEOMETRIC_REPRESENTATION_CONTEXT(2) 
PARAMETRIC_REPRESENTATION_CONTEXT() REPRESENTATION_CONTEXT('2D SPACE',''
  ) );
#1283 = ORIENTED_EDGE('',*,*,#1284,.F.);
#1284 = EDGE_CURVE('',#1285,#1257,#1287,.T.);
#1285 = VERTEX_POINT('',#1286);
#1286 = CARTESIAN_POINT('',(-1.541951415287,-5.070738194079,-18.1));
#1287 = SURFACE_CURVE('',#1288,(#1292,#1299),.PCURVE_S1.);
#1288 = LINE('',#1289,#1290);
#1289 = CARTESIAN_POINT('',(-1.541951415287,-5.070738194079,-18.1));
#1290 = VECTOR('',#1291,1.);
#1291 = DIRECTION('',(0.,0.,1.));
#1292 = PCURVE('',#197,#1293);
#1293 = DEFINITIONAL_REPRESENTATION('',(#1294),#1298);
#1294 = LINE('',#1295,#1296);
#1295 = CARTESIAN_POINT('',(6.916097169423,-1.9));
#1296 = VECTOR('',#1297,1.);
#1297 = DIRECTION('',(0.,-1.));
#1298 = ( GEOMETRIC_REPRESENTATION_CONTEXT(2) 
PARAMETRIC_REPRESENTATION_CONTEXT() REPRESENTATION_CONTEXT('2D SPACE',''
  ) );
#1299 = PCURVE('',#1300,#1305);
#1300 = CYLINDRICAL_SURFACE('',#1301,5.3);
#1301 = AXIS2_PLACEMENT_3D('',#1302,#1303,#1304);
#1302 = CARTESIAN_POINT('',(5.291892352179E-60,1.7763568394E-14,-18.85)
  );
#1303 = DIRECTION('',(0.,0.,1.));
#1304 = DIRECTION('',(5.95814110634E-46,1.,0.));
#1305 = DEFINITIONAL_REPRESENTATION('',(#1306),#1310);
#1306 = LINE('',#1307,#1308);
#1307 = CARTESIAN_POINT('',(2.846389492279,0.75));
#1308 = VECTOR('',#1309,1.);
#1309 = DIRECTION('',(0.,1.));
#1310 = ( GEOMETRIC_REPRESENTATION_CONTEXT(2) 
PARAMETRIC_REPRESENTATION_CONTEXT() REPRESENTATION_CONTEXT('2D SPACE',''
  ) );
#1311 = ORIENTED_EDGE('',*,*,#1312,.T.);
#1312 = EDGE_CURVE('',#1285,#182,#1313,.T.);
#1313 = SURFACE_CURVE('',#1314,(#1318,#1325),.PCURVE_S1.);
#1314 = ( BOUNDED_CURVE() B_SPLINE_CURVE(2,(#1315,#1316,#1317),
.UNSPECIFIED.,.F.,.F.) B_SPLINE_CURVE_WITH_KNOTS((3,3),(-0.379851724423,
-0.302966420932),.PIECEWISE_BEZIER_KNOTS.) CURVE() 
GEOMETRIC_REPRESENTATION_ITEM() RATIONAL_B_SPLINE_CURVE((1.017004478412,
1.02052090059,1.021917152258)) REPRESENTATION_ITEM('') );
#1315 = CARTESIAN_POINT('',(-1.541951415289,-5.070738194079,-18.1));
#1316 = CARTESIAN_POINT('',(-1.421027414275,-4.861291680468,
    -18.466438222));
#1317 = CARTESIAN_POINT('',(-1.310370545423,-4.66962836141,-18.8));
#1318 = PCURVE('',#197,#1319);
#1319 = DEFINITIONAL_REPRESENTATION('',(#1320),#1324);
#1320 = ( BOUNDED_CURVE() B_SPLINE_CURVE(2,(#1321,#1322,#1323),
.UNSPECIFIED.,.F.,.F.) B_SPLINE_CURVE_WITH_KNOTS((3,3),(-0.379851724423,
-0.302966420932),.PIECEWISE_BEZIER_KNOTS.) CURVE() 
GEOMETRIC_REPRESENTATION_ITEM() RATIONAL_B_SPLINE_CURVE((1.017004478412,
1.02052090059,1.021917152258)) REPRESENTATION_ITEM('') );
#1321 = CARTESIAN_POINT('',(6.916097169422,-1.9));
#1322 = CARTESIAN_POINT('',(7.15794517145,-1.533561777996));
#1323 = CARTESIAN_POINT('',(7.379258909154,-1.199999999999));
#1324 = ( GEOMETRIC_REPRESENTATION_CONTEXT(2) 
PARAMETRIC_REPRESENTATION_CONTEXT() REPRESENTATION_CONTEXT('2D SPACE',''
  ) );
#1325 = PCURVE('',#230,#1326);
#1326 = DEFINITIONAL_REPRESENTATION('',(#1327),#1353);
#1327 = B_SPLINE_CURVE_WITH_KNOTS('',3,(#1328,#1329,#1330,#1331,#1332,
    #1333,#1334,#1335,#1336,#1337,#1338,#1339,#1340,#1341,#1342,#1343,
    #1344,#1345,#1346,#1347,#1348,#1349,#1350,#1351,#1352),
  .UNSPECIFIED.,.F.,.F.,(4,1,1,1,1,1,1,1,1,1,1,1,1,1,1,1,1,1,1,1,1,1,4),
  (-0.379851724423,-0.376356937901,-0.372862151379,-0.369367364856,
    -0.365872578334,-0.362377791812,-0.358883005289,-0.355388218767,
    -0.351893432245,-0.348398645722,-0.3449038592,-0.341409072677,
    -0.337914286155,-0.334419499633,-0.33092471311,-0.327429926588,
    -0.323935140066,-0.320440353543,-0.316945567021,-0.313450780499,
    -0.309955993976,-0.306461207454,-0.302966420932),
  .QUASI_UNIFORM_KNOTS.);
#1328 = CARTESIAN_POINT('',(9.129574799458,0.35));
#1329 = CARTESIAN_POINT('',(9.12988896397,0.338857418068));
#1330 = CARTESIAN_POINT('',(9.130518468003,0.316623373416));
#1331 = CARTESIAN_POINT('',(9.131466268661,0.283424670106));
#1332 = CARTESIAN_POINT('',(9.132417633456,0.25037733296));
#1333 = CARTESIAN_POINT('',(9.133372582107,0.217480376856));
#1334 = CARTESIAN_POINT('',(9.134331134463,0.184732824659));
#1335 = CARTESIAN_POINT('',(9.135293310518,0.15213370828));
#1336 = CARTESIAN_POINT('',(9.136259130413,0.11968206827));
#1337 = CARTESIAN_POINT('',(9.137228614433,8.737695380772E-02));
#1338 = CARTESIAN_POINT('',(9.13820178301,5.521742258557E-02));
#1339 = CARTESIAN_POINT('',(9.139178656727,2.320254072477E-02));
#1340 = CARTESIAN_POINT('',(9.140159256314,-8.668617317574E-03));
#1341 = CARTESIAN_POINT('',(9.141143602654,-4.039696883689E-02));
#1342 = CARTESIAN_POINT('',(9.142131716783,-7.198342296926E-02));
#1343 = CARTESIAN_POINT('',(9.143123619889,-0.103428880778));
#1344 = CARTESIAN_POINT('',(9.144119333318,-0.13473423534));
#1345 = CARTESIAN_POINT('',(9.145118878571,-0.165900371828));
#1346 = CARTESIAN_POINT('',(9.146122277307,-0.1969281676));
#1347 = CARTESIAN_POINT('',(9.147129551346,-0.227818492264));
#1348 = CARTESIAN_POINT('',(9.148140722666,-0.258572207822));
#1349 = CARTESIAN_POINT('',(9.149155813414,-0.289190168508));
#1350 = CARTESIAN_POINT('',(9.150174845884,-0.319673221792));
#1351 = CARTESIAN_POINT('',(9.150856843691,-0.339905877251));
#1352 = CARTESIAN_POINT('',(9.151198507045,-0.350000000001));
#1353 = ( GEOMETRIC_REPRESENTATION_CONTEXT(2) 
PARAMETRIC_REPRESENTATION_CONTEXT() REPRESENTATION_CONTEXT('2D SPACE',''
  ) );
#1354 = ORIENTED_EDGE('',*,*,#181,.T.);
#1355 = ORIENTED_EDGE('',*,*,#457,.T.);
#1356 = ORIENTED_EDGE('',*,*,#688,.T.);
#1357 = ADVANCED_FACE('',(#1358),#230,.T.);
#1358 = FACE_BOUND('',#1359,.T.);
#1359 = EDGE_LOOP('',(#1360,#1391,#1441,#1470,#1520,#1544,#1594,#1623,
    #1666,#1667,#1668,#1692));
#1360 = ORIENTED_EDGE('',*,*,#1361,.F.);
#1361 = EDGE_CURVE('',#1362,#1364,#1366,.T.);
#1362 = VERTEX_POINT('',#1363);
#1363 = CARTESIAN_POINT('',(-4.373428289111,2.525,-18.48888888888));
#1364 = VERTEX_POINT('',#1365);
#1365 = CARTESIAN_POINT('',(-4.373428289111,-2.525,-18.48888888888));
#1366 = SURFACE_CURVE('',#1367,(#1372,#1379),.PCURVE_S1.);
#1367 = CIRCLE('',#1368,5.05);
#1368 = AXIS2_PLACEMENT_3D('',#1369,#1370,#1371);
#1369 = CARTESIAN_POINT('',(5.291892352179E-60,1.7763568394E-14,
    -18.48888888888));
#1370 = DIRECTION('',(0.,0.,1.));
#1371 = DIRECTION('',(-0.866025403784,0.5,0.));
#1372 = PCURVE('',#230,#1373);
#1373 = DEFINITIONAL_REPRESENTATION('',(#1374),#1378);
#1374 = LINE('',#1375,#1376);
#1375 = CARTESIAN_POINT('',(7.330382858376,-3.88888888889E-02));
#1376 = VECTOR('',#1377,1.);
#1377 = DIRECTION('',(1.,0.));
#1378 = ( GEOMETRIC_REPRESENTATION_CONTEXT(2) 
PARAMETRIC_REPRESENTATION_CONTEXT() REPRESENTATION_CONTEXT('2D SPACE',''
  ) );
#1379 = PCURVE('',#1380,#1385);
#1380 = CYLINDRICAL_SURFACE('',#1381,5.05);
#1381 = AXIS2_PLACEMENT_3D('',#1382,#1383,#1384);
#1382 = CARTESIAN_POINT('',(5.291892352179E-60,1.7763568394E-14,-17.8));
#1383 = DIRECTION('',(0.,-0.,-1.));
#1384 = DIRECTION('',(2.419673870283E-13,1.,0.));
#1385 = DEFINITIONAL_REPRESENTATION('',(#1386),#1390);
#1386 = LINE('',#1387,#1388);
#1387 = CARTESIAN_POINT('',(5.235987755983,0.688888888889));
#1388 = VECTOR('',#1389,1.);
#1389 = DIRECTION('',(-1.,0.));
#1390 = ( GEOMETRIC_REPRESENTATION_CONTEXT(2) 
PARAMETRIC_REPRESENTATION_CONTEXT() REPRESENTATION_CONTEXT('2D SPACE',''
  ) );
#1391 = ORIENTED_EDGE('',*,*,#1392,.F.);
#1392 = EDGE_CURVE('',#1393,#1362,#1395,.T.);
#1393 = VERTEX_POINT('',#1394);
#1394 = CARTESIAN_POINT('',(-3.569142892004,3.918063171576,-18.1));
#1395 = SURFACE_CURVE('',#1396,(#1400,#1429),.PCURVE_S1.);
#1396 = ( BOUNDED_CURVE() B_SPLINE_CURVE(2,(#1397,#1398,#1399),
.UNSPECIFIED.,.F.,.F.) B_SPLINE_CURVE_WITH_KNOTS((3,3),(0.194072333799,
0.387257478623),.PIECEWISE_BEZIER_KNOTS.) CURVE() 
GEOMETRIC_REPRESENTATION_ITEM() RATIONAL_B_SPLINE_CURVE((1.080745341615,
1.107496463932,1.107496463932)) REPRESENTATION_ITEM('') );
#1397 = CARTESIAN_POINT('',(-3.569142892003,3.918063171576,-18.1));
#1398 = CARTESIAN_POINT('',(-3.98099918231,3.204707151349,
    -18.48888888888));
#1399 = CARTESIAN_POINT('',(-4.373428289111,2.525,-18.48888888888));
#1400 = PCURVE('',#230,#1401);
#1401 = DEFINITIONAL_REPRESENTATION('',(#1402),#1428);
#1402 = B_SPLINE_CURVE_WITH_KNOTS('',3,(#1403,#1404,#1405,#1406,#1407,
    #1408,#1409,#1410,#1411,#1412,#1413,#1414,#1415,#1416,#1417,#1418,
    #1419,#1420,#1421,#1422,#1423,#1424,#1425,#1426,#1427),
  .UNSPECIFIED.,.F.,.F.,(4,1,1,1,1,1,1,1,1,1,1,1,1,1,1,1,1,1,1,1,1,1,4),
  (0.194072333799,0.202853476745,0.211634619692,0.220415762638,
    0.229196905585,0.237978048531,0.246759191478,0.255540334425,
    0.264321477371,0.273102620318,0.281883763264,0.290664906211,
    0.299446049157,0.308227192104,0.31700833505,0.325789477997,
    0.334570620944,0.34335176389,0.352132906837,0.360914049783,
    0.36969519273,0.378476335676,0.387257478623),.QUASI_UNIFORM_KNOTS.);
#1403 = CARTESIAN_POINT('',(7.02201496234,0.35));
#1404 = CARTESIAN_POINT('',(7.02661350532,0.337923898737));
#1405 = CARTESIAN_POINT('',(7.035820455946,0.314374558238));
#1406 = CARTESIAN_POINT('',(7.04965923272,0.280837857132));
#1407 = CARTESIAN_POINT('',(7.063525123219,0.249066696657));
#1408 = CARTESIAN_POINT('',(7.077416869152,0.219041031814));
#1409 = CARTESIAN_POINT('',(7.091333199136,0.190741905573));
#1410 = CARTESIAN_POINT('',(7.105272827337,0.164151580035));
#1411 = CARTESIAN_POINT('',(7.119234454672,0.139253464743));
#1412 = CARTESIAN_POINT('',(7.133216769349,0.11603210195));
#1413 = CARTESIAN_POINT('',(7.147218447604,9.447313914616E-02));
#1414 = CARTESIAN_POINT('',(7.161238154411,7.456330739851E-02));
#1415 = CARTESIAN_POINT('',(7.175274544217,5.629040046916E-02));
#1416 = CARTESIAN_POINT('',(7.18932626169,3.964325597101E-02));
#1417 = CARTESIAN_POINT('',(7.203391942486,2.461173815084E-02));
#1418 = CARTESIAN_POINT('',(7.217470214022,1.118672236274E-02));
#1419 = CARTESIAN_POINT('',(7.231559696266,-6.399189094047E-04));
#1420 = CARTESIAN_POINT('',(7.245659002537,-1.087532824873E-02));
#1421 = CARTESIAN_POINT('',(7.259766740313,-1.952567474634E-02));
#1422 = CARTESIAN_POINT('',(7.27388151205,-2.659616103053E-02));
#1423 = CARTESIAN_POINT('',(7.288001916014,-3.209103966757E-02));
#1424 = CARTESIAN_POINT('',(7.302126547077,-3.601358761501E-02));
#1425 = CARTESIAN_POINT('',(7.31625399769,-3.836623035331E-02));
#1426 = CARTESIAN_POINT('',(7.325673238048,-3.888881053072E-02));
#1427 = CARTESIAN_POINT('',(7.330382858376,-3.888888888944E-02));
#1428 = ( GEOMETRIC_REPRESENTATION_CONTEXT(2) 
PARAMETRIC_REPRESENTATION_CONTEXT() REPRESENTATION_CONTEXT('2D SPACE',''
  ) );
#1429 = PCURVE('',#1430,#1435);
#1430 = PLANE('',#1431);
#1431 = AXIS2_PLACEMENT_3D('',#1432,#1433,#1434);
#1432 = CARTESIAN_POINT('',(-4.373428289111,2.525,-17.8));
#1433 = DIRECTION('',(0.866025403784,-0.5,0.));
#1434 = DIRECTION('',(0.5,0.866025403784,0.));
#1435 = DEFINITIONAL_REPRESENTATION('',(#1436),#1440);
#1436 = ( BOUNDED_CURVE() B_SPLINE_CURVE(2,(#1437,#1438,#1439),
.UNSPECIFIED.,.F.,.F.) B_SPLINE_CURVE_WITH_KNOTS((3,3),(0.194072333799,
0.387257478623),.PIECEWISE_BEZIER_KNOTS.) CURVE() 
GEOMETRIC_REPRESENTATION_ITEM() RATIONAL_B_SPLINE_CURVE((1.080745341615,
1.107496463932,1.107496463932)) REPRESENTATION_ITEM('') );
#1437 = CARTESIAN_POINT('',(1.608570794215,-0.3));
#1438 = CARTESIAN_POINT('',(0.784858213602,-0.688888888889));
#1439 = CARTESIAN_POINT('',(-3.552713678801E-14,-0.688888888889));
#1440 = ( GEOMETRIC_REPRESENTATION_CONTEXT(2) 
PARAMETRIC_REPRESENTATION_CONTEXT() REPRESENTATION_CONTEXT('2D SPACE',''
  ) );
#1441 = ORIENTED_EDGE('',*,*,#1442,.F.);
#1442 = EDGE_CURVE('',#1443,#1393,#1445,.T.);
#1443 = VERTEX_POINT('',#1444);
#1444 = CARTESIAN_POINT('',(3.569142892004,3.918063171576,-18.1));
#1445 = SURFACE_CURVE('',#1446,(#1451,#1458),.PCURVE_S1.);
#1446 = CIRCLE('',#1447,5.3);
#1447 = AXIS2_PLACEMENT_3D('',#1448,#1449,#1450);
#1448 = CARTESIAN_POINT('',(5.291892352179E-60,1.7763568394E-14,-18.1));
#1449 = DIRECTION('',(0.,-0.,1.));
#1450 = DIRECTION('',(0.673423187171,0.739257202184,0.));
#1451 = PCURVE('',#230,#1452);
#1452 = DEFINITIONAL_REPRESENTATION('',(#1453),#1457);
#1453 = LINE('',#1454,#1455);
#1454 = CARTESIAN_POINT('',(5.544355652019,0.35));
#1455 = VECTOR('',#1456,1.);
#1456 = DIRECTION('',(1.,2.844045762757E-16));
#1457 = ( GEOMETRIC_REPRESENTATION_CONTEXT(2) 
PARAMETRIC_REPRESENTATION_CONTEXT() REPRESENTATION_CONTEXT('2D SPACE',''
  ) );
#1458 = PCURVE('',#1459,#1464);
#1459 = CYLINDRICAL_SURFACE('',#1460,5.3);
#1460 = AXIS2_PLACEMENT_3D('',#1461,#1462,#1463);
#1461 = CARTESIAN_POINT('',(5.291892352179E-60,1.7763568394E-14,-18.85)
  );
#1462 = DIRECTION('',(0.,0.,1.));
#1463 = DIRECTION('',(5.95814110634E-46,1.,0.));
#1464 = DEFINITIONAL_REPRESENTATION('',(#1465),#1469);
#1465 = LINE('',#1466,#1467);
#1466 = CARTESIAN_POINT('',(5.544355652019,0.75));
#1467 = VECTOR('',#1468,1.);
#1468 = DIRECTION('',(1.,0.));
#1469 = ( GEOMETRIC_REPRESENTATION_CONTEXT(2) 
PARAMETRIC_REPRESENTATION_CONTEXT() REPRESENTATION_CONTEXT('2D SPACE',''
  ) );
#1470 = ORIENTED_EDGE('',*,*,#1471,.F.);
#1471 = EDGE_CURVE('',#1472,#1443,#1474,.T.);
#1472 = VERTEX_POINT('',#1473);
#1473 = CARTESIAN_POINT('',(4.373428289111,2.525,-18.48888888888));
#1474 = SURFACE_CURVE('',#1475,(#1479,#1508),.PCURVE_S1.);
#1475 = ( BOUNDED_CURVE() B_SPLINE_CURVE(2,(#1476,#1477,#1478),
.UNSPECIFIED.,.F.,.F.) B_SPLINE_CURVE_WITH_KNOTS((3,3),(0.387257478623,
0.580442623447),.PIECEWISE_BEZIER_KNOTS.) CURVE() 
GEOMETRIC_REPRESENTATION_ITEM() RATIONAL_B_SPLINE_CURVE((1.107496463932,
1.107496463932,1.080745341615)) REPRESENTATION_ITEM('') );
#1476 = CARTESIAN_POINT('',(4.373428289111,2.525,-18.48888888888));
#1477 = CARTESIAN_POINT('',(3.98099918231,3.204707151349,-18.48888888888
    ));
#1478 = CARTESIAN_POINT('',(3.569142892004,3.918063171576,-18.1));
#1479 = PCURVE('',#230,#1480);
#1480 = DEFINITIONAL_REPRESENTATION('',(#1481),#1507);
#1481 = B_SPLINE_CURVE_WITH_KNOTS('',3,(#1482,#1483,#1484,#1485,#1486,
    #1487,#1488,#1489,#1490,#1491,#1492,#1493,#1494,#1495,#1496,#1497,
    #1498,#1499,#1500,#1501,#1502,#1503,#1504,#1505,#1506),
  .UNSPECIFIED.,.F.,.F.,(4,1,1,1,1,1,1,1,1,1,1,1,1,1,1,1,1,1,1,1,1,1,4),
  (0.387257478623,0.396038621569,0.404819764516,0.413600907462,
    0.422382050409,0.431163193356,0.439944336302,0.448725479249,
    0.457506622195,0.466287765142,0.475068908088,0.483850051035,
    0.492631193981,0.501412336928,0.510193479875,0.518974622821,
    0.527755765768,0.536536908714,0.545318051661,0.554099194607,
    0.562880337554,0.5716614805,0.580442623447),.QUASI_UNIFORM_KNOTS.);
#1482 = CARTESIAN_POINT('',(5.235987755983,-3.888888888865E-02));
#1483 = CARTESIAN_POINT('',(5.240697376311,-3.888881052993E-02));
#1484 = CARTESIAN_POINT('',(5.250116616669,-3.836623035251E-02));
#1485 = CARTESIAN_POINT('',(5.264244067282,-3.601358761421E-02));
#1486 = CARTESIAN_POINT('',(5.278368698345,-3.209103966678E-02));
#1487 = CARTESIAN_POINT('',(5.292489102309,-2.659616102974E-02));
#1488 = CARTESIAN_POINT('',(5.306603874046,-1.952567474555E-02));
#1489 = CARTESIAN_POINT('',(5.320711611822,-1.087532824794E-02));
#1490 = CARTESIAN_POINT('',(5.334810918093,-6.399189086221E-04));
#1491 = CARTESIAN_POINT('',(5.348900400337,1.118672236352E-02));
#1492 = CARTESIAN_POINT('',(5.362978671873,2.461173815161E-02));
#1493 = CARTESIAN_POINT('',(5.377044352669,3.964325597177E-02));
#1494 = CARTESIAN_POINT('',(5.391096070142,5.629040046992E-02));
#1495 = CARTESIAN_POINT('',(5.405132459948,7.456330739926E-02));
#1496 = CARTESIAN_POINT('',(5.419152166755,9.44731391469E-02));
#1497 = CARTESIAN_POINT('',(5.43315384501,0.116032101951));
#1498 = CARTESIAN_POINT('',(5.447136159687,0.139253464743));
#1499 = CARTESIAN_POINT('',(5.461097787023,0.164151580036));
#1500 = CARTESIAN_POINT('',(5.475037415223,0.190741905574));
#1501 = CARTESIAN_POINT('',(5.488953745207,0.219041031814));
#1502 = CARTESIAN_POINT('',(5.50284549114,0.249066696657));
#1503 = CARTESIAN_POINT('',(5.516711381639,0.280837857132));
#1504 = CARTESIAN_POINT('',(5.530550158413,0.314374558239));
#1505 = CARTESIAN_POINT('',(5.539757109039,0.337923898738));
#1506 = CARTESIAN_POINT('',(5.544355652019,0.35));
#1507 = ( GEOMETRIC_REPRESENTATION_CONTEXT(2) 
PARAMETRIC_REPRESENTATION_CONTEXT() REPRESENTATION_CONTEXT('2D SPACE',''
  ) );
#1508 = PCURVE('',#1509,#1514);
#1509 = PLANE('',#1510);
#1510 = AXIS2_PLACEMENT_3D('',#1511,#1512,#1513);
#1511 = CARTESIAN_POINT('',(3.569142892004,3.918063171576,-17.8));
#1512 = DIRECTION('',(-0.866025403784,-0.5,0.));
#1513 = DIRECTION('',(0.5,-0.866025403784,0.));
#1514 = DEFINITIONAL_REPRESENTATION('',(#1515),#1519);
#1515 = ( BOUNDED_CURVE() B_SPLINE_CURVE(2,(#1516,#1517,#1518),
.UNSPECIFIED.,.F.,.F.) B_SPLINE_CURVE_WITH_KNOTS((3,3),(0.387257478623,
0.580442623447),.PIECEWISE_BEZIER_KNOTS.) CURVE() 
GEOMETRIC_REPRESENTATION_ITEM() RATIONAL_B_SPLINE_CURVE((1.107496463932,
1.107496463932,1.080745341615)) REPRESENTATION_ITEM('') );
#1516 = CARTESIAN_POINT('',(1.608570794215,-0.688888888889));
#1517 = CARTESIAN_POINT('',(0.823712580613,-0.688888888889));
#1518 = CARTESIAN_POINT('',(1.396660564978E-13,-0.3));
#1519 = ( GEOMETRIC_REPRESENTATION_CONTEXT(2) 
PARAMETRIC_REPRESENTATION_CONTEXT() REPRESENTATION_CONTEXT('2D SPACE',''
  ) );
#1520 = ORIENTED_EDGE('',*,*,#1521,.F.);
#1521 = EDGE_CURVE('',#1522,#1472,#1524,.T.);
#1522 = VERTEX_POINT('',#1523);
#1523 = CARTESIAN_POINT('',(4.373428289111,-2.525,-18.48888888888));
#1524 = SURFACE_CURVE('',#1525,(#1530,#1537),.PCURVE_S1.);
#1525 = CIRCLE('',#1526,5.05);
#1526 = AXIS2_PLACEMENT_3D('',#1527,#1528,#1529);
#1527 = CARTESIAN_POINT('',(5.291892352179E-60,1.7763568394E-14,
    -18.48888888888));
#1528 = DIRECTION('',(-0.,0.,1.));
#1529 = DIRECTION('',(0.866025403784,-0.5,0.));
#1530 = PCURVE('',#230,#1531);
#1531 = DEFINITIONAL_REPRESENTATION('',(#1532),#1536);
#1532 = LINE('',#1533,#1534);
#1533 = CARTESIAN_POINT('',(4.188790204786,-3.88888888889E-02));
#1534 = VECTOR('',#1535,1.);
#1535 = DIRECTION('',(1.,0.));
#1536 = ( GEOMETRIC_REPRESENTATION_CONTEXT(2) 
PARAMETRIC_REPRESENTATION_CONTEXT() REPRESENTATION_CONTEXT('2D SPACE',''
  ) );
#1537 = PCURVE('',#1380,#1538);
#1538 = DEFINITIONAL_REPRESENTATION('',(#1539),#1543);
#1539 = LINE('',#1540,#1541);
#1540 = CARTESIAN_POINT('',(8.377580409573,0.688888888889));
#1541 = VECTOR('',#1542,1.);
#1542 = DIRECTION('',(-1.,0.));
#1543 = ( GEOMETRIC_REPRESENTATION_CONTEXT(2) 
PARAMETRIC_REPRESENTATION_CONTEXT() REPRESENTATION_CONTEXT('2D SPACE',''
  ) );
#1544 = ORIENTED_EDGE('',*,*,#1545,.F.);
#1545 = EDGE_CURVE('',#1546,#1522,#1548,.T.);
#1546 = VERTEX_POINT('',#1547);
#1547 = CARTESIAN_POINT('',(3.569142892004,-3.918063171575,-18.1));
#1548 = SURFACE_CURVE('',#1549,(#1553,#1582),.PCURVE_S1.);
#1549 = ( BOUNDED_CURVE() B_SPLINE_CURVE(2,(#1550,#1551,#1552),
.UNSPECIFIED.,.F.,.F.) B_SPLINE_CURVE_WITH_KNOTS((3,3),(0.194072333799,
0.387257478623),.PIECEWISE_BEZIER_KNOTS.) CURVE() 
GEOMETRIC_REPRESENTATION_ITEM() RATIONAL_B_SPLINE_CURVE((1.080745341615,
1.107496463932,1.107496463932)) REPRESENTATION_ITEM('') );
#1550 = CARTESIAN_POINT('',(3.569142892004,-3.918063171575,-18.1));
#1551 = CARTESIAN_POINT('',(3.98099918231,-3.204707151348,
    -18.48888888888));
#1552 = CARTESIAN_POINT('',(4.373428289111,-2.525,-18.48888888888));
#1553 = PCURVE('',#230,#1554);
#1554 = DEFINITIONAL_REPRESENTATION('',(#1555),#1581);
#1555 = B_SPLINE_CURVE_WITH_KNOTS('',3,(#1556,#1557,#1558,#1559,#1560,
    #1561,#1562,#1563,#1564,#1565,#1566,#1567,#1568,#1569,#1570,#1571,
    #1572,#1573,#1574,#1575,#1576,#1577,#1578,#1579,#1580),
  .UNSPECIFIED.,.F.,.F.,(4,1,1,1,1,1,1,1,1,1,1,1,1,1,1,1,1,1,1,1,1,1,4),
  (0.194072333799,0.202853476745,0.211634619692,0.220415762638,
    0.229196905585,0.237978048531,0.246759191478,0.255540334425,
    0.264321477371,0.273102620318,0.281883763264,0.290664906211,
    0.299446049157,0.308227192104,0.31700833505,0.325789477997,
    0.334570620944,0.34335176389,0.352132906837,0.360914049783,
    0.36969519273,0.378476335676,0.387257478623),.QUASI_UNIFORM_KNOTS.);
#1556 = CARTESIAN_POINT('',(3.880422308751,0.349999999999));
#1557 = CARTESIAN_POINT('',(3.885020851731,0.337923898737));
#1558 = CARTESIAN_POINT('',(3.894227802356,0.314374558238));
#1559 = CARTESIAN_POINT('',(3.908066579131,0.280837857131));
#1560 = CARTESIAN_POINT('',(3.921932469629,0.249066696656));
#1561 = CARTESIAN_POINT('',(3.935824215562,0.219041031813));
#1562 = CARTESIAN_POINT('',(3.949740545546,0.190741905573));
#1563 = CARTESIAN_POINT('',(3.963680173747,0.164151580035));
#1564 = CARTESIAN_POINT('',(3.977641801082,0.139253464742));
#1565 = CARTESIAN_POINT('',(3.991624115759,0.11603210195));
#1566 = CARTESIAN_POINT('',(4.005625794014,9.447313914604E-02));
#1567 = CARTESIAN_POINT('',(4.019645500821,7.456330739841E-02));
#1568 = CARTESIAN_POINT('',(4.033681890627,5.629040046908E-02));
#1569 = CARTESIAN_POINT('',(4.0477336081,3.964325597094E-02));
#1570 = CARTESIAN_POINT('',(4.061799288896,2.461173815079E-02));
#1571 = CARTESIAN_POINT('',(4.075877560432,1.11867223627E-02));
#1572 = CARTESIAN_POINT('',(4.089967042676,-6.399189094361E-04));
#1573 = CARTESIAN_POINT('',(4.104066348947,-1.087532824875E-02));
#1574 = CARTESIAN_POINT('',(4.118174086723,-1.952567474636E-02));
#1575 = CARTESIAN_POINT('',(4.13228885846,-2.659616103054E-02));
#1576 = CARTESIAN_POINT('',(4.146409262424,-3.209103966758E-02));
#1577 = CARTESIAN_POINT('',(4.160533893488,-3.601358761501E-02));
#1578 = CARTESIAN_POINT('',(4.1746613441,-3.836623035331E-02));
#1579 = CARTESIAN_POINT('',(4.184080584458,-3.888881053072E-02));
#1580 = CARTESIAN_POINT('',(4.188790204786,-3.888888888944E-02));
#1581 = ( GEOMETRIC_REPRESENTATION_CONTEXT(2) 
PARAMETRIC_REPRESENTATION_CONTEXT() REPRESENTATION_CONTEXT('2D SPACE',''
  ) );
#1582 = PCURVE('',#1583,#1588);
#1583 = PLANE('',#1584);
#1584 = AXIS2_PLACEMENT_3D('',#1585,#1586,#1587);
#1585 = CARTESIAN_POINT('',(4.373428289111,-2.525,-17.8));
#1586 = DIRECTION('',(-0.866025403784,0.5,0.));
#1587 = DIRECTION('',(-0.5,-0.866025403784,0.));
#1588 = DEFINITIONAL_REPRESENTATION('',(#1589),#1593);
#1589 = ( BOUNDED_CURVE() B_SPLINE_CURVE(2,(#1590,#1591,#1592),
.UNSPECIFIED.,.F.,.F.) B_SPLINE_CURVE_WITH_KNOTS((3,3),(0.194072333799,
0.387257478623),.PIECEWISE_BEZIER_KNOTS.) CURVE() 
GEOMETRIC_REPRESENTATION_ITEM() RATIONAL_B_SPLINE_CURVE((1.080745341615,
1.107496463932,1.107496463932)) REPRESENTATION_ITEM('') );
#1590 = CARTESIAN_POINT('',(1.608570794214,-0.300000000001));
#1591 = CARTESIAN_POINT('',(0.784858213602,-0.688888888889));
#1592 = CARTESIAN_POINT('',(-3.552713678801E-14,-0.688888888889));
#1593 = ( GEOMETRIC_REPRESENTATION_CONTEXT(2) 
PARAMETRIC_REPRESENTATION_CONTEXT() REPRESENTATION_CONTEXT('2D SPACE',''
  ) );
#1594 = ORIENTED_EDGE('',*,*,#1595,.F.);
#1595 = EDGE_CURVE('',#1596,#1546,#1598,.T.);
#1596 = VERTEX_POINT('',#1597);
#1597 = CARTESIAN_POINT('',(1.541951415287,-5.070738194079,-18.1));
#1598 = SURFACE_CURVE('',#1599,(#1604,#1611),.PCURVE_S1.);
#1599 = CIRCLE('',#1600,5.3);
#1600 = AXIS2_PLACEMENT_3D('',#1601,#1602,#1603);
#1601 = CARTESIAN_POINT('',(5.291892352179E-60,1.7763568394E-14,-18.1));
#1602 = DIRECTION('',(-0.,0.,1.));
#1603 = DIRECTION('',(0.290934229299,-0.956743055487,0.));
#1604 = PCURVE('',#230,#1605);
#1605 = DEFINITIONAL_REPRESENTATION('',(#1606),#1610);
#1606 = LINE('',#1607,#1608);
#1607 = CARTESIAN_POINT('',(3.4367958149,0.35));
#1608 = VECTOR('',#1609,1.);
#1609 = DIRECTION('',(1.,-9.473128315315E-16));
#1610 = ( GEOMETRIC_REPRESENTATION_CONTEXT(2) 
PARAMETRIC_REPRESENTATION_CONTEXT() REPRESENTATION_CONTEXT('2D SPACE',''
  ) );
#1611 = PCURVE('',#1612,#1617);
#1612 = CYLINDRICAL_SURFACE('',#1613,5.3);
#1613 = AXIS2_PLACEMENT_3D('',#1614,#1615,#1616);
#1614 = CARTESIAN_POINT('',(5.291892352179E-60,1.7763568394E-14,-18.85)
  );
#1615 = DIRECTION('',(0.,0.,1.));
#1616 = DIRECTION('',(5.95814110634E-46,1.,0.));
#1617 = DEFINITIONAL_REPRESENTATION('',(#1618),#1622);
#1618 = LINE('',#1619,#1620);
#1619 = CARTESIAN_POINT('',(3.4367958149,0.75));
#1620 = VECTOR('',#1621,1.);
#1621 = DIRECTION('',(1.,0.));
#1622 = ( GEOMETRIC_REPRESENTATION_CONTEXT(2) 
PARAMETRIC_REPRESENTATION_CONTEXT() REPRESENTATION_CONTEXT('2D SPACE',''
  ) );
#1623 = ORIENTED_EDGE('',*,*,#1624,.F.);
#1624 = EDGE_CURVE('',#210,#1596,#1625,.T.);
#1625 = SURFACE_CURVE('',#1626,(#1630,#1659),.PCURVE_S1.);
#1626 = ( BOUNDED_CURVE() B_SPLINE_CURVE(2,(#1627,#1628,#1629),
.UNSPECIFIED.,.F.,.F.) B_SPLINE_CURVE_WITH_KNOTS((3,3),(0.302966420932,
0.379851724423),.PIECEWISE_BEZIER_KNOTS.) CURVE() 
GEOMETRIC_REPRESENTATION_ITEM() RATIONAL_B_SPLINE_CURVE((1.021917152258,
1.02052090059,1.017004478412)) REPRESENTATION_ITEM('') );
#1627 = CARTESIAN_POINT('',(1.310370545421,-4.669628361411,-18.8));
#1628 = CARTESIAN_POINT('',(1.421027414273,-4.861291680469,-18.466438222
    ));
#1629 = CARTESIAN_POINT('',(1.541951415287,-5.070738194079,-18.1));
#1630 = PCURVE('',#230,#1631);
#1631 = DEFINITIONAL_REPRESENTATION('',(#1632),#1658);
#1632 = B_SPLINE_CURVE_WITH_KNOTS('',3,(#1633,#1634,#1635,#1636,#1637,
    #1638,#1639,#1640,#1641,#1642,#1643,#1644,#1645,#1646,#1647,#1648,
    #1649,#1650,#1651,#1652,#1653,#1654,#1655,#1656,#1657),
  .UNSPECIFIED.,.F.,.F.,(4,1,1,1,1,1,1,1,1,1,1,1,1,1,1,1,1,1,1,1,1,1,4),
  (0.302966420932,0.306461207454,0.309955993976,0.313450780499,
    0.316945567021,0.320440353543,0.323935140066,0.327429926588,
    0.33092471311,0.334419499633,0.337914286155,0.341409072677,
    0.3449038592,0.348398645722,0.351893432244,0.355388218767,
    0.358883005289,0.362377791811,0.365872578334,0.369367364856,
    0.372862151379,0.376356937901,0.379851724423),
  .QUASI_UNIFORM_KNOTS.);
#1633 = CARTESIAN_POINT('',(3.415172107314,-0.35));
#1634 = CARTESIAN_POINT('',(3.415513770667,-0.339905877251));
#1635 = CARTESIAN_POINT('',(3.416195768475,-0.319673221792));
#1636 = CARTESIAN_POINT('',(3.417214800945,-0.289190168508));
#1637 = CARTESIAN_POINT('',(3.418229891693,-0.258572207822));
#1638 = CARTESIAN_POINT('',(3.419241063013,-0.227818492263));
#1639 = CARTESIAN_POINT('',(3.420248337052,-0.1969281676));
#1640 = CARTESIAN_POINT('',(3.421251735788,-0.165900371828));
#1641 = CARTESIAN_POINT('',(3.422251281041,-0.13473423534));
#1642 = CARTESIAN_POINT('',(3.423246994469,-0.103428880778));
#1643 = CARTESIAN_POINT('',(3.424238897576,-7.198342296901E-02));
#1644 = CARTESIAN_POINT('',(3.425227011705,-4.039696883665E-02));
#1645 = CARTESIAN_POINT('',(3.426211358045,-8.668617317327E-03));
#1646 = CARTESIAN_POINT('',(3.427191957632,2.320254072502E-02));
#1647 = CARTESIAN_POINT('',(3.428168831349,5.521742258582E-02));
#1648 = CARTESIAN_POINT('',(3.429141999926,8.737695380797E-02));
#1649 = CARTESIAN_POINT('',(3.430111483946,0.119682068271));
#1650 = CARTESIAN_POINT('',(3.431077303841,0.152133708281));
#1651 = CARTESIAN_POINT('',(3.432039479896,0.184732824659));
#1652 = CARTESIAN_POINT('',(3.432998032252,0.217480376856));
#1653 = CARTESIAN_POINT('',(3.433952980903,0.25037733296));
#1654 = CARTESIAN_POINT('',(3.434904345697,0.283424670106));
#1655 = CARTESIAN_POINT('',(3.435852146356,0.316623373416));
#1656 = CARTESIAN_POINT('',(3.436481650389,0.338857418068));
#1657 = CARTESIAN_POINT('',(3.4367958149,0.35));
#1658 = ( GEOMETRIC_REPRESENTATION_CONTEXT(2) 
PARAMETRIC_REPRESENTATION_CONTEXT() REPRESENTATION_CONTEXT('2D SPACE',''
  ) );
#1659 = PCURVE('',#258,#1660);
#1660 = DEFINITIONAL_REPRESENTATION('',(#1661),#1665);
#1661 = ( BOUNDED_CURVE() B_SPLINE_CURVE(2,(#1662,#1663,#1664),
.UNSPECIFIED.,.F.,.F.) B_SPLINE_CURVE_WITH_KNOTS((3,3),(0.302966420932,
0.379851724423),.PIECEWISE_BEZIER_KNOTS.) CURVE() 
GEOMETRIC_REPRESENTATION_ITEM() RATIONAL_B_SPLINE_CURVE((1.021917152258,
1.02052090059,1.017004478412)) REPRESENTATION_ITEM('') );
#1662 = CARTESIAN_POINT('',(2.620741090842,-1.2));
#1663 = CARTESIAN_POINT('',(2.842054828546,-1.533561777996));
#1664 = CARTESIAN_POINT('',(3.083902830574,-1.9));
#1665 = ( GEOMETRIC_REPRESENTATION_CONTEXT(2) 
PARAMETRIC_REPRESENTATION_CONTEXT() REPRESENTATION_CONTEXT('2D SPACE',''
  ) );
#1666 = ORIENTED_EDGE('',*,*,#209,.F.);
#1667 = ORIENTED_EDGE('',*,*,#1312,.F.);
#1668 = ORIENTED_EDGE('',*,*,#1669,.F.);
#1669 = EDGE_CURVE('',#1670,#1285,#1672,.T.);
#1670 = VERTEX_POINT('',#1671);
#1671 = CARTESIAN_POINT('',(-3.569142892004,-3.918063171575,-18.1));
#1672 = SURFACE_CURVE('',#1673,(#1678,#1685),.PCURVE_S1.);
#1673 = CIRCLE('',#1674,5.3);
#1674 = AXIS2_PLACEMENT_3D('',#1675,#1676,#1677);
#1675 = CARTESIAN_POINT('',(5.291892352179E-60,1.7763568394E-14,-18.1));
#1676 = DIRECTION('',(0.,0.,1.));
#1677 = DIRECTION('',(-0.673423187171,-0.739257202184,0.));
#1678 = PCURVE('',#230,#1679);
#1679 = DEFINITIONAL_REPRESENTATION('',(#1680),#1684);
#1680 = LINE('',#1681,#1682);
#1681 = CARTESIAN_POINT('',(8.685948305608,0.35));
#1682 = VECTOR('',#1683,1.);
#1683 = DIRECTION('',(1.,0.));
#1684 = ( GEOMETRIC_REPRESENTATION_CONTEXT(2) 
PARAMETRIC_REPRESENTATION_CONTEXT() REPRESENTATION_CONTEXT('2D SPACE',''
  ) );
#1685 = PCURVE('',#1300,#1686);
#1686 = DEFINITIONAL_REPRESENTATION('',(#1687),#1691);
#1687 = LINE('',#1688,#1689);
#1688 = CARTESIAN_POINT('',(2.402762998429,0.75));
#1689 = VECTOR('',#1690,1.);
#1690 = DIRECTION('',(1.,0.));
#1691 = ( GEOMETRIC_REPRESENTATION_CONTEXT(2) 
PARAMETRIC_REPRESENTATION_CONTEXT() REPRESENTATION_CONTEXT('2D SPACE',''
  ) );
#1692 = ORIENTED_EDGE('',*,*,#1693,.F.);
#1693 = EDGE_CURVE('',#1364,#1670,#1694,.T.);
#1694 = SURFACE_CURVE('',#1695,(#1699,#1728),.PCURVE_S1.);
#1695 = ( BOUNDED_CURVE() B_SPLINE_CURVE(2,(#1696,#1697,#1698),
.UNSPECIFIED.,.F.,.F.) B_SPLINE_CURVE_WITH_KNOTS((3,3),(0.387257478623,
0.580442623447),.PIECEWISE_BEZIER_KNOTS.) CURVE() 
GEOMETRIC_REPRESENTATION_ITEM() RATIONAL_B_SPLINE_CURVE((1.107496463932,
1.107496463932,1.080745341615)) REPRESENTATION_ITEM('') );
#1696 = CARTESIAN_POINT('',(-4.373428289111,-2.525,-18.48888888888));
#1697 = CARTESIAN_POINT('',(-3.98099918231,-3.204707151348,
    -18.48888888888));
#1698 = CARTESIAN_POINT('',(-3.569142892004,-3.918063171575,-18.1));
#1699 = PCURVE('',#230,#1700);
#1700 = DEFINITIONAL_REPRESENTATION('',(#1701),#1727);
#1701 = B_SPLINE_CURVE_WITH_KNOTS('',3,(#1702,#1703,#1704,#1705,#1706,
    #1707,#1708,#1709,#1710,#1711,#1712,#1713,#1714,#1715,#1716,#1717,
    #1718,#1719,#1720,#1721,#1722,#1723,#1724,#1725,#1726),
  .UNSPECIFIED.,.F.,.F.,(4,1,1,1,1,1,1,1,1,1,1,1,1,1,1,1,1,1,1,1,1,1,4),
  (0.387257478623,0.396038621569,0.404819764516,0.413600907463,
    0.422382050409,0.431163193356,0.439944336302,0.448725479249,
    0.457506622195,0.466287765142,0.475068908088,0.483850051035,
    0.492631193982,0.501412336928,0.510193479875,0.518974622821,
    0.527755765768,0.536536908714,0.545318051661,0.554099194607,
    0.562880337554,0.571661480501,0.580442623447),
  .QUASI_UNIFORM_KNOTS.);
#1702 = CARTESIAN_POINT('',(8.377580409573,-3.888888888942E-02));
#1703 = CARTESIAN_POINT('',(8.382290029901,-3.88888105307E-02));
#1704 = CARTESIAN_POINT('',(8.391709270259,-3.836623035329E-02));
#1705 = CARTESIAN_POINT('',(8.405836720871,-3.601358761499E-02));
#1706 = CARTESIAN_POINT('',(8.419961351935,-3.209103966756E-02));
#1707 = CARTESIAN_POINT('',(8.434081755899,-2.659616103052E-02));
#1708 = CARTESIAN_POINT('',(8.448196527636,-1.952567474633E-02));
#1709 = CARTESIAN_POINT('',(8.462304265412,-1.087532824873E-02));
#1710 = CARTESIAN_POINT('',(8.476403571683,-6.39918909415E-04));
#1711 = CARTESIAN_POINT('',(8.490493053927,1.118672236272E-02));
#1712 = CARTESIAN_POINT('',(8.504571325463,2.461173815081E-02));
#1713 = CARTESIAN_POINT('',(8.518637006259,3.964325597097E-02));
#1714 = CARTESIAN_POINT('',(8.532688723732,5.62904004691E-02));
#1715 = CARTESIAN_POINT('',(8.546725113538,7.456330739844E-02));
#1716 = CARTESIAN_POINT('',(8.560744820345,9.447313914607E-02));
#1717 = CARTESIAN_POINT('',(8.5747464986,0.11603210195));
#1718 = CARTESIAN_POINT('',(8.588728813277,0.139253464742));
#1719 = CARTESIAN_POINT('',(8.602690440612,0.164151580035));
#1720 = CARTESIAN_POINT('',(8.616630068813,0.190741905573));
#1721 = CARTESIAN_POINT('',(8.630546398797,0.219041031813));
#1722 = CARTESIAN_POINT('',(8.64443814473,0.249066696656));
#1723 = CARTESIAN_POINT('',(8.658304035228,0.280837857131));
#1724 = CARTESIAN_POINT('',(8.672142812003,0.314374558238));
#1725 = CARTESIAN_POINT('',(8.681349762629,0.337923898737));
#1726 = CARTESIAN_POINT('',(8.685948305608,0.349999999999));
#1727 = ( GEOMETRIC_REPRESENTATION_CONTEXT(2) 
PARAMETRIC_REPRESENTATION_CONTEXT() REPRESENTATION_CONTEXT('2D SPACE',''
  ) );
#1728 = PCURVE('',#1729,#1734);
#1729 = PLANE('',#1730);
#1730 = AXIS2_PLACEMENT_3D('',#1731,#1732,#1733);
#1731 = CARTESIAN_POINT('',(-3.569142892004,-3.918063171575,-17.8));
#1732 = DIRECTION('',(0.866025403784,0.5,0.));
#1733 = DIRECTION('',(-0.5,0.866025403784,0.));
#1734 = DEFINITIONAL_REPRESENTATION('',(#1735),#1739);
#1735 = ( BOUNDED_CURVE() B_SPLINE_CURVE(2,(#1736,#1737,#1738),
.UNSPECIFIED.,.F.,.F.) B_SPLINE_CURVE_WITH_KNOTS((3,3),(0.387257478623,
0.580442623447),.PIECEWISE_BEZIER_KNOTS.) CURVE() 
GEOMETRIC_REPRESENTATION_ITEM() RATIONAL_B_SPLINE_CURVE((1.107496463932,
1.107496463932,1.080745341615)) REPRESENTATION_ITEM('') );
#1736 = CARTESIAN_POINT('',(1.608570794214,-0.688888888889));
#1737 = CARTESIAN_POINT('',(0.823712580612,-0.688888888889));
#1738 = CARTESIAN_POINT('',(-3.002043058586E-13,-0.300000000001));
#1739 = ( GEOMETRIC_REPRESENTATION_CONTEXT(2) 
PARAMETRIC_REPRESENTATION_CONTEXT() REPRESENTATION_CONTEXT('2D SPACE',''
  ) );
#1740 = ADVANCED_FACE('',(#1741),#1380,.T.);
#1741 = FACE_BOUND('',#1742,.T.);
#1742 = EDGE_LOOP('',(#1743,#1774,#1795,#1796,#1819,#1841,#1915,#1939,
    #1962,#1991,#2025,#2053,#2086,#2114,#2148,#2172,#2200,#2229,#2308,
    #2337,#2358,#2359));
#1743 = ORIENTED_EDGE('',*,*,#1744,.F.);
#1744 = EDGE_CURVE('',#1745,#1747,#1749,.T.);
#1745 = VERTEX_POINT('',#1746);
#1746 = CARTESIAN_POINT('',(-4.373428289111,2.525,-17.8));
#1747 = VERTEX_POINT('',#1748);
#1748 = CARTESIAN_POINT('',(4.373428289111,2.525,-17.8));
#1749 = SURFACE_CURVE('',#1750,(#1755,#1762),.PCURVE_S1.);
#1750 = CIRCLE('',#1751,5.05);
#1751 = AXIS2_PLACEMENT_3D('',#1752,#1753,#1754);
#1752 = CARTESIAN_POINT('',(5.291892352179E-60,1.7763568394E-14,-17.8));
#1753 = DIRECTION('',(0.,0.,-1.));
#1754 = DIRECTION('',(-0.866025403784,0.5,-0.));
#1755 = PCURVE('',#1380,#1756);
#1756 = DEFINITIONAL_REPRESENTATION('',(#1757),#1761);
#1757 = LINE('',#1758,#1759);
#1758 = CARTESIAN_POINT('',(5.235987755983,0.));
#1759 = VECTOR('',#1760,1.);
#1760 = DIRECTION('',(1.,0.));
#1761 = ( GEOMETRIC_REPRESENTATION_CONTEXT(2) 
PARAMETRIC_REPRESENTATION_CONTEXT() REPRESENTATION_CONTEXT('2D SPACE',''
  ) );
#1762 = PCURVE('',#1763,#1768);
#1763 = PLANE('',#1764);
#1764 = AXIS2_PLACEMENT_3D('',#1765,#1766,#1767);
#1765 = CARTESIAN_POINT('',(5.291892352179E-60,1.7763568394E-14,-17.8));
#1766 = DIRECTION('',(0.,-0.,-1.));
#1767 = DIRECTION('',(-1.,3.889384548663E-62,0.));
#1768 = DEFINITIONAL_REPRESENTATION('',(#1769),#1773);
#1769 = CIRCLE('',#1770,5.05);
#1770 = AXIS2_PLACEMENT_2D('',#1771,#1772);
#1771 = CARTESIAN_POINT('',(0.,0.));
#1772 = DIRECTION('',(0.866025403784,0.5));
#1773 = ( GEOMETRIC_REPRESENTATION_CONTEXT(2) 
PARAMETRIC_REPRESENTATION_CONTEXT() REPRESENTATION_CONTEXT('2D SPACE',''
  ) );
#1774 = ORIENTED_EDGE('',*,*,#1775,.T.);
#1775 = EDGE_CURVE('',#1745,#1362,#1776,.T.);
#1776 = SURFACE_CURVE('',#1777,(#1781,#1788),.PCURVE_S1.);
#1777 = LINE('',#1778,#1779);
#1778 = CARTESIAN_POINT('',(-4.373428289111,2.525,-17.8));
#1779 = VECTOR('',#1780,1.);
#1780 = DIRECTION('',(0.,-0.,-1.));
#1781 = PCURVE('',#1380,#1782);
#1782 = DEFINITIONAL_REPRESENTATION('',(#1783),#1787);
#1783 = LINE('',#1784,#1785);
#1784 = CARTESIAN_POINT('',(5.235987755983,0.));
#1785 = VECTOR('',#1786,1.);
#1786 = DIRECTION('',(0.,1.));
#1787 = ( GEOMETRIC_REPRESENTATION_CONTEXT(2) 
PARAMETRIC_REPRESENTATION_CONTEXT() REPRESENTATION_CONTEXT('2D SPACE',''
  ) );
#1788 = PCURVE('',#1430,#1789);
#1789 = DEFINITIONAL_REPRESENTATION('',(#1790),#1794);
#1790 = LINE('',#1791,#1792);
#1791 = CARTESIAN_POINT('',(0.,0.));
#1792 = VECTOR('',#1793,1.);
#1793 = DIRECTION('',(0.,-1.));
#1794 = ( GEOMETRIC_REPRESENTATION_CONTEXT(2) 
PARAMETRIC_REPRESENTATION_CONTEXT() REPRESENTATION_CONTEXT('2D SPACE',''
  ) );
#1795 = ORIENTED_EDGE('',*,*,#1361,.T.);
#1796 = ORIENTED_EDGE('',*,*,#1797,.F.);
#1797 = EDGE_CURVE('',#1798,#1364,#1800,.T.);
#1798 = VERTEX_POINT('',#1799);
#1799 = CARTESIAN_POINT('',(-4.373428289111,-2.525,-17.8));
#1800 = SURFACE_CURVE('',#1801,(#1805,#1812),.PCURVE_S1.);
#1801 = LINE('',#1802,#1803);
#1802 = CARTESIAN_POINT('',(-4.373428289111,-2.525,-17.8));
#1803 = VECTOR('',#1804,1.);
#1804 = DIRECTION('',(0.,-0.,-1.));
#1805 = PCURVE('',#1380,#1806);
#1806 = DEFINITIONAL_REPRESENTATION('',(#1807),#1811);
#1807 = LINE('',#1808,#1809);
#1808 = CARTESIAN_POINT('',(4.188790204786,0.));
#1809 = VECTOR('',#1810,1.);
#1810 = DIRECTION('',(0.,1.));
#1811 = ( GEOMETRIC_REPRESENTATION_CONTEXT(2) 
PARAMETRIC_REPRESENTATION_CONTEXT() REPRESENTATION_CONTEXT('2D SPACE',''
  ) );
#1812 = PCURVE('',#1729,#1813);
#1813 = DEFINITIONAL_REPRESENTATION('',(#1814),#1818);
#1814 = LINE('',#1815,#1816);
#1815 = CARTESIAN_POINT('',(1.608570794214,0.));
#1816 = VECTOR('',#1817,1.);
#1817 = DIRECTION('',(-0.,-1.));
#1818 = ( GEOMETRIC_REPRESENTATION_CONTEXT(2) 
PARAMETRIC_REPRESENTATION_CONTEXT() REPRESENTATION_CONTEXT('2D SPACE',''
  ) );
#1819 = ORIENTED_EDGE('',*,*,#1820,.F.);
#1820 = EDGE_CURVE('',#1234,#1798,#1821,.T.);
#1821 = SURFACE_CURVE('',#1822,(#1827,#1834),.PCURVE_S1.);
#1822 = CIRCLE('',#1823,5.05);
#1823 = AXIS2_PLACEMENT_3D('',#1824,#1825,#1826);
#1824 = CARTESIAN_POINT('',(5.291892352179E-60,1.7763568394E-14,-17.8));
#1825 = DIRECTION('',(0.,-0.,-1.));
#1826 = DIRECTION('',(-0.279890420644,-0.96003195386,0.));
#1827 = PCURVE('',#1380,#1828);
#1828 = DEFINITIONAL_REPRESENTATION('',(#1829),#1833);
#1829 = LINE('',#1830,#1831);
#1830 = CARTESIAN_POINT('',(3.425272619535,0.));
#1831 = VECTOR('',#1832,1.);
#1832 = DIRECTION('',(1.,0.));
#1833 = ( GEOMETRIC_REPRESENTATION_CONTEXT(2) 
PARAMETRIC_REPRESENTATION_CONTEXT() REPRESENTATION_CONTEXT('2D SPACE',''
  ) );
#1834 = PCURVE('',#1272,#1835);
#1835 = DEFINITIONAL_REPRESENTATION('',(#1836),#1840);
#1836 = CIRCLE('',#1837,5.05);
#1837 = AXIS2_PLACEMENT_2D('',#1838,#1839);
#1838 = CARTESIAN_POINT('',(0.,0.));
#1839 = DIRECTION('',(0.279890420644,-0.96003195386));
#1840 = ( GEOMETRIC_REPRESENTATION_CONTEXT(2) 
PARAMETRIC_REPRESENTATION_CONTEXT() REPRESENTATION_CONTEXT('2D SPACE',''
  ) );
#1841 = ORIENTED_EDGE('',*,*,#1842,.T.);
#1842 = EDGE_CURVE('',#1234,#1843,#1845,.T.);
#1843 = VERTEX_POINT('',#1844);
#1844 = CARTESIAN_POINT('',(-2.170656583728,-4.5596874888,-17.));
#1845 = SURFACE_CURVE('',#1846,(#1857,#1886),.PCURVE_S1.);
#1846 = B_SPLINE_CURVE_WITH_KNOTS('',3,(#1847,#1848,#1849,#1850,#1851,
    #1852,#1853,#1854,#1855,#1856),.UNSPECIFIED.,.F.,.F.,(4,2,2,2,4),(0.
    ,3.020302833575E-02,6.040605667151E-02,9.084739401503E-02,
    0.121288731359),.UNSPECIFIED.);
#1847 = CARTESIAN_POINT('',(-1.413446624253,-4.848161366991,-17.8));
#1848 = CARTESIAN_POINT('',(-1.413446624253,-4.848161366991,
    -17.69932323888));
#1849 = CARTESIAN_POINT('',(-1.433445812957,-4.842466332718,
    -17.59218949221));
#1850 = CARTESIAN_POINT('',(-1.513404367091,-4.818075785421,
    -17.39555731074));
#1851 = CARTESIAN_POINT('',(-1.573249669901,-4.79922170588,
    -17.30603221171));
#1852 = CARTESIAN_POINT('',(-1.709436425584,-4.752425917369,
    -17.16416223813));
#1853 = CARTESIAN_POINT('',(-1.795153634434,-4.721212845551,
    -17.10242166994));
#1854 = CARTESIAN_POINT('',(-1.979981950561,-4.646729901654,
    -17.02033192554));
#1855 = CARTESIAN_POINT('',(-2.079037451697,-4.603303125316,-17.));
#1856 = CARTESIAN_POINT('',(-2.170656583728,-4.5596874888,-17.));
#1857 = PCURVE('',#1380,#1858);
#1858 = DEFINITIONAL_REPRESENTATION('',(#1859),#1885);
#1859 = B_SPLINE_CURVE_WITH_KNOTS('',3,(#1860,#1861,#1862,#1863,#1864,
    #1865,#1866,#1867,#1868,#1869,#1870,#1871,#1872,#1873,#1874,#1875,
    #1876,#1877,#1878,#1879,#1880,#1881,#1882,#1883,#1884),
  .UNSPECIFIED.,.F.,.F.,(4,1,1,1,1,1,1,1,1,1,1,1,1,1,1,1,1,1,1,1,1,1,4),
  (0.,5.513124152661E-03,1.102624830532E-02,1.653937245798E-02,
    2.205249661065E-02,2.756562076331E-02,3.307874491597E-02,
    3.859186906863E-02,4.410499322129E-02,4.961811737395E-02,
    5.513124152661E-02,6.064436567928E-02,6.615748983194E-02,
    7.16706139846E-02,7.718373813726E-02,8.269686228992E-02,
    8.820998644258E-02,9.372311059524E-02,9.923623474791E-02,
    0.104749358901,0.110262483053,0.115775607206,0.121288731359),
  .QUASI_UNIFORM_KNOTS.);
#1860 = CARTESIAN_POINT('',(3.425272619535,0.));
#1861 = CARTESIAN_POINT('',(3.425272620879,-1.837708050887E-02));
#1862 = CARTESIAN_POINT('',(3.425547002291,-5.55615388799E-02));
#1863 = CARTESIAN_POINT('',(3.426783278126,-0.112071594632));
#1864 = CARTESIAN_POINT('',(3.428845567579,-0.168758004758));
#1865 = CARTESIAN_POINT('',(3.431736082287,-0.225061970284));
#1866 = CARTESIAN_POINT('',(3.43545386906,-0.280431322806));
#1867 = CARTESIAN_POINT('',(3.440009941321,-0.334289156793));
#1868 = CARTESIAN_POINT('',(3.445356185988,-0.386182149285));
#1869 = CARTESIAN_POINT('',(3.45139912715,-0.435767448272));
#1870 = CARTESIAN_POINT('',(3.458049218619,-0.482646136636));
#1871 = CARTESIAN_POINT('',(3.465239222564,-0.526550188782));
#1872 = CARTESIAN_POINT('',(3.472809511971,-0.56674407813));
#1873 = CARTESIAN_POINT('',(3.480950855538,-0.604242082326));
#1874 = CARTESIAN_POINT('',(3.489795796159,-0.639676549259));
#1875 = CARTESIAN_POINT('',(3.499214639724,-0.672371633822));
#1876 = CARTESIAN_POINT('',(3.509148524735,-0.701998455995));
#1877 = CARTESIAN_POINT('',(3.519518880386,-0.728148468415));
#1878 = CARTESIAN_POINT('',(3.530256903008,-0.750384828003));
#1879 = CARTESIAN_POINT('',(3.541272125582,-0.768519464235));
#1880 = CARTESIAN_POINT('',(3.552454697465,-0.782607232969));
#1881 = CARTESIAN_POINT('',(3.563698725618,-0.79265065346));
#1882 = CARTESIAN_POINT('',(3.574897186932,-0.798666273331));
#1883 = CARTESIAN_POINT('',(3.582261443677,-0.8));
#1884 = CARTESIAN_POINT('',(3.585900449994,-0.8));
#1885 = ( GEOMETRIC_REPRESENTATION_CONTEXT(2) 
PARAMETRIC_REPRESENTATION_CONTEXT() REPRESENTATION_CONTEXT('2D SPACE',''
  ) );
#1886 = PCURVE('',#1071,#1887);
#1887 = DEFINITIONAL_REPRESENTATION('',(#1888),#1914);
#1888 = B_SPLINE_CURVE_WITH_KNOTS('',3,(#1889,#1890,#1891,#1892,#1893,
    #1894,#1895,#1896,#1897,#1898,#1899,#1900,#1901,#1902,#1903,#1904,
    #1905,#1906,#1907,#1908,#1909,#1910,#1911,#1912,#1913),
  .UNSPECIFIED.,.F.,.F.,(4,1,1,1,1,1,1,1,1,1,1,1,1,1,1,1,1,1,1,1,1,1,4),
  (0.,5.513124152661E-03,1.102624830532E-02,1.653937245798E-02,
    2.205249661065E-02,2.756562076331E-02,3.307874491597E-02,
    3.859186906863E-02,4.410499322129E-02,4.961811737395E-02,
    5.513124152661E-02,6.064436567928E-02,6.615748983194E-02,
    7.16706139846E-02,7.718373813726E-02,8.269686228992E-02,
    8.820998644258E-02,9.372311059524E-02,9.923623474791E-02,
    0.104749358901,0.110262483053,0.115775607206,0.121288731359),
  .QUASI_UNIFORM_KNOTS.);
#1889 = CARTESIAN_POINT('',(1.570796326795,16.420832277639));
#1890 = CARTESIAN_POINT('',(1.547826188433,16.420832277639));
#1891 = CARTESIAN_POINT('',(1.501342899401,16.420494596108));
#1892 = CARTESIAN_POINT('',(1.430331624531,16.419000717314));
#1893 = CARTESIAN_POINT('',(1.358376235566,16.416545598258));
#1894 = CARTESIAN_POINT('',(1.285820599056,16.413153856682));
#1895 = CARTESIAN_POINT('',(1.212979744165,16.408855676156));
#1896 = CARTESIAN_POINT('',(1.1401145587,16.403660475435));
#1897 = CARTESIAN_POINT('',(1.06741717685,16.397704099072));
#1898 = CARTESIAN_POINT('',(0.995128632985,16.391139016145));
#1899 = CARTESIAN_POINT('',(0.923605885068,16.384115595786));
#1900 = CARTESIAN_POINT('',(0.853015006186,16.376762588791));
#1901 = CARTESIAN_POINT('',(0.784350397458,16.369297319239));
#1902 = CARTESIAN_POINT('',(0.715504354274,16.361602391936));
#1903 = CARTESIAN_POINT('',(0.644966711283,16.353617738176));
#1904 = CARTESIAN_POINT('',(0.573553313703,16.345533901438));
#1905 = CARTESIAN_POINT('',(0.501453701218,16.337474631266));
#1906 = CARTESIAN_POINT('',(0.428994709351,16.329580240757));
#1907 = CARTESIAN_POINT('',(0.356402701846,16.321991582729));
#1908 = CARTESIAN_POINT('',(0.283856448546,16.314846883222));
#1909 = CARTESIAN_POINT('',(0.211605786017,16.30820055198));
#1910 = CARTESIAN_POINT('',(0.139950804941,16.302121423651));
#1911 = CARTESIAN_POINT('',(6.921933650816E-02,16.296674466412));
#1912 = CARTESIAN_POINT('',(2.289800498099E-02,16.293508615081));
#1913 = CARTESIAN_POINT('',(0.,16.292053004743));
#1914 = ( GEOMETRIC_REPRESENTATION_CONTEXT(2) 
PARAMETRIC_REPRESENTATION_CONTEXT() REPRESENTATION_CONTEXT('2D SPACE',''
  ) );
#1915 = ORIENTED_EDGE('',*,*,#1916,.T.);
#1916 = EDGE_CURVE('',#1843,#1917,#1919,.T.);
#1917 = VERTEX_POINT('',#1918);
#1918 = CARTESIAN_POINT('',(-3.884319413151,-3.227160159741,-17.));
#1919 = SURFACE_CURVE('',#1920,(#1925,#1932),.PCURVE_S1.);
#1920 = CIRCLE('',#1921,5.05);
#1921 = AXIS2_PLACEMENT_3D('',#1922,#1923,#1924);
#1922 = CARTESIAN_POINT('',(5.291892352179E-60,1.7763568394E-14,-17.));
#1923 = DIRECTION('',(0.,-0.,-1.));
#1924 = DIRECTION('',(-0.429832986877,-0.902908413624,0.));
#1925 = PCURVE('',#1380,#1926);
#1926 = DEFINITIONAL_REPRESENTATION('',(#1927),#1931);
#1927 = LINE('',#1928,#1929);
#1928 = CARTESIAN_POINT('',(3.585900449994,-0.8));
#1929 = VECTOR('',#1930,1.);
#1930 = DIRECTION('',(1.,0.));
#1931 = ( GEOMETRIC_REPRESENTATION_CONTEXT(2) 
PARAMETRIC_REPRESENTATION_CONTEXT() REPRESENTATION_CONTEXT('2D SPACE',''
  ) );
#1932 = PCURVE('',#1144,#1933);
#1933 = DEFINITIONAL_REPRESENTATION('',(#1934),#1938);
#1934 = CIRCLE('',#1935,5.05);
#1935 = AXIS2_PLACEMENT_2D('',#1936,#1937);
#1936 = CARTESIAN_POINT('',(0.,0.));
#1937 = DIRECTION('',(0.429832986877,-0.902908413624));
#1938 = ( GEOMETRIC_REPRESENTATION_CONTEXT(2) 
PARAMETRIC_REPRESENTATION_CONTEXT() REPRESENTATION_CONTEXT('2D SPACE',''
  ) );
#1939 = ORIENTED_EDGE('',*,*,#1940,.F.);
#1940 = EDGE_CURVE('',#1941,#1917,#1943,.T.);
#1941 = VERTEX_POINT('',#1942);
#1942 = CARTESIAN_POINT('',(-3.884319413151,-3.227160159741,-14.8));
#1943 = SURFACE_CURVE('',#1944,(#1948,#1955),.PCURVE_S1.);
#1944 = LINE('',#1945,#1946);
#1945 = CARTESIAN_POINT('',(-3.884319413151,-3.227160159741,-14.8));
#1946 = VECTOR('',#1947,1.);
#1947 = DIRECTION('',(0.,-0.,-1.));
#1948 = PCURVE('',#1380,#1949);
#1949 = DEFINITIONAL_REPRESENTATION('',(#1950),#1954);
#1950 = LINE('',#1951,#1952);
#1951 = CARTESIAN_POINT('',(4.019137355078,-3.));
#1952 = VECTOR('',#1953,1.);
#1953 = DIRECTION('',(0.,1.));
#1954 = ( GEOMETRIC_REPRESENTATION_CONTEXT(2) 
PARAMETRIC_REPRESENTATION_CONTEXT() REPRESENTATION_CONTEXT('2D SPACE',''
  ) );
#1955 = PCURVE('',#1194,#1956);
#1956 = DEFINITIONAL_REPRESENTATION('',(#1957),#1961);
#1957 = LINE('',#1958,#1959);
#1958 = CARTESIAN_POINT('',(17.1682941309,-4.));
#1959 = VECTOR('',#1960,1.);
#1960 = DIRECTION('',(0.,1.));
#1961 = ( GEOMETRIC_REPRESENTATION_CONTEXT(2) 
PARAMETRIC_REPRESENTATION_CONTEXT() REPRESENTATION_CONTEXT('2D SPACE',''
  ) );
#1962 = ORIENTED_EDGE('',*,*,#1963,.F.);
#1963 = EDGE_CURVE('',#1964,#1941,#1966,.T.);
#1964 = VERTEX_POINT('',#1965);
#1965 = CARTESIAN_POINT('',(-1.,4.95,-14.8));
#1966 = SURFACE_CURVE('',#1967,(#1972,#1979),.PCURVE_S1.);
#1967 = CIRCLE('',#1968,5.05);
#1968 = AXIS2_PLACEMENT_3D('',#1969,#1970,#1971);
#1969 = CARTESIAN_POINT('',(5.291892352179E-60,1.7763568394E-14,-14.8));
#1970 = DIRECTION('',(0.,0.,1.));
#1971 = DIRECTION('',(-0.19801980198,0.980198019802,0.));
#1972 = PCURVE('',#1380,#1973);
#1973 = DEFINITIONAL_REPRESENTATION('',(#1974),#1978);
#1974 = LINE('',#1975,#1976);
#1975 = CARTESIAN_POINT('',(6.083848002197,-3.));
#1976 = VECTOR('',#1977,1.);
#1977 = DIRECTION('',(-1.,0.));
#1978 = ( GEOMETRIC_REPRESENTATION_CONTEXT(2) 
PARAMETRIC_REPRESENTATION_CONTEXT() REPRESENTATION_CONTEXT('2D SPACE',''
  ) );
#1979 = PCURVE('',#1980,#1985);
#1980 = PLANE('',#1981);
#1981 = AXIS2_PLACEMENT_3D('',#1982,#1983,#1984);
#1982 = CARTESIAN_POINT('',(5.291892352179E-60,1.7763568394E-14,-14.8));
#1983 = DIRECTION('',(0.,0.,1.));
#1984 = DIRECTION('',(1.,-3.889384548663E-62,0.));
#1985 = DEFINITIONAL_REPRESENTATION('',(#1986),#1990);
#1986 = CIRCLE('',#1987,5.05);
#1987 = AXIS2_PLACEMENT_2D('',#1988,#1989);
#1988 = CARTESIAN_POINT('',(0.,0.));
#1989 = DIRECTION('',(-0.19801980198,0.980198019802));
#1990 = ( GEOMETRIC_REPRESENTATION_CONTEXT(2) 
PARAMETRIC_REPRESENTATION_CONTEXT() REPRESENTATION_CONTEXT('2D SPACE',''
  ) );
#1991 = ORIENTED_EDGE('',*,*,#1992,.T.);
#1992 = EDGE_CURVE('',#1964,#1993,#1995,.T.);
#1993 = VERTEX_POINT('',#1994);
#1994 = CARTESIAN_POINT('',(-0.8,4.986231041578,-15.));
#1995 = SURFACE_CURVE('',#1996,(#2001,#2007),.PCURVE_S1.);
#1996 = CIRCLE('',#1997,9.85975985729);
#1997 = AXIS2_PLACEMENT_3D('',#1998,#1999,#2000);
#1998 = CARTESIAN_POINT('',(-1.443591901043E-02,-4.810711397859,
    -15.78592134239));
#1999 = DIRECTION('',(-0.707109083122,2.541651576239E-05,-0.707104478787
    ));
#2000 = DIRECTION('',(-7.967375396154E-02,0.993628909957,
    7.970998825255E-02));
#2001 = PCURVE('',#1380,#2002);
#2002 = DEFINITIONAL_REPRESENTATION('',(#2003),#2006);
#2003 = B_SPLINE_CURVE_WITH_KNOTS('',1,(#2004,#2005),.UNSPECIFIED.,.F.,
  .F.,(2,2),(6.254263331321,6.28318530718),.PIECEWISE_BEZIER_KNOTS.);
#2004 = CARTESIAN_POINT('',(6.083848002197,-3.));
#2005 = CARTESIAN_POINT('',(6.124099279704,-2.8));
#2006 = ( GEOMETRIC_REPRESENTATION_CONTEXT(2) 
PARAMETRIC_REPRESENTATION_CONTEXT() REPRESENTATION_CONTEXT('2D SPACE',''
  ) );
#2007 = PCURVE('',#2008,#2013);
#2008 = PLANE('',#2009);
#2009 = AXIS2_PLACEMENT_3D('',#2010,#2011,#2012);
#2010 = CARTESIAN_POINT('',(-0.9,3.868115520789,-14.9));
#2011 = DIRECTION('',(0.707106781187,-2.750210189002E-62,0.707106781187)
  );
#2012 = DIRECTION('',(0.707106781187,-2.750210189002E-62,-0.707106781187
    ));
#2013 = DEFINITIONAL_REPRESENTATION('',(#2014),#2024);
#2014 = B_SPLINE_CURVE_WITH_KNOTS('',8,(#2015,#2016,#2017,#2018,#2019,
    #2020,#2021,#2022,#2023),.UNSPECIFIED.,.F.,.F.,(9,9),(6.254263331321
    ,6.28318530718),.PIECEWISE_BEZIER_KNOTS.);
#2015 = CARTESIAN_POINT('',(-0.141421356237,1.081884479211));
#2016 = CARTESIAN_POINT('',(-0.106133973799,1.086924316842));
#2017 = CARTESIAN_POINT('',(-7.082576820237E-02,1.091818357213));
#2018 = CARTESIAN_POINT('',(-3.549744227206E-02,1.096566499933));
#2019 = CARTESIAN_POINT('',(-1.496992977743E-04,1.10116864874));
#2020 = CARTESIAN_POINT('',(3.521675667564E-02,1.105624711344));
#2021 = CARTESIAN_POINT('',(7.060122132317E-02,1.109934599604));
#2022 = CARTESIAN_POINT('',(0.106002989635,1.114098229421));
#2023 = CARTESIAN_POINT('',(0.141421356237,1.118115520789));
#2024 = ( GEOMETRIC_REPRESENTATION_CONTEXT(2) 
PARAMETRIC_REPRESENTATION_CONTEXT() REPRESENTATION_CONTEXT('2D SPACE',''
  ) );
#2025 = ORIENTED_EDGE('',*,*,#2026,.T.);
#2026 = EDGE_CURVE('',#1993,#2027,#2029,.T.);
#2027 = VERTEX_POINT('',#2028);
#2028 = CARTESIAN_POINT('',(-0.8,4.986231041578,-15.8));
#2029 = SURFACE_CURVE('',#2030,(#2034,#2041),.PCURVE_S1.);
#2030 = LINE('',#2031,#2032);
#2031 = CARTESIAN_POINT('',(-0.8,4.986231041578,-15.));
#2032 = VECTOR('',#2033,1.);
#2033 = DIRECTION('',(0.,-0.,-1.));
#2034 = PCURVE('',#1380,#2035);
#2035 = DEFINITIONAL_REPRESENTATION('',(#2036),#2040);
#2036 = LINE('',#2037,#2038);
#2037 = CARTESIAN_POINT('',(6.124099279704,-2.8));
#2038 = VECTOR('',#2039,1.);
#2039 = DIRECTION('',(0.,1.));
#2040 = ( GEOMETRIC_REPRESENTATION_CONTEXT(2) 
PARAMETRIC_REPRESENTATION_CONTEXT() REPRESENTATION_CONTEXT('2D SPACE',''
  ) );
#2041 = PCURVE('',#2042,#2047);
#2042 = PLANE('',#2043);
#2043 = AXIS2_PLACEMENT_3D('',#2044,#2045,#2046);
#2044 = CARTESIAN_POINT('',(-0.8,4.986231041578,-14.8));
#2045 = DIRECTION('',(-1.,3.889384548663E-62,0.));
#2046 = DIRECTION('',(-5.95814110634E-46,-1.,0.));
#2047 = DEFINITIONAL_REPRESENTATION('',(#2048),#2052);
#2048 = LINE('',#2049,#2050);
#2049 = CARTESIAN_POINT('',(0.,-0.2));
#2050 = VECTOR('',#2051,1.);
#2051 = DIRECTION('',(0.,-1.));
#2052 = ( GEOMETRIC_REPRESENTATION_CONTEXT(2) 
PARAMETRIC_REPRESENTATION_CONTEXT() REPRESENTATION_CONTEXT('2D SPACE',''
  ) );
#2053 = ORIENTED_EDGE('',*,*,#2054,.T.);
#2054 = EDGE_CURVE('',#2027,#2055,#2057,.T.);
#2055 = VERTEX_POINT('',#2056);
#2056 = CARTESIAN_POINT('',(0.8,4.986231041578,-15.8));
#2057 = SURFACE_CURVE('',#2058,(#2063,#2070),.PCURVE_S1.);
#2058 = CIRCLE('',#2059,5.05);
#2059 = AXIS2_PLACEMENT_3D('',#2060,#2061,#2062);
#2060 = CARTESIAN_POINT('',(5.291892352179E-60,1.7763568394E-14,-15.8));
#2061 = DIRECTION('',(0.,0.,-1.));
#2062 = DIRECTION('',(-0.158415841584,0.987372483481,-0.));
#2063 = PCURVE('',#1380,#2064);
#2064 = DEFINITIONAL_REPRESENTATION('',(#2065),#2069);
#2065 = LINE('',#2066,#2067);
#2066 = CARTESIAN_POINT('',(6.124099279704,-2.));
#2067 = VECTOR('',#2068,1.);
#2068 = DIRECTION('',(1.,0.));
#2069 = ( GEOMETRIC_REPRESENTATION_CONTEXT(2) 
PARAMETRIC_REPRESENTATION_CONTEXT() REPRESENTATION_CONTEXT('2D SPACE',''
  ) );
#2070 = PCURVE('',#2071,#2076);
#2071 = PLANE('',#2072);
#2072 = AXIS2_PLACEMENT_3D('',#2073,#2074,#2075);
#2073 = CARTESIAN_POINT('',(5.291892352179E-60,1.7763568394E-14,-15.8));
#2074 = DIRECTION('',(0.,0.,1.));
#2075 = DIRECTION('',(1.,-3.889384548663E-62,0.));
#2076 = DEFINITIONAL_REPRESENTATION('',(#2077),#2085);
#2077 = ( BOUNDED_CURVE() B_SPLINE_CURVE(2,(#2078,#2079,#2080,#2081,
#2082,#2083,#2084),.UNSPECIFIED.,.T.,.F.) B_SPLINE_CURVE_WITH_KNOTS((1,2
    ,2,2,2,1),(-2.094395102393,0.,2.094395102393,4.188790204786,
6.28318530718,8.377580409573),.UNSPECIFIED.) CURVE() 
GEOMETRIC_REPRESENTATION_ITEM() RATIONAL_B_SPLINE_CURVE((1.,0.5,1.,0.5,
1.,0.5,1.)) REPRESENTATION_ITEM('') );
#2078 = CARTESIAN_POINT('',(-0.8,4.986231041578));
#2079 = CARTESIAN_POINT('',(7.836405502291,6.371871687634));
#2080 = CARTESIAN_POINT('',(4.718202751146,-1.800295197761));
#2081 = CARTESIAN_POINT('',(1.6,-9.972462083157));
#2082 = CARTESIAN_POINT('',(-3.918202751145,-3.185935843817));
#2083 = CARTESIAN_POINT('',(-9.436405502291,3.600590395523));
#2084 = CARTESIAN_POINT('',(-0.8,4.986231041578));
#2085 = ( GEOMETRIC_REPRESENTATION_CONTEXT(2) 
PARAMETRIC_REPRESENTATION_CONTEXT() REPRESENTATION_CONTEXT('2D SPACE',''
  ) );
#2086 = ORIENTED_EDGE('',*,*,#2087,.F.);
#2087 = EDGE_CURVE('',#2088,#2055,#2090,.T.);
#2088 = VERTEX_POINT('',#2089);
#2089 = CARTESIAN_POINT('',(0.8,4.986231041578,-15.));
#2090 = SURFACE_CURVE('',#2091,(#2095,#2102),.PCURVE_S1.);
#2091 = LINE('',#2092,#2093);
#2092 = CARTESIAN_POINT('',(0.8,4.986231041578,-15.));
#2093 = VECTOR('',#2094,1.);
#2094 = DIRECTION('',(0.,-0.,-1.));
#2095 = PCURVE('',#1380,#2096);
#2096 = DEFINITIONAL_REPRESENTATION('',(#2097),#2101);
#2097 = LINE('',#2098,#2099);
#2098 = CARTESIAN_POINT('',(6.442271334654,-2.8));
#2099 = VECTOR('',#2100,1.);
#2100 = DIRECTION('',(0.,1.));
#2101 = ( GEOMETRIC_REPRESENTATION_CONTEXT(2) 
PARAMETRIC_REPRESENTATION_CONTEXT() REPRESENTATION_CONTEXT('2D SPACE',''
  ) );
#2102 = PCURVE('',#2103,#2108);
#2103 = PLANE('',#2104);
#2104 = AXIS2_PLACEMENT_3D('',#2105,#2106,#2107);
#2105 = CARTESIAN_POINT('',(0.8,2.786231041578,-14.8));
#2106 = DIRECTION('',(1.,-3.889384548663E-62,0.));
#2107 = DIRECTION('',(5.95814110634E-46,1.,0.));
#2108 = DEFINITIONAL_REPRESENTATION('',(#2109),#2113);
#2109 = LINE('',#2110,#2111);
#2110 = CARTESIAN_POINT('',(2.2,-0.2));
#2111 = VECTOR('',#2112,1.);
#2112 = DIRECTION('',(0.,-1.));
#2113 = ( GEOMETRIC_REPRESENTATION_CONTEXT(2) 
PARAMETRIC_REPRESENTATION_CONTEXT() REPRESENTATION_CONTEXT('2D SPACE',''
  ) );
#2114 = ORIENTED_EDGE('',*,*,#2115,.T.);
#2115 = EDGE_CURVE('',#2088,#2116,#2118,.T.);
#2116 = VERTEX_POINT('',#2117);
#2117 = CARTESIAN_POINT('',(1.,4.95,-14.8));
#2118 = SURFACE_CURVE('',#2119,(#2124,#2130),.PCURVE_S1.);
#2119 = CIRCLE('',#2120,9.859759857287);
#2120 = AXIS2_PLACEMENT_3D('',#2121,#2122,#2123);
#2121 = CARTESIAN_POINT('',(1.443591900507E-02,-4.810711397856,
    -15.78592134239));
#2122 = DIRECTION('',(0.707109083122,2.541651500632E-05,-0.707104478787)
  );
#2123 = DIRECTION('',(9.995822365457E-02,0.989954272633,
    9.99944579445E-02));
#2124 = PCURVE('',#1380,#2125);
#2125 = DEFINITIONAL_REPRESENTATION('',(#2126),#2129);
#2126 = B_SPLINE_CURVE_WITH_KNOTS('',1,(#2127,#2128),.UNSPECIFIED.,.F.,
  .F.,(2,2),(6.254263331321,6.28318530718),.PIECEWISE_BEZIER_KNOTS.);
#2127 = CARTESIAN_POINT('',(6.442271334654,-2.8));
#2128 = CARTESIAN_POINT('',(6.482522612162,-3.));
#2129 = ( GEOMETRIC_REPRESENTATION_CONTEXT(2) 
PARAMETRIC_REPRESENTATION_CONTEXT() REPRESENTATION_CONTEXT('2D SPACE',''
  ) );
#2130 = PCURVE('',#2131,#2136);
#2131 = PLANE('',#2132);
#2132 = AXIS2_PLACEMENT_3D('',#2133,#2134,#2135);
#2133 = CARTESIAN_POINT('',(0.9,3.868115520789,-14.9));
#2134 = DIRECTION('',(-0.707106781187,2.750210189002E-62,0.707106781187)
  );
#2135 = DIRECTION('',(-0.707106781187,2.750210189002E-62,-0.707106781187
    ));
#2136 = DEFINITIONAL_REPRESENTATION('',(#2137),#2147);
#2137 = B_SPLINE_CURVE_WITH_KNOTS('',8,(#2138,#2139,#2140,#2141,#2142,
    #2143,#2144,#2145,#2146),.UNSPECIFIED.,.F.,.F.,(9,9),(6.254263331321
    ,6.28318530718),.PIECEWISE_BEZIER_KNOTS.);
#2138 = CARTESIAN_POINT('',(0.141421356237,-1.118115520789));
#2139 = CARTESIAN_POINT('',(0.106002989635,-1.114098229421));
#2140 = CARTESIAN_POINT('',(7.060122132075E-02,-1.109934599599));
#2141 = CARTESIAN_POINT('',(3.521675669011E-02,-1.105624711343));
#2142 = CARTESIAN_POINT('',(-1.496993189969E-04,-1.101168648732));
#2143 = CARTESIAN_POINT('',(-3.549744225791E-02,-1.096566499945));
#2144 = CARTESIAN_POINT('',(-7.082576820872E-02,-1.091818357209));
#2145 = CARTESIAN_POINT('',(-0.106133973799,-1.086924316842));
#2146 = CARTESIAN_POINT('',(-0.141421356237,-1.081884479211));
#2147 = ( GEOMETRIC_REPRESENTATION_CONTEXT(2) 
PARAMETRIC_REPRESENTATION_CONTEXT() REPRESENTATION_CONTEXT('2D SPACE',''
  ) );
#2148 = ORIENTED_EDGE('',*,*,#2149,.F.);
#2149 = EDGE_CURVE('',#2150,#2116,#2152,.T.);
#2150 = VERTEX_POINT('',#2151);
#2151 = CARTESIAN_POINT('',(3.884319413151,-3.227160159741,-14.8));
#2152 = SURFACE_CURVE('',#2153,(#2158,#2165),.PCURVE_S1.);
#2153 = CIRCLE('',#2154,5.05);
#2154 = AXIS2_PLACEMENT_3D('',#2155,#2156,#2157);
#2155 = CARTESIAN_POINT('',(5.291892352179E-60,1.7763568394E-14,-14.8));
#2156 = DIRECTION('',(-0.,0.,1.));
#2157 = DIRECTION('',(0.76917216102,-0.63904161579,0.));
#2158 = PCURVE('',#1380,#2159);
#2159 = DEFINITIONAL_REPRESENTATION('',(#2160),#2164);
#2160 = LINE('',#2161,#2162);
#2161 = CARTESIAN_POINT('',(8.54723325928,-3.));
#2162 = VECTOR('',#2163,1.);
#2163 = DIRECTION('',(-1.,0.));
#2164 = ( GEOMETRIC_REPRESENTATION_CONTEXT(2) 
PARAMETRIC_REPRESENTATION_CONTEXT() REPRESENTATION_CONTEXT('2D SPACE',''
  ) );
#2165 = PCURVE('',#1980,#2166);
#2166 = DEFINITIONAL_REPRESENTATION('',(#2167),#2171);
#2167 = CIRCLE('',#2168,5.05);
#2168 = AXIS2_PLACEMENT_2D('',#2169,#2170);
#2169 = CARTESIAN_POINT('',(0.,0.));
#2170 = DIRECTION('',(0.76917216102,-0.63904161579));
#2171 = ( GEOMETRIC_REPRESENTATION_CONTEXT(2) 
PARAMETRIC_REPRESENTATION_CONTEXT() REPRESENTATION_CONTEXT('2D SPACE',''
  ) );
#2172 = ORIENTED_EDGE('',*,*,#2173,.T.);
#2173 = EDGE_CURVE('',#2150,#2174,#2176,.T.);
#2174 = VERTEX_POINT('',#2175);
#2175 = CARTESIAN_POINT('',(3.884319413151,-3.227160159741,-17.));
#2176 = SURFACE_CURVE('',#2177,(#2181,#2188),.PCURVE_S1.);
#2177 = LINE('',#2178,#2179);
#2178 = CARTESIAN_POINT('',(3.884319413151,-3.227160159741,-14.8));
#2179 = VECTOR('',#2180,1.);
#2180 = DIRECTION('',(0.,-0.,-1.));
#2181 = PCURVE('',#1380,#2182);
#2182 = DEFINITIONAL_REPRESENTATION('',(#2183),#2187);
#2183 = LINE('',#2184,#2185);
#2184 = CARTESIAN_POINT('',(8.547233259281,-3.));
#2185 = VECTOR('',#2186,1.);
#2186 = DIRECTION('',(0.,1.));
#2187 = ( GEOMETRIC_REPRESENTATION_CONTEXT(2) 
PARAMETRIC_REPRESENTATION_CONTEXT() REPRESENTATION_CONTEXT('2D SPACE',''
  ) );
#2188 = PCURVE('',#2189,#2194);
#2189 = PLANE('',#2190);
#2190 = AXIS2_PLACEMENT_3D('',#2191,#2192,#2193);
#2191 = CARTESIAN_POINT('',(2.523965560062,-1.091832336771,-18.8));
#2192 = DIRECTION('',(0.843391445813,0.537299608347,0.));
#2193 = DIRECTION('',(0.537299608347,-0.843391445813,0.));
#2194 = DEFINITIONAL_REPRESENTATION('',(#2195),#2199);
#2195 = LINE('',#2196,#2197);
#2196 = CARTESIAN_POINT('',(2.531834812377,-4.));
#2197 = VECTOR('',#2198,1.);
#2198 = DIRECTION('',(0.,1.));
#2199 = ( GEOMETRIC_REPRESENTATION_CONTEXT(2) 
PARAMETRIC_REPRESENTATION_CONTEXT() REPRESENTATION_CONTEXT('2D SPACE',''
  ) );
#2200 = ORIENTED_EDGE('',*,*,#2201,.T.);
#2201 = EDGE_CURVE('',#2174,#2202,#2204,.T.);
#2202 = VERTEX_POINT('',#2203);
#2203 = CARTESIAN_POINT('',(2.170656583728,-4.5596874888,-17.));
#2204 = SURFACE_CURVE('',#2205,(#2210,#2217),.PCURVE_S1.);
#2205 = CIRCLE('',#2206,5.05);
#2206 = AXIS2_PLACEMENT_3D('',#2207,#2208,#2209);
#2207 = CARTESIAN_POINT('',(5.291892352179E-60,1.7763568394E-14,-17.));
#2208 = DIRECTION('',(0.,-0.,-1.));
#2209 = DIRECTION('',(0.76917216102,-0.63904161579,0.));
#2210 = PCURVE('',#1380,#2211);
#2211 = DEFINITIONAL_REPRESENTATION('',(#2212),#2216);
#2212 = LINE('',#2213,#2214);
#2213 = CARTESIAN_POINT('',(8.54723325928,-0.8));
#2214 = VECTOR('',#2215,1.);
#2215 = DIRECTION('',(1.,0.));
#2216 = ( GEOMETRIC_REPRESENTATION_CONTEXT(2) 
PARAMETRIC_REPRESENTATION_CONTEXT() REPRESENTATION_CONTEXT('2D SPACE',''
  ) );
#2217 = PCURVE('',#2218,#2223);
#2218 = PLANE('',#2219);
#2219 = AXIS2_PLACEMENT_3D('',#2220,#2221,#2222);
#2220 = CARTESIAN_POINT('',(5.291892352179E-60,1.7763568394E-14,-17.));
#2221 = DIRECTION('',(0.,-0.,-1.));
#2222 = DIRECTION('',(-1.,3.889384548663E-62,0.));
#2223 = DEFINITIONAL_REPRESENTATION('',(#2224),#2228);
#2224 = CIRCLE('',#2225,5.05);
#2225 = AXIS2_PLACEMENT_2D('',#2226,#2227);
#2226 = CARTESIAN_POINT('',(0.,0.));
#2227 = DIRECTION('',(-0.76917216102,-0.63904161579));
#2228 = ( GEOMETRIC_REPRESENTATION_CONTEXT(2) 
PARAMETRIC_REPRESENTATION_CONTEXT() REPRESENTATION_CONTEXT('2D SPACE',''
  ) );
#2229 = ORIENTED_EDGE('',*,*,#2230,.T.);
#2230 = EDGE_CURVE('',#2202,#2231,#2233,.T.);
#2231 = VERTEX_POINT('',#2232);
#2232 = CARTESIAN_POINT('',(1.413446624252,-4.848161366992,-17.8));
#2233 = SURFACE_CURVE('',#2234,(#2245,#2274),.PCURVE_S1.);
#2234 = B_SPLINE_CURVE_WITH_KNOTS('',3,(#2235,#2236,#2237,#2238,#2239,
    #2240,#2241,#2242,#2243,#2244),.UNSPECIFIED.,.F.,.F.,(4,2,2,2,4),(
    0.362533659047,0.392974996391,0.423416333734,0.45361936207,
    0.483822390406),.UNSPECIFIED.);
#2235 = CARTESIAN_POINT('',(2.170656583725,-4.559687488801,-17.));
#2236 = CARTESIAN_POINT('',(2.079037451694,-4.603303125318,-17.));
#2237 = CARTESIAN_POINT('',(1.979981950558,-4.646729901655,
    -17.02033192554));
#2238 = CARTESIAN_POINT('',(1.795153634431,-4.721212845552,
    -17.10242166994));
#2239 = CARTESIAN_POINT('',(1.709436425581,-4.75242591737,
    -17.16416223813));
#2240 = CARTESIAN_POINT('',(1.573249669898,-4.799221705881,
    -17.30603221171));
#2241 = CARTESIAN_POINT('',(1.513404367088,-4.818075785422,
    -17.39555731074));
#2242 = CARTESIAN_POINT('',(1.433445812954,-4.842466332719,
    -17.59218949221));
#2243 = CARTESIAN_POINT('',(1.41344662425,-4.848161366992,
    -17.69932323888));
#2244 = CARTESIAN_POINT('',(1.41344662425,-4.848161366992,-17.8));
#2245 = PCURVE('',#1380,#2246);
#2246 = DEFINITIONAL_REPRESENTATION('',(#2247),#2273);
#2247 = B_SPLINE_CURVE_WITH_KNOTS('',3,(#2248,#2249,#2250,#2251,#2252,
    #2253,#2254,#2255,#2256,#2257,#2258,#2259,#2260,#2261,#2262,#2263,
    #2264,#2265,#2266,#2267,#2268,#2269,#2270,#2271,#2272),
  .UNSPECIFIED.,.F.,.F.,(4,1,1,1,1,1,1,1,1,1,1,1,1,1,1,1,1,1,1,1,1,1,4),
  (0.362533659047,0.3680467832,0.373559907352,0.379073031505,
    0.384586155658,0.39009927981,0.395612403963,0.401125528116,
    0.406638652268,0.412151776421,0.417664900574,0.423178024727,
    0.428691148879,0.434204273032,0.439717397185,0.445230521337,
    0.45074364549,0.456256769643,0.461769893795,0.467283017948,
    0.472796142101,0.478309266253,0.483822390406),
  .QUASI_UNIFORM_KNOTS.);
#2248 = CARTESIAN_POINT('',(8.980470164365,-0.8));
#2249 = CARTESIAN_POINT('',(8.984109170682,-0.8));
#2250 = CARTESIAN_POINT('',(8.991473427428,-0.798666273331));
#2251 = CARTESIAN_POINT('',(9.002671888741,-0.792650653461));
#2252 = CARTESIAN_POINT('',(9.013915916894,-0.782607232969));
#2253 = CARTESIAN_POINT('',(9.025098488777,-0.768519464235));
#2254 = CARTESIAN_POINT('',(9.036113711351,-0.750384828003));
#2255 = CARTESIAN_POINT('',(9.046851733974,-0.728148468415));
#2256 = CARTESIAN_POINT('',(9.057222089624,-0.701998455995));
#2257 = CARTESIAN_POINT('',(9.067155974636,-0.672371633822));
#2258 = CARTESIAN_POINT('',(9.076574818201,-0.639676549259));
#2259 = CARTESIAN_POINT('',(9.085419758822,-0.604242082326));
#2260 = CARTESIAN_POINT('',(9.093561102389,-0.56674407813));
#2261 = CARTESIAN_POINT('',(9.101131391795,-0.526550188782));
#2262 = CARTESIAN_POINT('',(9.108321395741,-0.482646136636));
#2263 = CARTESIAN_POINT('',(9.114971487209,-0.435767448272));
#2264 = CARTESIAN_POINT('',(9.121014428371,-0.386182149285));
#2265 = CARTESIAN_POINT('',(9.126360673038,-0.334289156793));
#2266 = CARTESIAN_POINT('',(9.1309167453,-0.280431322806));
#2267 = CARTESIAN_POINT('',(9.134634532072,-0.225061970284));
#2268 = CARTESIAN_POINT('',(9.13752504678,-0.168758004758));
#2269 = CARTESIAN_POINT('',(9.139587336233,-0.112071594632));
#2270 = CARTESIAN_POINT('',(9.140823612068,-5.55615388799E-02));
#2271 = CARTESIAN_POINT('',(9.141097993481,-1.837708050887E-02));
#2272 = CARTESIAN_POINT('',(9.141097994824,0.));
#2273 = ( GEOMETRIC_REPRESENTATION_CONTEXT(2) 
PARAMETRIC_REPRESENTATION_CONTEXT() REPRESENTATION_CONTEXT('2D SPACE',''
  ) );
#2274 = PCURVE('',#2275,#2280);
#2275 = CYLINDRICAL_SURFACE('',#2276,0.8);
#2276 = AXIS2_PLACEMENT_3D('',#2277,#2278,#2279);
#2277 = CARTESIAN_POINT('',(-11.35642031881,18.86989698428,-17.8));
#2278 = DIRECTION('',(0.5,-0.866025403784,0.));
#2279 = DIRECTION('',(0.,0.,1.));
#2280 = DEFINITIONAL_REPRESENTATION('',(#2281),#2307);
#2281 = B_SPLINE_CURVE_WITH_KNOTS('',3,(#2282,#2283,#2284,#2285,#2286,
    #2287,#2288,#2289,#2290,#2291,#2292,#2293,#2294,#2295,#2296,#2297,
    #2298,#2299,#2300,#2301,#2302,#2303,#2304,#2305,#2306),
  .UNSPECIFIED.,.F.,.F.,(4,1,1,1,1,1,1,1,1,1,1,1,1,1,1,1,1,1,1,1,1,1,4),
  (0.362533659047,0.3680467832,0.373559907352,0.379073031505,
    0.384586155658,0.39009927981,0.395612403963,0.401125528116,
    0.406638652268,0.412151776421,0.417664900574,0.423178024727,
    0.428691148879,0.434204273032,0.439717397185,0.445230521337,
    0.45074364549,0.456256769643,0.461769893795,0.467283017948,
    0.472796142101,0.478309266253,0.483822390406),
  .QUASI_UNIFORM_KNOTS.);
#2282 = CARTESIAN_POINT('',(0.,27.054153805069));
#2283 = CARTESIAN_POINT('',(2.2898004981E-02,27.052698194732));
#2284 = CARTESIAN_POINT('',(6.921933650818E-02,27.0495323434));
#2285 = CARTESIAN_POINT('',(0.139950804941,27.044085386162));
#2286 = CARTESIAN_POINT('',(0.211605786017,27.038006257832));
#2287 = CARTESIAN_POINT('',(0.283856448546,27.031359926591));
#2288 = CARTESIAN_POINT('',(0.356402701846,27.024215227084));
#2289 = CARTESIAN_POINT('',(0.428994709351,27.016626569056));
#2290 = CARTESIAN_POINT('',(0.501453701218,27.008732178547));
#2291 = CARTESIAN_POINT('',(0.573553313703,27.000672908374));
#2292 = CARTESIAN_POINT('',(0.644966711283,26.992589071636));
#2293 = CARTESIAN_POINT('',(0.715504354274,26.984604417876));
#2294 = CARTESIAN_POINT('',(0.784350397458,26.976909490573));
#2295 = CARTESIAN_POINT('',(0.853015006186,26.969444221021));
#2296 = CARTESIAN_POINT('',(0.923605885068,26.962091214027));
#2297 = CARTESIAN_POINT('',(0.995128632985,26.955067793667));
#2298 = CARTESIAN_POINT('',(1.06741717685,26.94850271074));
#2299 = CARTESIAN_POINT('',(1.1401145587,26.942546334378));
#2300 = CARTESIAN_POINT('',(1.212979744165,26.937351133656));
#2301 = CARTESIAN_POINT('',(1.285820599056,26.93305295313));
#2302 = CARTESIAN_POINT('',(1.358376235566,26.929661211554));
#2303 = CARTESIAN_POINT('',(1.430331624531,26.927206092498));
#2304 = CARTESIAN_POINT('',(1.501342899401,26.925712213704));
#2305 = CARTESIAN_POINT('',(1.547826188433,26.925374532173));
#2306 = CARTESIAN_POINT('',(1.570796326795,26.925374532173));
#2307 = ( GEOMETRIC_REPRESENTATION_CONTEXT(2) 
PARAMETRIC_REPRESENTATION_CONTEXT() REPRESENTATION_CONTEXT('2D SPACE',''
  ) );
#2308 = ORIENTED_EDGE('',*,*,#2309,.F.);
#2309 = EDGE_CURVE('',#2310,#2231,#2312,.T.);
#2310 = VERTEX_POINT('',#2311);
#2311 = CARTESIAN_POINT('',(4.373428289111,-2.525,-17.8));
#2312 = SURFACE_CURVE('',#2313,(#2318,#2325),.PCURVE_S1.);
#2313 = CIRCLE('',#2314,5.05);
#2314 = AXIS2_PLACEMENT_3D('',#2315,#2316,#2317);
#2315 = CARTESIAN_POINT('',(5.291892352179E-60,1.7763568394E-14,-17.8));
#2316 = DIRECTION('',(0.,-0.,-1.));
#2317 = DIRECTION('',(0.866025403784,-0.5,0.));
#2318 = PCURVE('',#1380,#2319);
#2319 = DEFINITIONAL_REPRESENTATION('',(#2320),#2324);
#2320 = LINE('',#2321,#2322);
#2321 = CARTESIAN_POINT('',(8.377580409573,0.));
#2322 = VECTOR('',#2323,1.);
#2323 = DIRECTION('',(1.,0.));
#2324 = ( GEOMETRIC_REPRESENTATION_CONTEXT(2) 
PARAMETRIC_REPRESENTATION_CONTEXT() REPRESENTATION_CONTEXT('2D SPACE',''
  ) );
#2325 = PCURVE('',#2326,#2331);
#2326 = PLANE('',#2327);
#2327 = AXIS2_PLACEMENT_3D('',#2328,#2329,#2330);
#2328 = CARTESIAN_POINT('',(5.291892352179E-60,1.7763568394E-14,-17.8));
#2329 = DIRECTION('',(0.,-0.,-1.));
#2330 = DIRECTION('',(-1.,3.889384548663E-62,0.));
#2331 = DEFINITIONAL_REPRESENTATION('',(#2332),#2336);
#2332 = CIRCLE('',#2333,5.05);
#2333 = AXIS2_PLACEMENT_2D('',#2334,#2335);
#2334 = CARTESIAN_POINT('',(0.,0.));
#2335 = DIRECTION('',(-0.866025403784,-0.5));
#2336 = ( GEOMETRIC_REPRESENTATION_CONTEXT(2) 
PARAMETRIC_REPRESENTATION_CONTEXT() REPRESENTATION_CONTEXT('2D SPACE',''
  ) );
#2337 = ORIENTED_EDGE('',*,*,#2338,.T.);
#2338 = EDGE_CURVE('',#2310,#1522,#2339,.T.);
#2339 = SURFACE_CURVE('',#2340,(#2344,#2351),.PCURVE_S1.);
#2340 = LINE('',#2341,#2342);
#2341 = CARTESIAN_POINT('',(4.373428289111,-2.525,-17.8));
#2342 = VECTOR('',#2343,1.);
#2343 = DIRECTION('',(0.,-0.,-1.));
#2344 = PCURVE('',#1380,#2345);
#2345 = DEFINITIONAL_REPRESENTATION('',(#2346),#2350);
#2346 = LINE('',#2347,#2348);
#2347 = CARTESIAN_POINT('',(8.377580409573,0.));
#2348 = VECTOR('',#2349,1.);
#2349 = DIRECTION('',(0.,1.));
#2350 = ( GEOMETRIC_REPRESENTATION_CONTEXT(2) 
PARAMETRIC_REPRESENTATION_CONTEXT() REPRESENTATION_CONTEXT('2D SPACE',''
  ) );
#2351 = PCURVE('',#1583,#2352);
#2352 = DEFINITIONAL_REPRESENTATION('',(#2353),#2357);
#2353 = LINE('',#2354,#2355);
#2354 = CARTESIAN_POINT('',(0.,0.));
#2355 = VECTOR('',#2356,1.);
#2356 = DIRECTION('',(0.,-1.));
#2357 = ( GEOMETRIC_REPRESENTATION_CONTEXT(2) 
PARAMETRIC_REPRESENTATION_CONTEXT() REPRESENTATION_CONTEXT('2D SPACE',''
  ) );
#2358 = ORIENTED_EDGE('',*,*,#1521,.T.);
#2359 = ORIENTED_EDGE('',*,*,#2360,.F.);
#2360 = EDGE_CURVE('',#1747,#1472,#2361,.T.);
#2361 = SURFACE_CURVE('',#2362,(#2366,#2373),.PCURVE_S1.);
#2362 = LINE('',#2363,#2364);
#2363 = CARTESIAN_POINT('',(4.373428289111,2.525,-17.8));
#2364 = VECTOR('',#2365,1.);
#2365 = DIRECTION('',(0.,-0.,-1.));
#2366 = PCURVE('',#1380,#2367);
#2367 = DEFINITIONAL_REPRESENTATION('',(#2368),#2372);
#2368 = LINE('',#2369,#2370);
#2369 = CARTESIAN_POINT('',(7.330382858376,0.));
#2370 = VECTOR('',#2371,1.);
#2371 = DIRECTION('',(0.,1.));
#2372 = ( GEOMETRIC_REPRESENTATION_CONTEXT(2) 
PARAMETRIC_REPRESENTATION_CONTEXT() REPRESENTATION_CONTEXT('2D SPACE',''
  ) );
#2373 = PCURVE('',#1509,#2374);
#2374 = DEFINITIONAL_REPRESENTATION('',(#2375),#2379);
#2375 = LINE('',#2376,#2377);
#2376 = CARTESIAN_POINT('',(1.608570794215,0.));
#2377 = VECTOR('',#2378,1.);
#2378 = DIRECTION('',(0.,-1.));
#2379 = ( GEOMETRIC_REPRESENTATION_CONTEXT(2) 
PARAMETRIC_REPRESENTATION_CONTEXT() REPRESENTATION_CONTEXT('2D SPACE',''
  ) );
#2380 = ADVANCED_FACE('',(#2381),#1763,.F.);
#2381 = FACE_BOUND('',#2382,.T.);
#2382 = EDGE_LOOP('',(#2383,#2406,#2407,#2430));
#2383 = ORIENTED_EDGE('',*,*,#2384,.F.);
#2384 = EDGE_CURVE('',#1745,#2385,#2387,.T.);
#2385 = VERTEX_POINT('',#2386);
#2386 = CARTESIAN_POINT('',(-3.569142892004,3.918063171576,-17.8));
#2387 = SURFACE_CURVE('',#2388,(#2392,#2399),.PCURVE_S1.);
#2388 = LINE('',#2389,#2390);
#2389 = CARTESIAN_POINT('',(-4.373428289111,2.525,-17.8));
#2390 = VECTOR('',#2391,1.);
#2391 = DIRECTION('',(0.5,0.866025403784,0.));
#2392 = PCURVE('',#1763,#2393);
#2393 = DEFINITIONAL_REPRESENTATION('',(#2394),#2398);
#2394 = LINE('',#2395,#2396);
#2395 = CARTESIAN_POINT('',(4.373428289111,2.525));
#2396 = VECTOR('',#2397,1.);
#2397 = DIRECTION('',(-0.5,0.866025403784));
#2398 = ( GEOMETRIC_REPRESENTATION_CONTEXT(2) 
PARAMETRIC_REPRESENTATION_CONTEXT() REPRESENTATION_CONTEXT('2D SPACE',''
  ) );
#2399 = PCURVE('',#1430,#2400);
#2400 = DEFINITIONAL_REPRESENTATION('',(#2401),#2405);
#2401 = LINE('',#2402,#2403);
#2402 = CARTESIAN_POINT('',(0.,0.));
#2403 = VECTOR('',#2404,1.);
#2404 = DIRECTION('',(1.,0.));
#2405 = ( GEOMETRIC_REPRESENTATION_CONTEXT(2) 
PARAMETRIC_REPRESENTATION_CONTEXT() REPRESENTATION_CONTEXT('2D SPACE',''
  ) );
#2406 = ORIENTED_EDGE('',*,*,#1744,.T.);
#2407 = ORIENTED_EDGE('',*,*,#2408,.F.);
#2408 = EDGE_CURVE('',#2409,#1747,#2411,.T.);
#2409 = VERTEX_POINT('',#2410);
#2410 = CARTESIAN_POINT('',(3.569142892004,3.918063171576,-17.8));
#2411 = SURFACE_CURVE('',#2412,(#2416,#2423),.PCURVE_S1.);
#2412 = LINE('',#2413,#2414);
#2413 = CARTESIAN_POINT('',(3.569142892004,3.918063171576,-17.8));
#2414 = VECTOR('',#2415,1.);
#2415 = DIRECTION('',(0.5,-0.866025403784,0.));
#2416 = PCURVE('',#1763,#2417);
#2417 = DEFINITIONAL_REPRESENTATION('',(#2418),#2422);
#2418 = LINE('',#2419,#2420);
#2419 = CARTESIAN_POINT('',(-3.569142892004,3.918063171576));
#2420 = VECTOR('',#2421,1.);
#2421 = DIRECTION('',(-0.5,-0.866025403784));
#2422 = ( GEOMETRIC_REPRESENTATION_CONTEXT(2) 
PARAMETRIC_REPRESENTATION_CONTEXT() REPRESENTATION_CONTEXT('2D SPACE',''
  ) );
#2423 = PCURVE('',#1509,#2424);
#2424 = DEFINITIONAL_REPRESENTATION('',(#2425),#2429);
#2425 = LINE('',#2426,#2427);
#2426 = CARTESIAN_POINT('',(0.,0.));
#2427 = VECTOR('',#2428,1.);
#2428 = DIRECTION('',(1.,0.));
#2429 = ( GEOMETRIC_REPRESENTATION_CONTEXT(2) 
PARAMETRIC_REPRESENTATION_CONTEXT() REPRESENTATION_CONTEXT('2D SPACE',''
  ) );
#2430 = ORIENTED_EDGE('',*,*,#2431,.T.);
#2431 = EDGE_CURVE('',#2409,#2385,#2432,.T.);
#2432 = SURFACE_CURVE('',#2433,(#2438,#2449),.PCURVE_S1.);
#2433 = CIRCLE('',#2434,5.3);
#2434 = AXIS2_PLACEMENT_3D('',#2435,#2436,#2437);
#2435 = CARTESIAN_POINT('',(5.291892352179E-60,1.7763568394E-14,-17.8));
#2436 = DIRECTION('',(0.,-0.,1.));
#2437 = DIRECTION('',(0.673423187171,0.739257202184,0.));
#2438 = PCURVE('',#1763,#2439);
#2439 = DEFINITIONAL_REPRESENTATION('',(#2440),#2448);
#2440 = ( BOUNDED_CURVE() B_SPLINE_CURVE(2,(#2441,#2442,#2443,#2444,
#2445,#2446,#2447),.UNSPECIFIED.,.T.,.F.) B_SPLINE_CURVE_WITH_KNOTS((1,2
    ,2,2,2,1),(-2.094395102393,0.,2.094395102393,4.188790204786,
6.28318530718,8.377580409573),.UNSPECIFIED.) CURVE() 
GEOMETRIC_REPRESENTATION_ITEM() RATIONAL_B_SPLINE_CURVE((1.,0.5,1.,0.5,
1.,0.5,1.)) REPRESENTATION_ITEM('') );
#2441 = CARTESIAN_POINT('',(-3.569142892004,3.918063171576));
#2442 = CARTESIAN_POINT('',(3.217141588429,10.1));
#2443 = CARTESIAN_POINT('',(5.177713686219,1.131936828424));
#2444 = CARTESIAN_POINT('',(7.138285784008,-7.836126343151));
#2445 = CARTESIAN_POINT('',(-1.608570794215,-5.05));
#2446 = CARTESIAN_POINT('',(-10.35542737243,-2.263873656849));
#2447 = CARTESIAN_POINT('',(-3.569142892004,3.918063171576));
#2448 = ( GEOMETRIC_REPRESENTATION_CONTEXT(2) 
PARAMETRIC_REPRESENTATION_CONTEXT() REPRESENTATION_CONTEXT('2D SPACE',''
  ) );
#2449 = PCURVE('',#1459,#2450);
#2450 = DEFINITIONAL_REPRESENTATION('',(#2451),#2455);
#2451 = LINE('',#2452,#2453);
#2452 = CARTESIAN_POINT('',(5.544355652019,1.05));
#2453 = VECTOR('',#2454,1.);
#2454 = DIRECTION('',(1.,0.));
#2455 = ( GEOMETRIC_REPRESENTATION_CONTEXT(2) 
PARAMETRIC_REPRESENTATION_CONTEXT() REPRESENTATION_CONTEXT('2D SPACE',''
  ) );
#2456 = ADVANCED_FACE('',(#2457),#1272,.F.);
#2457 = FACE_BOUND('',#2458,.T.);
#2458 = EDGE_LOOP('',(#2459,#2482,#2508,#2509));
#2459 = ORIENTED_EDGE('',*,*,#2460,.F.);
#2460 = EDGE_CURVE('',#2461,#1798,#2463,.T.);
#2461 = VERTEX_POINT('',#2462);
#2462 = CARTESIAN_POINT('',(-3.569142892004,-3.918063171575,-17.8));
#2463 = SURFACE_CURVE('',#2464,(#2468,#2475),.PCURVE_S1.);
#2464 = LINE('',#2465,#2466);
#2465 = CARTESIAN_POINT('',(-3.569142892004,-3.918063171575,-17.8));
#2466 = VECTOR('',#2467,1.);
#2467 = DIRECTION('',(-0.5,0.866025403784,0.));
#2468 = PCURVE('',#1272,#2469);
#2469 = DEFINITIONAL_REPRESENTATION('',(#2470),#2474);
#2470 = LINE('',#2471,#2472);
#2471 = CARTESIAN_POINT('',(3.569142892004,-3.918063171575));
#2472 = VECTOR('',#2473,1.);
#2473 = DIRECTION('',(0.5,0.866025403784));
#2474 = ( GEOMETRIC_REPRESENTATION_CONTEXT(2) 
PARAMETRIC_REPRESENTATION_CONTEXT() REPRESENTATION_CONTEXT('2D SPACE',''
  ) );
#2475 = PCURVE('',#1729,#2476);
#2476 = DEFINITIONAL_REPRESENTATION('',(#2477),#2481);
#2477 = LINE('',#2478,#2479);
#2478 = CARTESIAN_POINT('',(0.,0.));
#2479 = VECTOR('',#2480,1.);
#2480 = DIRECTION('',(1.,0.));
#2481 = ( GEOMETRIC_REPRESENTATION_CONTEXT(2) 
PARAMETRIC_REPRESENTATION_CONTEXT() REPRESENTATION_CONTEXT('2D SPACE',''
  ) );
#2482 = ORIENTED_EDGE('',*,*,#2483,.T.);
#2483 = EDGE_CURVE('',#2461,#1257,#2484,.T.);
#2484 = SURFACE_CURVE('',#2485,(#2490,#2501),.PCURVE_S1.);
#2485 = CIRCLE('',#2486,5.3);
#2486 = AXIS2_PLACEMENT_3D('',#2487,#2488,#2489);
#2487 = CARTESIAN_POINT('',(5.291892352179E-60,1.7763568394E-14,-17.8));
#2488 = DIRECTION('',(0.,0.,1.));
#2489 = DIRECTION('',(-0.673423187171,-0.739257202184,0.));
#2490 = PCURVE('',#1272,#2491);
#2491 = DEFINITIONAL_REPRESENTATION('',(#2492),#2500);
#2492 = ( BOUNDED_CURVE() B_SPLINE_CURVE(2,(#2493,#2494,#2495,#2496,
#2497,#2498,#2499),.UNSPECIFIED.,.T.,.F.) B_SPLINE_CURVE_WITH_KNOTS((1,2
    ,2,2,2,1),(-2.094395102393,0.,2.094395102393,4.188790204786,
6.28318530718,8.377580409573),.UNSPECIFIED.) CURVE() 
GEOMETRIC_REPRESENTATION_ITEM() RATIONAL_B_SPLINE_CURVE((1.,0.5,1.,0.5,
1.,0.5,1.)) REPRESENTATION_ITEM('') );
#2493 = CARTESIAN_POINT('',(3.569142892004,-3.918063171576));
#2494 = CARTESIAN_POINT('',(-3.217141588429,-10.1));
#2495 = CARTESIAN_POINT('',(-5.177713686219,-1.131936828424));
#2496 = CARTESIAN_POINT('',(-7.138285784008,7.836126343151));
#2497 = CARTESIAN_POINT('',(1.608570794215,5.05));
#2498 = CARTESIAN_POINT('',(10.355427372437,2.263873656849));
#2499 = CARTESIAN_POINT('',(3.569142892004,-3.918063171576));
#2500 = ( GEOMETRIC_REPRESENTATION_CONTEXT(2) 
PARAMETRIC_REPRESENTATION_CONTEXT() REPRESENTATION_CONTEXT('2D SPACE',''
  ) );
#2501 = PCURVE('',#1300,#2502);
#2502 = DEFINITIONAL_REPRESENTATION('',(#2503),#2507);
#2503 = LINE('',#2504,#2505);
#2504 = CARTESIAN_POINT('',(2.402762998429,1.05));
#2505 = VECTOR('',#2506,1.);
#2506 = DIRECTION('',(1.,0.));
#2507 = ( GEOMETRIC_REPRESENTATION_CONTEXT(2) 
PARAMETRIC_REPRESENTATION_CONTEXT() REPRESENTATION_CONTEXT('2D SPACE',''
  ) );
#2508 = ORIENTED_EDGE('',*,*,#1256,.T.);
#2509 = ORIENTED_EDGE('',*,*,#1820,.T.);
#2510 = ADVANCED_FACE('',(#2511),#2326,.F.);
#2511 = FACE_BOUND('',#2512,.T.);
#2512 = EDGE_LOOP('',(#2513,#2536,#2537,#2560));
#2513 = ORIENTED_EDGE('',*,*,#2514,.F.);
#2514 = EDGE_CURVE('',#2310,#2515,#2517,.T.);
#2515 = VERTEX_POINT('',#2516);
#2516 = CARTESIAN_POINT('',(3.569142892004,-3.918063171575,-17.8));
#2517 = SURFACE_CURVE('',#2518,(#2522,#2529),.PCURVE_S1.);
#2518 = LINE('',#2519,#2520);
#2519 = CARTESIAN_POINT('',(4.373428289111,-2.525,-17.8));
#2520 = VECTOR('',#2521,1.);
#2521 = DIRECTION('',(-0.5,-0.866025403784,0.));
#2522 = PCURVE('',#2326,#2523);
#2523 = DEFINITIONAL_REPRESENTATION('',(#2524),#2528);
#2524 = LINE('',#2525,#2526);
#2525 = CARTESIAN_POINT('',(-4.373428289111,-2.525));
#2526 = VECTOR('',#2527,1.);
#2527 = DIRECTION('',(0.5,-0.866025403784));
#2528 = ( GEOMETRIC_REPRESENTATION_CONTEXT(2) 
PARAMETRIC_REPRESENTATION_CONTEXT() REPRESENTATION_CONTEXT('2D SPACE',''
  ) );
#2529 = PCURVE('',#1583,#2530);
#2530 = DEFINITIONAL_REPRESENTATION('',(#2531),#2535);
#2531 = LINE('',#2532,#2533);
#2532 = CARTESIAN_POINT('',(0.,0.));
#2533 = VECTOR('',#2534,1.);
#2534 = DIRECTION('',(1.,0.));
#2535 = ( GEOMETRIC_REPRESENTATION_CONTEXT(2) 
PARAMETRIC_REPRESENTATION_CONTEXT() REPRESENTATION_CONTEXT('2D SPACE',''
  ) );
#2536 = ORIENTED_EDGE('',*,*,#2309,.T.);
#2537 = ORIENTED_EDGE('',*,*,#2538,.F.);
#2538 = EDGE_CURVE('',#2539,#2231,#2541,.T.);
#2539 = VERTEX_POINT('',#2540);
#2540 = CARTESIAN_POINT('',(1.541951415287,-5.070738194079,-17.8));
#2541 = SURFACE_CURVE('',#2542,(#2546,#2553),.PCURVE_S1.);
#2542 = LINE('',#2543,#2544);
#2543 = CARTESIAN_POINT('',(1.541951415287,-5.070738194079,-17.8));
#2544 = VECTOR('',#2545,1.);
#2545 = DIRECTION('',(-0.5,0.866025403784,0.));
#2546 = PCURVE('',#2326,#2547);
#2547 = DEFINITIONAL_REPRESENTATION('',(#2548),#2552);
#2548 = LINE('',#2549,#2550);
#2549 = CARTESIAN_POINT('',(-1.541951415287,-5.070738194079));
#2550 = VECTOR('',#2551,1.);
#2551 = DIRECTION('',(0.5,0.866025403784));
#2552 = ( GEOMETRIC_REPRESENTATION_CONTEXT(2) 
PARAMETRIC_REPRESENTATION_CONTEXT() REPRESENTATION_CONTEXT('2D SPACE',''
  ) );
#2553 = PCURVE('',#258,#2554);
#2554 = DEFINITIONAL_REPRESENTATION('',(#2555),#2559);
#2555 = LINE('',#2556,#2557);
#2556 = CARTESIAN_POINT('',(3.083902830573,-2.2));
#2557 = VECTOR('',#2558,1.);
#2558 = DIRECTION('',(-1.,-0.));
#2559 = ( GEOMETRIC_REPRESENTATION_CONTEXT(2) 
PARAMETRIC_REPRESENTATION_CONTEXT() REPRESENTATION_CONTEXT('2D SPACE',''
  ) );
#2560 = ORIENTED_EDGE('',*,*,#2561,.T.);
#2561 = EDGE_CURVE('',#2539,#2515,#2562,.T.);
#2562 = SURFACE_CURVE('',#2563,(#2568,#2579),.PCURVE_S1.);
#2563 = CIRCLE('',#2564,5.3);
#2564 = AXIS2_PLACEMENT_3D('',#2565,#2566,#2567);
#2565 = CARTESIAN_POINT('',(5.291892352179E-60,1.7763568394E-14,-17.8));
#2566 = DIRECTION('',(-0.,0.,1.));
#2567 = DIRECTION('',(0.290934229299,-0.956743055487,0.));
#2568 = PCURVE('',#2326,#2569);
#2569 = DEFINITIONAL_REPRESENTATION('',(#2570),#2578);
#2570 = ( BOUNDED_CURVE() B_SPLINE_CURVE(2,(#2571,#2572,#2573,#2574,
#2575,#2576,#2577),.UNSPECIFIED.,.T.,.F.) B_SPLINE_CURVE_WITH_KNOTS((1,2
    ,2,2,2,1),(-2.094395102393,0.,2.094395102393,4.188790204786,
6.28318530718,8.377580409573),.UNSPECIFIED.) CURVE() 
GEOMETRIC_REPRESENTATION_ITEM() RATIONAL_B_SPLINE_CURVE((1.,0.5,1.,0.5,
1.,0.5,1.)) REPRESENTATION_ITEM('') );
#2571 = CARTESIAN_POINT('',(-1.541951415287,-5.070738194079));
#2572 = CARTESIAN_POINT('',(-10.32472759931,-2.4));
#2573 = CARTESIAN_POINT('',(-3.620412384369,3.870738194079));
#2574 = CARTESIAN_POINT('',(3.083902830574,10.141476388159));
#2575 = CARTESIAN_POINT('',(5.162363799656,1.2));
#2576 = CARTESIAN_POINT('',(7.240824768739,-7.741476388159));
#2577 = CARTESIAN_POINT('',(-1.541951415287,-5.070738194079));
#2578 = ( GEOMETRIC_REPRESENTATION_CONTEXT(2) 
PARAMETRIC_REPRESENTATION_CONTEXT() REPRESENTATION_CONTEXT('2D SPACE',''
  ) );
#2579 = PCURVE('',#1612,#2580);
#2580 = DEFINITIONAL_REPRESENTATION('',(#2581),#2585);
#2581 = LINE('',#2582,#2583);
#2582 = CARTESIAN_POINT('',(3.4367958149,1.05));
#2583 = VECTOR('',#2584,1.);
#2584 = DIRECTION('',(1.,0.));
#2585 = ( GEOMETRIC_REPRESENTATION_CONTEXT(2) 
PARAMETRIC_REPRESENTATION_CONTEXT() REPRESENTATION_CONTEXT('2D SPACE',''
  ) );
#2586 = ADVANCED_FACE('',(#2587),#1430,.F.);
#2587 = FACE_BOUND('',#2588,.T.);
#2588 = EDGE_LOOP('',(#2589,#2590,#2611,#2612));
#2589 = ORIENTED_EDGE('',*,*,#2384,.T.);
#2590 = ORIENTED_EDGE('',*,*,#2591,.F.);
#2591 = EDGE_CURVE('',#1393,#2385,#2592,.T.);
#2592 = SURFACE_CURVE('',#2593,(#2597,#2604),.PCURVE_S1.);
#2593 = LINE('',#2594,#2595);
#2594 = CARTESIAN_POINT('',(-3.569142892004,3.918063171576,-18.1));
#2595 = VECTOR('',#2596,1.);
#2596 = DIRECTION('',(0.,0.,1.));
#2597 = PCURVE('',#1430,#2598);
#2598 = DEFINITIONAL_REPRESENTATION('',(#2599),#2603);
#2599 = LINE('',#2600,#2601);
#2600 = CARTESIAN_POINT('',(1.608570794215,-0.3));
#2601 = VECTOR('',#2602,1.);
#2602 = DIRECTION('',(0.,1.));
#2603 = ( GEOMETRIC_REPRESENTATION_CONTEXT(2) 
PARAMETRIC_REPRESENTATION_CONTEXT() REPRESENTATION_CONTEXT('2D SPACE',''
  ) );
#2604 = PCURVE('',#1459,#2605);
#2605 = DEFINITIONAL_REPRESENTATION('',(#2606),#2610);
#2606 = LINE('',#2607,#2608);
#2607 = CARTESIAN_POINT('',(7.022014962341,0.75));
#2608 = VECTOR('',#2609,1.);
#2609 = DIRECTION('',(0.,1.));
#2610 = ( GEOMETRIC_REPRESENTATION_CONTEXT(2) 
PARAMETRIC_REPRESENTATION_CONTEXT() REPRESENTATION_CONTEXT('2D SPACE',''
  ) );
#2611 = ORIENTED_EDGE('',*,*,#1392,.T.);
#2612 = ORIENTED_EDGE('',*,*,#1775,.F.);
#2613 = ADVANCED_FACE('',(#2614),#1459,.T.);
#2614 = FACE_BOUND('',#2615,.T.);
#2615 = EDGE_LOOP('',(#2616,#2617,#2618,#2639));
#2616 = ORIENTED_EDGE('',*,*,#2591,.T.);
#2617 = ORIENTED_EDGE('',*,*,#2431,.F.);
#2618 = ORIENTED_EDGE('',*,*,#2619,.F.);
#2619 = EDGE_CURVE('',#1443,#2409,#2620,.T.);
#2620 = SURFACE_CURVE('',#2621,(#2625,#2632),.PCURVE_S1.);
#2621 = LINE('',#2622,#2623);
#2622 = CARTESIAN_POINT('',(3.569142892004,3.918063171576,-18.1));
#2623 = VECTOR('',#2624,1.);
#2624 = DIRECTION('',(0.,0.,1.));
#2625 = PCURVE('',#1459,#2626);
#2626 = DEFINITIONAL_REPRESENTATION('',(#2627),#2631);
#2627 = LINE('',#2628,#2629);
#2628 = CARTESIAN_POINT('',(5.544355652019,0.75));
#2629 = VECTOR('',#2630,1.);
#2630 = DIRECTION('',(0.,1.));
#2631 = ( GEOMETRIC_REPRESENTATION_CONTEXT(2) 
PARAMETRIC_REPRESENTATION_CONTEXT() REPRESENTATION_CONTEXT('2D SPACE',''
  ) );
#2632 = PCURVE('',#1509,#2633);
#2633 = DEFINITIONAL_REPRESENTATION('',(#2634),#2638);
#2634 = LINE('',#2635,#2636);
#2635 = CARTESIAN_POINT('',(0.,-0.3));
#2636 = VECTOR('',#2637,1.);
#2637 = DIRECTION('',(0.,1.));
#2638 = ( GEOMETRIC_REPRESENTATION_CONTEXT(2) 
PARAMETRIC_REPRESENTATION_CONTEXT() REPRESENTATION_CONTEXT('2D SPACE',''
  ) );
#2639 = ORIENTED_EDGE('',*,*,#1442,.T.);
#2640 = ADVANCED_FACE('',(#2641),#1300,.T.);
#2641 = FACE_BOUND('',#2642,.T.);
#2642 = EDGE_LOOP('',(#2643,#2664,#2665,#2666));
#2643 = ORIENTED_EDGE('',*,*,#2644,.F.);
#2644 = EDGE_CURVE('',#1670,#2461,#2645,.T.);
#2645 = SURFACE_CURVE('',#2646,(#2650,#2657),.PCURVE_S1.);
#2646 = LINE('',#2647,#2648);
#2647 = CARTESIAN_POINT('',(-3.569142892004,-3.918063171575,-18.1));
#2648 = VECTOR('',#2649,1.);
#2649 = DIRECTION('',(0.,0.,1.));
#2650 = PCURVE('',#1300,#2651);
#2651 = DEFINITIONAL_REPRESENTATION('',(#2652),#2656);
#2652 = LINE('',#2653,#2654);
#2653 = CARTESIAN_POINT('',(2.402762998429,0.75));
#2654 = VECTOR('',#2655,1.);
#2655 = DIRECTION('',(0.,1.));
#2656 = ( GEOMETRIC_REPRESENTATION_CONTEXT(2) 
PARAMETRIC_REPRESENTATION_CONTEXT() REPRESENTATION_CONTEXT('2D SPACE',''
  ) );
#2657 = PCURVE('',#1729,#2658);
#2658 = DEFINITIONAL_REPRESENTATION('',(#2659),#2663);
#2659 = LINE('',#2660,#2661);
#2660 = CARTESIAN_POINT('',(-0.,-0.3));
#2661 = VECTOR('',#2662,1.);
#2662 = DIRECTION('',(0.,1.));
#2663 = ( GEOMETRIC_REPRESENTATION_CONTEXT(2) 
PARAMETRIC_REPRESENTATION_CONTEXT() REPRESENTATION_CONTEXT('2D SPACE',''
  ) );
#2664 = ORIENTED_EDGE('',*,*,#1669,.T.);
#2665 = ORIENTED_EDGE('',*,*,#1284,.T.);
#2666 = ORIENTED_EDGE('',*,*,#2483,.F.);
#2667 = ADVANCED_FACE('',(#2668),#1612,.T.);
#2668 = FACE_BOUND('',#2669,.T.);
#2669 = EDGE_LOOP('',(#2670,#2691,#2692,#2713));
#2670 = ORIENTED_EDGE('',*,*,#2671,.T.);
#2671 = EDGE_CURVE('',#1546,#2515,#2672,.T.);
#2672 = SURFACE_CURVE('',#2673,(#2677,#2684),.PCURVE_S1.);
#2673 = LINE('',#2674,#2675);
#2674 = CARTESIAN_POINT('',(3.569142892004,-3.918063171575,-18.1));
#2675 = VECTOR('',#2676,1.);
#2676 = DIRECTION('',(0.,0.,1.));
#2677 = PCURVE('',#1612,#2678);
#2678 = DEFINITIONAL_REPRESENTATION('',(#2679),#2683);
#2679 = LINE('',#2680,#2681);
#2680 = CARTESIAN_POINT('',(3.880422308751,0.75));
#2681 = VECTOR('',#2682,1.);
#2682 = DIRECTION('',(0.,1.));
#2683 = ( GEOMETRIC_REPRESENTATION_CONTEXT(2) 
PARAMETRIC_REPRESENTATION_CONTEXT() REPRESENTATION_CONTEXT('2D SPACE',''
  ) );
#2684 = PCURVE('',#1583,#2685);
#2685 = DEFINITIONAL_REPRESENTATION('',(#2686),#2690);
#2686 = LINE('',#2687,#2688);
#2687 = CARTESIAN_POINT('',(1.608570794214,-0.3));
#2688 = VECTOR('',#2689,1.);
#2689 = DIRECTION('',(0.,1.));
#2690 = ( GEOMETRIC_REPRESENTATION_CONTEXT(2) 
PARAMETRIC_REPRESENTATION_CONTEXT() REPRESENTATION_CONTEXT('2D SPACE',''
  ) );
#2691 = ORIENTED_EDGE('',*,*,#2561,.F.);
#2692 = ORIENTED_EDGE('',*,*,#2693,.F.);
#2693 = EDGE_CURVE('',#1596,#2539,#2694,.T.);
#2694 = SURFACE_CURVE('',#2695,(#2699,#2706),.PCURVE_S1.);
#2695 = LINE('',#2696,#2697);
#2696 = CARTESIAN_POINT('',(1.541951415287,-5.070738194079,-18.1));
#2697 = VECTOR('',#2698,1.);
#2698 = DIRECTION('',(0.,0.,1.));
#2699 = PCURVE('',#1612,#2700);
#2700 = DEFINITIONAL_REPRESENTATION('',(#2701),#2705);
#2701 = LINE('',#2702,#2703);
#2702 = CARTESIAN_POINT('',(3.4367958149,0.75));
#2703 = VECTOR('',#2704,1.);
#2704 = DIRECTION('',(0.,1.));
#2705 = ( GEOMETRIC_REPRESENTATION_CONTEXT(2) 
PARAMETRIC_REPRESENTATION_CONTEXT() REPRESENTATION_CONTEXT('2D SPACE',''
  ) );
#2706 = PCURVE('',#258,#2707);
#2707 = DEFINITIONAL_REPRESENTATION('',(#2708),#2712);
#2708 = LINE('',#2709,#2710);
#2709 = CARTESIAN_POINT('',(3.083902830573,-1.9));
#2710 = VECTOR('',#2711,1.);
#2711 = DIRECTION('',(0.,-1.));
#2712 = ( GEOMETRIC_REPRESENTATION_CONTEXT(2) 
PARAMETRIC_REPRESENTATION_CONTEXT() REPRESENTATION_CONTEXT('2D SPACE',''
  ) );
#2713 = ORIENTED_EDGE('',*,*,#1595,.T.);
#2714 = ADVANCED_FACE('',(#2715),#1509,.F.);
#2715 = FACE_BOUND('',#2716,.T.);
#2716 = EDGE_LOOP('',(#2717,#2718,#2719,#2720));
#2717 = ORIENTED_EDGE('',*,*,#2408,.T.);
#2718 = ORIENTED_EDGE('',*,*,#2360,.T.);
#2719 = ORIENTED_EDGE('',*,*,#1471,.T.);
#2720 = ORIENTED_EDGE('',*,*,#2619,.T.);
#2721 = ADVANCED_FACE('',(#2722),#1729,.F.);
#2722 = FACE_BOUND('',#2723,.T.);
#2723 = EDGE_LOOP('',(#2724,#2725,#2726,#2727));
#2724 = ORIENTED_EDGE('',*,*,#2460,.T.);
#2725 = ORIENTED_EDGE('',*,*,#1797,.T.);
#2726 = ORIENTED_EDGE('',*,*,#1693,.T.);
#2727 = ORIENTED_EDGE('',*,*,#2644,.T.);
#2728 = ADVANCED_FACE('',(#2729),#1583,.F.);
#2729 = FACE_BOUND('',#2730,.T.);
#2730 = EDGE_LOOP('',(#2731,#2732,#2733,#2734));
#2731 = ORIENTED_EDGE('',*,*,#2514,.T.);
#2732 = ORIENTED_EDGE('',*,*,#2671,.F.);
#2733 = ORIENTED_EDGE('',*,*,#1545,.T.);
#2734 = ORIENTED_EDGE('',*,*,#2338,.F.);
#2735 = ADVANCED_FACE('',(#2736),#258,.F.);
#2736 = FACE_BOUND('',#2737,.T.);
#2737 = EDGE_LOOP('',(#2738,#2761,#2762,#2763,#2764,#2765,#2766,#2767,
    #2790));
#2738 = ORIENTED_EDGE('',*,*,#2739,.T.);
#2739 = EDGE_CURVE('',#2740,#763,#2742,.T.);
#2740 = VERTEX_POINT('',#2741);
#2741 = CARTESIAN_POINT('',(0.65,-3.52583302492,-18.68633533205));
#2742 = SURFACE_CURVE('',#2743,(#2747,#2754),.PCURVE_S1.);
#2743 = LINE('',#2744,#2745);
#2744 = CARTESIAN_POINT('',(0.65,-3.52583302492,-18.68633533205));
#2745 = VECTOR('',#2746,1.);
#2746 = DIRECTION('',(0.,-0.,-1.));
#2747 = PCURVE('',#258,#2748);
#2748 = DEFINITIONAL_REPRESENTATION('',(#2749),#2753);
#2749 = LINE('',#2750,#2751);
#2750 = CARTESIAN_POINT('',(1.3,-1.313664667942));
#2751 = VECTOR('',#2752,1.);
#2752 = DIRECTION('',(0.,1.));
#2753 = ( GEOMETRIC_REPRESENTATION_CONTEXT(2) 
PARAMETRIC_REPRESENTATION_CONTEXT() REPRESENTATION_CONTEXT('2D SPACE',''
  ) );
#2754 = PCURVE('',#801,#2755);
#2755 = DEFINITIONAL_REPRESENTATION('',(#2756),#2760);
#2756 = LINE('',#2757,#2758);
#2757 = CARTESIAN_POINT('',(0.853755181743,-1.313664667942));
#2758 = VECTOR('',#2759,1.);
#2759 = DIRECTION('',(0.,1.));
#2760 = ( GEOMETRIC_REPRESENTATION_CONTEXT(2) 
PARAMETRIC_REPRESENTATION_CONTEXT() REPRESENTATION_CONTEXT('2D SPACE',''
  ) );
#2761 = ORIENTED_EDGE('',*,*,#762,.F.);
#2762 = ORIENTED_EDGE('',*,*,#578,.F.);
#2763 = ORIENTED_EDGE('',*,*,#242,.F.);
#2764 = ORIENTED_EDGE('',*,*,#1624,.T.);
#2765 = ORIENTED_EDGE('',*,*,#2693,.T.);
#2766 = ORIENTED_EDGE('',*,*,#2538,.T.);
#2767 = ORIENTED_EDGE('',*,*,#2768,.F.);
#2768 = EDGE_CURVE('',#2769,#2231,#2771,.T.);
#2769 = VERTEX_POINT('',#2770);
#2770 = CARTESIAN_POINT('',(0.999303769503,-4.130844900975,-17.8));
#2771 = SURFACE_CURVE('',#2772,(#2776,#2783),.PCURVE_S1.);
#2772 = LINE('',#2773,#2774);
#2773 = CARTESIAN_POINT('',(0.999303769503,-4.130844900975,-17.8));
#2774 = VECTOR('',#2775,1.);
#2775 = DIRECTION('',(0.5,-0.866025403784,0.));
#2776 = PCURVE('',#258,#2777);
#2777 = DEFINITIONAL_REPRESENTATION('',(#2778),#2782);
#2778 = LINE('',#2779,#2780);
#2779 = CARTESIAN_POINT('',(1.998607539007,-2.2));
#2780 = VECTOR('',#2781,1.);
#2781 = DIRECTION('',(1.,0.));
#2782 = ( GEOMETRIC_REPRESENTATION_CONTEXT(2) 
PARAMETRIC_REPRESENTATION_CONTEXT() REPRESENTATION_CONTEXT('2D SPACE',''
  ) );
#2783 = PCURVE('',#2275,#2784);
#2784 = DEFINITIONAL_REPRESENTATION('',(#2785),#2789);
#2785 = LINE('',#2786,#2787);
#2786 = CARTESIAN_POINT('',(1.570796326795,26.097088822676));
#2787 = VECTOR('',#2788,1.);
#2788 = DIRECTION('',(0.,1.));
#2789 = ( GEOMETRIC_REPRESENTATION_CONTEXT(2) 
PARAMETRIC_REPRESENTATION_CONTEXT() REPRESENTATION_CONTEXT('2D SPACE',''
  ) );
#2790 = ORIENTED_EDGE('',*,*,#2791,.F.);
#2791 = EDGE_CURVE('',#2740,#2769,#2792,.T.);
#2792 = SURFACE_CURVE('',#2793,(#2799,#2808),.PCURVE_S1.);
#2793 = B_SPLINE_CURVE_WITH_KNOTS('',3,(#2794,#2795,#2796,#2797,#2798),
  .UNSPECIFIED.,.F.,.F.,(4,1,4),(0.,0.5,1.),.QUASI_UNIFORM_KNOTS.);
#2794 = CARTESIAN_POINT('',(0.65,-3.52583302492,-18.68633533205));
#2795 = CARTESIAN_POINT('',(0.704949394461,-3.621008167971,
    -18.54825506946));
#2796 = CARTESIAN_POINT('',(0.818097099668,-3.816985742151,
    -18.2624219109));
#2797 = CARTESIAN_POINT('',(0.937800268701,-4.024317712742,
    -17.95733596465));
#2798 = CARTESIAN_POINT('',(0.999303769503,-4.130844900975,-17.8));
#2799 = PCURVE('',#258,#2800);
#2800 = DEFINITIONAL_REPRESENTATION('',(#2801),#2807);
#2801 = B_SPLINE_CURVE_WITH_KNOTS('',3,(#2802,#2803,#2804,#2805,#2806),
  .UNSPECIFIED.,.F.,.F.,(4,1,4),(0.,0.5,1.),.QUASI_UNIFORM_KNOTS.);
#2802 = CARTESIAN_POINT('',(1.3,-1.313664667942));
#2803 = CARTESIAN_POINT('',(1.409898788922,-1.451744930537));
#2804 = CARTESIAN_POINT('',(1.636194199337,-1.737578089095));
#2805 = CARTESIAN_POINT('',(1.875600537402,-2.042664035345));
#2806 = CARTESIAN_POINT('',(1.998607539007,-2.2));
#2807 = ( GEOMETRIC_REPRESENTATION_CONTEXT(2) 
PARAMETRIC_REPRESENTATION_CONTEXT() REPRESENTATION_CONTEXT('2D SPACE',''
  ) );
#2808 = PCURVE('',#2809,#2814);
#2809 = CONICAL_SURFACE('',#2810,3.799996078278,0.643500810494);
#2810 = AXIS2_PLACEMENT_3D('',#2811,#2812,#2813);
#2811 = CARTESIAN_POINT('',(2.610818747417E-06,-2.377768912209E-06,
    -18.39999975983));
#2812 = DIRECTION('',(0.,0.,1.));
#2813 = DIRECTION('',(5.95814110634E-46,1.,0.));
#2814 = DEFINITIONAL_REPRESENTATION('',(#2815),#2841);
#2815 = B_SPLINE_CURVE_WITH_KNOTS('',3,(#2816,#2817,#2818,#2819,#2820,
    #2821,#2822,#2823,#2824,#2825,#2826,#2827,#2828,#2829,#2830,#2831,
    #2832,#2833,#2834,#2835,#2836,#2837,#2838,#2839,#2840),
  .UNSPECIFIED.,.F.,.F.,(4,1,1,1,1,1,1,1,1,1,1,1,1,1,1,1,1,1,1,1,1,1,4),
  (0.,4.545454545455E-02,9.090909090909E-02,0.136363636364,
    0.181818181818,0.227272727273,0.272727272727,0.318181818182,
    0.363636363636,0.409090909091,0.454545454545,0.5,0.545454545455,
    0.590909090909,0.636363636364,0.681818181818,0.727272727273,
    0.772727272727,0.818181818182,0.863636363636,0.909090909091,
    0.954545454545,1.),.QUASI_UNIFORM_KNOTS.);
#2816 = CARTESIAN_POINT('',(3.323898739603,-0.286335572221));
#2817 = CARTESIAN_POINT('',(3.324831444473,-0.273782821004));
#2818 = CARTESIAN_POINT('',(3.326687172693,-0.248597376705));
#2819 = CARTESIAN_POINT('',(3.329442017895,-0.210579492393));
#2820 = CARTESIAN_POINT('',(3.332168413896,-0.172321998293));
#2821 = CARTESIAN_POINT('',(3.334866656884,-0.133825001277));
#2822 = CARTESIAN_POINT('',(3.337537041794,-9.508860741272E-02));
#2823 = CARTESIAN_POINT('',(3.340179862062,-5.611292184208E-02));
#2824 = CARTESIAN_POINT('',(3.342795409587,-1.689804880093E-02));
#2825 = CARTESIAN_POINT('',(3.345383974647,2.255590839851E-02));
#2826 = CARTESIAN_POINT('',(3.347945845824,6.224884737343E-02));
#2827 = CARTESIAN_POINT('',(3.35048130994,0.102180666678));
#2828 = CARTESIAN_POINT('',(3.352990651996,0.14235126581));
#2829 = CARTESIAN_POINT('',(3.355474155103,0.182760545215));
#2830 = CARTESIAN_POINT('',(3.357932099505,0.223408409102));
#2831 = CARTESIAN_POINT('',(3.360364763516,0.264294762615));
#2832 = CARTESIAN_POINT('',(3.362772423469,0.305419511844));
#2833 = CARTESIAN_POINT('',(3.365155353669,0.346782563821));
#2834 = CARTESIAN_POINT('',(3.367513826352,0.388383826528));
#2835 = CARTESIAN_POINT('',(3.369848111641,0.430223208894));
#2836 = CARTESIAN_POINT('',(3.372158477528,0.472300620794));
#2837 = CARTESIAN_POINT('',(3.374445189766,0.514615973074));
#2838 = CARTESIAN_POINT('',(3.376708512126,0.557169177437));
#2839 = CARTESIAN_POINT('',(3.378201974241,0.585696490402));
#2840 = CARTESIAN_POINT('',(3.37894489403,0.599999759837));
#2841 = ( GEOMETRIC_REPRESENTATION_CONTEXT(2) 
PARAMETRIC_REPRESENTATION_CONTEXT() REPRESENTATION_CONTEXT('2D SPACE',''
  ) );
#2842 = ADVANCED_FACE('',(#2843),#801,.F.);
#2843 = FACE_BOUND('',#2844,.T.);
#2844 = EDGE_LOOP('',(#2845,#2896,#2917,#2918));
#2845 = ORIENTED_EDGE('',*,*,#2846,.T.);
#2846 = EDGE_CURVE('',#2740,#2847,#2849,.T.);
#2847 = VERTEX_POINT('',#2848);
#2848 = CARTESIAN_POINT('',(0.649999961326,-2.672077684192,
    -19.79999963103));
#2849 = SURFACE_CURVE('',#2850,(#2857,#2867),.PCURVE_S1.);
#2850 = B_SPLINE_CURVE_WITH_KNOTS('',3,(#2851,#2852,#2853,#2854,#2855,
    #2856),.UNSPECIFIED.,.F.,.F.,(4,1,1,4),(0.,0.333333333333,
    0.666666666667,1.),.UNSPECIFIED.);
#2851 = CARTESIAN_POINT('',(0.65,-3.52583302492,-18.68633533205));
#2852 = CARTESIAN_POINT('',(0.65,-3.424864102035,-18.81872966507));
#2853 = CARTESIAN_POINT('',(0.65,-3.227026201169,-19.07776930083));
#2854 = CARTESIAN_POINT('',(0.65,-2.942550897094,-19.44894740383));
#2855 = CARTESIAN_POINT('',(0.65,-2.76090803731,-19.68491499756));
#2856 = CARTESIAN_POINT('',(0.65,-2.672077843177,-19.79999930424));
#2857 = PCURVE('',#801,#2858);
#2858 = DEFINITIONAL_REPRESENTATION('',(#2859),#2866);
#2859 = B_SPLINE_CURVE_WITH_KNOTS('',3,(#2860,#2861,#2862,#2863,#2864,
    #2865),.UNSPECIFIED.,.F.,.F.,(4,1,1,4),(0.,0.333333333333,
    0.666666666667,1.),.UNSPECIFIED.);
#2860 = CARTESIAN_POINT('',(0.853755181743,-1.313664667942));
#2861 = CARTESIAN_POINT('',(0.752786258858,-1.181270334921));
#2862 = CARTESIAN_POINT('',(0.554948357992,-0.922230699161));
#2863 = CARTESIAN_POINT('',(0.270473053917,-0.551052596164));
#2864 = CARTESIAN_POINT('',(8.8830194133E-02,-0.315085002435));
#2865 = CARTESIAN_POINT('',(0.,-0.200000695758));
#2866 = ( GEOMETRIC_REPRESENTATION_CONTEXT(2) 
PARAMETRIC_REPRESENTATION_CONTEXT() REPRESENTATION_CONTEXT('2D SPACE',''
  ) );
#2867 = PCURVE('',#2809,#2868);
#2868 = DEFINITIONAL_REPRESENTATION('',(#2869),#2895);
#2869 = B_SPLINE_CURVE_WITH_KNOTS('',3,(#2870,#2871,#2872,#2873,#2874,
    #2875,#2876,#2877,#2878,#2879,#2880,#2881,#2882,#2883,#2884,#2885,
    #2886,#2887,#2888,#2889,#2890,#2891,#2892,#2893,#2894),
  .UNSPECIFIED.,.F.,.F.,(4,1,1,1,1,1,1,1,1,1,1,1,1,1,1,1,1,1,1,1,1,1,4),
  (0.,4.545454545455E-02,9.090909090909E-02,0.136363636364,
    0.181818181818,0.227272727273,0.272727272727,0.318181818182,
    0.363636363636,0.409090909091,0.454545454545,0.5,0.545454545455,
    0.590909090909,0.636363636364,0.681818181818,0.727272727273,
    0.772727272727,0.818181818182,0.863636363636,0.909090909091,
    0.954545454545,1.),.QUASI_UNIFORM_KNOTS.);
#2870 = CARTESIAN_POINT('',(3.323898739603,-0.286335572221));
#2871 = CARTESIAN_POINT('',(3.324594983725,-0.304389344584));
#2872 = CARTESIAN_POINT('',(3.325999386388,-0.340389981524));
#2873 = CARTESIAN_POINT('',(3.328142576724,-0.394069880956));
#2874 = CARTESIAN_POINT('',(3.330323187292,-0.447428393487));
#2875 = CARTESIAN_POINT('',(3.332542084142,-0.500465182243));
#2876 = CARTESIAN_POINT('',(3.334800155481,-0.553179908633));
#2877 = CARTESIAN_POINT('',(3.337098314892,-0.605572222254));
#2878 = CARTESIAN_POINT('',(3.339437503167,-0.657641796192));
#2879 = CARTESIAN_POINT('',(3.341818682625,-0.709388195039));
#2880 = CARTESIAN_POINT('',(3.344242874583,-0.760811594677));
#2881 = CARTESIAN_POINT('',(3.34671114723,-0.811912456677));
#2882 = CARTESIAN_POINT('',(3.349224598825,-0.86269116689));
#2883 = CARTESIAN_POINT('',(3.351784363329,-0.913148122762));
#2884 = CARTESIAN_POINT('',(3.354391610846,-0.963283715614));
#2885 = CARTESIAN_POINT('',(3.357047548157,-1.013098312786));
#2886 = CARTESIAN_POINT('',(3.359753424395,-1.062592345312));
#2887 = CARTESIAN_POINT('',(3.362510515011,-1.111765944875));
#2888 = CARTESIAN_POINT('',(3.365320104346,-1.16061861768));
#2889 = CARTESIAN_POINT('',(3.368183521317,-1.209149967507));
#2890 = CARTESIAN_POINT('',(3.371102134127,-1.257359563102));
#2891 = CARTESIAN_POINT('',(3.374077354954,-1.305246973113));
#2892 = CARTESIAN_POINT('',(3.377110635067,-1.352811757334));
#2893 = CARTESIAN_POINT('',(3.379172537381,-1.384306229175));
#2894 = CARTESIAN_POINT('',(3.380213666786,-1.399999544405));
#2895 = ( GEOMETRIC_REPRESENTATION_CONTEXT(2) 
PARAMETRIC_REPRESENTATION_CONTEXT() REPRESENTATION_CONTEXT('2D SPACE',''
  ) );
#2896 = ORIENTED_EDGE('',*,*,#2897,.T.);
#2897 = EDGE_CURVE('',#2847,#786,#2898,.T.);
#2898 = SURFACE_CURVE('',#2899,(#2903,#2910),.PCURVE_S1.);
#2899 = LINE('',#2900,#2901);
#2900 = CARTESIAN_POINT('',(0.65,-2.672077843177,-19.79999930424));
#2901 = VECTOR('',#2902,1.);
#2902 = DIRECTION('',(0.,-0.,-1.));
#2903 = PCURVE('',#801,#2904);
#2904 = DEFINITIONAL_REPRESENTATION('',(#2905),#2909);
#2905 = LINE('',#2906,#2907);
#2906 = CARTESIAN_POINT('',(0.,-0.200000695758));
#2907 = VECTOR('',#2908,1.);
#2908 = DIRECTION('',(0.,1.));
#2909 = ( GEOMETRIC_REPRESENTATION_CONTEXT(2) 
PARAMETRIC_REPRESENTATION_CONTEXT() REPRESENTATION_CONTEXT('2D SPACE',''
  ) );
#2910 = PCURVE('',#832,#2911);
#2911 = DEFINITIONAL_REPRESENTATION('',(#2912),#2916);
#2912 = LINE('',#2913,#2914);
#2913 = CARTESIAN_POINT('',(2.902970922276,0.999999304242));
#2914 = VECTOR('',#2915,1.);
#2915 = DIRECTION('',(0.,1.));
#2916 = ( GEOMETRIC_REPRESENTATION_CONTEXT(2) 
PARAMETRIC_REPRESENTATION_CONTEXT() REPRESENTATION_CONTEXT('2D SPACE',''
  ) );
#2917 = ORIENTED_EDGE('',*,*,#785,.T.);
#2918 = ORIENTED_EDGE('',*,*,#2739,.F.);
#2919 = ADVANCED_FACE('',(#2920),#2809,.F.);
#2920 = FACE_BOUND('',#2921,.F.);
#2921 = EDGE_LOOP('',(#2922,#2945,#2990,#3014,#3134,#3135));
#2922 = ORIENTED_EDGE('',*,*,#2923,.T.);
#2923 = EDGE_CURVE('',#2847,#2924,#2926,.T.);
#2924 = VERTEX_POINT('',#2925);
#2925 = CARTESIAN_POINT('',(2.5239655278,-1.09183230681,-19.79999993537)
  );
#2926 = SURFACE_CURVE('',#2927,(#2932,#2939),.PCURVE_S1.);
#2927 = CIRCLE('',#2928,2.74999658164);
#2928 = AXIS2_PLACEMENT_3D('',#2929,#2930,#2931);
#2929 = CARTESIAN_POINT('',(2.610818747417E-06,-2.377768912209E-06,
    -19.79999995872));
#2930 = DIRECTION('',(-0.,0.,1.));
#2931 = DIRECTION('',(0.236362938594,-0.971664839983,0.));
#2932 = PCURVE('',#2809,#2933);
#2933 = DEFINITIONAL_REPRESENTATION('',(#2934),#2938);
#2934 = LINE('',#2935,#2936);
#2935 = CARTESIAN_POINT('',(3.380213666786,-1.40000019889));
#2936 = VECTOR('',#2937,1.);
#2937 = DIRECTION('',(1.,0.));
#2938 = ( GEOMETRIC_REPRESENTATION_CONTEXT(2) 
PARAMETRIC_REPRESENTATION_CONTEXT() REPRESENTATION_CONTEXT('2D SPACE',''
  ) );
#2939 = PCURVE('',#832,#2940);
#2940 = DEFINITIONAL_REPRESENTATION('',(#2941),#2944);
#2941 = B_SPLINE_CURVE_WITH_KNOTS('',1,(#2942,#2943),.UNSPECIFIED.,.F.,
  .F.,(2,2),(0.,0.923897207221),.PIECEWISE_BEZIER_KNOTS.);
#2942 = CARTESIAN_POINT('',(2.902970922276,0.999999958727));
#2943 = CARTESIAN_POINT('',(1.979074849812,0.999999958727));
#2944 = ( GEOMETRIC_REPRESENTATION_CONTEXT(2) 
PARAMETRIC_REPRESENTATION_CONTEXT() REPRESENTATION_CONTEXT('2D SPACE',''
  ) );
#2945 = ORIENTED_EDGE('',*,*,#2946,.T.);
#2946 = EDGE_CURVE('',#2924,#2947,#2949,.T.);
#2947 = VERTEX_POINT('',#2948);
#2948 = CARTESIAN_POINT('',(3.771228561657,-3.049643165462,
    -16.9999999092));
#2949 = SURFACE_CURVE('',#2950,(#2954,#2983),.PCURVE_S1.);
#2950 = ( BOUNDED_CURVE() B_SPLINE_CURVE(2,(#2951,#2952,#2953),
.UNSPECIFIED.,.F.,.F.) B_SPLINE_CURVE_WITH_KNOTS((3,3),(0.257409483083,
0.66059386765),.PIECEWISE_BEZIER_KNOTS.) CURVE() 
GEOMETRIC_REPRESENTATION_ITEM() RATIONAL_B_SPLINE_CURVE((1.115682329606,
1.17056547208,1.113568747566)) REPRESENTATION_ITEM('') );
#2951 = CARTESIAN_POINT('',(2.523965528153,-1.091832286684,
    -19.79999992017));
#2952 = CARTESIAN_POINT('',(2.975277751698,-1.800250574759,
    -18.87269270214));
#2953 = CARTESIAN_POINT('',(3.771228610505,-3.049643157922,
    -16.99999992493));
#2954 = PCURVE('',#2809,#2955);
#2955 = DEFINITIONAL_REPRESENTATION('',(#2956),#2982);
#2956 = B_SPLINE_CURVE_WITH_KNOTS('',3,(#2957,#2958,#2959,#2960,#2961,
    #2962,#2963,#2964,#2965,#2966,#2967,#2968,#2969,#2970,#2971,#2972,
    #2973,#2974,#2975,#2976,#2977,#2978,#2979,#2980,#2981),
  .UNSPECIFIED.,.F.,.F.,(4,1,1,1,1,1,1,1,1,1,1,1,1,1,1,1,1,1,1,1,1,1,4),
  (0.257409483083,0.275736046018,0.294062608953,0.312389171888,
    0.330715734823,0.349042297758,0.367368860693,0.385695423627,
    0.404021986562,0.422348549497,0.440675112432,0.459001675367,
    0.477328238302,0.495654801237,0.513981364171,0.532307927106,
    0.550634490041,0.568961052976,0.587287615911,0.605614178846,
    0.623940741781,0.642267304715,0.66059386765),.QUASI_UNIFORM_KNOTS.);
#2957 = CARTESIAN_POINT('',(4.304110880775,-1.400000160333));
#2958 = CARTESIAN_POINT('',(4.298665468818,-1.370517149521));
#2959 = CARTESIAN_POINT('',(4.287930119835,-1.310647402619));
#2960 = CARTESIAN_POINT('',(4.272276856082,-1.218049120132));
#2961 = CARTESIAN_POINT('',(4.257056405206,-1.122576970858));
#2962 = CARTESIAN_POINT('',(4.242252806571,-1.024142764382));
#2963 = CARTESIAN_POINT('',(4.227850708762,-0.922652756519));
#2964 = CARTESIAN_POINT('',(4.213835434113,-0.818006637834));
#2965 = CARTESIAN_POINT('',(4.20019292581,-0.710097401956));
#2966 = CARTESIAN_POINT('',(4.186909727454,-0.598810932638));
#2967 = CARTESIAN_POINT('',(4.173972954987,-0.484025617554));
#2968 = CARTESIAN_POINT('',(4.161370271776,-0.365611902728));
#2969 = CARTESIAN_POINT('',(4.149089864007,-0.243431806499));
#2970 = CARTESIAN_POINT('',(4.137120417162,-0.117338383215));
#2971 = CARTESIAN_POINT('',(4.125451093387,1.2824866044E-02));
#2972 = CARTESIAN_POINT('',(4.114071509791,0.147224641486));
#2973 = CARTESIAN_POINT('',(4.102971717641,0.286038555428));
#2974 = CARTESIAN_POINT('',(4.092142182524,0.429455917827));
#2975 = CARTESIAN_POINT('',(4.081573765128,0.577678583226));
#2976 = CARTESIAN_POINT('',(4.071257703808,0.730921943929));
#2977 = CARTESIAN_POINT('',(4.061185594512,0.889415792742));
#2978 = CARTESIAN_POINT('',(4.051349384465,1.053406133027));
#2979 = CARTESIAN_POINT('',(4.041741318217,1.223153965249));
#2980 = CARTESIAN_POINT('',(4.035483149495,1.340348606864));
#2981 = CARTESIAN_POINT('',(4.032389625326,1.3999998349));
#2982 = ( GEOMETRIC_REPRESENTATION_CONTEXT(2) 
PARAMETRIC_REPRESENTATION_CONTEXT() REPRESENTATION_CONTEXT('2D SPACE',''
  ) );
#2983 = PCURVE('',#2189,#2984);
#2984 = DEFINITIONAL_REPRESENTATION('',(#2985),#2989);
#2985 = ( BOUNDED_CURVE() B_SPLINE_CURVE(2,(#2986,#2987,#2988),
.UNSPECIFIED.,.F.,.F.) B_SPLINE_CURVE_WITH_KNOTS((3,3),(0.257409483083,
0.66059386765),.PIECEWISE_BEZIER_KNOTS.) CURVE() 
GEOMETRIC_REPRESENTATION_ITEM() RATIONAL_B_SPLINE_CURVE((1.115682329606,
1.17056547208,1.113568747566)) REPRESENTATION_ITEM('') );
#2986 = CARTESIAN_POINT('',(-5.938714453535E-08,0.99999992017));
#2987 = CARTESIAN_POINT('',(0.839963745785,7.269270214477E-02));
#2988 = CARTESIAN_POINT('',(2.321354847587,-1.800000075063));
#2989 = ( GEOMETRIC_REPRESENTATION_CONTEXT(2) 
PARAMETRIC_REPRESENTATION_CONTEXT() REPRESENTATION_CONTEXT('2D SPACE',''
  ) );
#2990 = ORIENTED_EDGE('',*,*,#2991,.T.);
#2991 = EDGE_CURVE('',#2947,#2992,#2994,.T.);
#2992 = VERTEX_POINT('',#2993);
#2993 = CARTESIAN_POINT('',(2.070327595798,-4.385912584234,-17.));
#2994 = SURFACE_CURVE('',#2995,(#3000,#3007),.PCURVE_S1.);
#2995 = CIRCLE('',#2996,4.849995245626);
#2996 = AXIS2_PLACEMENT_3D('',#2997,#2998,#2999);
#2997 = CARTESIAN_POINT('',(2.610818747417E-06,-2.377768912209E-06,-17.)
  );
#2998 = DIRECTION('',(0.,-0.,-1.));
#2999 = DIRECTION('',(0.777573073293,-0.628792585588,0.));
#3000 = PCURVE('',#2809,#3001);
#3001 = DEFINITIONAL_REPRESENTATION('',(#3002),#3006);
#3002 = LINE('',#3003,#3004);
#3003 = CARTESIAN_POINT('',(10.315574851409,1.399999759837));
#3004 = VECTOR('',#3005,1.);
#3005 = DIRECTION('',(-1.,1.184852954507E-15));
#3006 = ( GEOMETRIC_REPRESENTATION_CONTEXT(2) 
PARAMETRIC_REPRESENTATION_CONTEXT() REPRESENTATION_CONTEXT('2D SPACE',''
  ) );
#3007 = PCURVE('',#2218,#3008);
#3008 = DEFINITIONAL_REPRESENTATION('',(#3009),#3013);
#3009 = CIRCLE('',#3010,4.849995245626);
#3010 = AXIS2_PLACEMENT_2D('',#3011,#3012);
#3011 = CARTESIAN_POINT('',(-2.610818747417E-06,-2.377768929973E-06));
#3012 = DIRECTION('',(-0.777573073293,-0.628792585588));
#3013 = ( GEOMETRIC_REPRESENTATION_CONTEXT(2) 
PARAMETRIC_REPRESENTATION_CONTEXT() REPRESENTATION_CONTEXT('2D SPACE',''
  ) );
#3014 = ORIENTED_EDGE('',*,*,#3015,.F.);
#3015 = EDGE_CURVE('',#2769,#2992,#3016,.T.);
#3016 = SURFACE_CURVE('',#3017,(#3032,#3083),.PCURVE_S1.);
#3017 = B_SPLINE_CURVE_WITH_KNOTS('',3,(#3018,#3019,#3020,#3021,#3022,
    #3023,#3024,#3025,#3026,#3027,#3028,#3029,#3030,#3031),
  .UNSPECIFIED.,.F.,.F.,(4,2,2,2,2,2,4),(-0.52496944565,-0.50384690249,
    -0.462184741332,-0.424792480339,-0.406096349842,-0.387400219345,
    -0.381867766537),.UNSPECIFIED.);
#3018 = CARTESIAN_POINT('',(0.999303769501,-4.130844900976,-17.8));
#3019 = CARTESIAN_POINT('',(1.022115946072,-4.170356749828,
    -17.74164273968));
#3020 = CARTESIAN_POINT('',(1.051472511892,-4.208332083229,
    -17.68315952447));
#3021 = CARTESIAN_POINT('',(1.155154091086,-4.312686904922,
    -17.51408140145));
#3022 = CARTESIAN_POINT('',(1.245984282107,-4.370528692349,
    -17.40813713894));
#3023 = CARTESIAN_POINT('',(1.434759373563,-4.444809926149,
    -17.23995187914));
#3024 = CARTESIAN_POINT('',(1.544193802845,-4.469756328399,
    -17.16302720436));
#3025 = CARTESIAN_POINT('',(1.719673519167,-4.47335446046,
    -17.07705967786));
#3026 = CARTESIAN_POINT('',(1.780039518309,-4.469052221319,
    -17.05315110788));
#3027 = CARTESIAN_POINT('',(1.900451286165,-4.448041327534,
    -17.01779057165));
#3028 = CARTESIAN_POINT('',(1.960495264341,-4.431341973567,
    -17.00632698337));
#3029 = CARTESIAN_POINT('',(2.035404793656,-4.401687250555,
    -17.00070101891));
#3030 = CARTESIAN_POINT('',(2.052849727208,-4.394162837048,-17.));
#3031 = CARTESIAN_POINT('',(2.070327595798,-4.385912584234,-17.));
#3032 = PCURVE('',#2809,#3033);
#3033 = DEFINITIONAL_REPRESENTATION('',(#3034),#3082);
#3034 = B_SPLINE_CURVE_WITH_KNOTS('',3,(#3035,#3036,#3037,#3038,#3039,
    #3040,#3041,#3042,#3043,#3044,#3045,#3046,#3047,#3048,#3049,#3050,
    #3051,#3052,#3053,#3054,#3055,#3056,#3057,#3058,#3059,#3060,#3061,
    #3062,#3063,#3064,#3065,#3066,#3067,#3068,#3069,#3070,#3071,#3072,
    #3073,#3074,#3075,#3076,#3077,#3078,#3079,#3080,#3081),
  .UNSPECIFIED.,.F.,.F.,(4,1,1,1,1,1,1,1,1,1,1,1,1,1,1,1,1,1,1,1,1,1,1,1
    ,1,1,1,1,1,1,1,1,1,1,1,1,1,1,1,1,1,1,1,1,4),(-0.52496944565,
    -0.521717134761,-0.518464823872,-0.515212512983,-0.511960202094,
    -0.508707891205,-0.505455580316,-0.502203269427,-0.498950958538,
    -0.495698647649,-0.49244633676,-0.489194025871,-0.485941714983,
    -0.482689404094,-0.479437093205,-0.476184782316,-0.472932471427,
    -0.469680160538,-0.466427849649,-0.46317553876,-0.459923227871,
    -0.456670916982,-0.453418606093,-0.450166295204,-0.446913984316,
    -0.443661673427,-0.440409362538,-0.437157051649,-0.43390474076,
    -0.430652429871,-0.427400118982,-0.424147808093,-0.420895497204,
    -0.417643186315,-0.414390875426,-0.411138564537,-0.407886253649,
    -0.40463394276,-0.401381631871,-0.398129320982,-0.394877010093,
    -0.391624699204,-0.388372388315,-0.385120077426,-0.381867766537),
  .QUASI_UNIFORM_KNOTS.);
#3035 = CARTESIAN_POINT('',(3.378944894029,0.599999759838));
#3036 = CARTESIAN_POINT('',(3.37941161865,0.60898524613));
#3037 = CARTESIAN_POINT('',(3.380415569881,0.626962339079));
#3038 = CARTESIAN_POINT('',(3.382126748847,0.653908234402));
#3039 = CARTESIAN_POINT('',(3.384036854822,0.68079620042));
#3040 = CARTESIAN_POINT('',(3.386139812088,0.707588331936));
#3041 = CARTESIAN_POINT('',(3.388429704395,0.734246847538));
#3042 = CARTESIAN_POINT('',(3.390900862069,0.760734243466));
#3043 = CARTESIAN_POINT('',(3.393547645008,0.787012730217));
#3044 = CARTESIAN_POINT('',(3.396368458771,0.813045115389));
#3045 = CARTESIAN_POINT('',(3.39935325714,0.83880108035));
#3046 = CARTESIAN_POINT('',(3.402493518998,0.864249157711));
#3047 = CARTESIAN_POINT('',(3.405780659082,0.889358162499));
#3048 = CARTESIAN_POINT('',(3.409206451922,0.914096781035));
#3049 = CARTESIAN_POINT('',(3.412762913715,0.93843364626));
#3050 = CARTESIAN_POINT('',(3.416442336348,0.962337321506));
#3051 = CARTESIAN_POINT('',(3.420237252327,0.985776175357));
#3052 = CARTESIAN_POINT('',(3.424140521694,1.008718794538));
#3053 = CARTESIAN_POINT('',(3.428144998213,1.03113236382));
#3054 = CARTESIAN_POINT('',(3.432244754793,1.052988649517));
#3055 = CARTESIAN_POINT('',(3.436430491329,1.074241610758));
#3056 = CARTESIAN_POINT('',(3.440706652383,1.094910904703));
#3057 = CARTESIAN_POINT('',(3.445186219544,1.115504403241));
#3058 = CARTESIAN_POINT('',(3.449836405424,1.135840248765));
#3059 = CARTESIAN_POINT('',(3.454655710849,1.155882708105));
#3060 = CARTESIAN_POINT('',(3.459634727206,1.17555678715));
#3061 = CARTESIAN_POINT('',(3.464766651308,1.194797875967));
#3062 = CARTESIAN_POINT('',(3.470044476239,1.213538440985));
#3063 = CARTESIAN_POINT('',(3.475461758194,1.231711514574));
#3064 = CARTESIAN_POINT('',(3.481012396871,1.24924996336));
#3065 = CARTESIAN_POINT('',(3.486690780167,1.266085858881));
#3066 = CARTESIAN_POINT('',(3.492491453598,1.282153674038));
#3067 = CARTESIAN_POINT('',(3.498410322998,1.29737808724));
#3068 = CARTESIAN_POINT('',(3.504439883464,1.311723101969));
#3069 = CARTESIAN_POINT('',(3.510570234759,1.325152118888));
#3070 = CARTESIAN_POINT('',(3.516793106862,1.337616447484));
#3071 = CARTESIAN_POINT('',(3.523100261488,1.349069853723));
#3072 = CARTESIAN_POINT('',(3.529483816593,1.359465569815));
#3073 = CARTESIAN_POINT('',(3.535936511887,1.368753655994));
#3074 = CARTESIAN_POINT('',(3.542449980356,1.37689768198));
#3075 = CARTESIAN_POINT('',(3.549015293049,1.383872458004));
#3076 = CARTESIAN_POINT('',(3.555622798419,1.389648788673));
#3077 = CARTESIAN_POINT('',(3.562267449502,1.394200243386));
#3078 = CARTESIAN_POINT('',(3.568927755273,1.397489587329));
#3079 = CARTESIAN_POINT('',(3.575644585478,1.39951627178));
#3080 = CARTESIAN_POINT('',(3.580260647651,1.399989290444));
#3081 = CARTESIAN_POINT('',(3.582623113833,1.399999759837));
#3082 = ( GEOMETRIC_REPRESENTATION_CONTEXT(2) 
PARAMETRIC_REPRESENTATION_CONTEXT() REPRESENTATION_CONTEXT('2D SPACE',''
  ) );
#3083 = PCURVE('',#2275,#3084);
#3084 = DEFINITIONAL_REPRESENTATION('',(#3085),#3133);
#3085 = B_SPLINE_CURVE_WITH_KNOTS('',3,(#3086,#3087,#3088,#3089,#3090,
    #3091,#3092,#3093,#3094,#3095,#3096,#3097,#3098,#3099,#3100,#3101,
    #3102,#3103,#3104,#3105,#3106,#3107,#3108,#3109,#3110,#3111,#3112,
    #3113,#3114,#3115,#3116,#3117,#3118,#3119,#3120,#3121,#3122,#3123,
    #3124,#3125,#3126,#3127,#3128,#3129,#3130,#3131,#3132),
  .UNSPECIFIED.,.F.,.F.,(4,1,1,1,1,1,1,1,1,1,1,1,1,1,1,1,1,1,1,1,1,1,1,1
    ,1,1,1,1,1,1,1,1,1,1,1,1,1,1,1,1,1,1,1,1,4),(-0.52496944565,
    -0.521717134761,-0.518464823872,-0.515212512983,-0.511960202094,
    -0.508707891205,-0.505455580316,-0.502203269427,-0.498950958538,
    -0.495698647649,-0.49244633676,-0.489194025871,-0.485941714983,
    -0.482689404094,-0.479437093205,-0.476184782316,-0.472932471427,
    -0.469680160538,-0.466427849649,-0.46317553876,-0.459923227871,
    -0.456670916982,-0.453418606093,-0.450166295204,-0.446913984316,
    -0.443661673427,-0.440409362538,-0.437157051649,-0.43390474076,
    -0.430652429871,-0.427400118982,-0.424147808093,-0.420895497204,
    -0.417643186315,-0.414390875426,-0.411138564537,-0.407886253649,
    -0.40463394276,-0.401381631871,-0.398129320982,-0.394877010093,
    -0.391624699204,-0.388372388315,-0.385120077426,-0.381867766537),
  .QUASI_UNIFORM_KNOTS.);
#3086 = CARTESIAN_POINT('',(1.570796326794,26.097088822676));
#3087 = CARTESIAN_POINT('',(1.559564542824,26.104113761832));
#3088 = CARTESIAN_POINT('',(1.537093304656,26.118255699173));
#3089 = CARTESIAN_POINT('',(1.503372673653,26.139708372584));
#3090 = CARTESIAN_POINT('',(1.469647332234,26.161364402722));
#3091 = CARTESIAN_POINT('',(1.435926951331,26.183187382377));
#3092 = CARTESIAN_POINT('',(1.402221355829,26.205140891478));
#3093 = CARTESIAN_POINT('',(1.368539871925,26.227188557939));
#3094 = CARTESIAN_POINT('',(1.334892701025,26.249293830585));
#3095 = CARTESIAN_POINT('',(1.301280097043,26.271422189834));
#3096 = CARTESIAN_POINT('',(1.267707289741,26.293536229936));
#3097 = CARTESIAN_POINT('',(1.234181498728,26.315598922949));
#3098 = CARTESIAN_POINT('',(1.200711658806,26.337573139281));
#3099 = CARTESIAN_POINT('',(1.167308147871,26.359421778122));
#3100 = CARTESIAN_POINT('',(1.133982517583,26.381107725193));
#3101 = CARTESIAN_POINT('',(1.100747158062,26.402593891302));
#3102 = CARTESIAN_POINT('',(1.067615184325,26.423843100383));
#3103 = CARTESIAN_POINT('',(1.034599477434,26.444818498775));
#3104 = CARTESIAN_POINT('',(1.001714877238,26.465482030074));
#3105 = CARTESIAN_POINT('',(0.968968623322,26.485800126439));
#3106 = CARTESIAN_POINT('',(0.936394677855,26.505722468526));
#3107 = CARTESIAN_POINT('',(0.903924315065,26.525261254437));
#3108 = CARTESIAN_POINT('',(0.870689828311,26.544896705439));
#3109 = CARTESIAN_POINT('',(0.836913943901,26.564451862469));
#3110 = CARTESIAN_POINT('',(0.802587408938,26.583889040373));
#3111 = CARTESIAN_POINT('',(0.767761339012,26.603133236283));
#3112 = CARTESIAN_POINT('',(0.732468179146,26.622119444286));
#3113 = CARTESIAN_POINT('',(0.696742139008,26.640779988358));
#3114 = CARTESIAN_POINT('',(0.660612947525,26.659047875961));
#3115 = CARTESIAN_POINT('',(0.624106764048,26.676856050732));
#3116 = CARTESIAN_POINT('',(0.587245127664,26.694137028117));
#3117 = CARTESIAN_POINT('',(0.550044649787,26.710825100148));
#3118 = CARTESIAN_POINT('',(0.512515807387,26.726847880714));
#3119 = CARTESIAN_POINT('',(0.474664712196,26.742160387319));
#3120 = CARTESIAN_POINT('',(0.436514463591,26.756717717998));
#3121 = CARTESIAN_POINT('',(0.398085412246,26.770466900528));
#3122 = CARTESIAN_POINT('',(0.359396120229,26.783356961285));
#3123 = CARTESIAN_POINT('',(0.32046274974,26.795337002513));
#3124 = CARTESIAN_POINT('',(0.281296942692,26.806353824382));
#3125 = CARTESIAN_POINT('',(0.241912536892,26.816365853208));
#3126 = CARTESIAN_POINT('',(0.202325709639,26.825342674444));
#3127 = CARTESIAN_POINT('',(0.16255790953,26.833250351127));
#3128 = CARTESIAN_POINT('',(0.122602555467,26.840059822275));
#3129 = CARTESIAN_POINT('',(8.25507490924E-02,26.845726045399));
#3130 = CARTESIAN_POINT('',(4.211801148477E-02,26.85026302806));
#3131 = CARTESIAN_POINT('',(1.427251726286E-02,26.852541388835));
#3132 = CARTESIAN_POINT('',(0.,26.85349582921));
#3133 = ( GEOMETRIC_REPRESENTATION_CONTEXT(2) 
PARAMETRIC_REPRESENTATION_CONTEXT() REPRESENTATION_CONTEXT('2D SPACE',''
  ) );
#3134 = ORIENTED_EDGE('',*,*,#2791,.F.);
#3135 = ORIENTED_EDGE('',*,*,#2846,.T.);
#3136 = ADVANCED_FACE('',(#3137),#832,.F.);
#3137 = FACE_BOUND('',#3138,.F.);
#3138 = EDGE_LOOP('',(#3139,#3140,#3163,#3192,#3213,#3214,#3215,#3216));
#3139 = ORIENTED_EDGE('',*,*,#1206,.F.);
#3140 = ORIENTED_EDGE('',*,*,#3141,.F.);
#3141 = EDGE_CURVE('',#3142,#1157,#3144,.T.);
#3142 = VERTEX_POINT('',#3143);
#3143 = CARTESIAN_POINT('',(-2.523965560062,-1.091832336771,-16.6));
#3144 = SURFACE_CURVE('',#3145,(#3149,#3156),.PCURVE_S1.);
#3145 = LINE('',#3146,#3147);
#3146 = CARTESIAN_POINT('',(-2.523965560062,-1.091832336771,-16.6));
#3147 = VECTOR('',#3148,1.);
#3148 = DIRECTION('',(3.420233728502E-07,6.730662184411E-07,-1.));
#3149 = PCURVE('',#832,#3150);
#3150 = DEFINITIONAL_REPRESENTATION('',(#3151),#3155);
#3151 = LINE('',#3152,#3153);
#3152 = CARTESIAN_POINT('',(-1.979074855154,-2.2));
#3153 = VECTOR('',#3154,1.);
#3154 = DIRECTION('',(1.752548329021E-07,1.));
#3155 = ( GEOMETRIC_REPRESENTATION_CONTEXT(2) 
PARAMETRIC_REPRESENTATION_CONTEXT() REPRESENTATION_CONTEXT('2D SPACE',''
  ) );
#3156 = PCURVE('',#1194,#3157);
#3157 = DEFINITIONAL_REPRESENTATION('',(#3158),#3162);
#3158 = LINE('',#3159,#3160);
#3159 = CARTESIAN_POINT('',(19.700128943277,-2.2));
#3160 = VECTOR('',#3161,1.);
#3161 = DIRECTION('',(7.514273153767E-07,1.));
#3162 = ( GEOMETRIC_REPRESENTATION_CONTEXT(2) 
PARAMETRIC_REPRESENTATION_CONTEXT() REPRESENTATION_CONTEXT('2D SPACE',''
  ) );
#3163 = ORIENTED_EDGE('',*,*,#3164,.T.);
#3164 = EDGE_CURVE('',#3142,#3165,#3167,.T.);
#3165 = VERTEX_POINT('',#3166);
#3166 = CARTESIAN_POINT('',(2.523965560062,-1.091832336771,-16.6));
#3167 = SURFACE_CURVE('',#3168,(#3173,#3180),.PCURVE_S1.);
#3168 = CIRCLE('',#3169,2.75);
#3169 = AXIS2_PLACEMENT_3D('',#3170,#3171,#3172);
#3170 = CARTESIAN_POINT('',(5.291892352179E-60,1.7763568394E-14,-16.6));
#3171 = DIRECTION('',(0.,-0.,-1.));
#3172 = DIRECTION('',(-0.917805658204,-0.397029940644,0.));
#3173 = PCURVE('',#832,#3174);
#3174 = DEFINITIONAL_REPRESENTATION('',(#3175),#3179);
#3175 = LINE('',#3176,#3177);
#3176 = CARTESIAN_POINT('',(-1.979074855154,-2.2));
#3177 = VECTOR('',#3178,1.);
#3178 = DIRECTION('',(1.,0.));
#3179 = ( GEOMETRIC_REPRESENTATION_CONTEXT(2) 
PARAMETRIC_REPRESENTATION_CONTEXT() REPRESENTATION_CONTEXT('2D SPACE',''
  ) );
#3180 = PCURVE('',#3181,#3186);
#3181 = PLANE('',#3182);
#3182 = AXIS2_PLACEMENT_3D('',#3183,#3184,#3185);
#3183 = CARTESIAN_POINT('',(5.291892352179E-60,1.7763568394E-14,-16.6));
#3184 = DIRECTION('',(0.,-0.,-1.));
#3185 = DIRECTION('',(-1.,3.889384548663E-62,0.));
#3186 = DEFINITIONAL_REPRESENTATION('',(#3187),#3191);
#3187 = CIRCLE('',#3188,2.75);
#3188 = AXIS2_PLACEMENT_2D('',#3189,#3190);
#3189 = CARTESIAN_POINT('',(0.,0.));
#3190 = DIRECTION('',(0.917805658204,-0.397029940644));
#3191 = ( GEOMETRIC_REPRESENTATION_CONTEXT(2) 
PARAMETRIC_REPRESENTATION_CONTEXT() REPRESENTATION_CONTEXT('2D SPACE',''
  ) );
#3192 = ORIENTED_EDGE('',*,*,#3193,.F.);
#3193 = EDGE_CURVE('',#2924,#3165,#3194,.T.);
#3194 = SURFACE_CURVE('',#3195,(#3199,#3206),.PCURVE_S1.);
#3195 = LINE('',#3196,#3197);
#3196 = CARTESIAN_POINT('',(2.523965560062,-1.091832336771,
    -19.7999998546));
#3197 = VECTOR('',#3198,1.);
#3198 = DIRECTION('',(0.,0.,1.));
#3199 = PCURVE('',#832,#3200);
#3200 = DEFINITIONAL_REPRESENTATION('',(#3201),#3205);
#3201 = LINE('',#3202,#3203);
#3202 = CARTESIAN_POINT('',(1.979074855154,0.999999854607));
#3203 = VECTOR('',#3204,1.);
#3204 = DIRECTION('',(0.,-1.));
#3205 = ( GEOMETRIC_REPRESENTATION_CONTEXT(2) 
PARAMETRIC_REPRESENTATION_CONTEXT() REPRESENTATION_CONTEXT('2D SPACE',''
  ) );
#3206 = PCURVE('',#2189,#3207);
#3207 = DEFINITIONAL_REPRESENTATION('',(#3208),#3212);
#3208 = LINE('',#3209,#3210);
#3209 = CARTESIAN_POINT('',(0.,0.999999854607));
#3210 = VECTOR('',#3211,1.);
#3211 = DIRECTION('',(0.,-1.));
#3212 = ( GEOMETRIC_REPRESENTATION_CONTEXT(2) 
PARAMETRIC_REPRESENTATION_CONTEXT() REPRESENTATION_CONTEXT('2D SPACE',''
  ) );
#3213 = ORIENTED_EDGE('',*,*,#2923,.F.);
#3214 = ORIENTED_EDGE('',*,*,#2897,.T.);
#3215 = ORIENTED_EDGE('',*,*,#813,.T.);
#3216 = ORIENTED_EDGE('',*,*,#927,.F.);
#3217 = ADVANCED_FACE('',(#3218),#1194,.F.);
#3218 = FACE_BOUND('',#3219,.F.);
#3219 = EDGE_LOOP('',(#3220,#3221,#3242,#3243,#3266,#3292));
#3220 = ORIENTED_EDGE('',*,*,#1156,.F.);
#3221 = ORIENTED_EDGE('',*,*,#3222,.F.);
#3222 = EDGE_CURVE('',#1917,#1128,#3223,.T.);
#3223 = SURFACE_CURVE('',#3224,(#3228,#3235),.PCURVE_S1.);
#3224 = LINE('',#3225,#3226);
#3225 = CARTESIAN_POINT('',(-7.204694400036,-8.439104887268,-17.));
#3226 = VECTOR('',#3227,1.);
#3227 = DIRECTION('',(0.537299608347,0.843391445813,0.));
#3228 = PCURVE('',#1194,#3229);
#3229 = DEFINITIONAL_REPRESENTATION('',(#3230),#3234);
#3230 = LINE('',#3231,#3232);
#3231 = CARTESIAN_POINT('',(10.988548351637,-1.8));
#3232 = VECTOR('',#3233,1.);
#3233 = DIRECTION('',(1.,0.));
#3234 = ( GEOMETRIC_REPRESENTATION_CONTEXT(2) 
PARAMETRIC_REPRESENTATION_CONTEXT() REPRESENTATION_CONTEXT('2D SPACE',''
  ) );
#3235 = PCURVE('',#1144,#3236);
#3236 = DEFINITIONAL_REPRESENTATION('',(#3237),#3241);
#3237 = LINE('',#3238,#3239);
#3238 = CARTESIAN_POINT('',(7.204694400036,-8.439104887268));
#3239 = VECTOR('',#3240,1.);
#3240 = DIRECTION('',(-0.537299608347,0.843391445813));
#3241 = ( GEOMETRIC_REPRESENTATION_CONTEXT(2) 
PARAMETRIC_REPRESENTATION_CONTEXT() REPRESENTATION_CONTEXT('2D SPACE',''
  ) );
#3242 = ORIENTED_EDGE('',*,*,#1940,.F.);
#3243 = ORIENTED_EDGE('',*,*,#3244,.T.);
#3244 = EDGE_CURVE('',#1941,#3245,#3247,.T.);
#3245 = VERTEX_POINT('',#3246);
#3246 = CARTESIAN_POINT('',(-2.523965560062,-1.091832336771,-14.8));
#3247 = SURFACE_CURVE('',#3248,(#3252,#3259),.PCURVE_S1.);
#3248 = LINE('',#3249,#3250);
#3249 = CARTESIAN_POINT('',(-3.884319413151,-3.227160159741,-14.8));
#3250 = VECTOR('',#3251,1.);
#3251 = DIRECTION('',(0.537299608347,0.843391445813,0.));
#3252 = PCURVE('',#1194,#3253);
#3253 = DEFINITIONAL_REPRESENTATION('',(#3254),#3258);
#3254 = LINE('',#3255,#3256);
#3255 = CARTESIAN_POINT('',(17.1682941309,-4.));
#3256 = VECTOR('',#3257,1.);
#3257 = DIRECTION('',(1.,0.));
#3258 = ( GEOMETRIC_REPRESENTATION_CONTEXT(2) 
PARAMETRIC_REPRESENTATION_CONTEXT() REPRESENTATION_CONTEXT('2D SPACE',''
  ) );
#3259 = PCURVE('',#1980,#3260);
#3260 = DEFINITIONAL_REPRESENTATION('',(#3261),#3265);
#3261 = LINE('',#3262,#3263);
#3262 = CARTESIAN_POINT('',(-3.884319413151,-3.227160159741));
#3263 = VECTOR('',#3264,1.);
#3264 = DIRECTION('',(0.537299608347,0.843391445813));
#3265 = ( GEOMETRIC_REPRESENTATION_CONTEXT(2) 
PARAMETRIC_REPRESENTATION_CONTEXT() REPRESENTATION_CONTEXT('2D SPACE',''
  ) );
#3266 = ORIENTED_EDGE('',*,*,#3267,.F.);
#3267 = EDGE_CURVE('',#3142,#3245,#3268,.T.);
#3268 = SURFACE_CURVE('',#3269,(#3273,#3280),.PCURVE_S1.);
#3269 = LINE('',#3270,#3271);
#3270 = CARTESIAN_POINT('',(-2.523965560062,-1.091832336771,-16.6));
#3271 = VECTOR('',#3272,1.);
#3272 = DIRECTION('',(0.,0.,1.));
#3273 = PCURVE('',#1194,#3274);
#3274 = DEFINITIONAL_REPRESENTATION('',(#3275),#3279);
#3275 = LINE('',#3276,#3277);
#3276 = CARTESIAN_POINT('',(19.700128943277,-2.2));
#3277 = VECTOR('',#3278,1.);
#3278 = DIRECTION('',(0.,-1.));
#3279 = ( GEOMETRIC_REPRESENTATION_CONTEXT(2) 
PARAMETRIC_REPRESENTATION_CONTEXT() REPRESENTATION_CONTEXT('2D SPACE',''
  ) );
#3280 = PCURVE('',#3281,#3286);
#3281 = CYLINDRICAL_SURFACE('',#3282,2.75);
#3282 = AXIS2_PLACEMENT_3D('',#3283,#3284,#3285);
#3283 = CARTESIAN_POINT('',(5.291892352179E-60,1.7763568394E-14,-18.8));
#3284 = DIRECTION('',(0.,-0.,-1.));
#3285 = DIRECTION('',(-1.,3.889384548663E-62,0.));
#3286 = DEFINITIONAL_REPRESENTATION('',(#3287),#3291);
#3287 = LINE('',#3288,#3289);
#3288 = CARTESIAN_POINT('',(5.874906778821,-2.2));
#3289 = VECTOR('',#3290,1.);
#3290 = DIRECTION('',(0.,-1.));
#3291 = ( GEOMETRIC_REPRESENTATION_CONTEXT(2) 
PARAMETRIC_REPRESENTATION_CONTEXT() REPRESENTATION_CONTEXT('2D SPACE',''
  ) );
#3292 = ORIENTED_EDGE('',*,*,#3141,.T.);
#3293 = ADVANCED_FACE('',(#3294),#1144,.F.);
#3294 = FACE_BOUND('',#3295,.T.);
#3295 = EDGE_LOOP('',(#3296,#3317,#3318,#3319));
#3296 = ORIENTED_EDGE('',*,*,#3297,.T.);
#3297 = EDGE_CURVE('',#1843,#1001,#3298,.T.);
#3298 = SURFACE_CURVE('',#3299,(#3303,#3310),.PCURVE_S1.);
#3299 = LINE('',#3300,#3301);
#3300 = CARTESIAN_POINT('',(-2.170656583728,-4.5596874888,-17.));
#3301 = VECTOR('',#3302,1.);
#3302 = DIRECTION('',(0.5,0.866025403784,0.));
#3303 = PCURVE('',#1144,#3304);
#3304 = DEFINITIONAL_REPRESENTATION('',(#3305),#3309);
#3305 = LINE('',#3306,#3307);
#3306 = CARTESIAN_POINT('',(2.170656583728,-4.5596874888));
#3307 = VECTOR('',#3308,1.);
#3308 = DIRECTION('',(-0.5,0.866025403784));
#3309 = ( GEOMETRIC_REPRESENTATION_CONTEXT(2) 
PARAMETRIC_REPRESENTATION_CONTEXT() REPRESENTATION_CONTEXT('2D SPACE',''
  ) );
#3310 = PCURVE('',#1071,#3311);
#3311 = DEFINITIONAL_REPRESENTATION('',(#3312),#3316);
#3312 = LINE('',#3313,#3314);
#3313 = CARTESIAN_POINT('',(0.,16.292053004743));
#3314 = VECTOR('',#3315,1.);
#3315 = DIRECTION('',(0.,1.));
#3316 = ( GEOMETRIC_REPRESENTATION_CONTEXT(2) 
PARAMETRIC_REPRESENTATION_CONTEXT() REPRESENTATION_CONTEXT('2D SPACE',''
  ) );
#3317 = ORIENTED_EDGE('',*,*,#1127,.T.);
#3318 = ORIENTED_EDGE('',*,*,#3222,.F.);
#3319 = ORIENTED_EDGE('',*,*,#1916,.F.);
#3320 = ADVANCED_FACE('',(#3321),#2218,.F.);
#3321 = FACE_BOUND('',#3322,.T.);
#3322 = EDGE_LOOP('',(#3323,#3344,#3345,#3366));
#3323 = ORIENTED_EDGE('',*,*,#3324,.T.);
#3324 = EDGE_CURVE('',#2992,#2202,#3325,.T.);
#3325 = SURFACE_CURVE('',#3326,(#3330,#3337),.PCURVE_S1.);
#3326 = LINE('',#3327,#3328);
#3327 = CARTESIAN_POINT('',(2.070327595798,-4.385912584234,-17.));
#3328 = VECTOR('',#3329,1.);
#3329 = DIRECTION('',(0.5,-0.866025403784,0.));
#3330 = PCURVE('',#2218,#3331);
#3331 = DEFINITIONAL_REPRESENTATION('',(#3332),#3336);
#3332 = LINE('',#3333,#3334);
#3333 = CARTESIAN_POINT('',(-2.070327595798,-4.385912584234));
#3334 = VECTOR('',#3335,1.);
#3335 = DIRECTION('',(-0.5,-0.866025403784));
#3336 = ( GEOMETRIC_REPRESENTATION_CONTEXT(2) 
PARAMETRIC_REPRESENTATION_CONTEXT() REPRESENTATION_CONTEXT('2D SPACE',''
  ) );
#3337 = PCURVE('',#2275,#3338);
#3338 = DEFINITIONAL_REPRESENTATION('',(#3339),#3343);
#3339 = LINE('',#3340,#3341);
#3340 = CARTESIAN_POINT('',(0.,26.85349582921));
#3341 = VECTOR('',#3342,1.);
#3342 = DIRECTION('',(0.,1.));
#3343 = ( GEOMETRIC_REPRESENTATION_CONTEXT(2) 
PARAMETRIC_REPRESENTATION_CONTEXT() REPRESENTATION_CONTEXT('2D SPACE',''
  ) );
#3344 = ORIENTED_EDGE('',*,*,#2201,.F.);
#3345 = ORIENTED_EDGE('',*,*,#3346,.F.);
#3346 = EDGE_CURVE('',#2947,#2174,#3347,.T.);
#3347 = SURFACE_CURVE('',#3348,(#3352,#3359),.PCURVE_S1.);
#3348 = LINE('',#3349,#3350);
#3349 = CARTESIAN_POINT('',(3.771229071274,-3.049644036353,
    -16.99999980333));
#3350 = VECTOR('',#3351,1.);
#3351 = DIRECTION('',(0.537299942419,-0.843391232985,-9.343624774617E-07
    ));
#3352 = PCURVE('',#2218,#3353);
#3353 = DEFINITIONAL_REPRESENTATION('',(#3354),#3358);
#3354 = LINE('',#3355,#3356);
#3355 = CARTESIAN_POINT('',(-3.771229071274,-3.049644036353));
#3356 = VECTOR('',#3357,1.);
#3357 = DIRECTION('',(-0.537299942419,-0.843391232985));
#3358 = ( GEOMETRIC_REPRESENTATION_CONTEXT(2) 
PARAMETRIC_REPRESENTATION_CONTEXT() REPRESENTATION_CONTEXT('2D SPACE',''
  ) );
#3359 = PCURVE('',#2189,#3360);
#3360 = DEFINITIONAL_REPRESENTATION('',(#3361),#3365);
#3361 = LINE('',#3362,#3363);
#3362 = CARTESIAN_POINT('',(2.321355836019,-1.800000196664));
#3363 = VECTOR('',#3364,1.);
#3364 = DIRECTION('',(1.,9.343624774618E-07));
#3365 = ( GEOMETRIC_REPRESENTATION_CONTEXT(2) 
PARAMETRIC_REPRESENTATION_CONTEXT() REPRESENTATION_CONTEXT('2D SPACE',''
  ) );
#3366 = ORIENTED_EDGE('',*,*,#2991,.T.);
#3367 = ADVANCED_FACE('',(#3368),#1071,.T.);
#3368 = FACE_BOUND('',#3369,.T.);
#3369 = EDGE_LOOP('',(#3370,#3371,#3372,#3373));
#3370 = ORIENTED_EDGE('',*,*,#1000,.F.);
#3371 = ORIENTED_EDGE('',*,*,#3297,.F.);
#3372 = ORIENTED_EDGE('',*,*,#1842,.F.);
#3373 = ORIENTED_EDGE('',*,*,#1233,.T.);
#3374 = ADVANCED_FACE('',(#3375),#2275,.T.);
#3375 = FACE_BOUND('',#3376,.T.);
#3376 = EDGE_LOOP('',(#3377,#3378,#3379,#3380));
#3377 = ORIENTED_EDGE('',*,*,#2230,.F.);
#3378 = ORIENTED_EDGE('',*,*,#3324,.F.);
#3379 = ORIENTED_EDGE('',*,*,#3015,.F.);
#3380 = ORIENTED_EDGE('',*,*,#2768,.T.);
#3381 = ADVANCED_FACE('',(#3382),#2189,.F.);
#3382 = FACE_BOUND('',#3383,.F.);
#3383 = EDGE_LOOP('',(#3384,#3385,#3386,#3409,#3430,#3431));
#3384 = ORIENTED_EDGE('',*,*,#2946,.F.);
#3385 = ORIENTED_EDGE('',*,*,#3193,.T.);
#3386 = ORIENTED_EDGE('',*,*,#3387,.T.);
#3387 = EDGE_CURVE('',#3165,#3388,#3390,.T.);
#3388 = VERTEX_POINT('',#3389);
#3389 = CARTESIAN_POINT('',(2.523965560062,-1.091832336771,-14.8));
#3390 = SURFACE_CURVE('',#3391,(#3395,#3402),.PCURVE_S1.);
#3391 = LINE('',#3392,#3393);
#3392 = CARTESIAN_POINT('',(2.523965560062,-1.091832336771,-16.6));
#3393 = VECTOR('',#3394,1.);
#3394 = DIRECTION('',(0.,0.,1.));
#3395 = PCURVE('',#2189,#3396);
#3396 = DEFINITIONAL_REPRESENTATION('',(#3397),#3401);
#3397 = LINE('',#3398,#3399);
#3398 = CARTESIAN_POINT('',(0.,-2.2));
#3399 = VECTOR('',#3400,1.);
#3400 = DIRECTION('',(0.,-1.));
#3401 = ( GEOMETRIC_REPRESENTATION_CONTEXT(2) 
PARAMETRIC_REPRESENTATION_CONTEXT() REPRESENTATION_CONTEXT('2D SPACE',''
  ) );
#3402 = PCURVE('',#3281,#3403);
#3403 = DEFINITIONAL_REPRESENTATION('',(#3404),#3408);
#3404 = LINE('',#3405,#3406);
#3405 = CARTESIAN_POINT('',(3.549871181949,-2.2));
#3406 = VECTOR('',#3407,1.);
#3407 = DIRECTION('',(0.,-1.));
#3408 = ( GEOMETRIC_REPRESENTATION_CONTEXT(2) 
PARAMETRIC_REPRESENTATION_CONTEXT() REPRESENTATION_CONTEXT('2D SPACE',''
  ) );
#3409 = ORIENTED_EDGE('',*,*,#3410,.F.);
#3410 = EDGE_CURVE('',#2150,#3388,#3411,.T.);
#3411 = SURFACE_CURVE('',#3412,(#3416,#3423),.PCURVE_S1.);
#3412 = LINE('',#3413,#3414);
#3413 = CARTESIAN_POINT('',(3.884319413151,-3.227160159741,-14.8));
#3414 = VECTOR('',#3415,1.);
#3415 = DIRECTION('',(-0.537299608347,0.843391445813,0.));
#3416 = PCURVE('',#2189,#3417);
#3417 = DEFINITIONAL_REPRESENTATION('',(#3418),#3422);
#3418 = LINE('',#3419,#3420);
#3419 = CARTESIAN_POINT('',(2.531834812377,-4.));
#3420 = VECTOR('',#3421,1.);
#3421 = DIRECTION('',(-1.,-0.));
#3422 = ( GEOMETRIC_REPRESENTATION_CONTEXT(2) 
PARAMETRIC_REPRESENTATION_CONTEXT() REPRESENTATION_CONTEXT('2D SPACE',''
  ) );
#3423 = PCURVE('',#1980,#3424);
#3424 = DEFINITIONAL_REPRESENTATION('',(#3425),#3429);
#3425 = LINE('',#3426,#3427);
#3426 = CARTESIAN_POINT('',(3.884319413151,-3.227160159741));
#3427 = VECTOR('',#3428,1.);
#3428 = DIRECTION('',(-0.537299608347,0.843391445813));
#3429 = ( GEOMETRIC_REPRESENTATION_CONTEXT(2) 
PARAMETRIC_REPRESENTATION_CONTEXT() REPRESENTATION_CONTEXT('2D SPACE',''
  ) );
#3430 = ORIENTED_EDGE('',*,*,#2173,.T.);
#3431 = ORIENTED_EDGE('',*,*,#3346,.F.);
#3432 = ADVANCED_FACE('',(#3433),#3281,.T.);
#3433 = FACE_BOUND('',#3434,.T.);
#3434 = EDGE_LOOP('',(#3435,#3461,#3462,#3484));
#3435 = ORIENTED_EDGE('',*,*,#3436,.T.);
#3436 = EDGE_CURVE('',#3388,#3245,#3437,.T.);
#3437 = SURFACE_CURVE('',#3438,(#3443,#3450),.PCURVE_S1.);
#3438 = CIRCLE('',#3439,2.75);
#3439 = AXIS2_PLACEMENT_3D('',#3440,#3441,#3442);
#3440 = CARTESIAN_POINT('',(5.291892352179E-60,1.7763568394E-14,-14.8));
#3441 = DIRECTION('',(0.,-0.,-1.));
#3442 = DIRECTION('',(0.917805658204,-0.397029940644,0.));
#3443 = PCURVE('',#3281,#3444);
#3444 = DEFINITIONAL_REPRESENTATION('',(#3445),#3449);
#3445 = LINE('',#3446,#3447);
#3446 = CARTESIAN_POINT('',(3.549871181949,-4.));
#3447 = VECTOR('',#3448,1.);
#3448 = DIRECTION('',(1.,0.));
#3449 = ( GEOMETRIC_REPRESENTATION_CONTEXT(2) 
PARAMETRIC_REPRESENTATION_CONTEXT() REPRESENTATION_CONTEXT('2D SPACE',''
  ) );
#3450 = PCURVE('',#1980,#3451);
#3451 = DEFINITIONAL_REPRESENTATION('',(#3452),#3460);
#3452 = ( BOUNDED_CURVE() B_SPLINE_CURVE(2,(#3453,#3454,#3455,#3456,
#3457,#3458,#3459),.UNSPECIFIED.,.T.,.F.) B_SPLINE_CURVE_WITH_KNOTS((1,2
    ,2,2,2,1),(-2.094395102393,0.,2.094395102393,4.188790204786,
6.28318530718,8.377580409573),.UNSPECIFIED.) CURVE() 
GEOMETRIC_REPRESENTATION_ITEM() RATIONAL_B_SPLINE_CURVE((1.,0.5,1.,0.5,
1.,0.5,1.)) REPRESENTATION_ITEM('') );
#3453 = CARTESIAN_POINT('',(2.523965560062,-1.091832336771));
#3454 = CARTESIAN_POINT('',(0.632856479428,-5.463468923353));
#3455 = CARTESIAN_POINT('',(-2.207537320348,-1.639902124905));
#3456 = CARTESIAN_POINT('',(-5.047931120125,2.183664673542));
#3457 = CARTESIAN_POINT('',(-0.316428239714,2.731734461677));
#3458 = CARTESIAN_POINT('',(4.415074640697,3.279804249811));
#3459 = CARTESIAN_POINT('',(2.523965560062,-1.091832336771));
#3460 = ( GEOMETRIC_REPRESENTATION_CONTEXT(2) 
PARAMETRIC_REPRESENTATION_CONTEXT() REPRESENTATION_CONTEXT('2D SPACE',''
  ) );
#3461 = ORIENTED_EDGE('',*,*,#3267,.F.);
#3462 = ORIENTED_EDGE('',*,*,#3463,.F.);
#3463 = EDGE_CURVE('',#3165,#3142,#3464,.T.);
#3464 = SURFACE_CURVE('',#3465,(#3470,#3477),.PCURVE_S1.);
#3465 = CIRCLE('',#3466,2.75);
#3466 = AXIS2_PLACEMENT_3D('',#3467,#3468,#3469);
#3467 = CARTESIAN_POINT('',(5.291892352179E-60,1.7763568394E-14,-16.6));
#3468 = DIRECTION('',(0.,-0.,-1.));
#3469 = DIRECTION('',(0.917805658204,-0.397029940644,0.));
#3470 = PCURVE('',#3281,#3471);
#3471 = DEFINITIONAL_REPRESENTATION('',(#3472),#3476);
#3472 = LINE('',#3473,#3474);
#3473 = CARTESIAN_POINT('',(3.549871181949,-2.2));
#3474 = VECTOR('',#3475,1.);
#3475 = DIRECTION('',(1.,0.));
#3476 = ( GEOMETRIC_REPRESENTATION_CONTEXT(2) 
PARAMETRIC_REPRESENTATION_CONTEXT() REPRESENTATION_CONTEXT('2D SPACE',''
  ) );
#3477 = PCURVE('',#3181,#3478);
#3478 = DEFINITIONAL_REPRESENTATION('',(#3479),#3483);
#3479 = CIRCLE('',#3480,2.75);
#3480 = AXIS2_PLACEMENT_2D('',#3481,#3482);
#3481 = CARTESIAN_POINT('',(0.,0.));
#3482 = DIRECTION('',(-0.917805658204,-0.397029940644));
#3483 = ( GEOMETRIC_REPRESENTATION_CONTEXT(2) 
PARAMETRIC_REPRESENTATION_CONTEXT() REPRESENTATION_CONTEXT('2D SPACE',''
  ) );
#3484 = ORIENTED_EDGE('',*,*,#3387,.T.);
#3485 = ADVANCED_FACE('',(#3486,#3565),#1980,.T.);
#3486 = FACE_BOUND('',#3487,.T.);
#3487 = EDGE_LOOP('',(#3488,#3511,#3539,#3560,#3561,#3562,#3563,#3564));
#3488 = ORIENTED_EDGE('',*,*,#3489,.T.);
#3489 = EDGE_CURVE('',#2116,#3490,#3492,.T.);
#3490 = VERTEX_POINT('',#3491);
#3491 = CARTESIAN_POINT('',(1.,2.586231041578,-14.8));
#3492 = SURFACE_CURVE('',#3493,(#3497,#3504),.PCURVE_S1.);
#3493 = LINE('',#3494,#3495);
#3494 = CARTESIAN_POINT('',(1.,4.95,-14.8));
#3495 = VECTOR('',#3496,1.);
#3496 = DIRECTION('',(-5.95814110634E-46,-1.,0.));
#3497 = PCURVE('',#1980,#3498);
#3498 = DEFINITIONAL_REPRESENTATION('',(#3499),#3503);
#3499 = LINE('',#3500,#3501);
#3500 = CARTESIAN_POINT('',(1.,4.95));
#3501 = VECTOR('',#3502,1.);
#3502 = DIRECTION('',(0.,-1.));
#3503 = ( GEOMETRIC_REPRESENTATION_CONTEXT(2) 
PARAMETRIC_REPRESENTATION_CONTEXT() REPRESENTATION_CONTEXT('2D SPACE',''
  ) );
#3504 = PCURVE('',#2131,#3505);
#3505 = DEFINITIONAL_REPRESENTATION('',(#3506),#3510);
#3506 = LINE('',#3507,#3508);
#3507 = CARTESIAN_POINT('',(-0.141421356237,-1.081884479211));
#3508 = VECTOR('',#3509,1.);
#3509 = DIRECTION('',(0.,1.));
#3510 = ( GEOMETRIC_REPRESENTATION_CONTEXT(2) 
PARAMETRIC_REPRESENTATION_CONTEXT() REPRESENTATION_CONTEXT('2D SPACE',''
  ) );
#3511 = ORIENTED_EDGE('',*,*,#3512,.T.);
#3512 = EDGE_CURVE('',#3490,#3513,#3515,.T.);
#3513 = VERTEX_POINT('',#3514);
#3514 = CARTESIAN_POINT('',(-1.,2.586231041578,-14.8));
#3515 = SURFACE_CURVE('',#3516,(#3520,#3527),.PCURVE_S1.);
#3516 = LINE('',#3517,#3518);
#3517 = CARTESIAN_POINT('',(1.,2.586231041578,-14.8));
#3518 = VECTOR('',#3519,1.);
#3519 = DIRECTION('',(-1.,3.889384548663E-62,0.));
#3520 = PCURVE('',#1980,#3521);
#3521 = DEFINITIONAL_REPRESENTATION('',(#3522),#3526);
#3522 = LINE('',#3523,#3524);
#3523 = CARTESIAN_POINT('',(1.,2.586231041578));
#3524 = VECTOR('',#3525,1.);
#3525 = DIRECTION('',(-1.,0.));
#3526 = ( GEOMETRIC_REPRESENTATION_CONTEXT(2) 
PARAMETRIC_REPRESENTATION_CONTEXT() REPRESENTATION_CONTEXT('2D SPACE',''
  ) );
#3527 = PCURVE('',#3528,#3533);
#3528 = PLANE('',#3529);
#3529 = AXIS2_PLACEMENT_3D('',#3530,#3531,#3532);
#3530 = CARTESIAN_POINT('',(1.600494358995E-45,2.686231041578,-14.9));
#3531 = DIRECTION('',(4.213041979559E-46,0.707106781187,0.707106781187)
  );
#3532 = DIRECTION('',(4.213041979559E-46,0.707106781187,-0.707106781187)
  );
#3533 = DEFINITIONAL_REPRESENTATION('',(#3534),#3538);
#3534 = LINE('',#3535,#3536);
#3535 = CARTESIAN_POINT('',(-0.141421356237,-1.));
#3536 = VECTOR('',#3537,1.);
#3537 = DIRECTION('',(-0.,1.));
#3538 = ( GEOMETRIC_REPRESENTATION_CONTEXT(2) 
PARAMETRIC_REPRESENTATION_CONTEXT() REPRESENTATION_CONTEXT('2D SPACE',''
  ) );
#3539 = ORIENTED_EDGE('',*,*,#3540,.T.);
#3540 = EDGE_CURVE('',#3513,#1964,#3541,.T.);
#3541 = SURFACE_CURVE('',#3542,(#3546,#3553),.PCURVE_S1.);
#3542 = LINE('',#3543,#3544);
#3543 = CARTESIAN_POINT('',(-1.,2.586231041578,-14.8));
#3544 = VECTOR('',#3545,1.);
#3545 = DIRECTION('',(5.95814110634E-46,1.,0.));
#3546 = PCURVE('',#1980,#3547);
#3547 = DEFINITIONAL_REPRESENTATION('',(#3548),#3552);
#3548 = LINE('',#3549,#3550);
#3549 = CARTESIAN_POINT('',(-1.,2.586231041578));
#3550 = VECTOR('',#3551,1.);
#3551 = DIRECTION('',(0.,1.));
#3552 = ( GEOMETRIC_REPRESENTATION_CONTEXT(2) 
PARAMETRIC_REPRESENTATION_CONTEXT() REPRESENTATION_CONTEXT('2D SPACE',''
  ) );
#3553 = PCURVE('',#2008,#3554);
#3554 = DEFINITIONAL_REPRESENTATION('',(#3555),#3559);
#3555 = LINE('',#3556,#3557);
#3556 = CARTESIAN_POINT('',(-0.141421356237,-1.281884479211));
#3557 = VECTOR('',#3558,1.);
#3558 = DIRECTION('',(0.,1.));
#3559 = ( GEOMETRIC_REPRESENTATION_CONTEXT(2) 
PARAMETRIC_REPRESENTATION_CONTEXT() REPRESENTATION_CONTEXT('2D SPACE',''
  ) );
#3560 = ORIENTED_EDGE('',*,*,#1963,.T.);
#3561 = ORIENTED_EDGE('',*,*,#3244,.T.);
#3562 = ORIENTED_EDGE('',*,*,#3436,.F.);
#3563 = ORIENTED_EDGE('',*,*,#3410,.F.);
#3564 = ORIENTED_EDGE('',*,*,#2149,.T.);
#3565 = FACE_BOUND('',#3566,.T.);
#3566 = EDGE_LOOP('',(#3567));
#3567 = ORIENTED_EDGE('',*,*,#3568,.T.);
#3568 = EDGE_CURVE('',#3569,#3569,#3571,.T.);
#3569 = VERTEX_POINT('',#3570);
#3570 = CARTESIAN_POINT('',(1.4,1.759211784212E-14,-14.8));
#3571 = SURFACE_CURVE('',#3572,(#3577,#3588),.PCURVE_S1.);
#3572 = CIRCLE('',#3573,1.4);
#3573 = AXIS2_PLACEMENT_3D('',#3574,#3575,#3576);
#3574 = CARTESIAN_POINT('',(5.291892352179E-60,1.7763568394E-14,-14.8));
#3575 = DIRECTION('',(-0.,0.,-1.));
#3576 = DIRECTION('',(-1.,3.889384548663E-62,0.));
#3577 = PCURVE('',#1980,#3578);
#3578 = DEFINITIONAL_REPRESENTATION('',(#3579),#3587);
#3579 = ( BOUNDED_CURVE() B_SPLINE_CURVE(2,(#3580,#3581,#3582,#3583,
#3584,#3585,#3586),.UNSPECIFIED.,.T.,.F.) B_SPLINE_CURVE_WITH_KNOTS((1,2
    ,2,2,2,1),(-2.094395102393,0.,2.094395102393,4.188790204786,
6.28318530718,8.377580409573),.UNSPECIFIED.) CURVE() 
GEOMETRIC_REPRESENTATION_ITEM() RATIONAL_B_SPLINE_CURVE((1.,0.5,1.,0.5,
1.,0.5,1.)) REPRESENTATION_ITEM('') );
#3580 = CARTESIAN_POINT('',(-1.4,0.));
#3581 = CARTESIAN_POINT('',(-1.4,2.424871130596));
#3582 = CARTESIAN_POINT('',(0.7,1.212435565298));
#3583 = CARTESIAN_POINT('',(2.8,3.429011037613E-16));
#3584 = CARTESIAN_POINT('',(0.7,-1.212435565298));
#3585 = CARTESIAN_POINT('',(-1.4,-2.424871130596));
#3586 = CARTESIAN_POINT('',(-1.4,0.));
#3587 = ( GEOMETRIC_REPRESENTATION_CONTEXT(2) 
PARAMETRIC_REPRESENTATION_CONTEXT() REPRESENTATION_CONTEXT('2D SPACE',''
  ) );
#3588 = PCURVE('',#3589,#3594);
#3589 = CYLINDRICAL_SURFACE('',#3590,1.4);
#3590 = AXIS2_PLACEMENT_3D('',#3591,#3592,#3593);
#3591 = CARTESIAN_POINT('',(5.291892352179E-60,1.7763568394E-14,-18.8));
#3592 = DIRECTION('',(0.,-0.,-1.));
#3593 = DIRECTION('',(-1.,3.889384548663E-62,0.));
#3594 = DEFINITIONAL_REPRESENTATION('',(#3595),#3599);
#3595 = LINE('',#3596,#3597);
#3596 = CARTESIAN_POINT('',(0.,-4.));
#3597 = VECTOR('',#3598,1.);
#3598 = DIRECTION('',(1.,0.));
#3599 = ( GEOMETRIC_REPRESENTATION_CONTEXT(2) 
PARAMETRIC_REPRESENTATION_CONTEXT() REPRESENTATION_CONTEXT('2D SPACE',''
  ) );
#3600 = ADVANCED_FACE('',(#3601),#3589,.F.);
#3601 = FACE_BOUND('',#3602,.F.);
#3602 = EDGE_LOOP('',(#3603,#3626,#3653,#3654));
#3603 = ORIENTED_EDGE('',*,*,#3604,.T.);
#3604 = EDGE_CURVE('',#3569,#3605,#3607,.T.);
#3605 = VERTEX_POINT('',#3606);
#3606 = CARTESIAN_POINT('',(1.4,1.759211784212E-14,-15.1));
#3607 = SEAM_CURVE('',#3608,(#3612,#3619),.PCURVE_S1.);
#3608 = LINE('',#3609,#3610);
#3609 = CARTESIAN_POINT('',(1.4,1.759211784212E-14,-18.8));
#3610 = VECTOR('',#3611,1.);
#3611 = DIRECTION('',(0.,-0.,-1.));
#3612 = PCURVE('',#3589,#3613);
#3613 = DEFINITIONAL_REPRESENTATION('',(#3614),#3618);
#3614 = LINE('',#3615,#3616);
#3615 = CARTESIAN_POINT('',(9.424777960769,0.));
#3616 = VECTOR('',#3617,1.);
#3617 = DIRECTION('',(0.,1.));
#3618 = ( GEOMETRIC_REPRESENTATION_CONTEXT(2) 
PARAMETRIC_REPRESENTATION_CONTEXT() REPRESENTATION_CONTEXT('2D SPACE',''
  ) );
#3619 = PCURVE('',#3589,#3620);
#3620 = DEFINITIONAL_REPRESENTATION('',(#3621),#3625);
#3621 = LINE('',#3622,#3623);
#3622 = CARTESIAN_POINT('',(3.14159265359,0.));
#3623 = VECTOR('',#3624,1.);
#3624 = DIRECTION('',(0.,1.));
#3625 = ( GEOMETRIC_REPRESENTATION_CONTEXT(2) 
PARAMETRIC_REPRESENTATION_CONTEXT() REPRESENTATION_CONTEXT('2D SPACE',''
  ) );
#3626 = ORIENTED_EDGE('',*,*,#3627,.F.);
#3627 = EDGE_CURVE('',#3605,#3605,#3628,.T.);
#3628 = SURFACE_CURVE('',#3629,(#3634,#3641),.PCURVE_S1.);
#3629 = CIRCLE('',#3630,1.4);
#3630 = AXIS2_PLACEMENT_3D('',#3631,#3632,#3633);
#3631 = CARTESIAN_POINT('',(5.291892352179E-60,1.7763568394E-14,-15.1));
#3632 = DIRECTION('',(-0.,0.,-1.));
#3633 = DIRECTION('',(-1.,3.889384548663E-62,0.));
#3634 = PCURVE('',#3589,#3635);
#3635 = DEFINITIONAL_REPRESENTATION('',(#3636),#3640);
#3636 = LINE('',#3637,#3638);
#3637 = CARTESIAN_POINT('',(0.,-3.7));
#3638 = VECTOR('',#3639,1.);
#3639 = DIRECTION('',(1.,0.));
#3640 = ( GEOMETRIC_REPRESENTATION_CONTEXT(2) 
PARAMETRIC_REPRESENTATION_CONTEXT() REPRESENTATION_CONTEXT('2D SPACE',''
  ) );
#3641 = PCURVE('',#3642,#3647);
#3642 = CONICAL_SURFACE('',#3643,1.95,0.785398163397);
#3643 = AXIS2_PLACEMENT_3D('',#3644,#3645,#3646);
#3644 = CARTESIAN_POINT('',(5.291892352179E-60,1.7763568394E-14,-15.65)
  );
#3645 = DIRECTION('',(0.,-0.,-1.));
#3646 = DIRECTION('',(-1.,3.889384548663E-62,0.));
#3647 = DEFINITIONAL_REPRESENTATION('',(#3648),#3652);
#3648 = LINE('',#3649,#3650);
#3649 = CARTESIAN_POINT('',(0.,-0.55));
#3650 = VECTOR('',#3651,1.);
#3651 = DIRECTION('',(1.,0.));
#3652 = ( GEOMETRIC_REPRESENTATION_CONTEXT(2) 
PARAMETRIC_REPRESENTATION_CONTEXT() REPRESENTATION_CONTEXT('2D SPACE',''
  ) );
#3653 = ORIENTED_EDGE('',*,*,#3604,.F.);
#3654 = ORIENTED_EDGE('',*,*,#3568,.T.);
#3655 = ADVANCED_FACE('',(#3656),#3642,.F.);
#3656 = FACE_BOUND('',#3657,.F.);
#3657 = EDGE_LOOP('',(#3658,#3681,#3708,#3709));
#3658 = ORIENTED_EDGE('',*,*,#3659,.T.);
#3659 = EDGE_CURVE('',#3605,#3660,#3662,.T.);
#3660 = VERTEX_POINT('',#3661);
#3661 = CARTESIAN_POINT('',(2.5,1.7763568394E-14,-16.2));
#3662 = SEAM_CURVE('',#3663,(#3667,#3674),.PCURVE_S1.);
#3663 = LINE('',#3664,#3665);
#3664 = CARTESIAN_POINT('',(1.95,1.752476226817E-14,-15.65));
#3665 = VECTOR('',#3666,1.);
#3666 = DIRECTION('',(0.707106781187,-8.659560562355E-17,-0.707106781187
    ));
#3667 = PCURVE('',#3642,#3668);
#3668 = DEFINITIONAL_REPRESENTATION('',(#3669),#3673);
#3669 = LINE('',#3670,#3671);
#3670 = CARTESIAN_POINT('',(9.424777960769,0.));
#3671 = VECTOR('',#3672,1.);
#3672 = DIRECTION('',(0.,1.));
#3673 = ( GEOMETRIC_REPRESENTATION_CONTEXT(2) 
PARAMETRIC_REPRESENTATION_CONTEXT() REPRESENTATION_CONTEXT('2D SPACE',''
  ) );
#3674 = PCURVE('',#3642,#3675);
#3675 = DEFINITIONAL_REPRESENTATION('',(#3676),#3680);
#3676 = LINE('',#3677,#3678);
#3677 = CARTESIAN_POINT('',(3.14159265359,0.));
#3678 = VECTOR('',#3679,1.);
#3679 = DIRECTION('',(0.,1.));
#3680 = ( GEOMETRIC_REPRESENTATION_CONTEXT(2) 
PARAMETRIC_REPRESENTATION_CONTEXT() REPRESENTATION_CONTEXT('2D SPACE',''
  ) );
#3681 = ORIENTED_EDGE('',*,*,#3682,.T.);
#3682 = EDGE_CURVE('',#3660,#3660,#3683,.T.);
#3683 = SURFACE_CURVE('',#3684,(#3689,#3696),.PCURVE_S1.);
#3684 = CIRCLE('',#3685,2.5);
#3685 = AXIS2_PLACEMENT_3D('',#3686,#3687,#3688);
#3686 = CARTESIAN_POINT('',(5.291892352179E-60,1.7763568394E-14,-16.2));
#3687 = DIRECTION('',(-0.,0.,1.));
#3688 = DIRECTION('',(1.,-3.889384548663E-62,0.));
#3689 = PCURVE('',#3642,#3690);
#3690 = DEFINITIONAL_REPRESENTATION('',(#3691),#3695);
#3691 = LINE('',#3692,#3693);
#3692 = CARTESIAN_POINT('',(9.424777960769,0.55));
#3693 = VECTOR('',#3694,1.);
#3694 = DIRECTION('',(-1.,0.));
#3695 = ( GEOMETRIC_REPRESENTATION_CONTEXT(2) 
PARAMETRIC_REPRESENTATION_CONTEXT() REPRESENTATION_CONTEXT('2D SPACE',''
  ) );
#3696 = PCURVE('',#3697,#3702);
#3697 = CYLINDRICAL_SURFACE('',#3698,2.5);
#3698 = AXIS2_PLACEMENT_3D('',#3699,#3700,#3701);
#3699 = CARTESIAN_POINT('',(5.291892352179E-60,1.7763568394E-14,-14.7));
#3700 = DIRECTION('',(0.,-0.,-1.));
#3701 = DIRECTION('',(-1.,3.889384548663E-62,0.));
#3702 = DEFINITIONAL_REPRESENTATION('',(#3703),#3707);
#3703 = LINE('',#3704,#3705);
#3704 = CARTESIAN_POINT('',(3.14159265359,1.5));
#3705 = VECTOR('',#3706,1.);
#3706 = DIRECTION('',(-1.,0.));
#3707 = ( GEOMETRIC_REPRESENTATION_CONTEXT(2) 
PARAMETRIC_REPRESENTATION_CONTEXT() REPRESENTATION_CONTEXT('2D SPACE',''
  ) );
#3708 = ORIENTED_EDGE('',*,*,#3659,.F.);
#3709 = ORIENTED_EDGE('',*,*,#3627,.T.);
#3710 = ADVANCED_FACE('',(#3711),#3697,.F.);
#3711 = FACE_BOUND('',#3712,.F.);
#3712 = EDGE_LOOP('',(#3713,#3736,#3758,#3759));
#3713 = ORIENTED_EDGE('',*,*,#3714,.T.);
#3714 = EDGE_CURVE('',#3660,#3715,#3717,.T.);
#3715 = VERTEX_POINT('',#3716);
#3716 = CARTESIAN_POINT('',(2.5,1.7763568394E-14,-16.6));
#3717 = SEAM_CURVE('',#3718,(#3722,#3729),.PCURVE_S1.);
#3718 = LINE('',#3719,#3720);
#3719 = CARTESIAN_POINT('',(2.5,1.745740669422E-14,-14.7));
#3720 = VECTOR('',#3721,1.);
#3721 = DIRECTION('',(0.,-0.,-1.));
#3722 = PCURVE('',#3697,#3723);
#3723 = DEFINITIONAL_REPRESENTATION('',(#3724),#3728);
#3724 = LINE('',#3725,#3726);
#3725 = CARTESIAN_POINT('',(3.14159265359,0.));
#3726 = VECTOR('',#3727,1.);
#3727 = DIRECTION('',(0.,1.));
#3728 = ( GEOMETRIC_REPRESENTATION_CONTEXT(2) 
PARAMETRIC_REPRESENTATION_CONTEXT() REPRESENTATION_CONTEXT('2D SPACE',''
  ) );
#3729 = PCURVE('',#3697,#3730);
#3730 = DEFINITIONAL_REPRESENTATION('',(#3731),#3735);
#3731 = LINE('',#3732,#3733);
#3732 = CARTESIAN_POINT('',(-3.14159265359,0.));
#3733 = VECTOR('',#3734,1.);
#3734 = DIRECTION('',(0.,1.));
#3735 = ( GEOMETRIC_REPRESENTATION_CONTEXT(2) 
PARAMETRIC_REPRESENTATION_CONTEXT() REPRESENTATION_CONTEXT('2D SPACE',''
  ) );
#3736 = ORIENTED_EDGE('',*,*,#3737,.F.);
#3737 = EDGE_CURVE('',#3715,#3715,#3738,.T.);
#3738 = SURFACE_CURVE('',#3739,(#3744,#3751),.PCURVE_S1.);
#3739 = CIRCLE('',#3740,2.5);
#3740 = AXIS2_PLACEMENT_3D('',#3741,#3742,#3743);
#3741 = CARTESIAN_POINT('',(5.291892352179E-60,1.7763568394E-14,-16.6));
#3742 = DIRECTION('',(0.,-0.,-1.));
#3743 = DIRECTION('',(1.,-3.889384548663E-62,0.));
#3744 = PCURVE('',#3697,#3745);
#3745 = DEFINITIONAL_REPRESENTATION('',(#3746),#3750);
#3746 = LINE('',#3747,#3748);
#3747 = CARTESIAN_POINT('',(-3.14159265359,1.9));
#3748 = VECTOR('',#3749,1.);
#3749 = DIRECTION('',(1.,0.));
#3750 = ( GEOMETRIC_REPRESENTATION_CONTEXT(2) 
PARAMETRIC_REPRESENTATION_CONTEXT() REPRESENTATION_CONTEXT('2D SPACE',''
  ) );
#3751 = PCURVE('',#3181,#3752);
#3752 = DEFINITIONAL_REPRESENTATION('',(#3753),#3757);
#3753 = CIRCLE('',#3754,2.5);
#3754 = AXIS2_PLACEMENT_2D('',#3755,#3756);
#3755 = CARTESIAN_POINT('',(0.,0.));
#3756 = DIRECTION('',(-1.,-0.));
#3757 = ( GEOMETRIC_REPRESENTATION_CONTEXT(2) 
PARAMETRIC_REPRESENTATION_CONTEXT() REPRESENTATION_CONTEXT('2D SPACE',''
  ) );
#3758 = ORIENTED_EDGE('',*,*,#3714,.F.);
#3759 = ORIENTED_EDGE('',*,*,#3682,.F.);
#3760 = ADVANCED_FACE('',(#3761,#3765),#3181,.T.);
#3761 = FACE_BOUND('',#3762,.T.);
#3762 = EDGE_LOOP('',(#3763,#3764));
#3763 = ORIENTED_EDGE('',*,*,#3164,.T.);
#3764 = ORIENTED_EDGE('',*,*,#3463,.T.);
#3765 = FACE_BOUND('',#3766,.T.);
#3766 = EDGE_LOOP('',(#3767));
#3767 = ORIENTED_EDGE('',*,*,#3737,.F.);
#3768 = ADVANCED_FACE('',(#3769),#2131,.T.);
#3769 = FACE_BOUND('',#3770,.T.);
#3770 = EDGE_LOOP('',(#3771,#3772,#3795,#3816));
#3771 = ORIENTED_EDGE('',*,*,#2115,.F.);
#3772 = ORIENTED_EDGE('',*,*,#3773,.T.);
#3773 = EDGE_CURVE('',#2088,#3774,#3776,.T.);
#3774 = VERTEX_POINT('',#3775);
#3775 = CARTESIAN_POINT('',(0.8,2.786231041578,-15.));
#3776 = SURFACE_CURVE('',#3777,(#3781,#3788),.PCURVE_S1.);
#3777 = LINE('',#3778,#3779);
#3778 = CARTESIAN_POINT('',(0.8,4.986231041578,-15.));
#3779 = VECTOR('',#3780,1.);
#3780 = DIRECTION('',(-5.95814110634E-46,-1.,0.));
#3781 = PCURVE('',#2131,#3782);
#3782 = DEFINITIONAL_REPRESENTATION('',(#3783),#3787);
#3783 = LINE('',#3784,#3785);
#3784 = CARTESIAN_POINT('',(0.141421356237,-1.118115520789));
#3785 = VECTOR('',#3786,1.);
#3786 = DIRECTION('',(0.,1.));
#3787 = ( GEOMETRIC_REPRESENTATION_CONTEXT(2) 
PARAMETRIC_REPRESENTATION_CONTEXT() REPRESENTATION_CONTEXT('2D SPACE',''
  ) );
#3788 = PCURVE('',#2103,#3789);
#3789 = DEFINITIONAL_REPRESENTATION('',(#3790),#3794);
#3790 = LINE('',#3791,#3792);
#3791 = CARTESIAN_POINT('',(2.2,-0.2));
#3792 = VECTOR('',#3793,1.);
#3793 = DIRECTION('',(-1.,0.));
#3794 = ( GEOMETRIC_REPRESENTATION_CONTEXT(2) 
PARAMETRIC_REPRESENTATION_CONTEXT() REPRESENTATION_CONTEXT('2D SPACE',''
  ) );
#3795 = ORIENTED_EDGE('',*,*,#3796,.T.);
#3796 = EDGE_CURVE('',#3774,#3490,#3797,.T.);
#3797 = SURFACE_CURVE('',#3798,(#3802,#3809),.PCURVE_S1.);
#3798 = LINE('',#3799,#3800);
#3799 = CARTESIAN_POINT('',(0.8,2.786231041578,-15.));
#3800 = VECTOR('',#3801,1.);
#3801 = DIRECTION('',(0.57735026919,-0.57735026919,0.57735026919));
#3802 = PCURVE('',#2131,#3803);
#3803 = DEFINITIONAL_REPRESENTATION('',(#3804),#3808);
#3804 = LINE('',#3805,#3806);
#3805 = CARTESIAN_POINT('',(0.141421356237,1.081884479211));
#3806 = VECTOR('',#3807,1.);
#3807 = DIRECTION('',(-0.816496580928,0.57735026919));
#3808 = ( GEOMETRIC_REPRESENTATION_CONTEXT(2) 
PARAMETRIC_REPRESENTATION_CONTEXT() REPRESENTATION_CONTEXT('2D SPACE',''
  ) );
#3809 = PCURVE('',#3528,#3810);
#3810 = DEFINITIONAL_REPRESENTATION('',(#3811),#3815);
#3811 = LINE('',#3812,#3813);
#3812 = CARTESIAN_POINT('',(0.141421356237,-0.8));
#3813 = VECTOR('',#3814,1.);
#3814 = DIRECTION('',(-0.816496580928,-0.57735026919));
#3815 = ( GEOMETRIC_REPRESENTATION_CONTEXT(2) 
PARAMETRIC_REPRESENTATION_CONTEXT() REPRESENTATION_CONTEXT('2D SPACE',''
  ) );
#3816 = ORIENTED_EDGE('',*,*,#3489,.F.);
#3817 = ADVANCED_FACE('',(#3818),#3528,.T.);
#3818 = FACE_BOUND('',#3819,.T.);
#3819 = EDGE_LOOP('',(#3820,#3821,#3822,#3850));
#3820 = ORIENTED_EDGE('',*,*,#3512,.F.);
#3821 = ORIENTED_EDGE('',*,*,#3796,.F.);
#3822 = ORIENTED_EDGE('',*,*,#3823,.T.);
#3823 = EDGE_CURVE('',#3774,#3824,#3826,.T.);
#3824 = VERTEX_POINT('',#3825);
#3825 = CARTESIAN_POINT('',(-0.8,2.786231041578,-15.));
#3826 = SURFACE_CURVE('',#3827,(#3831,#3838),.PCURVE_S1.);
#3827 = LINE('',#3828,#3829);
#3828 = CARTESIAN_POINT('',(0.8,2.786231041578,-15.));
#3829 = VECTOR('',#3830,1.);
#3830 = DIRECTION('',(-1.,3.889384548663E-62,0.));
#3831 = PCURVE('',#3528,#3832);
#3832 = DEFINITIONAL_REPRESENTATION('',(#3833),#3837);
#3833 = LINE('',#3834,#3835);
#3834 = CARTESIAN_POINT('',(0.141421356237,-0.8));
#3835 = VECTOR('',#3836,1.);
#3836 = DIRECTION('',(-0.,1.));
#3837 = ( GEOMETRIC_REPRESENTATION_CONTEXT(2) 
PARAMETRIC_REPRESENTATION_CONTEXT() REPRESENTATION_CONTEXT('2D SPACE',''
  ) );
#3838 = PCURVE('',#3839,#3844);
#3839 = PLANE('',#3840);
#3840 = AXIS2_PLACEMENT_3D('',#3841,#3842,#3843);
#3841 = CARTESIAN_POINT('',(-0.8,2.786231041578,-14.8));
#3842 = DIRECTION('',(-5.95814110634E-46,-1.,0.));
#3843 = DIRECTION('',(1.,-3.889384548663E-62,0.));
#3844 = DEFINITIONAL_REPRESENTATION('',(#3845),#3849);
#3845 = LINE('',#3846,#3847);
#3846 = CARTESIAN_POINT('',(1.6,-0.2));
#3847 = VECTOR('',#3848,1.);
#3848 = DIRECTION('',(-1.,0.));
#3849 = ( GEOMETRIC_REPRESENTATION_CONTEXT(2) 
PARAMETRIC_REPRESENTATION_CONTEXT() REPRESENTATION_CONTEXT('2D SPACE',''
  ) );
#3850 = ORIENTED_EDGE('',*,*,#3851,.T.);
#3851 = EDGE_CURVE('',#3824,#3513,#3852,.T.);
#3852 = SURFACE_CURVE('',#3853,(#3857,#3864),.PCURVE_S1.);
#3853 = LINE('',#3854,#3855);
#3854 = CARTESIAN_POINT('',(-0.8,2.786231041578,-15.));
#3855 = VECTOR('',#3856,1.);
#3856 = DIRECTION('',(-0.57735026919,-0.57735026919,0.57735026919));
#3857 = PCURVE('',#3528,#3858);
#3858 = DEFINITIONAL_REPRESENTATION('',(#3859),#3863);
#3859 = LINE('',#3860,#3861);
#3860 = CARTESIAN_POINT('',(0.141421356237,0.8));
#3861 = VECTOR('',#3862,1.);
#3862 = DIRECTION('',(-0.816496580928,0.57735026919));
#3863 = ( GEOMETRIC_REPRESENTATION_CONTEXT(2) 
PARAMETRIC_REPRESENTATION_CONTEXT() REPRESENTATION_CONTEXT('2D SPACE',''
  ) );
#3864 = PCURVE('',#2008,#3865);
#3865 = DEFINITIONAL_REPRESENTATION('',(#3866),#3870);
#3866 = LINE('',#3867,#3868);
#3867 = CARTESIAN_POINT('',(0.141421356237,-1.081884479211));
#3868 = VECTOR('',#3869,1.);
#3869 = DIRECTION('',(-0.816496580928,-0.57735026919));
#3870 = ( GEOMETRIC_REPRESENTATION_CONTEXT(2) 
PARAMETRIC_REPRESENTATION_CONTEXT() REPRESENTATION_CONTEXT('2D SPACE',''
  ) );
#3871 = ADVANCED_FACE('',(#3872),#2008,.T.);
#3872 = FACE_BOUND('',#3873,.T.);
#3873 = EDGE_LOOP('',(#3874,#3875,#3876,#3877));
#3874 = ORIENTED_EDGE('',*,*,#1992,.F.);
#3875 = ORIENTED_EDGE('',*,*,#3540,.F.);
#3876 = ORIENTED_EDGE('',*,*,#3851,.F.);
#3877 = ORIENTED_EDGE('',*,*,#3878,.T.);
#3878 = EDGE_CURVE('',#3824,#1993,#3879,.T.);
#3879 = SURFACE_CURVE('',#3880,(#3884,#3891),.PCURVE_S1.);
#3880 = LINE('',#3881,#3882);
#3881 = CARTESIAN_POINT('',(-0.8,2.786231041578,-15.));
#3882 = VECTOR('',#3883,1.);
#3883 = DIRECTION('',(5.95814110634E-46,1.,0.));
#3884 = PCURVE('',#2008,#3885);
#3885 = DEFINITIONAL_REPRESENTATION('',(#3886),#3890);
#3886 = LINE('',#3887,#3888);
#3887 = CARTESIAN_POINT('',(0.141421356237,-1.081884479211));
#3888 = VECTOR('',#3889,1.);
#3889 = DIRECTION('',(0.,1.));
#3890 = ( GEOMETRIC_REPRESENTATION_CONTEXT(2) 
PARAMETRIC_REPRESENTATION_CONTEXT() REPRESENTATION_CONTEXT('2D SPACE',''
  ) );
#3891 = PCURVE('',#2042,#3892);
#3892 = DEFINITIONAL_REPRESENTATION('',(#3893),#3897);
#3893 = LINE('',#3894,#3895);
#3894 = CARTESIAN_POINT('',(2.2,-0.2));
#3895 = VECTOR('',#3896,1.);
#3896 = DIRECTION('',(-1.,0.));
#3897 = ( GEOMETRIC_REPRESENTATION_CONTEXT(2) 
PARAMETRIC_REPRESENTATION_CONTEXT() REPRESENTATION_CONTEXT('2D SPACE',''
  ) );
#3898 = ADVANCED_FACE('',(#3899),#2042,.F.);
#3899 = FACE_BOUND('',#3900,.T.);
#3900 = EDGE_LOOP('',(#3901,#3902,#3925,#3946));
#3901 = ORIENTED_EDGE('',*,*,#3878,.F.);
#3902 = ORIENTED_EDGE('',*,*,#3903,.T.);
#3903 = EDGE_CURVE('',#3824,#3904,#3906,.T.);
#3904 = VERTEX_POINT('',#3905);
#3905 = CARTESIAN_POINT('',(-0.8,2.786231041578,-15.8));
#3906 = SURFACE_CURVE('',#3907,(#3911,#3918),.PCURVE_S1.);
#3907 = LINE('',#3908,#3909);
#3908 = CARTESIAN_POINT('',(-0.8,2.786231041578,-15.));
#3909 = VECTOR('',#3910,1.);
#3910 = DIRECTION('',(0.,-0.,-1.));
#3911 = PCURVE('',#2042,#3912);
#3912 = DEFINITIONAL_REPRESENTATION('',(#3913),#3917);
#3913 = LINE('',#3914,#3915);
#3914 = CARTESIAN_POINT('',(2.2,-0.2));
#3915 = VECTOR('',#3916,1.);
#3916 = DIRECTION('',(0.,-1.));
#3917 = ( GEOMETRIC_REPRESENTATION_CONTEXT(2) 
PARAMETRIC_REPRESENTATION_CONTEXT() REPRESENTATION_CONTEXT('2D SPACE',''
  ) );
#3918 = PCURVE('',#3839,#3919);
#3919 = DEFINITIONAL_REPRESENTATION('',(#3920),#3924);
#3920 = LINE('',#3921,#3922);
#3921 = CARTESIAN_POINT('',(0.,-0.2));
#3922 = VECTOR('',#3923,1.);
#3923 = DIRECTION('',(0.,-1.));
#3924 = ( GEOMETRIC_REPRESENTATION_CONTEXT(2) 
PARAMETRIC_REPRESENTATION_CONTEXT() REPRESENTATION_CONTEXT('2D SPACE',''
  ) );
#3925 = ORIENTED_EDGE('',*,*,#3926,.F.);
#3926 = EDGE_CURVE('',#2027,#3904,#3927,.T.);
#3927 = SURFACE_CURVE('',#3928,(#3932,#3939),.PCURVE_S1.);
#3928 = LINE('',#3929,#3930);
#3929 = CARTESIAN_POINT('',(-0.8,4.986231041578,-15.8));
#3930 = VECTOR('',#3931,1.);
#3931 = DIRECTION('',(-5.95814110634E-46,-1.,0.));
#3932 = PCURVE('',#2042,#3933);
#3933 = DEFINITIONAL_REPRESENTATION('',(#3934),#3938);
#3934 = LINE('',#3935,#3936);
#3935 = CARTESIAN_POINT('',(0.,-1.));
#3936 = VECTOR('',#3937,1.);
#3937 = DIRECTION('',(1.,0.));
#3938 = ( GEOMETRIC_REPRESENTATION_CONTEXT(2) 
PARAMETRIC_REPRESENTATION_CONTEXT() REPRESENTATION_CONTEXT('2D SPACE',''
  ) );
#3939 = PCURVE('',#2071,#3940);
#3940 = DEFINITIONAL_REPRESENTATION('',(#3941),#3945);
#3941 = LINE('',#3942,#3943);
#3942 = CARTESIAN_POINT('',(-0.8,4.986231041578));
#3943 = VECTOR('',#3944,1.);
#3944 = DIRECTION('',(0.,-1.));
#3945 = ( GEOMETRIC_REPRESENTATION_CONTEXT(2) 
PARAMETRIC_REPRESENTATION_CONTEXT() REPRESENTATION_CONTEXT('2D SPACE',''
  ) );
#3946 = ORIENTED_EDGE('',*,*,#2026,.F.);
#3947 = ADVANCED_FACE('',(#3948),#2071,.T.);
#3948 = FACE_BOUND('',#3949,.T.);
#3949 = EDGE_LOOP('',(#3950,#3951,#3952,#3975));
#3950 = ORIENTED_EDGE('',*,*,#2054,.F.);
#3951 = ORIENTED_EDGE('',*,*,#3926,.T.);
#3952 = ORIENTED_EDGE('',*,*,#3953,.T.);
#3953 = EDGE_CURVE('',#3904,#3954,#3956,.T.);
#3954 = VERTEX_POINT('',#3955);
#3955 = CARTESIAN_POINT('',(0.8,2.786231041578,-15.8));
#3956 = SURFACE_CURVE('',#3957,(#3961,#3968),.PCURVE_S1.);
#3957 = LINE('',#3958,#3959);
#3958 = CARTESIAN_POINT('',(-0.8,2.786231041578,-15.8));
#3959 = VECTOR('',#3960,1.);
#3960 = DIRECTION('',(1.,-3.889384548663E-62,0.));
#3961 = PCURVE('',#2071,#3962);
#3962 = DEFINITIONAL_REPRESENTATION('',(#3963),#3967);
#3963 = LINE('',#3964,#3965);
#3964 = CARTESIAN_POINT('',(-0.8,2.786231041578));
#3965 = VECTOR('',#3966,1.);
#3966 = DIRECTION('',(1.,0.));
#3967 = ( GEOMETRIC_REPRESENTATION_CONTEXT(2) 
PARAMETRIC_REPRESENTATION_CONTEXT() REPRESENTATION_CONTEXT('2D SPACE',''
  ) );
#3968 = PCURVE('',#3839,#3969);
#3969 = DEFINITIONAL_REPRESENTATION('',(#3970),#3974);
#3970 = LINE('',#3971,#3972);
#3971 = CARTESIAN_POINT('',(0.,-1.));
#3972 = VECTOR('',#3973,1.);
#3973 = DIRECTION('',(1.,0.));
#3974 = ( GEOMETRIC_REPRESENTATION_CONTEXT(2) 
PARAMETRIC_REPRESENTATION_CONTEXT() REPRESENTATION_CONTEXT('2D SPACE',''
  ) );
#3975 = ORIENTED_EDGE('',*,*,#3976,.T.);
#3976 = EDGE_CURVE('',#3954,#2055,#3977,.T.);
#3977 = SURFACE_CURVE('',#3978,(#3982,#3989),.PCURVE_S1.);
#3978 = LINE('',#3979,#3980);
#3979 = CARTESIAN_POINT('',(0.8,2.786231041578,-15.8));
#3980 = VECTOR('',#3981,1.);
#3981 = DIRECTION('',(5.95814110634E-46,1.,0.));
#3982 = PCURVE('',#2071,#3983);
#3983 = DEFINITIONAL_REPRESENTATION('',(#3984),#3988);
#3984 = LINE('',#3985,#3986);
#3985 = CARTESIAN_POINT('',(0.8,2.786231041578));
#3986 = VECTOR('',#3987,1.);
#3987 = DIRECTION('',(0.,1.));
#3988 = ( GEOMETRIC_REPRESENTATION_CONTEXT(2) 
PARAMETRIC_REPRESENTATION_CONTEXT() REPRESENTATION_CONTEXT('2D SPACE',''
  ) );
#3989 = PCURVE('',#2103,#3990);
#3990 = DEFINITIONAL_REPRESENTATION('',(#3991),#3995);
#3991 = LINE('',#3992,#3993);
#3992 = CARTESIAN_POINT('',(0.,-1.));
#3993 = VECTOR('',#3994,1.);
#3994 = DIRECTION('',(1.,0.));
#3995 = ( GEOMETRIC_REPRESENTATION_CONTEXT(2) 
PARAMETRIC_REPRESENTATION_CONTEXT() REPRESENTATION_CONTEXT('2D SPACE',''
  ) );
#3996 = ADVANCED_FACE('',(#3997),#2103,.F.);
#3997 = FACE_BOUND('',#3998,.T.);
#3998 = EDGE_LOOP('',(#3999,#4000,#4001,#4002));
#3999 = ORIENTED_EDGE('',*,*,#3773,.F.);
#4000 = ORIENTED_EDGE('',*,*,#2087,.T.);
#4001 = ORIENTED_EDGE('',*,*,#3976,.F.);
#4002 = ORIENTED_EDGE('',*,*,#4003,.F.);
#4003 = EDGE_CURVE('',#3774,#3954,#4004,.T.);
#4004 = SURFACE_CURVE('',#4005,(#4009,#4016),.PCURVE_S1.);
#4005 = LINE('',#4006,#4007);
#4006 = CARTESIAN_POINT('',(0.8,2.786231041578,-15.));
#4007 = VECTOR('',#4008,1.);
#4008 = DIRECTION('',(0.,-0.,-1.));
#4009 = PCURVE('',#2103,#4010);
#4010 = DEFINITIONAL_REPRESENTATION('',(#4011),#4015);
#4011 = LINE('',#4012,#4013);
#4012 = CARTESIAN_POINT('',(0.,-0.2));
#4013 = VECTOR('',#4014,1.);
#4014 = DIRECTION('',(0.,-1.));
#4015 = ( GEOMETRIC_REPRESENTATION_CONTEXT(2) 
PARAMETRIC_REPRESENTATION_CONTEXT() REPRESENTATION_CONTEXT('2D SPACE',''
  ) );
#4016 = PCURVE('',#3839,#4017);
#4017 = DEFINITIONAL_REPRESENTATION('',(#4018),#4022);
#4018 = LINE('',#4019,#4020);
#4019 = CARTESIAN_POINT('',(1.6,-0.2));
#4020 = VECTOR('',#4021,1.);
#4021 = DIRECTION('',(0.,-1.));
#4022 = ( GEOMETRIC_REPRESENTATION_CONTEXT(2) 
PARAMETRIC_REPRESENTATION_CONTEXT() REPRESENTATION_CONTEXT('2D SPACE',''
  ) );
#4023 = ADVANCED_FACE('',(#4024),#3839,.F.);
#4024 = FACE_BOUND('',#4025,.T.);
#4025 = EDGE_LOOP('',(#4026,#4027,#4028,#4029));
#4026 = ORIENTED_EDGE('',*,*,#3823,.F.);
#4027 = ORIENTED_EDGE('',*,*,#4003,.T.);
#4028 = ORIENTED_EDGE('',*,*,#3953,.F.);
#4029 = ORIENTED_EDGE('',*,*,#3903,.F.);
#4030 = ADVANCED_FACE('',(#4031),#318,.F.);
#4031 = FACE_BOUND('',#4032,.F.);
#4032 = EDGE_LOOP('',(#4033,#4034,#4035,#4036));
#4033 = ORIENTED_EDGE('',*,*,#554,.F.);
#4034 = ORIENTED_EDGE('',*,*,#299,.T.);
#4035 = ORIENTED_EDGE('',*,*,#506,.T.);
#4036 = ORIENTED_EDGE('',*,*,#735,.T.);
#4037 = ADVANCED_FACE('',(#4038),#78,.F.);
#4038 = FACE_BOUND('',#4039,.F.);
#4039 = EDGE_LOOP('',(#4040,#4041,#4042,#4043));
#4040 = ORIENTED_EDGE('',*,*,#482,.F.);
#4041 = ORIENTED_EDGE('',*,*,#57,.T.);
#4042 = ORIENTED_EDGE('',*,*,#357,.T.);
#4043 = ORIENTED_EDGE('',*,*,#712,.F.);
#4044 = ( GEOMETRIC_REPRESENTATION_CONTEXT(3) 
GLOBAL_UNCERTAINTY_ASSIGNED_CONTEXT((#4048)) 
GLOBAL_UNIT_ASSIGNED_CONTEXT((#4045,#4046,#4047)) REPRESENTATION_CONTEXT
('Context #1','3D Context with UNIT and UNCERTAINTY') );
#4045 = ( LENGTH_UNIT() NAMED_UNIT(*) SI_UNIT(.MILLI.,.METRE.) );
#4046 = ( NAMED_UNIT(*) PLANE_ANGLE_UNIT() SI_UNIT($,.RADIAN.) );
#4047 = ( NAMED_UNIT(*) SI_UNIT($,.STERADIAN.) SOLID_ANGLE_UNIT() );
#4048 = UNCERTAINTY_MEASURE_WITH_UNIT(LENGTH_MEASURE(2.E-05),#4045,
  'distance_accuracy_value','confusion accuracy');
#4049 = PRODUCT_RELATED_PRODUCT_CATEGORY('part',$,(#7));
ENDSEC;
END-ISO-10303-21;
