ISO-10303-21;
HEADER;
FILE_DESCRIPTION(('Open CASCADE Model'),'2;1');
FILE_NAME('Open CASCADE Shape Model','2026-09-22T14:11:48',('Author'),(
    'Open CASCADE'),'Open CASCADE STEP processor 7.9','Open CASCADE 7.9'
  ,'Unknown');
FILE_SCHEMA(('AUTOMOTIVE_DESIGN { 1 0 10303 214 1 1 1 1 }'));
ENDSEC;
DATA;
#1 = APPLICATION_PROTOCOL_DEFINITION('international standard',
  'automotive_design',2000,#2);
#2 = APPLICATION_CONTEXT(
  'core data for automotive mechanical design processes');
#3 = SHAPE_DEFINITION_REPRESENTATION(#4,#10);
#4 = PRODUCT_DEFINITION_SHAPE('','',#5);
#5 = PRODUCT_DEFINITION('design','',#6,#9);
#6 = PRODUCT_DEFINITION_FORMATION('','',#7);
#7 = PRODUCT('Open CASCADE STEP translator 7.9 31',
  'Open CASCADE STEP translator 7.9 31','',(#8));
#8 = PRODUCT_CONTEXT('',#2,'mechanical');
#9 = PRODUCT_DEFINITION_CONTEXT('part definition',#2,'design');
#10 = ADVANCED_BREP_SHAPE_REPRESENTATION('',(#11,#15),#2467);
#11 = AXIS2_PLACEMENT_3D('',#12,#13,#14);
#12 = CARTESIAN_POINT('',(0.,0.,0.));
#13 = DIRECTION('',(0.,0.,1.));
#14 = DIRECTION('',(1.,0.,-0.));
#15 = MANIFOLD_SOLID_BREP('',#16);
#16 = CLOSED_SHELL('',(#17,#308,#441,#554,#675,#754,#814,#989,#1093,
    #1170,#1224,#1300,#1376,#1498,#1568,#1576,#1609,#1779,#1883,#1946,
    #1999,#2076,#2085,#2136,#2164,#2172,#2244,#2315,#2342,#2370,#2397,
    #2425,#2453,#2460));
#17 = ADVANCED_FACE('',(#18),#32,.F.);
#18 = FACE_BOUND('',#19,.T.);
#19 = EDGE_LOOP('',(#20,#55,#84,#112,#141,#169,#197,#225,#253,#281));
#20 = ORIENTED_EDGE('',*,*,#21,.T.);
#21 = EDGE_CURVE('',#22,#24,#26,.T.);
#22 = VERTEX_POINT('',#23);
#23 = CARTESIAN_POINT('',(8.465202578054,-30.30373880852,14.2));
#24 = VERTEX_POINT('',#25);
#25 = CARTESIAN_POINT('',(8.905534638413,-30.71435509772,14.2));
#26 = SURFACE_CURVE('',#27,(#31,#43),.PCURVE_S1.);
#27 = LINE('',#28,#29);
#28 = CARTESIAN_POINT('',(8.465202578054,-30.30373880852,14.2));
#29 = VECTOR('',#30,1.);
#30 = DIRECTION('',(0.731353701619,-0.681998360062,0.));
#31 = PCURVE('',#32,#37);
#32 = PLANE('',#33);
#33 = AXIS2_PLACEMENT_3D('',#34,#35,#36);
#34 = CARTESIAN_POINT('',(11.,-32.,14.2));
#35 = DIRECTION('',(0.,0.,1.));
#36 = DIRECTION('',(5.95814110634E-46,1.,0.));
#37 = DEFINITIONAL_REPRESENTATION('',(#38),#42);
#38 = LINE('',#39,#40);
#39 = CARTESIAN_POINT('',(1.696261191473,2.534797421946));
#40 = VECTOR('',#41,1.);
#41 = DIRECTION('',(-0.681998360062,-0.731353701619));
#42 = ( GEOMETRIC_REPRESENTATION_CONTEXT(2) 
PARAMETRIC_REPRESENTATION_CONTEXT() REPRESENTATION_CONTEXT('2D SPACE',''
  ) );
#43 = PCURVE('',#44,#49);
#44 = PLANE('',#45);
#45 = AXIS2_PLACEMENT_3D('',#46,#47,#48);
#46 = CARTESIAN_POINT('',(8.465202578054,-30.30373880852,14.2));
#47 = DIRECTION('',(-0.681998360062,-0.731353701619,0.));
#48 = DIRECTION('',(0.731353701619,-0.681998360062,0.));
#49 = DEFINITIONAL_REPRESENTATION('',(#50),#54);
#50 = LINE('',#51,#52);
#51 = CARTESIAN_POINT('',(0.,0.));
#52 = VECTOR('',#53,1.);
#53 = DIRECTION('',(1.,0.));
#54 = ( GEOMETRIC_REPRESENTATION_CONTEXT(2) 
PARAMETRIC_REPRESENTATION_CONTEXT() REPRESENTATION_CONTEXT('2D SPACE',''
  ) );
#55 = ORIENTED_EDGE('',*,*,#56,.T.);
#56 = EDGE_CURVE('',#24,#57,#59,.T.);
#57 = VERTEX_POINT('',#58);
#58 = CARTESIAN_POINT('',(9.714355097721,-29.90553463841,14.2));
#59 = SURFACE_CURVE('',#60,(#65,#72),.PCURVE_S1.);
#60 = CIRCLE('',#61,2.457573593129);
#61 = AXIS2_PLACEMENT_3D('',#62,#63,#64);
#62 = CARTESIAN_POINT('',(11.,-32.,14.2));
#63 = DIRECTION('',(0.,0.,1.));
#64 = DIRECTION('',(-0.852249294769,0.523135871037,0.));
#65 = PCURVE('',#32,#66);
#66 = DEFINITIONAL_REPRESENTATION('',(#67),#71);
#67 = CIRCLE('',#68,2.457573593129);
#68 = AXIS2_PLACEMENT_2D('',#69,#70);
#69 = CARTESIAN_POINT('',(0.,0.));
#70 = DIRECTION('',(0.523135871037,0.852249294769));
#71 = ( GEOMETRIC_REPRESENTATION_CONTEXT(2) 
PARAMETRIC_REPRESENTATION_CONTEXT() REPRESENTATION_CONTEXT('2D SPACE',''
  ) );
#72 = PCURVE('',#73,#78);
#73 = CONICAL_SURFACE('',#74,1.907573593129,0.785398163397);
#74 = AXIS2_PLACEMENT_3D('',#75,#76,#77);
#75 = CARTESIAN_POINT('',(11.,-32.,13.65));
#76 = DIRECTION('',(0.,0.,1.));
#77 = DIRECTION('',(0.707106781187,-0.707106781187,0.));
#78 = DEFINITIONAL_REPRESENTATION('',(#79),#83);
#79 = LINE('',#80,#81);
#80 = CARTESIAN_POINT('',(3.376464480776,0.55));
#81 = VECTOR('',#82,1.);
#82 = DIRECTION('',(1.,0.));
#83 = ( GEOMETRIC_REPRESENTATION_CONTEXT(2) 
PARAMETRIC_REPRESENTATION_CONTEXT() REPRESENTATION_CONTEXT('2D SPACE',''
  ) );
#84 = ORIENTED_EDGE('',*,*,#85,.T.);
#85 = EDGE_CURVE('',#57,#86,#88,.T.);
#86 = VERTEX_POINT('',#87);
#87 = CARTESIAN_POINT('',(9.303738808527,-29.46520257805,14.2));
#88 = SURFACE_CURVE('',#89,(#93,#100),.PCURVE_S1.);
#89 = LINE('',#90,#91);
#90 = CARTESIAN_POINT('',(9.714355097721,-29.90553463841,14.2));
#91 = VECTOR('',#92,1.);
#92 = DIRECTION('',(-0.681998360062,0.731353701619,0.));
#93 = PCURVE('',#32,#94);
#94 = DEFINITIONAL_REPRESENTATION('',(#95),#99);
#95 = LINE('',#96,#97);
#96 = CARTESIAN_POINT('',(2.094465361587,1.285644902279));
#97 = VECTOR('',#98,1.);
#98 = DIRECTION('',(0.731353701619,0.681998360062));
#99 = ( GEOMETRIC_REPRESENTATION_CONTEXT(2) 
PARAMETRIC_REPRESENTATION_CONTEXT() REPRESENTATION_CONTEXT('2D SPACE',''
  ) );
#100 = PCURVE('',#101,#106);
#101 = PLANE('',#102);
#102 = AXIS2_PLACEMENT_3D('',#103,#104,#105);
#103 = CARTESIAN_POINT('',(10.535302417087,-30.78589285627,14.2));
#104 = DIRECTION('',(0.731353701619,0.681998360062,0.));
#105 = DIRECTION('',(-0.681998360062,0.731353701619,0.));
#106 = DEFINITIONAL_REPRESENTATION('',(#107),#111);
#107 = LINE('',#108,#109);
#108 = CARTESIAN_POINT('',(1.203737966892,0.));
#109 = VECTOR('',#110,1.);
#110 = DIRECTION('',(1.,0.));
#111 = ( GEOMETRIC_REPRESENTATION_CONTEXT(2) 
PARAMETRIC_REPRESENTATION_CONTEXT() REPRESENTATION_CONTEXT('2D SPACE',''
  ) );
#112 = ORIENTED_EDGE('',*,*,#113,.F.);
#113 = EDGE_CURVE('',#114,#86,#116,.T.);
#114 = VERTEX_POINT('',#115);
#115 = CARTESIAN_POINT('',(11.000000001087,-28.95,14.199999999996));
#116 = SURFACE_CURVE('',#117,(#122,#129),.PCURVE_S1.);
#117 = CIRCLE('',#118,3.05);
#118 = AXIS2_PLACEMENT_3D('',#119,#120,#121);
#119 = CARTESIAN_POINT('',(11.,-32.,14.2));
#120 = DIRECTION('',(0.,-0.,1.));
#121 = DIRECTION('',(5.95814110634E-46,1.,0.));
#122 = PCURVE('',#32,#123);
#123 = DEFINITIONAL_REPRESENTATION('',(#124),#128);
#124 = CIRCLE('',#125,3.05);
#125 = AXIS2_PLACEMENT_2D('',#126,#127);
#126 = CARTESIAN_POINT('',(0.,1.261017406379E-14));
#127 = DIRECTION('',(1.,0.));
#128 = ( GEOMETRIC_REPRESENTATION_CONTEXT(2) 
PARAMETRIC_REPRESENTATION_CONTEXT() REPRESENTATION_CONTEXT('2D SPACE',''
  ) );
#129 = PCURVE('',#130,#135);
#130 = CONICAL_SURFACE('',#131,3.149999999994,0.785398163397);
#131 = AXIS2_PLACEMENT_3D('',#132,#133,#134);
#132 = CARTESIAN_POINT('',(11.,-32.,14.299999999994));
#133 = DIRECTION('',(0.,0.,1.));
#134 = DIRECTION('',(1.,-3.889384548663E-62,0.));
#135 = DEFINITIONAL_REPRESENTATION('',(#136),#140);
#136 = LINE('',#137,#138);
#137 = CARTESIAN_POINT('',(1.570796326795,-9.99999999939E-02));
#138 = VECTOR('',#139,1.);
#139 = DIRECTION('',(1.,3.993469413878E-16));
#140 = ( GEOMETRIC_REPRESENTATION_CONTEXT(2) 
PARAMETRIC_REPRESENTATION_CONTEXT() REPRESENTATION_CONTEXT('2D SPACE',''
  ) );
#141 = ORIENTED_EDGE('',*,*,#142,.T.);
#142 = EDGE_CURVE('',#114,#143,#145,.T.);
#143 = VERTEX_POINT('',#144);
#144 = CARTESIAN_POINT('',(13.95,-28.95,14.2));
#145 = SURFACE_CURVE('',#146,(#150,#157),.PCURVE_S1.);
#146 = LINE('',#147,#148);
#147 = CARTESIAN_POINT('',(11.000000001087,-28.95,14.199999999996));
#148 = VECTOR('',#149,1.);
#149 = DIRECTION('',(1.,1.403171364928E-12,1.403205863384E-12));
#150 = PCURVE('',#32,#151);
#151 = DEFINITIONAL_REPRESENTATION('',(#152),#156);
#152 = LINE('',#153,#154);
#153 = CARTESIAN_POINT('',(3.049999999996,-1.087173917547E-09));
#154 = VECTOR('',#155,1.);
#155 = DIRECTION('',(1.403171364928E-12,-1.));
#156 = ( GEOMETRIC_REPRESENTATION_CONTEXT(2) 
PARAMETRIC_REPRESENTATION_CONTEXT() REPRESENTATION_CONTEXT('2D SPACE',''
  ) );
#157 = PCURVE('',#158,#163);
#158 = PLANE('',#159);
#159 = AXIS2_PLACEMENT_3D('',#160,#161,#162);
#160 = CARTESIAN_POINT('',(12.625,-28.85,14.299999999994));
#161 = DIRECTION('',(4.213041979559E-46,0.707106781187,-0.707106781187)
  );
#162 = DIRECTION('',(4.213041979559E-46,0.707106781187,0.707106781187));
#163 = DEFINITIONAL_REPRESENTATION('',(#164),#168);
#164 = LINE('',#165,#166);
#165 = CARTESIAN_POINT('',(-0.141421356234,-1.624999998913));
#166 = VECTOR('',#167,1.);
#167 = DIRECTION('',(1.984408368707E-12,1.));
#168 = ( GEOMETRIC_REPRESENTATION_CONTEXT(2) 
PARAMETRIC_REPRESENTATION_CONTEXT() REPRESENTATION_CONTEXT('2D SPACE',''
  ) );
#169 = ORIENTED_EDGE('',*,*,#170,.T.);
#170 = EDGE_CURVE('',#143,#171,#173,.T.);
#171 = VERTEX_POINT('',#172);
#172 = CARTESIAN_POINT('',(13.95,-33.12573593128,14.2));
#173 = SURFACE_CURVE('',#174,(#178,#185),.PCURVE_S1.);
#174 = LINE('',#175,#176);
#175 = CARTESIAN_POINT('',(13.95,-28.95,14.2));
#176 = VECTOR('',#177,1.);
#177 = DIRECTION('',(-5.95814110634E-46,-1.,0.));
#178 = PCURVE('',#32,#179);
#179 = DEFINITIONAL_REPRESENTATION('',(#180),#184);
#180 = LINE('',#181,#182);
#181 = CARTESIAN_POINT('',(3.05,-2.95));
#182 = VECTOR('',#183,1.);
#183 = DIRECTION('',(-1.,0.));
#184 = ( GEOMETRIC_REPRESENTATION_CONTEXT(2) 
PARAMETRIC_REPRESENTATION_CONTEXT() REPRESENTATION_CONTEXT('2D SPACE',''
  ) );
#185 = PCURVE('',#186,#191);
#186 = PLANE('',#187);
#187 = AXIS2_PLACEMENT_3D('',#188,#189,#190);
#188 = CARTESIAN_POINT('',(14.1,-31.,14.35));
#189 = DIRECTION('',(0.707106781187,-2.750210189002E-62,-0.707106781187)
  );
#190 = DIRECTION('',(0.707106781187,-2.750210189002E-62,0.707106781187)
  );
#191 = DEFINITIONAL_REPRESENTATION('',(#192),#196);
#192 = LINE('',#193,#194);
#193 = CARTESIAN_POINT('',(-0.212132034356,-2.05));
#194 = VECTOR('',#195,1.);
#195 = DIRECTION('',(0.,1.));
#196 = ( GEOMETRIC_REPRESENTATION_CONTEXT(2) 
PARAMETRIC_REPRESENTATION_CONTEXT() REPRESENTATION_CONTEXT('2D SPACE',''
  ) );
#197 = ORIENTED_EDGE('',*,*,#198,.T.);
#198 = EDGE_CURVE('',#171,#199,#201,.T.);
#199 = VERTEX_POINT('',#200);
#200 = CARTESIAN_POINT('',(12.125735931288,-34.95,14.2));
#201 = SURFACE_CURVE('',#202,(#206,#213),.PCURVE_S1.);
#202 = LINE('',#203,#204);
#203 = CARTESIAN_POINT('',(13.95,-33.12573593128,14.2));
#204 = VECTOR('',#205,1.);
#205 = DIRECTION('',(-0.707106781187,-0.707106781187,0.));
#206 = PCURVE('',#32,#207);
#207 = DEFINITIONAL_REPRESENTATION('',(#208),#212);
#208 = LINE('',#209,#210);
#209 = CARTESIAN_POINT('',(-1.125735931288,-2.95));
#210 = VECTOR('',#211,1.);
#211 = DIRECTION('',(-0.707106781187,0.707106781187));
#212 = ( GEOMETRIC_REPRESENTATION_CONTEXT(2) 
PARAMETRIC_REPRESENTATION_CONTEXT() REPRESENTATION_CONTEXT('2D SPACE',''
  ) );
#213 = PCURVE('',#214,#219);
#214 = PLANE('',#215);
#215 = AXIS2_PLACEMENT_3D('',#216,#217,#218);
#216 = CARTESIAN_POINT('',(13.143933982822,-34.14393398282,14.35));
#217 = DIRECTION('',(0.5,-0.5,-0.707106781187));
#218 = DIRECTION('',(0.5,-0.5,0.707106781187));
#219 = DEFINITIONAL_REPRESENTATION('',(#220),#224);
#220 = LINE('',#221,#222);
#221 = CARTESIAN_POINT('',(-0.212132034356,-1.289949493661));
#222 = VECTOR('',#223,1.);
#223 = DIRECTION('',(0.,1.));
#224 = ( GEOMETRIC_REPRESENTATION_CONTEXT(2) 
PARAMETRIC_REPRESENTATION_CONTEXT() REPRESENTATION_CONTEXT('2D SPACE',''
  ) );
#225 = ORIENTED_EDGE('',*,*,#226,.T.);
#226 = EDGE_CURVE('',#199,#227,#229,.T.);
#227 = VERTEX_POINT('',#228);
#228 = CARTESIAN_POINT('',(7.95,-34.95,14.2));
#229 = SURFACE_CURVE('',#230,(#234,#241),.PCURVE_S1.);
#230 = LINE('',#231,#232);
#231 = CARTESIAN_POINT('',(12.125735931288,-34.95,14.2));
#232 = VECTOR('',#233,1.);
#233 = DIRECTION('',(-1.,3.889384548663E-62,0.));
#234 = PCURVE('',#32,#235);
#235 = DEFINITIONAL_REPRESENTATION('',(#236),#240);
#236 = LINE('',#237,#238);
#237 = CARTESIAN_POINT('',(-2.95,-1.125735931288));
#238 = VECTOR('',#239,1.);
#239 = DIRECTION('',(0.,1.));
#240 = ( GEOMETRIC_REPRESENTATION_CONTEXT(2) 
PARAMETRIC_REPRESENTATION_CONTEXT() REPRESENTATION_CONTEXT('2D SPACE',''
  ) );
#241 = PCURVE('',#242,#247);
#242 = PLANE('',#243);
#243 = AXIS2_PLACEMENT_3D('',#244,#245,#246);
#244 = CARTESIAN_POINT('',(10.,-35.1,14.35));
#245 = DIRECTION('',(-4.213041979559E-46,-0.707106781187,-0.707106781187
    ));
#246 = DIRECTION('',(-4.213041979559E-46,-0.707106781187,0.707106781187)
  );
#247 = DEFINITIONAL_REPRESENTATION('',(#248),#252);
#248 = LINE('',#249,#250);
#249 = CARTESIAN_POINT('',(-0.212132034356,-2.125735931288));
#250 = VECTOR('',#251,1.);
#251 = DIRECTION('',(0.,1.));
#252 = ( GEOMETRIC_REPRESENTATION_CONTEXT(2) 
PARAMETRIC_REPRESENTATION_CONTEXT() REPRESENTATION_CONTEXT('2D SPACE',''
  ) );
#253 = ORIENTED_EDGE('',*,*,#254,.T.);
#254 = EDGE_CURVE('',#227,#255,#257,.T.);
#255 = VERTEX_POINT('',#256);
#256 = CARTESIAN_POINT('',(7.950000000002,-32.00000000084,
    14.199999999998));
#257 = SURFACE_CURVE('',#258,(#262,#269),.PCURVE_S1.);
#258 = LINE('',#259,#260);
#259 = CARTESIAN_POINT('',(7.95,-34.95,14.2));
#260 = VECTOR('',#261,1.);
#261 = DIRECTION('',(7.40650479013E-13,1.,-7.40945283997E-13));
#262 = PCURVE('',#32,#263);
#263 = DEFINITIONAL_REPRESENTATION('',(#264),#268);
#264 = LINE('',#265,#266);
#265 = CARTESIAN_POINT('',(-2.95,3.05));
#266 = VECTOR('',#267,1.);
#267 = DIRECTION('',(1.,-7.40650479013E-13));
#268 = ( GEOMETRIC_REPRESENTATION_CONTEXT(2) 
PARAMETRIC_REPRESENTATION_CONTEXT() REPRESENTATION_CONTEXT('2D SPACE',''
  ) );
#269 = PCURVE('',#270,#275);
#270 = PLANE('',#271);
#271 = AXIS2_PLACEMENT_3D('',#272,#273,#274);
#272 = CARTESIAN_POINT('',(7.850000000003,-33.625,14.299999999997));
#273 = DIRECTION('',(-0.707106781187,2.750210189002E-62,-0.707106781187)
  );
#274 = DIRECTION('',(-0.707106781187,2.750210189002E-62,0.707106781187)
  );
#275 = DEFINITIONAL_REPRESENTATION('',(#276),#280);
#276 = LINE('',#277,#278);
#277 = CARTESIAN_POINT('',(-0.141421356233,-1.325));
#278 = VECTOR('',#279,1.);
#279 = DIRECTION('',(-1.047646411002E-12,1.));
#280 = ( GEOMETRIC_REPRESENTATION_CONTEXT(2) 
PARAMETRIC_REPRESENTATION_CONTEXT() REPRESENTATION_CONTEXT('2D SPACE',''
  ) );
#281 = ORIENTED_EDGE('',*,*,#282,.F.);
#282 = EDGE_CURVE('',#22,#255,#283,.T.);
#283 = SURFACE_CURVE('',#284,(#289,#296),.PCURVE_S1.);
#284 = CIRCLE('',#285,3.05);
#285 = AXIS2_PLACEMENT_3D('',#286,#287,#288);
#286 = CARTESIAN_POINT('',(11.,-32.,14.2));
#287 = DIRECTION('',(0.,0.,1.));
#288 = DIRECTION('',(-0.831081121949,0.556151210319,0.));
#289 = PCURVE('',#32,#290);
#290 = DEFINITIONAL_REPRESENTATION('',(#291),#295);
#291 = CIRCLE('',#292,3.05);
#292 = AXIS2_PLACEMENT_2D('',#293,#294);
#293 = CARTESIAN_POINT('',(0.,1.261017406379E-14));
#294 = DIRECTION('',(0.556151210319,0.831081121949));
#295 = ( GEOMETRIC_REPRESENTATION_CONTEXT(2) 
PARAMETRIC_REPRESENTATION_CONTEXT() REPRESENTATION_CONTEXT('2D SPACE',''
  ) );
#296 = PCURVE('',#297,#302);
#297 = CONICAL_SURFACE('',#298,3.149999999994,0.785398163397);
#298 = AXIS2_PLACEMENT_3D('',#299,#300,#301);
#299 = CARTESIAN_POINT('',(11.,-32.,14.299999999994));
#300 = DIRECTION('',(0.,0.,1.));
#301 = DIRECTION('',(1.,-3.889384548663E-62,0.));
#302 = DEFINITIONAL_REPRESENTATION('',(#303),#307);
#303 = LINE('',#304,#305);
#304 = CARTESIAN_POINT('',(2.551845132339,-9.99999999939E-02));
#305 = VECTOR('',#306,1.);
#306 = DIRECTION('',(1.,0.));
#307 = ( GEOMETRIC_REPRESENTATION_CONTEXT(2) 
PARAMETRIC_REPRESENTATION_CONTEXT() REPRESENTATION_CONTEXT('2D SPACE',''
  ) );
#308 = ADVANCED_FACE('',(#309),#44,.T.);
#309 = FACE_BOUND('',#310,.T.);
#310 = EDGE_LOOP('',(#311,#341,#392,#393,#415));
#311 = ORIENTED_EDGE('',*,*,#312,.T.);
#312 = EDGE_CURVE('',#313,#315,#317,.T.);
#313 = VERTEX_POINT('',#314);
#314 = CARTESIAN_POINT('',(8.380868714861,-30.22509620882,13.2));
#315 = VERTEX_POINT('',#316);
#316 = CARTESIAN_POINT('',(9.662636030852,-31.4203635679,13.2));
#317 = SURFACE_CURVE('',#318,(#322,#329),.PCURVE_S1.);
#318 = LINE('',#319,#320);
#319 = CARTESIAN_POINT('',(8.380868714861,-30.22509620882,13.2));
#320 = VECTOR('',#321,1.);
#321 = DIRECTION('',(0.731353701619,-0.681998360062,0.));
#322 = PCURVE('',#44,#323);
#323 = DEFINITIONAL_REPRESENTATION('',(#324),#328);
#324 = LINE('',#325,#326);
#325 = CARTESIAN_POINT('',(-0.115312007044,-1.));
#326 = VECTOR('',#327,1.);
#327 = DIRECTION('',(1.,0.));
#328 = ( GEOMETRIC_REPRESENTATION_CONTEXT(2) 
PARAMETRIC_REPRESENTATION_CONTEXT() REPRESENTATION_CONTEXT('2D SPACE',''
  ) );
#329 = PCURVE('',#330,#335);
#330 = PLANE('',#331);
#331 = AXIS2_PLACEMENT_3D('',#332,#333,#334);
#332 = CARTESIAN_POINT('',(9.098019222456,-30.82548350313,13.15));
#333 = DIRECTION('',(-0.482245665158,-0.517145161861,-0.707106781187));
#334 = DIRECTION('',(-0.482245665158,-0.517145161861,0.707106781187));
#335 = DEFINITIONAL_REPRESENTATION('',(#336),#340);
#336 = LINE('',#337,#338);
#337 = CARTESIAN_POINT('',(7.07106781185E-02,0.933953828469));
#338 = VECTOR('',#339,1.);
#339 = DIRECTION('',(-1.465494392505E-14,-1.));
#340 = ( GEOMETRIC_REPRESENTATION_CONTEXT(2) 
PARAMETRIC_REPRESENTATION_CONTEXT() REPRESENTATION_CONTEXT('2D SPACE',''
  ) );
#341 = ORIENTED_EDGE('',*,*,#342,.T.);
#342 = EDGE_CURVE('',#315,#24,#343,.T.);
#343 = SURFACE_CURVE('',#344,(#352,#363),.PCURVE_S1.);
#344 = B_SPLINE_CURVE_WITH_KNOTS('',3,(#345,#346,#347,#348,#349,#350,
    #351),.UNSPECIFIED.,.F.,.F.,(4,1,1,1,4),(0.,0.25,0.5,0.75,1.),
  .QUASI_UNIFORM_KNOTS.);
#345 = CARTESIAN_POINT('',(9.662636030852,-31.4203635679,13.2));
#346 = CARTESIAN_POINT('',(9.60937467624,-31.37069655122,13.268619951281
    ));
#347 = CARTESIAN_POINT('',(9.498091642302,-31.26692344324,
    13.413214818693));
#348 = CARTESIAN_POINT('',(9.316965221655,-31.09802032349,
    13.651545863725));
#349 = CARTESIAN_POINT('',(9.12068827497,-30.91498910964,13.912162258917
    ));
#350 = CARTESIAN_POINT('',(8.979027876845,-30.78288865128,
    14.101513079135));
#351 = CARTESIAN_POINT('',(8.905534638413,-30.71435509772,14.2));
#352 = PCURVE('',#44,#353);
#353 = DEFINITIONAL_REPRESENTATION('',(#354),#362);
#354 = B_SPLINE_CURVE_WITH_KNOTS('',3,(#355,#356,#357,#358,#359,#360,
    #361),.UNSPECIFIED.,.F.,.F.,(4,1,1,1,4),(0.,0.25,0.5,0.75,1.),
  .QUASI_UNIFORM_KNOTS.);
#355 = CARTESIAN_POINT('',(1.637283642848,-1.));
#356 = CARTESIAN_POINT('',(1.564457930072,-0.931380048719));
#357 = CARTESIAN_POINT('',(1.412297581815,-0.786785181307));
#358 = CARTESIAN_POINT('',(1.164638452934,-0.548454136275));
#359 = CARTESIAN_POINT('',(0.89626359375,-0.287837741083));
#360 = CARTESIAN_POINT('',(0.702567441244,-9.848692086488E-02));
#361 = CARTESIAN_POINT('',(0.60207811813,0.));
#362 = ( GEOMETRIC_REPRESENTATION_CONTEXT(2) 
PARAMETRIC_REPRESENTATION_CONTEXT() REPRESENTATION_CONTEXT('2D SPACE',''
  ) );
#363 = PCURVE('',#73,#364);
#364 = DEFINITIONAL_REPRESENTATION('',(#365),#391);
#365 = B_SPLINE_CURVE_WITH_KNOTS('',3,(#366,#367,#368,#369,#370,#371,
    #372,#373,#374,#375,#376,#377,#378,#379,#380,#381,#382,#383,#384,
    #385,#386,#387,#388,#389,#390),.UNSPECIFIED.,.F.,.F.,(4,1,1,1,1,1,1,
    1,1,1,1,1,1,1,1,1,1,1,1,1,1,1,4),(0.,4.545454545455E-02,
    9.090909090909E-02,0.136363636364,0.181818181818,0.227272727273,
    0.272727272727,0.318181818182,0.363636363636,0.409090909091,
    0.454545454545,0.5,0.545454545455,0.590909090909,0.636363636364,
    0.681818181818,0.727272727273,0.772727272727,0.818181818182,
    0.863636363636,0.909090909091,0.954545454545,1.),
  .QUASI_UNIFORM_KNOTS.);
#366 = CARTESIAN_POINT('',(3.518012454414,-0.45));
#367 = CARTESIAN_POINT('',(3.514970021391,-0.43752364064));
#368 = CARTESIAN_POINT('',(3.50899189169,-0.41232775858));
#369 = CARTESIAN_POINT('',(3.500333696701,-0.373808269193));
#370 = CARTESIAN_POINT('',(3.491973185206,-0.334566936754));
#371 = CARTESIAN_POINT('',(3.48389941423,-0.29460758617));
#372 = CARTESIAN_POINT('',(3.476101655021,-0.253933702543));
#373 = CARTESIAN_POINT('',(3.468569671128,-0.2125497928));
#374 = CARTESIAN_POINT('',(3.461292677212,-0.170455222419));
#375 = CARTESIAN_POINT('',(3.454259576782,-0.127644186673));
#376 = CARTESIAN_POINT('',(3.447460023515,-8.411187559365E-02));
#377 = CARTESIAN_POINT('',(3.440884147354,-3.985311261998E-02));
#378 = CARTESIAN_POINT('',(3.434522590496,5.137274775333E-03));
#379 = CARTESIAN_POINT('',(3.42836646036,5.08645460282E-02));
#380 = CARTESIAN_POINT('',(3.42240719458,9.733531688586E-02));
#381 = CARTESIAN_POINT('',(3.416636674564,0.144556242161));
#382 = CARTESIAN_POINT('',(3.411047185068,0.192534127865));
#383 = CARTESIAN_POINT('',(3.405631436808,0.241275486164));
#384 = CARTESIAN_POINT('',(3.400382369328,0.290788180623));
#385 = CARTESIAN_POINT('',(3.395293913945,0.341073993268));
#386 = CARTESIAN_POINT('',(3.390360813436,0.392128601488));
#387 = CARTESIAN_POINT('',(3.385577812489,0.443949004368));
#388 = CARTESIAN_POINT('',(3.380939824131,0.496531871939));
#389 = CARTESIAN_POINT('',(3.377941243337,0.532093288887));
#390 = CARTESIAN_POINT('',(3.376464480776,0.55));
#391 = ( GEOMETRIC_REPRESENTATION_CONTEXT(2) 
PARAMETRIC_REPRESENTATION_CONTEXT() REPRESENTATION_CONTEXT('2D SPACE',''
  ) );
#392 = ORIENTED_EDGE('',*,*,#21,.F.);
#393 = ORIENTED_EDGE('',*,*,#394,.F.);
#394 = EDGE_CURVE('',#395,#22,#397,.T.);
#395 = VERTEX_POINT('',#396);
#396 = CARTESIAN_POINT('',(8.380868714861,-30.22509620882,
    14.313879289213));
#397 = SURFACE_CURVE('',#398,(#402,#409),.PCURVE_S1.);
#398 = ( BOUNDED_CURVE() B_SPLINE_CURVE(2,(#399,#400,#401),
.UNSPECIFIED.,.F.,.F.) B_SPLINE_CURVE_WITH_KNOTS((3,3),(
9.026791207939E-02,0.102000476144),.PIECEWISE_BEZIER_KNOTS.) CURVE() 
GEOMETRIC_REPRESENTATION_ITEM() RATIONAL_B_SPLINE_CURVE((1.087203389914,
1.091483707159,1.095403523571)) REPRESENTATION_ITEM('') );
#399 = CARTESIAN_POINT('',(8.380868714862,-30.22509620882,
    14.313879289211));
#400 = CARTESIAN_POINT('',(8.423808423008,-30.26513813446,
    14.255869712414));
#401 = CARTESIAN_POINT('',(8.465202578054,-30.30373880852,14.2));
#402 = PCURVE('',#44,#403);
#403 = DEFINITIONAL_REPRESENTATION('',(#404),#408);
#404 = ( BOUNDED_CURVE() B_SPLINE_CURVE(2,(#405,#406,#407),
.UNSPECIFIED.,.F.,.F.) B_SPLINE_CURVE_WITH_KNOTS((3,3),(
9.026791207939E-02,0.102000476144),.PIECEWISE_BEZIER_KNOTS.) CURVE() 
GEOMETRIC_REPRESENTATION_ITEM() RATIONAL_B_SPLINE_CURVE((1.087203389914,
1.091483707159,1.095403523571)) REPRESENTATION_ITEM('') );
#405 = CARTESIAN_POINT('',(-0.115312007042,0.113879289211));
#406 = CARTESIAN_POINT('',(-5.659936492326E-02,5.586971241435E-02));
#407 = CARTESIAN_POINT('',(1.42108547152E-14,1.216234566424E-14));
#408 = ( GEOMETRIC_REPRESENTATION_CONTEXT(2) 
PARAMETRIC_REPRESENTATION_CONTEXT() REPRESENTATION_CONTEXT('2D SPACE',''
  ) );
#409 = PCURVE('',#297,#410);
#410 = DEFINITIONAL_REPRESENTATION('',(#411),#414);
#411 = B_SPLINE_CURVE_WITH_KNOTS('',1,(#412,#413),.UNSPECIFIED.,.F.,.F.,
  (2,2),(9.026791207939E-02,0.102000476144),.PIECEWISE_BEZIER_KNOTS.);
#412 = CARTESIAN_POINT('',(2.546011754106,1.387928921741E-02));
#413 = CARTESIAN_POINT('',(2.551845132339,-9.999999999378E-02));
#414 = ( GEOMETRIC_REPRESENTATION_CONTEXT(2) 
PARAMETRIC_REPRESENTATION_CONTEXT() REPRESENTATION_CONTEXT('2D SPACE',''
  ) );
#415 = ORIENTED_EDGE('',*,*,#416,.F.);
#416 = EDGE_CURVE('',#313,#395,#417,.T.);
#417 = SURFACE_CURVE('',#418,(#422,#429),.PCURVE_S1.);
#418 = LINE('',#419,#420);
#419 = CARTESIAN_POINT('',(8.380868714861,-30.22509620882,13.2));
#420 = VECTOR('',#421,1.);
#421 = DIRECTION('',(0.,0.,1.));
#422 = PCURVE('',#44,#423);
#423 = DEFINITIONAL_REPRESENTATION('',(#424),#428);
#424 = LINE('',#425,#426);
#425 = CARTESIAN_POINT('',(-0.115312007044,-1.));
#426 = VECTOR('',#427,1.);
#427 = DIRECTION('',(0.,1.));
#428 = ( GEOMETRIC_REPRESENTATION_CONTEXT(2) 
PARAMETRIC_REPRESENTATION_CONTEXT() REPRESENTATION_CONTEXT('2D SPACE',''
  ) );
#429 = PCURVE('',#430,#435);
#430 = PLANE('',#431);
#431 = AXIS2_PLACEMENT_3D('',#432,#433,#434);
#432 = CARTESIAN_POINT('',(8.374477657481,-30.1591945688,13.706939644607
    ));
#433 = DIRECTION('',(-0.995330474458,-9.652588572994E-02,0.));
#434 = DIRECTION('',(9.652588572994E-02,-0.995330474458,0.));
#435 = DEFINITIONAL_REPRESENTATION('',(#436),#440);
#436 = LINE('',#437,#438);
#437 = CARTESIAN_POINT('',(6.621081310499E-02,-0.506939644607));
#438 = VECTOR('',#439,1.);
#439 = DIRECTION('',(0.,1.));
#440 = ( GEOMETRIC_REPRESENTATION_CONTEXT(2) 
PARAMETRIC_REPRESENTATION_CONTEXT() REPRESENTATION_CONTEXT('2D SPACE',''
  ) );
#441 = ADVANCED_FACE('',(#442),#330,.T.);
#442 = FACE_BOUND('',#443,.T.);
#443 = EDGE_LOOP('',(#444,#474,#498,#499,#522));
#444 = ORIENTED_EDGE('',*,*,#445,.F.);
#445 = EDGE_CURVE('',#446,#448,#450,.T.);
#446 = VERTEX_POINT('',#447);
#447 = CARTESIAN_POINT('',(9.783857947693,-31.39667208802,13.1));
#448 = VERTEX_POINT('',#449);
#449 = CARTESIAN_POINT('',(8.449068561676,-30.15196084746,
    13.100000003491));
#450 = SURFACE_CURVE('',#451,(#455,#462),.PCURVE_S1.);
#451 = LINE('',#452,#453);
#452 = CARTESIAN_POINT('',(9.783857947693,-31.39667208802,13.1));
#453 = VECTOR('',#454,1.);
#454 = DIRECTION('',(-0.731353701482,0.68199836021,1.638189502666E-09));
#455 = PCURVE('',#330,#456);
#456 = DEFINITIONAL_REPRESENTATION('',(#457),#461);
#457 = LINE('',#458,#459);
#458 = CARTESIAN_POINT('',(-7.071067811865E-02,-0.891140368595));
#459 = VECTOR('',#460,1.);
#460 = DIRECTION('',(1.015653732887E-09,1.));
#461 = ( GEOMETRIC_REPRESENTATION_CONTEXT(2) 
PARAMETRIC_REPRESENTATION_CONTEXT() REPRESENTATION_CONTEXT('2D SPACE',''
  ) );
#462 = PCURVE('',#463,#468);
#463 = PLANE('',#464);
#464 = AXIS2_PLACEMENT_3D('',#465,#466,#467);
#465 = CARTESIAN_POINT('',(11.,-32.,13.1));
#466 = DIRECTION('',(0.,0.,1.));
#467 = DIRECTION('',(1.,-3.889384548663E-62,0.));
#468 = DEFINITIONAL_REPRESENTATION('',(#469),#473);
#469 = LINE('',#470,#471);
#470 = CARTESIAN_POINT('',(-1.216142052307,0.603327911978));
#471 = VECTOR('',#472,1.);
#472 = DIRECTION('',(-0.731353701482,0.68199836021));
#473 = ( GEOMETRIC_REPRESENTATION_CONTEXT(2) 
PARAMETRIC_REPRESENTATION_CONTEXT() REPRESENTATION_CONTEXT('2D SPACE',''
  ) );
#474 = ORIENTED_EDGE('',*,*,#475,.F.);
#475 = EDGE_CURVE('',#315,#446,#476,.T.);
#476 = SURFACE_CURVE('',#477,(#483,#492),.PCURVE_S1.);
#477 = B_SPLINE_CURVE_WITH_KNOTS('',3,(#478,#479,#480,#481,#482),
  .UNSPECIFIED.,.F.,.F.,(4,1,4),(0.,0.5,1.),.QUASI_UNIFORM_KNOTS.);
#478 = CARTESIAN_POINT('',(9.662636030852,-31.4203635679,13.2));
#479 = CARTESIAN_POINT('',(9.683187901214,-31.41607618517,
    13.182848064886));
#480 = CARTESIAN_POINT('',(9.723943924336,-31.40784116986,
    13.149029815023));
#481 = CARTESIAN_POINT('',(9.764003013492,-31.40028284636,
    13.116181774046));
#482 = CARTESIAN_POINT('',(9.783857947693,-31.39667208802,13.1));
#483 = PCURVE('',#330,#484);
#484 = DEFINITIONAL_REPRESENTATION('',(#485),#491);
#485 = B_SPLINE_CURVE_WITH_KNOTS('',3,(#486,#487,#488,#489,#490),
  .UNSPECIFIED.,.F.,.F.,(4,1,4),(0.,0.5,1.),.QUASI_UNIFORM_KNOTS.);
#486 = CARTESIAN_POINT('',(7.071067811834E-02,-0.818641821424));
#487 = CARTESIAN_POINT('',(4.645417885972E-02,-0.830748519898));
#488 = CARTESIAN_POINT('',(-1.37204875291E-03,-0.854939321333));
#489 = CARTESIAN_POINT('',(-4.782619379969E-02,-0.879081920241));
#490 = CARTESIAN_POINT('',(-7.071067811865E-02,-0.891140368595));
#491 = ( GEOMETRIC_REPRESENTATION_CONTEXT(2) 
PARAMETRIC_REPRESENTATION_CONTEXT() REPRESENTATION_CONTEXT('2D SPACE',''
  ) );
#492 = PCURVE('',#73,#493);
#493 = DEFINITIONAL_REPRESENTATION('',(#494),#497);
#494 = B_SPLINE_CURVE_WITH_KNOTS('',1,(#495,#496),.UNSPECIFIED.,.F.,.F.,
  (2,2),(0.,1.),.PIECEWISE_BEZIER_KNOTS.);
#495 = CARTESIAN_POINT('',(3.518012454414,-0.45));
#496 = CARTESIAN_POINT('',(3.466468178312,-0.55));
#497 = ( GEOMETRIC_REPRESENTATION_CONTEXT(2) 
PARAMETRIC_REPRESENTATION_CONTEXT() REPRESENTATION_CONTEXT('2D SPACE',''
  ) );
#498 = ORIENTED_EDGE('',*,*,#312,.F.);
#499 = ORIENTED_EDGE('',*,*,#500,.T.);
#500 = EDGE_CURVE('',#313,#501,#503,.T.);
#501 = VERTEX_POINT('',#502);
#502 = CARTESIAN_POINT('',(8.374505894209,-30.15948573293,
    13.156354968843));
#503 = SURFACE_CURVE('',#504,(#508,#515),.PCURVE_S1.);
#504 = LINE('',#505,#506);
#505 = CARTESIAN_POINT('',(8.380868714861,-30.22509620882,13.2));
#506 = VECTOR('',#507,1.);
#507 = DIRECTION('',(-8.048332203265E-02,0.829906946711,-0.552066023838)
  );
#508 = PCURVE('',#330,#509);
#509 = DEFINITIONAL_REPRESENTATION('',(#510),#514);
#510 = LINE('',#511,#512);
#511 = CARTESIAN_POINT('',(7.07106781185E-02,0.933953828469));
#512 = VECTOR('',#513,1.);
#513 = DIRECTION('',(-0.780739258237,0.624856952148));
#514 = ( GEOMETRIC_REPRESENTATION_CONTEXT(2) 
PARAMETRIC_REPRESENTATION_CONTEXT() REPRESENTATION_CONTEXT('2D SPACE',''
  ) );
#515 = PCURVE('',#430,#516);
#516 = DEFINITIONAL_REPRESENTATION('',(#517),#521);
#517 = LINE('',#518,#519);
#518 = CARTESIAN_POINT('',(6.621081310499E-02,-0.506939644607));
#519 = VECTOR('',#520,1.);
#520 = DIRECTION('',(-0.833800398971,-0.552066023838));
#521 = ( GEOMETRIC_REPRESENTATION_CONTEXT(2) 
PARAMETRIC_REPRESENTATION_CONTEXT() REPRESENTATION_CONTEXT('2D SPACE',''
  ) );
#522 = ORIENTED_EDGE('',*,*,#523,.T.);
#523 = EDGE_CURVE('',#501,#448,#524,.T.);
#524 = SURFACE_CURVE('',#525,(#530,#543),.PCURVE_S1.);
#525 = ELLIPSE('',#526,3.949079392142,0.885676018633);
#526 = AXIS2_PLACEMENT_3D('',#527,#528,#529);
#527 = CARTESIAN_POINT('',(7.520162451804,-31.10918694876,
    14.433632990517));
#528 = DIRECTION('',(-0.482232277104,-0.517176076914,-0.707093301048));
#529 = DIRECTION('',(-0.752874234573,-0.168030338361,0.636353826348));
#530 = PCURVE('',#330,#531);
#531 = DEFINITIONAL_REPRESENTATION('',(#532),#542);
#532 = B_SPLINE_CURVE_WITH_KNOTS('',8,(#533,#534,#535,#536,#537,#538,
    #539,#540,#541),.UNSPECIFIED.,.F.,.F.,(9,9),(1.992270562325,
    2.018306643829),.PIECEWISE_BEZIER_KNOTS.);
#533 = CARTESIAN_POINT('',(8.987283125915E-03,0.983353537865));
#534 = CARTESIAN_POINT('',(-1.052620351693E-03,0.977178843794));
#535 = CARTESIAN_POINT('',(-1.107065854144E-02,0.971003872913));
#536 = CARTESIAN_POINT('',(-2.106666939976E-02,0.96482872487));
#537 = CARTESIAN_POINT('',(-3.104049137431E-02,0.958653499364));
#538 = CARTESIAN_POINT('',(-4.099196342004E-02,0.952478296019));
#539 = CARTESIAN_POINT('',(-5.092092499142E-02,0.946303214555));
#540 = CARTESIAN_POINT('',(-6.082721605153E-02,0.940128354589));
#541 = CARTESIAN_POINT('',(-7.071067708309E-02,0.933953815796));
#542 = ( GEOMETRIC_REPRESENTATION_CONTEXT(2) 
PARAMETRIC_REPRESENTATION_CONTEXT() REPRESENTATION_CONTEXT('2D SPACE',''
  ) );
#543 = PCURVE('',#544,#549);
#544 = CONICAL_SURFACE('',#545,3.200000000498,0.785398163115);
#545 = AXIS2_PLACEMENT_3D('',#546,#547,#548);
#546 = CARTESIAN_POINT('',(11.00000181106,-32.00000123921,13.14999782481
    ));
#547 = DIRECTION('',(0.,0.,1.));
#548 = DIRECTION('',(1.,-3.889384548663E-62,0.));
#549 = DEFINITIONAL_REPRESENTATION('',(#550),#553);
#550 = B_SPLINE_CURVE_WITH_KNOTS('',1,(#551,#552),.UNSPECIFIED.,.F.,.F.,
  (2,2),(1.992270562325,2.018306643829),.PIECEWISE_BEZIER_KNOTS.);
#551 = CARTESIAN_POINT('',(2.530184915639,6.357144032875E-03));
#552 = CARTESIAN_POINT('',(2.514640743838,-4.999781987459E-02));
#553 = ( GEOMETRIC_REPRESENTATION_CONTEXT(2) 
PARAMETRIC_REPRESENTATION_CONTEXT() REPRESENTATION_CONTEXT('2D SPACE',''
  ) );
#554 = ADVANCED_FACE('',(#555,#640),#463,.F.);
#555 = FACE_BOUND('',#556,.T.);
#556 = EDGE_LOOP('',(#557,#587,#613,#614));
#557 = ORIENTED_EDGE('',*,*,#558,.T.);
#558 = EDGE_CURVE('',#559,#561,#563,.T.);
#559 = VERTEX_POINT('',#560);
#560 = CARTESIAN_POINT('',(9.151961353499,-29.44906912345,
    13.099999452919));
#561 = VERTEX_POINT('',#562);
#562 = CARTESIAN_POINT('',(10.396672088022,-30.78385794769,13.1));
#563 = SURFACE_CURVE('',#564,(#568,#575),.PCURVE_S1.);
#564 = LINE('',#565,#566);
#565 = CARTESIAN_POINT('',(9.15196185166,-29.44906956296,13.099998546538
    ));
#566 = VECTOR('',#567,1.);
#567 = DIRECTION('',(0.681998339783,-0.73135372053,7.963768425772E-07));
#568 = PCURVE('',#463,#569);
#569 = DEFINITIONAL_REPRESENTATION('',(#570),#574);
#570 = LINE('',#571,#572);
#571 = CARTESIAN_POINT('',(-1.84803814834,2.550930437033));
#572 = VECTOR('',#573,1.);
#573 = DIRECTION('',(0.681998339783,-0.73135372053));
#574 = ( GEOMETRIC_REPRESENTATION_CONTEXT(2) 
PARAMETRIC_REPRESENTATION_CONTEXT() REPRESENTATION_CONTEXT('2D SPACE',''
  ) );
#575 = PCURVE('',#576,#581);
#576 = PLANE('',#577);
#577 = AXIS2_PLACEMENT_3D('',#578,#579,#580);
#578 = CARTESIAN_POINT('',(9.825483503136,-30.09801922245,13.15));
#579 = DIRECTION('',(0.517145161861,0.482245665158,-0.707106781187));
#580 = DIRECTION('',(0.517145161861,0.482245665158,0.707106781187));
#581 = DEFINITIONAL_REPRESENTATION('',(#582),#586);
#582 = LINE('',#583,#584);
#583 = CARTESIAN_POINT('',(-7.071167008695E-02,-0.933952397405));
#584 = VECTOR('',#585,1.);
#585 = DIRECTION('',(5.435162476019E-07,1.));
#586 = ( GEOMETRIC_REPRESENTATION_CONTEXT(2) 
PARAMETRIC_REPRESENTATION_CONTEXT() REPRESENTATION_CONTEXT('2D SPACE',''
  ) );
#587 = ORIENTED_EDGE('',*,*,#588,.T.);
#588 = EDGE_CURVE('',#561,#446,#589,.T.);
#589 = SURFACE_CURVE('',#590,(#595,#606),.PCURVE_S1.);
#590 = CIRCLE('',#591,1.357573593129);
#591 = AXIS2_PLACEMENT_3D('',#592,#593,#594);
#592 = CARTESIAN_POINT('',(11.,-32.,13.1));
#593 = DIRECTION('',(0.,0.,-1.));
#594 = DIRECTION('',(-0.444416358002,0.895820350707,0.));
#595 = PCURVE('',#463,#596);
#596 = DEFINITIONAL_REPRESENTATION('',(#597),#605);
#597 = ( BOUNDED_CURVE() B_SPLINE_CURVE(2,(#598,#599,#600,#601,#602,#603
,#604),.UNSPECIFIED.,.T.,.F.) B_SPLINE_CURVE_WITH_KNOTS((1,2,2,2,2,1),(
    -2.094395102393,0.,2.094395102393,4.188790204786,6.28318530718,
8.377580409573),.UNSPECIFIED.) CURVE() GEOMETRIC_REPRESENTATION_ITEM() 
RATIONAL_B_SPLINE_CURVE((1.,0.5,1.,0.5,1.,0.5,1.)) REPRESENTATION_ITEM(
  '') );
#598 = CARTESIAN_POINT('',(-0.603327911978,1.216142052307));
#599 = CARTESIAN_POINT('',(1.503091911839,2.261136649477));
#600 = CARTESIAN_POINT('',(1.354873867897,-8.557372756825E-02));
#601 = CARTESIAN_POINT('',(1.206655823956,-2.432284104614));
#602 = CARTESIAN_POINT('',(-0.751545955919,-1.130568324739));
#603 = CARTESIAN_POINT('',(-2.709747735795,0.171147455136));
#604 = CARTESIAN_POINT('',(-0.603327911978,1.216142052307));
#605 = ( GEOMETRIC_REPRESENTATION_CONTEXT(2) 
PARAMETRIC_REPRESENTATION_CONTEXT() REPRESENTATION_CONTEXT('2D SPACE',''
  ) );
#606 = PCURVE('',#73,#607);
#607 = DEFINITIONAL_REPRESENTATION('',(#608),#612);
#608 = LINE('',#609,#610);
#609 = CARTESIAN_POINT('',(9.099902436047,-0.55));
#610 = VECTOR('',#611,1.);
#611 = DIRECTION('',(-1.,2.787096443928E-17));
#612 = ( GEOMETRIC_REPRESENTATION_CONTEXT(2) 
PARAMETRIC_REPRESENTATION_CONTEXT() REPRESENTATION_CONTEXT('2D SPACE',''
  ) );
#613 = ORIENTED_EDGE('',*,*,#445,.T.);
#614 = ORIENTED_EDGE('',*,*,#615,.T.);
#615 = EDGE_CURVE('',#448,#559,#616,.T.);
#616 = SURFACE_CURVE('',#617,(#622,#633),.PCURVE_S1.);
#617 = CIRCLE('',#618,3.150002175716);
#618 = AXIS2_PLACEMENT_3D('',#619,#620,#621);
#619 = CARTESIAN_POINT('',(11.00000181106,-32.00000123921,13.1));
#620 = DIRECTION('',(0.,0.,-1.));
#621 = DIRECTION('',(-0.80981951885,0.586679083392,0.));
#622 = PCURVE('',#463,#623);
#623 = DEFINITIONAL_REPRESENTATION('',(#624),#632);
#624 = ( BOUNDED_CURVE() B_SPLINE_CURVE(2,(#625,#626,#627,#628,#629,#630
,#631),.UNSPECIFIED.,.T.,.F.) B_SPLINE_CURVE_WITH_KNOTS((1,2,2,2,2,1),(
    -2.094395102393,0.,2.094395102393,4.188790204786,6.28318530718,
8.377580409573),.UNSPECIFIED.) CURVE() GEOMETRIC_REPRESENTATION_ITEM() 
RATIONAL_B_SPLINE_CURVE((1.,0.5,1.,0.5,1.,0.5,1.)) REPRESENTATION_ITEM(
  '') );
#625 = CARTESIAN_POINT('',(-2.550931435255,1.848039149914));
#626 = CARTESIAN_POINT('',(0.649968413162,6.266385139247));
#627 = CARTESIAN_POINT('',(2.875918358425,1.285151560882));
#628 = CARTESIAN_POINT('',(5.101868303688,-3.696082017483));
#629 = CARTESIAN_POINT('',(-0.324981489991,-3.133194428451));
#630 = CARTESIAN_POINT('',(-5.751831283671,-2.570306839419));
#631 = CARTESIAN_POINT('',(-2.550931435255,1.848039149914));
#632 = ( GEOMETRIC_REPRESENTATION_CONTEXT(2) 
PARAMETRIC_REPRESENTATION_CONTEXT() REPRESENTATION_CONTEXT('2D SPACE',''
  ) );
#633 = PCURVE('',#544,#634);
#634 = DEFINITIONAL_REPRESENTATION('',(#635),#639);
#635 = LINE('',#636,#637);
#636 = CARTESIAN_POINT('',(2.514640744787,-4.999782481014E-02));
#637 = VECTOR('',#638,1.);
#638 = DIRECTION('',(-1.,1.393497193073E-15));
#639 = ( GEOMETRIC_REPRESENTATION_CONTEXT(2) 
PARAMETRIC_REPRESENTATION_CONTEXT() REPRESENTATION_CONTEXT('2D SPACE',''
  ) );
#640 = FACE_BOUND('',#641,.T.);
#641 = EDGE_LOOP('',(#642));
#642 = ORIENTED_EDGE('',*,*,#643,.F.);
#643 = EDGE_CURVE('',#644,#644,#646,.T.);
#644 = VERTEX_POINT('',#645);
#645 = CARTESIAN_POINT('',(11.,-30.7,13.1));
#646 = SURFACE_CURVE('',#647,(#652,#663),.PCURVE_S1.);
#647 = CIRCLE('',#648,1.3);
#648 = AXIS2_PLACEMENT_3D('',#649,#650,#651);
#649 = CARTESIAN_POINT('',(11.,-32.,13.1));
#650 = DIRECTION('',(0.,0.,-1.));
#651 = DIRECTION('',(-0.933928572093,0.357459679164,0.));
#652 = PCURVE('',#463,#653);
#653 = DEFINITIONAL_REPRESENTATION('',(#654),#662);
#654 = ( BOUNDED_CURVE() B_SPLINE_CURVE(2,(#655,#656,#657,#658,#659,#660
,#661),.UNSPECIFIED.,.T.,.F.) B_SPLINE_CURVE_WITH_KNOTS((1,2,2,2,2,1),(
    -2.094395102393,0.,2.094395102393,4.188790204786,6.28318530718,
8.377580409573),.UNSPECIFIED.) CURVE() GEOMETRIC_REPRESENTATION_ITEM() 
RATIONAL_B_SPLINE_CURVE((1.,0.5,1.,0.5,1.,0.5,1.)) REPRESENTATION_ITEM(
  '') );
#655 = CARTESIAN_POINT('',(-1.214107143721,0.464697582913));
#656 = CARTESIAN_POINT('',(-0.409227319961,2.56759284167));
#657 = CARTESIAN_POINT('',(1.009493483741,0.819098837922));
#658 = CARTESIAN_POINT('',(2.428214287442,-0.929395165826));
#659 = CARTESIAN_POINT('',(0.204613659981,-1.283796420835));
#660 = CARTESIAN_POINT('',(-2.018986967481,-1.638197675844));
#661 = CARTESIAN_POINT('',(-1.214107143721,0.464697582913));
#662 = ( GEOMETRIC_REPRESENTATION_CONTEXT(2) 
PARAMETRIC_REPRESENTATION_CONTEXT() REPRESENTATION_CONTEXT('2D SPACE',''
  ) );
#663 = PCURVE('',#664,#669);
#664 = CYLINDRICAL_SURFACE('',#665,1.3);
#665 = AXIS2_PLACEMENT_3D('',#666,#667,#668);
#666 = CARTESIAN_POINT('',(11.,-32.,12.38));
#667 = DIRECTION('',(0.,0.,1.));
#668 = DIRECTION('',(-5.95814110634E-46,-1.,0.));
#669 = DEFINITIONAL_REPRESENTATION('',(#670),#674);
#670 = LINE('',#671,#672);
#671 = CARTESIAN_POINT('',(4.346842545293,0.72));
#672 = VECTOR('',#673,1.);
#673 = DIRECTION('',(-1.,0.));
#674 = ( GEOMETRIC_REPRESENTATION_CONTEXT(2) 
PARAMETRIC_REPRESENTATION_CONTEXT() REPRESENTATION_CONTEXT('2D SPACE',''
  ) );
#675 = ADVANCED_FACE('',(#676),#664,.F.);
#676 = FACE_BOUND('',#677,.F.);
#677 = EDGE_LOOP('',(#678,#701,#730,#752,#753));
#678 = ORIENTED_EDGE('',*,*,#679,.T.);
#679 = EDGE_CURVE('',#644,#680,#682,.T.);
#680 = VERTEX_POINT('',#681);
#681 = CARTESIAN_POINT('',(11.,-30.7,16.7));
#682 = SEAM_CURVE('',#683,(#687,#694),.PCURVE_S1.);
#683 = LINE('',#684,#685);
#684 = CARTESIAN_POINT('',(11.,-30.7,12.38));
#685 = VECTOR('',#686,1.);
#686 = DIRECTION('',(0.,0.,1.));
#687 = PCURVE('',#664,#688);
#688 = DEFINITIONAL_REPRESENTATION('',(#689),#693);
#689 = LINE('',#690,#691);
#690 = CARTESIAN_POINT('',(3.14159265359,0.));
#691 = VECTOR('',#692,1.);
#692 = DIRECTION('',(0.,1.));
#693 = ( GEOMETRIC_REPRESENTATION_CONTEXT(2) 
PARAMETRIC_REPRESENTATION_CONTEXT() REPRESENTATION_CONTEXT('2D SPACE',''
  ) );
#694 = PCURVE('',#664,#695);
#695 = DEFINITIONAL_REPRESENTATION('',(#696),#700);
#696 = LINE('',#697,#698);
#697 = CARTESIAN_POINT('',(-3.14159265359,0.));
#698 = VECTOR('',#699,1.);
#699 = DIRECTION('',(0.,1.));
#700 = ( GEOMETRIC_REPRESENTATION_CONTEXT(2) 
PARAMETRIC_REPRESENTATION_CONTEXT() REPRESENTATION_CONTEXT('2D SPACE',''
  ) );
#701 = ORIENTED_EDGE('',*,*,#702,.T.);
#702 = EDGE_CURVE('',#680,#703,#705,.T.);
#703 = VERTEX_POINT('',#704);
#704 = CARTESIAN_POINT('',(9.7,-32.,16.7));
#705 = SURFACE_CURVE('',#706,(#711,#718),.PCURVE_S1.);
#706 = CIRCLE('',#707,1.3);
#707 = AXIS2_PLACEMENT_3D('',#708,#709,#710);
#708 = CARTESIAN_POINT('',(11.,-32.,16.7));
#709 = DIRECTION('',(0.,0.,-1.));
#710 = DIRECTION('',(5.95814110634E-46,1.,0.));
#711 = PCURVE('',#664,#712);
#712 = DEFINITIONAL_REPRESENTATION('',(#713),#717);
#713 = LINE('',#714,#715);
#714 = CARTESIAN_POINT('',(3.14159265359,4.32));
#715 = VECTOR('',#716,1.);
#716 = DIRECTION('',(-1.,0.));
#717 = ( GEOMETRIC_REPRESENTATION_CONTEXT(2) 
PARAMETRIC_REPRESENTATION_CONTEXT() REPRESENTATION_CONTEXT('2D SPACE',''
  ) );
#718 = PCURVE('',#719,#724);
#719 = CONICAL_SURFACE('',#720,1.449999999927,0.785398163397);
#720 = AXIS2_PLACEMENT_3D('',#721,#722,#723);
#721 = CARTESIAN_POINT('',(11.,-32.,16.849999999927));
#722 = DIRECTION('',(0.,0.,1.));
#723 = DIRECTION('',(1.,-3.889384548663E-62,0.));
#724 = DEFINITIONAL_REPRESENTATION('',(#725),#729);
#725 = LINE('',#726,#727);
#726 = CARTESIAN_POINT('',(1.570796326795,-0.149999999927));
#727 = VECTOR('',#728,1.);
#728 = DIRECTION('',(-1.,0.));
#729 = ( GEOMETRIC_REPRESENTATION_CONTEXT(2) 
PARAMETRIC_REPRESENTATION_CONTEXT() REPRESENTATION_CONTEXT('2D SPACE',''
  ) );
#730 = ORIENTED_EDGE('',*,*,#731,.T.);
#731 = EDGE_CURVE('',#703,#680,#732,.T.);
#732 = SURFACE_CURVE('',#733,(#738,#745),.PCURVE_S1.);
#733 = CIRCLE('',#734,1.3);
#734 = AXIS2_PLACEMENT_3D('',#735,#736,#737);
#735 = CARTESIAN_POINT('',(11.,-32.,16.7));
#736 = DIRECTION('',(0.,0.,-1.));
#737 = DIRECTION('',(5.95814110634E-46,1.,0.));
#738 = PCURVE('',#664,#739);
#739 = DEFINITIONAL_REPRESENTATION('',(#740),#744);
#740 = LINE('',#741,#742);
#741 = CARTESIAN_POINT('',(3.14159265359,4.32));
#742 = VECTOR('',#743,1.);
#743 = DIRECTION('',(-1.,0.));
#744 = ( GEOMETRIC_REPRESENTATION_CONTEXT(2) 
PARAMETRIC_REPRESENTATION_CONTEXT() REPRESENTATION_CONTEXT('2D SPACE',''
  ) );
#745 = PCURVE('',#719,#746);
#746 = DEFINITIONAL_REPRESENTATION('',(#747),#751);
#747 = LINE('',#748,#749);
#748 = CARTESIAN_POINT('',(7.853981633974,-0.149999999927));
#749 = VECTOR('',#750,1.);
#750 = DIRECTION('',(-1.,0.));
#751 = ( GEOMETRIC_REPRESENTATION_CONTEXT(2) 
PARAMETRIC_REPRESENTATION_CONTEXT() REPRESENTATION_CONTEXT('2D SPACE',''
  ) );
#752 = ORIENTED_EDGE('',*,*,#679,.F.);
#753 = ORIENTED_EDGE('',*,*,#643,.F.);
#754 = ADVANCED_FACE('',(#755),#719,.F.);
#755 = FACE_BOUND('',#756,.F.);
#756 = EDGE_LOOP('',(#757,#758,#781,#812,#813));
#757 = ORIENTED_EDGE('',*,*,#731,.F.);
#758 = ORIENTED_EDGE('',*,*,#759,.T.);
#759 = EDGE_CURVE('',#703,#760,#762,.T.);
#760 = VERTEX_POINT('',#761);
#761 = CARTESIAN_POINT('',(9.4,-32.,17.));
#762 = SEAM_CURVE('',#763,(#767,#774),.PCURVE_S1.);
#763 = LINE('',#764,#765);
#764 = CARTESIAN_POINT('',(9.550000000073,-32.,16.849999999927));
#765 = VECTOR('',#766,1.);
#766 = DIRECTION('',(-0.707106781187,-8.659560562355E-17,0.707106781187)
  );
#767 = PCURVE('',#719,#768);
#768 = DEFINITIONAL_REPRESENTATION('',(#769),#773);
#769 = LINE('',#770,#771);
#770 = CARTESIAN_POINT('',(3.14159265359,-9.813077866774E-17));
#771 = VECTOR('',#772,1.);
#772 = DIRECTION('',(0.,1.));
#773 = ( GEOMETRIC_REPRESENTATION_CONTEXT(2) 
PARAMETRIC_REPRESENTATION_CONTEXT() REPRESENTATION_CONTEXT('2D SPACE',''
  ) );
#774 = PCURVE('',#719,#775);
#775 = DEFINITIONAL_REPRESENTATION('',(#776),#780);
#776 = LINE('',#777,#778);
#777 = CARTESIAN_POINT('',(-3.14159265359,-9.813077866774E-17));
#778 = VECTOR('',#779,1.);
#779 = DIRECTION('',(0.,1.));
#780 = ( GEOMETRIC_REPRESENTATION_CONTEXT(2) 
PARAMETRIC_REPRESENTATION_CONTEXT() REPRESENTATION_CONTEXT('2D SPACE',''
  ) );
#781 = ORIENTED_EDGE('',*,*,#782,.T.);
#782 = EDGE_CURVE('',#760,#760,#783,.T.);
#783 = SURFACE_CURVE('',#784,(#789,#796),.PCURVE_S1.);
#784 = CIRCLE('',#785,1.6);
#785 = AXIS2_PLACEMENT_3D('',#786,#787,#788);
#786 = CARTESIAN_POINT('',(11.,-32.,17.));
#787 = DIRECTION('',(0.,0.,-1.));
#788 = DIRECTION('',(5.95814110634E-46,1.,0.));
#789 = PCURVE('',#719,#790);
#790 = DEFINITIONAL_REPRESENTATION('',(#791),#795);
#791 = LINE('',#792,#793);
#792 = CARTESIAN_POINT('',(7.853981633974,0.150000000073));
#793 = VECTOR('',#794,1.);
#794 = DIRECTION('',(-1.,0.));
#795 = ( GEOMETRIC_REPRESENTATION_CONTEXT(2) 
PARAMETRIC_REPRESENTATION_CONTEXT() REPRESENTATION_CONTEXT('2D SPACE',''
  ) );
#796 = PCURVE('',#797,#802);
#797 = PLANE('',#798);
#798 = AXIS2_PLACEMENT_3D('',#799,#800,#801);
#799 = CARTESIAN_POINT('',(11.,-32.,17.));
#800 = DIRECTION('',(0.,0.,1.));
#801 = DIRECTION('',(5.95814110634E-46,1.,0.));
#802 = DEFINITIONAL_REPRESENTATION('',(#803),#811);
#803 = ( BOUNDED_CURVE() B_SPLINE_CURVE(2,(#804,#805,#806,#807,#808,#809
,#810),.UNSPECIFIED.,.T.,.F.) B_SPLINE_CURVE_WITH_KNOTS((1,2,2,2,2,1),(
    -2.094395102393,0.,2.094395102393,4.188790204786,6.28318530718,
8.377580409573),.UNSPECIFIED.) CURVE() GEOMETRIC_REPRESENTATION_ITEM() 
RATIONAL_B_SPLINE_CURVE((1.,0.5,1.,0.5,1.,0.5,1.)) REPRESENTATION_ITEM(
  '') );
#804 = CARTESIAN_POINT('',(1.6,0.));
#805 = CARTESIAN_POINT('',(1.6,-2.77128129211));
#806 = CARTESIAN_POINT('',(-0.8,-1.385640646055));
#807 = CARTESIAN_POINT('',(-3.2,-3.918869757272E-16));
#808 = CARTESIAN_POINT('',(-0.8,1.385640646055));
#809 = CARTESIAN_POINT('',(1.6,2.77128129211));
#810 = CARTESIAN_POINT('',(1.6,0.));
#811 = ( GEOMETRIC_REPRESENTATION_CONTEXT(2) 
PARAMETRIC_REPRESENTATION_CONTEXT() REPRESENTATION_CONTEXT('2D SPACE',''
  ) );
#812 = ORIENTED_EDGE('',*,*,#759,.F.);
#813 = ORIENTED_EDGE('',*,*,#702,.F.);
#814 = ADVANCED_FACE('',(#815,#986),#797,.T.);
#815 = FACE_BOUND('',#816,.T.);
#816 = EDGE_LOOP('',(#817,#847,#875,#903,#931,#959));
#817 = ORIENTED_EDGE('',*,*,#818,.T.);
#818 = EDGE_CURVE('',#819,#821,#823,.T.);
#819 = VERTEX_POINT('',#820);
#820 = CARTESIAN_POINT('',(8.050000000001,-32.00000000053,
    17.000000000001));
#821 = VERTEX_POINT('',#822);
#822 = CARTESIAN_POINT('',(8.05,-34.95,17.));
#823 = SURFACE_CURVE('',#824,(#828,#835),.PCURVE_S1.);
#824 = LINE('',#825,#826);
#825 = CARTESIAN_POINT('',(8.050000000001,-32.00000000053,
    17.000000000001));
#826 = VECTOR('',#827,1.);
#827 = DIRECTION('',(-4.680248656523E-13,-1.,-4.683259430827E-13));
#828 = PCURVE('',#797,#829);
#829 = DEFINITIONAL_REPRESENTATION('',(#830),#834);
#830 = LINE('',#831,#832);
#831 = CARTESIAN_POINT('',(-5.347953839487E-10,2.949999999999));
#832 = VECTOR('',#833,1.);
#833 = DIRECTION('',(-1.,4.680248656523E-13));
#834 = ( GEOMETRIC_REPRESENTATION_CONTEXT(2) 
PARAMETRIC_REPRESENTATION_CONTEXT() REPRESENTATION_CONTEXT('2D SPACE',''
  ) );
#835 = PCURVE('',#836,#841);
#836 = PLANE('',#837);
#837 = AXIS2_PLACEMENT_3D('',#838,#839,#840);
#838 = CARTESIAN_POINT('',(7.900000000002,-33.475,16.850000000002));
#839 = DIRECTION('',(-0.707106781187,2.750210189002E-62,0.707106781187)
  );
#840 = DIRECTION('',(-0.707106781187,2.750210189002E-62,-0.707106781187)
  );
#841 = DEFINITIONAL_REPRESENTATION('',(#842),#846);
#842 = LINE('',#843,#844);
#843 = CARTESIAN_POINT('',(-0.212132034355,-1.474999999465));
#844 = VECTOR('',#845,1.);
#845 = DIRECTION('',(6.62100006426E-13,1.));
#846 = ( GEOMETRIC_REPRESENTATION_CONTEXT(2) 
PARAMETRIC_REPRESENTATION_CONTEXT() REPRESENTATION_CONTEXT('2D SPACE',''
  ) );
#847 = ORIENTED_EDGE('',*,*,#848,.T.);
#848 = EDGE_CURVE('',#821,#849,#851,.T.);
#849 = VERTEX_POINT('',#850);
#850 = CARTESIAN_POINT('',(12.125735931288,-34.95,17.));
#851 = SURFACE_CURVE('',#852,(#856,#863),.PCURVE_S1.);
#852 = LINE('',#853,#854);
#853 = CARTESIAN_POINT('',(8.05,-34.95,17.));
#854 = VECTOR('',#855,1.);
#855 = DIRECTION('',(1.,-3.889384548663E-62,0.));
#856 = PCURVE('',#797,#857);
#857 = DEFINITIONAL_REPRESENTATION('',(#858),#862);
#858 = LINE('',#859,#860);
#859 = CARTESIAN_POINT('',(-2.95,2.95));
#860 = VECTOR('',#861,1.);
#861 = DIRECTION('',(0.,-1.));
#862 = ( GEOMETRIC_REPRESENTATION_CONTEXT(2) 
PARAMETRIC_REPRESENTATION_CONTEXT() REPRESENTATION_CONTEXT('2D SPACE',''
  ) );
#863 = PCURVE('',#864,#869);
#864 = PLANE('',#865);
#865 = AXIS2_PLACEMENT_3D('',#866,#867,#868);
#866 = CARTESIAN_POINT('',(10.,-35.1,16.85));
#867 = DIRECTION('',(-4.213041979559E-46,-0.707106781187,0.707106781187)
  );
#868 = DIRECTION('',(-4.213041979559E-46,-0.707106781187,-0.707106781187
    ));
#869 = DEFINITIONAL_REPRESENTATION('',(#870),#874);
#870 = LINE('',#871,#872);
#871 = CARTESIAN_POINT('',(-0.212132034356,-1.95));
#872 = VECTOR('',#873,1.);
#873 = DIRECTION('',(-0.,1.));
#874 = ( GEOMETRIC_REPRESENTATION_CONTEXT(2) 
PARAMETRIC_REPRESENTATION_CONTEXT() REPRESENTATION_CONTEXT('2D SPACE',''
  ) );
#875 = ORIENTED_EDGE('',*,*,#876,.T.);
#876 = EDGE_CURVE('',#849,#877,#879,.T.);
#877 = VERTEX_POINT('',#878);
#878 = CARTESIAN_POINT('',(13.95,-33.12573593128,17.));
#879 = SURFACE_CURVE('',#880,(#884,#891),.PCURVE_S1.);
#880 = LINE('',#881,#882);
#881 = CARTESIAN_POINT('',(12.125735931288,-34.95,17.));
#882 = VECTOR('',#883,1.);
#883 = DIRECTION('',(0.707106781187,0.707106781187,0.));
#884 = PCURVE('',#797,#885);
#885 = DEFINITIONAL_REPRESENTATION('',(#886),#890);
#886 = LINE('',#887,#888);
#887 = CARTESIAN_POINT('',(-2.95,-1.125735931288));
#888 = VECTOR('',#889,1.);
#889 = DIRECTION('',(0.707106781187,-0.707106781187));
#890 = ( GEOMETRIC_REPRESENTATION_CONTEXT(2) 
PARAMETRIC_REPRESENTATION_CONTEXT() REPRESENTATION_CONTEXT('2D SPACE',''
  ) );
#891 = PCURVE('',#892,#897);
#892 = PLANE('',#893);
#893 = AXIS2_PLACEMENT_3D('',#894,#895,#896);
#894 = CARTESIAN_POINT('',(13.143933982822,-34.14393398282,16.85));
#895 = DIRECTION('',(0.5,-0.5,0.707106781187));
#896 = DIRECTION('',(0.5,-0.5,-0.707106781187));
#897 = DEFINITIONAL_REPRESENTATION('',(#898),#902);
#898 = LINE('',#899,#900);
#899 = CARTESIAN_POINT('',(-0.212132034356,-1.289949493661));
#900 = VECTOR('',#901,1.);
#901 = DIRECTION('',(0.,1.));
#902 = ( GEOMETRIC_REPRESENTATION_CONTEXT(2) 
PARAMETRIC_REPRESENTATION_CONTEXT() REPRESENTATION_CONTEXT('2D SPACE',''
  ) );
#903 = ORIENTED_EDGE('',*,*,#904,.T.);
#904 = EDGE_CURVE('',#877,#905,#907,.T.);
#905 = VERTEX_POINT('',#906);
#906 = CARTESIAN_POINT('',(13.95,-29.05,17.));
#907 = SURFACE_CURVE('',#908,(#912,#919),.PCURVE_S1.);
#908 = LINE('',#909,#910);
#909 = CARTESIAN_POINT('',(13.95,-33.12573593128,17.));
#910 = VECTOR('',#911,1.);
#911 = DIRECTION('',(5.95814110634E-46,1.,0.));
#912 = PCURVE('',#797,#913);
#913 = DEFINITIONAL_REPRESENTATION('',(#914),#918);
#914 = LINE('',#915,#916);
#915 = CARTESIAN_POINT('',(-1.125735931288,-2.95));
#916 = VECTOR('',#917,1.);
#917 = DIRECTION('',(1.,0.));
#918 = ( GEOMETRIC_REPRESENTATION_CONTEXT(2) 
PARAMETRIC_REPRESENTATION_CONTEXT() REPRESENTATION_CONTEXT('2D SPACE',''
  ) );
#919 = PCURVE('',#920,#925);
#920 = PLANE('',#921);
#921 = AXIS2_PLACEMENT_3D('',#922,#923,#924);
#922 = CARTESIAN_POINT('',(14.1,-31.,16.85));
#923 = DIRECTION('',(0.707106781187,-2.750210189002E-62,0.707106781187)
  );
#924 = DIRECTION('',(0.707106781187,-2.750210189002E-62,-0.707106781187)
  );
#925 = DEFINITIONAL_REPRESENTATION('',(#926),#930);
#926 = LINE('',#927,#928);
#927 = CARTESIAN_POINT('',(-0.212132034356,-2.125735931288));
#928 = VECTOR('',#929,1.);
#929 = DIRECTION('',(0.,1.));
#930 = ( GEOMETRIC_REPRESENTATION_CONTEXT(2) 
PARAMETRIC_REPRESENTATION_CONTEXT() REPRESENTATION_CONTEXT('2D SPACE',''
  ) );
#931 = ORIENTED_EDGE('',*,*,#932,.T.);
#932 = EDGE_CURVE('',#905,#933,#935,.T.);
#933 = VERTEX_POINT('',#934);
#934 = CARTESIAN_POINT('',(11.,-29.05,17.));
#935 = SURFACE_CURVE('',#936,(#940,#947),.PCURVE_S1.);
#936 = LINE('',#937,#938);
#937 = CARTESIAN_POINT('',(13.95,-29.05,17.));
#938 = VECTOR('',#939,1.);
#939 = DIRECTION('',(-1.,-8.875762650465E-13,8.875762650465E-13));
#940 = PCURVE('',#797,#941);
#941 = DEFINITIONAL_REPRESENTATION('',(#942),#946);
#942 = LINE('',#943,#944);
#943 = CARTESIAN_POINT('',(2.95,-2.95));
#944 = VECTOR('',#945,1.);
#945 = DIRECTION('',(-8.875762650465E-13,1.));
#946 = ( GEOMETRIC_REPRESENTATION_CONTEXT(2) 
PARAMETRIC_REPRESENTATION_CONTEXT() REPRESENTATION_CONTEXT('2D SPACE',''
  ) );
#947 = PCURVE('',#948,#953);
#948 = PLANE('',#949);
#949 = AXIS2_PLACEMENT_3D('',#950,#951,#952);
#950 = CARTESIAN_POINT('',(12.475,-28.9,16.850000000004));
#951 = DIRECTION('',(4.213041979559E-46,0.707106781187,0.707106781187));
#952 = DIRECTION('',(4.213041979559E-46,0.707106781187,-0.707106781187)
  );
#953 = DEFINITIONAL_REPRESENTATION('',(#954),#958);
#954 = LINE('',#955,#956);
#955 = CARTESIAN_POINT('',(-0.21213203435,-1.475));
#956 = VECTOR('',#957,1.);
#957 = DIRECTION('',(-1.255222391669E-12,1.));
#958 = ( GEOMETRIC_REPRESENTATION_CONTEXT(2) 
PARAMETRIC_REPRESENTATION_CONTEXT() REPRESENTATION_CONTEXT('2D SPACE',''
  ) );
#959 = ORIENTED_EDGE('',*,*,#960,.T.);
#960 = EDGE_CURVE('',#933,#819,#961,.T.);
#961 = SURFACE_CURVE('',#962,(#967,#974),.PCURVE_S1.);
#962 = CIRCLE('',#963,2.95);
#963 = AXIS2_PLACEMENT_3D('',#964,#965,#966);
#964 = CARTESIAN_POINT('',(11.,-32.,17.));
#965 = DIRECTION('',(0.,-0.,1.));
#966 = DIRECTION('',(5.95814110634E-46,1.,0.));
#967 = PCURVE('',#797,#968);
#968 = DEFINITIONAL_REPRESENTATION('',(#969),#973);
#969 = CIRCLE('',#970,2.95);
#970 = AXIS2_PLACEMENT_2D('',#971,#972);
#971 = CARTESIAN_POINT('',(0.,1.254777541778E-14));
#972 = DIRECTION('',(1.,0.));
#973 = ( GEOMETRIC_REPRESENTATION_CONTEXT(2) 
PARAMETRIC_REPRESENTATION_CONTEXT() REPRESENTATION_CONTEXT('2D SPACE',''
  ) );
#974 = PCURVE('',#975,#980);
#975 = CONICAL_SURFACE('',#976,3.099999999996,0.785398163397);
#976 = AXIS2_PLACEMENT_3D('',#977,#978,#979);
#977 = CARTESIAN_POINT('',(11.,-32.,16.850000000004));
#978 = DIRECTION('',(0.,0.,-1.));
#979 = DIRECTION('',(-0.707106781127,0.707106781246,0.));
#980 = DEFINITIONAL_REPRESENTATION('',(#981),#985);
#981 = LINE('',#982,#983);
#982 = CARTESIAN_POINT('',(7.068583470493,-0.149999999996));
#983 = VECTOR('',#984,1.);
#984 = DIRECTION('',(-1.,-1.374383867351E-16));
#985 = ( GEOMETRIC_REPRESENTATION_CONTEXT(2) 
PARAMETRIC_REPRESENTATION_CONTEXT() REPRESENTATION_CONTEXT('2D SPACE',''
  ) );
#986 = FACE_BOUND('',#987,.T.);
#987 = EDGE_LOOP('',(#988));
#988 = ORIENTED_EDGE('',*,*,#782,.T.);
#989 = ADVANCED_FACE('',(#990),#836,.T.);
#990 = FACE_BOUND('',#991,.T.);
#991 = EDGE_LOOP('',(#992,#1015,#1016,#1039,#1067));
#992 = ORIENTED_EDGE('',*,*,#993,.F.);
#993 = EDGE_CURVE('',#821,#994,#996,.T.);
#994 = VERTEX_POINT('',#995);
#995 = CARTESIAN_POINT('',(7.9,-35.1,16.85));
#996 = SURFACE_CURVE('',#997,(#1001,#1008),.PCURVE_S1.);
#997 = LINE('',#998,#999);
#998 = CARTESIAN_POINT('',(8.05,-34.95,17.));
#999 = VECTOR('',#1000,1.);
#1000 = DIRECTION('',(-0.57735026919,-0.57735026919,-0.57735026919));
#1001 = PCURVE('',#836,#1002);
#1002 = DEFINITIONAL_REPRESENTATION('',(#1003),#1007);
#1003 = LINE('',#1004,#1005);
#1004 = CARTESIAN_POINT('',(-0.212132034353,1.475));
#1005 = VECTOR('',#1006,1.);
#1006 = DIRECTION('',(0.816496580928,0.57735026919));
#1007 = ( GEOMETRIC_REPRESENTATION_CONTEXT(2) 
PARAMETRIC_REPRESENTATION_CONTEXT() REPRESENTATION_CONTEXT('2D SPACE',''
  ) );
#1008 = PCURVE('',#864,#1009);
#1009 = DEFINITIONAL_REPRESENTATION('',(#1010),#1014);
#1010 = LINE('',#1011,#1012);
#1011 = CARTESIAN_POINT('',(-0.212132034356,-1.95));
#1012 = VECTOR('',#1013,1.);
#1013 = DIRECTION('',(0.816496580928,-0.57735026919));
#1014 = ( GEOMETRIC_REPRESENTATION_CONTEXT(2) 
PARAMETRIC_REPRESENTATION_CONTEXT() REPRESENTATION_CONTEXT('2D SPACE',''
  ) );
#1015 = ORIENTED_EDGE('',*,*,#818,.F.);
#1016 = ORIENTED_EDGE('',*,*,#1017,.T.);
#1017 = EDGE_CURVE('',#819,#1018,#1020,.T.);
#1018 = VERTEX_POINT('',#1019);
#1019 = CARTESIAN_POINT('',(7.750000000001,-32.00000000044,
    16.700000000001));
#1020 = SURFACE_CURVE('',#1021,(#1025,#1032),.PCURVE_S1.);
#1021 = LINE('',#1022,#1023);
#1022 = CARTESIAN_POINT('',(8.050000000001,-32.00000000053,
    17.000000000001));
#1023 = VECTOR('',#1024,1.);
#1024 = DIRECTION('',(-0.707106781187,2.189894775899E-10,-0.707106781187
    ));
#1025 = PCURVE('',#836,#1026);
#1026 = DEFINITIONAL_REPRESENTATION('',(#1027),#1031);
#1027 = LINE('',#1028,#1029);
#1028 = CARTESIAN_POINT('',(-0.212132034355,-1.474999999465));
#1029 = VECTOR('',#1030,1.);
#1030 = DIRECTION('',(1.,-2.189894775899E-10));
#1031 = ( GEOMETRIC_REPRESENTATION_CONTEXT(2) 
PARAMETRIC_REPRESENTATION_CONTEXT() REPRESENTATION_CONTEXT('2D SPACE',''
  ) );
#1032 = PCURVE('',#975,#1033);
#1033 = DEFINITIONAL_REPRESENTATION('',(#1034),#1038);
#1034 = LINE('',#1035,#1036);
#1035 = CARTESIAN_POINT('',(5.497787143516,-0.149999999997));
#1036 = VECTOR('',#1037,1.);
#1037 = DIRECTION('',(1.510732280015E-10,1.));
#1038 = ( GEOMETRIC_REPRESENTATION_CONTEXT(2) 
PARAMETRIC_REPRESENTATION_CONTEXT() REPRESENTATION_CONTEXT('2D SPACE',''
  ) );
#1039 = ORIENTED_EDGE('',*,*,#1040,.T.);
#1040 = EDGE_CURVE('',#1018,#1041,#1043,.T.);
#1041 = VERTEX_POINT('',#1042);
#1042 = CARTESIAN_POINT('',(7.75,-34.95,16.7));
#1043 = SURFACE_CURVE('',#1044,(#1048,#1055),.PCURVE_S1.);
#1044 = LINE('',#1045,#1046);
#1045 = CARTESIAN_POINT('',(7.750000000001,-32.00000000044,
    16.700000000001));
#1046 = VECTOR('',#1047,1.);
#1047 = DIRECTION('',(-3.868844981307E-13,-1.,-3.868844981307E-13));
#1048 = PCURVE('',#836,#1049);
#1049 = DEFINITIONAL_REPRESENTATION('',(#1050),#1054);
#1050 = LINE('',#1051,#1052);
#1051 = CARTESIAN_POINT('',(0.212132034357,-1.474999999558));
#1052 = VECTOR('',#1053,1.);
#1053 = DIRECTION('',(5.471373043283E-13,1.));
#1054 = ( GEOMETRIC_REPRESENTATION_CONTEXT(2) 
PARAMETRIC_REPRESENTATION_CONTEXT() REPRESENTATION_CONTEXT('2D SPACE',''
  ) );
#1055 = PCURVE('',#1056,#1061);
#1056 = PLANE('',#1057);
#1057 = AXIS2_PLACEMENT_3D('',#1058,#1059,#1060);
#1058 = CARTESIAN_POINT('',(7.75,-28.75,14.2));
#1059 = DIRECTION('',(-1.,3.889384548663E-62,0.));
#1060 = DIRECTION('',(-5.95814110634E-46,-1.,0.));
#1061 = DEFINITIONAL_REPRESENTATION('',(#1062),#1066);
#1062 = LINE('',#1063,#1064);
#1063 = CARTESIAN_POINT('',(3.250000000442,2.500000000001));
#1064 = VECTOR('',#1065,1.);
#1065 = DIRECTION('',(1.,-3.868844981307E-13));
#1066 = ( GEOMETRIC_REPRESENTATION_CONTEXT(2) 
PARAMETRIC_REPRESENTATION_CONTEXT() REPRESENTATION_CONTEXT('2D SPACE',''
  ) );
#1067 = ORIENTED_EDGE('',*,*,#1068,.F.);
#1068 = EDGE_CURVE('',#994,#1041,#1069,.T.);
#1069 = SURFACE_CURVE('',#1070,(#1074,#1081),.PCURVE_S1.);
#1070 = LINE('',#1071,#1072);
#1071 = CARTESIAN_POINT('',(7.9,-35.1,16.85));
#1072 = VECTOR('',#1073,1.);
#1073 = DIRECTION('',(-0.57735026919,0.57735026919,-0.57735026919));
#1074 = PCURVE('',#836,#1075);
#1075 = DEFINITIONAL_REPRESENTATION('',(#1076),#1080);
#1076 = LINE('',#1077,#1078);
#1077 = CARTESIAN_POINT('',(2.828678573565E-12,1.625));
#1078 = VECTOR('',#1079,1.);
#1079 = DIRECTION('',(0.816496580928,-0.57735026919));
#1080 = ( GEOMETRIC_REPRESENTATION_CONTEXT(2) 
PARAMETRIC_REPRESENTATION_CONTEXT() REPRESENTATION_CONTEXT('2D SPACE',''
  ) );
#1081 = PCURVE('',#1082,#1087);
#1082 = PLANE('',#1083);
#1083 = AXIS2_PLACEMENT_3D('',#1084,#1085,#1086);
#1084 = CARTESIAN_POINT('',(7.9,-35.1,15.6));
#1085 = DIRECTION('',(-0.707106781187,-0.707106781187,0.));
#1086 = DIRECTION('',(-0.707106781187,0.707106781187,0.));
#1087 = DEFINITIONAL_REPRESENTATION('',(#1088),#1092);
#1088 = LINE('',#1089,#1090);
#1089 = CARTESIAN_POINT('',(0.,-1.25));
#1090 = VECTOR('',#1091,1.);
#1091 = DIRECTION('',(0.816496580928,0.57735026919));
#1092 = ( GEOMETRIC_REPRESENTATION_CONTEXT(2) 
PARAMETRIC_REPRESENTATION_CONTEXT() REPRESENTATION_CONTEXT('2D SPACE',''
  ) );
#1093 = ADVANCED_FACE('',(#1094),#864,.T.);
#1094 = FACE_BOUND('',#1095,.T.);
#1095 = EDGE_LOOP('',(#1096,#1097,#1120,#1148,#1169));
#1096 = ORIENTED_EDGE('',*,*,#993,.T.);
#1097 = ORIENTED_EDGE('',*,*,#1098,.T.);
#1098 = EDGE_CURVE('',#994,#1099,#1101,.T.);
#1099 = VERTEX_POINT('',#1100);
#1100 = CARTESIAN_POINT('',(8.05,-35.25,16.7));
#1101 = SURFACE_CURVE('',#1102,(#1106,#1113),.PCURVE_S1.);
#1102 = LINE('',#1103,#1104);
#1103 = CARTESIAN_POINT('',(7.9,-35.1,16.85));
#1104 = VECTOR('',#1105,1.);
#1105 = DIRECTION('',(0.57735026919,-0.57735026919,-0.57735026919));
#1106 = PCURVE('',#864,#1107);
#1107 = DEFINITIONAL_REPRESENTATION('',(#1108),#1112);
#1108 = LINE('',#1109,#1110);
#1109 = CARTESIAN_POINT('',(0.,-2.1));
#1110 = VECTOR('',#1111,1.);
#1111 = DIRECTION('',(0.816496580928,0.57735026919));
#1112 = ( GEOMETRIC_REPRESENTATION_CONTEXT(2) 
PARAMETRIC_REPRESENTATION_CONTEXT() REPRESENTATION_CONTEXT('2D SPACE',''
  ) );
#1113 = PCURVE('',#1082,#1114);
#1114 = DEFINITIONAL_REPRESENTATION('',(#1115),#1119);
#1115 = LINE('',#1116,#1117);
#1116 = CARTESIAN_POINT('',(0.,-1.25));
#1117 = VECTOR('',#1118,1.);
#1118 = DIRECTION('',(-0.816496580928,0.57735026919));
#1119 = ( GEOMETRIC_REPRESENTATION_CONTEXT(2) 
PARAMETRIC_REPRESENTATION_CONTEXT() REPRESENTATION_CONTEXT('2D SPACE',''
  ) );
#1120 = ORIENTED_EDGE('',*,*,#1121,.T.);
#1121 = EDGE_CURVE('',#1099,#1122,#1124,.T.);
#1122 = VERTEX_POINT('',#1123);
#1123 = CARTESIAN_POINT('',(12.25,-35.25,16.7));
#1124 = SURFACE_CURVE('',#1125,(#1129,#1136),.PCURVE_S1.);
#1125 = LINE('',#1126,#1127);
#1126 = CARTESIAN_POINT('',(8.05,-35.25,16.7));
#1127 = VECTOR('',#1128,1.);
#1128 = DIRECTION('',(1.,-3.889384548663E-62,0.));
#1129 = PCURVE('',#864,#1130);
#1130 = DEFINITIONAL_REPRESENTATION('',(#1131),#1135);
#1131 = LINE('',#1132,#1133);
#1132 = CARTESIAN_POINT('',(0.212132034356,-1.95));
#1133 = VECTOR('',#1134,1.);
#1134 = DIRECTION('',(-0.,1.));
#1135 = ( GEOMETRIC_REPRESENTATION_CONTEXT(2) 
PARAMETRIC_REPRESENTATION_CONTEXT() REPRESENTATION_CONTEXT('2D SPACE',''
  ) );
#1136 = PCURVE('',#1137,#1142);
#1137 = PLANE('',#1138);
#1138 = AXIS2_PLACEMENT_3D('',#1139,#1140,#1141);
#1139 = CARTESIAN_POINT('',(7.75,-35.25,14.2));
#1140 = DIRECTION('',(-5.95814110634E-46,-1.,0.));
#1141 = DIRECTION('',(1.,-3.889384548663E-62,0.));
#1142 = DEFINITIONAL_REPRESENTATION('',(#1143),#1147);
#1143 = LINE('',#1144,#1145);
#1144 = CARTESIAN_POINT('',(0.3,2.5));
#1145 = VECTOR('',#1146,1.);
#1146 = DIRECTION('',(1.,0.));
#1147 = ( GEOMETRIC_REPRESENTATION_CONTEXT(2) 
PARAMETRIC_REPRESENTATION_CONTEXT() REPRESENTATION_CONTEXT('2D SPACE',''
  ) );
#1148 = ORIENTED_EDGE('',*,*,#1149,.T.);
#1149 = EDGE_CURVE('',#1122,#849,#1150,.T.);
#1150 = SURFACE_CURVE('',#1151,(#1155,#1162),.PCURVE_S1.);
#1151 = LINE('',#1152,#1153);
#1152 = CARTESIAN_POINT('',(12.25,-35.25,16.7));
#1153 = VECTOR('',#1154,1.);
#1154 = DIRECTION('',(-0.281084637715,0.678598344546,0.678598344546));
#1155 = PCURVE('',#864,#1156);
#1156 = DEFINITIONAL_REPRESENTATION('',(#1157),#1161);
#1157 = LINE('',#1158,#1159);
#1158 = CARTESIAN_POINT('',(0.212132034356,2.25));
#1159 = VECTOR('',#1160,1.);
#1160 = DIRECTION('',(-0.959682982261,-0.281084637715));
#1161 = ( GEOMETRIC_REPRESENTATION_CONTEXT(2) 
PARAMETRIC_REPRESENTATION_CONTEXT() REPRESENTATION_CONTEXT('2D SPACE',''
  ) );
#1162 = PCURVE('',#892,#1163);
#1163 = DEFINITIONAL_REPRESENTATION('',(#1164),#1168);
#1164 = LINE('',#1165,#1166);
#1165 = CARTESIAN_POINT('',(0.212132034356,-1.414213562373));
#1166 = VECTOR('',#1167,1.);
#1167 = DIRECTION('',(-0.959682982261,0.281084637715));
#1168 = ( GEOMETRIC_REPRESENTATION_CONTEXT(2) 
PARAMETRIC_REPRESENTATION_CONTEXT() REPRESENTATION_CONTEXT('2D SPACE',''
  ) );
#1169 = ORIENTED_EDGE('',*,*,#848,.F.);
#1170 = ADVANCED_FACE('',(#1171),#892,.T.);
#1171 = FACE_BOUND('',#1172,.T.);
#1172 = EDGE_LOOP('',(#1173,#1201,#1222,#1223));
#1173 = ORIENTED_EDGE('',*,*,#1174,.T.);
#1174 = EDGE_CURVE('',#1122,#1175,#1177,.T.);
#1175 = VERTEX_POINT('',#1176);
#1176 = CARTESIAN_POINT('',(14.25,-33.25,16.7));
#1177 = SURFACE_CURVE('',#1178,(#1182,#1189),.PCURVE_S1.);
#1178 = LINE('',#1179,#1180);
#1179 = CARTESIAN_POINT('',(12.25,-35.25,16.7));
#1180 = VECTOR('',#1181,1.);
#1181 = DIRECTION('',(0.707106781187,0.707106781187,0.));
#1182 = PCURVE('',#892,#1183);
#1183 = DEFINITIONAL_REPRESENTATION('',(#1184),#1188);
#1184 = LINE('',#1185,#1186);
#1185 = CARTESIAN_POINT('',(0.212132034356,-1.414213562373));
#1186 = VECTOR('',#1187,1.);
#1187 = DIRECTION('',(0.,1.));
#1188 = ( GEOMETRIC_REPRESENTATION_CONTEXT(2) 
PARAMETRIC_REPRESENTATION_CONTEXT() REPRESENTATION_CONTEXT('2D SPACE',''
  ) );
#1189 = PCURVE('',#1190,#1195);
#1190 = PLANE('',#1191);
#1191 = AXIS2_PLACEMENT_3D('',#1192,#1193,#1194);
#1192 = CARTESIAN_POINT('',(13.25,-34.25,15.6));
#1193 = DIRECTION('',(0.707106781187,-0.707106781187,0.));
#1194 = DIRECTION('',(-0.707106781187,-0.707106781187,0.));
#1195 = DEFINITIONAL_REPRESENTATION('',(#1196),#1200);
#1196 = LINE('',#1197,#1198);
#1197 = CARTESIAN_POINT('',(1.414213562373,-1.1));
#1198 = VECTOR('',#1199,1.);
#1199 = DIRECTION('',(-1.,-0.));
#1200 = ( GEOMETRIC_REPRESENTATION_CONTEXT(2) 
PARAMETRIC_REPRESENTATION_CONTEXT() REPRESENTATION_CONTEXT('2D SPACE',''
  ) );
#1201 = ORIENTED_EDGE('',*,*,#1202,.T.);
#1202 = EDGE_CURVE('',#1175,#877,#1203,.T.);
#1203 = SURFACE_CURVE('',#1204,(#1208,#1215),.PCURVE_S1.);
#1204 = LINE('',#1205,#1206);
#1205 = CARTESIAN_POINT('',(14.25,-33.25,16.7));
#1206 = VECTOR('',#1207,1.);
#1207 = DIRECTION('',(-0.678598344546,0.281084637715,0.678598344546));
#1208 = PCURVE('',#892,#1209);
#1209 = DEFINITIONAL_REPRESENTATION('',(#1210),#1214);
#1210 = LINE('',#1211,#1212);
#1211 = CARTESIAN_POINT('',(0.212132034356,1.414213562373));
#1212 = VECTOR('',#1213,1.);
#1213 = DIRECTION('',(-0.959682982261,-0.281084637715));
#1214 = ( GEOMETRIC_REPRESENTATION_CONTEXT(2) 
PARAMETRIC_REPRESENTATION_CONTEXT() REPRESENTATION_CONTEXT('2D SPACE',''
  ) );
#1215 = PCURVE('',#920,#1216);
#1216 = DEFINITIONAL_REPRESENTATION('',(#1217),#1221);
#1217 = LINE('',#1218,#1219);
#1218 = CARTESIAN_POINT('',(0.212132034356,-2.25));
#1219 = VECTOR('',#1220,1.);
#1220 = DIRECTION('',(-0.959682982261,0.281084637715));
#1221 = ( GEOMETRIC_REPRESENTATION_CONTEXT(2) 
PARAMETRIC_REPRESENTATION_CONTEXT() REPRESENTATION_CONTEXT('2D SPACE',''
  ) );
#1222 = ORIENTED_EDGE('',*,*,#876,.F.);
#1223 = ORIENTED_EDGE('',*,*,#1149,.F.);
#1224 = ADVANCED_FACE('',(#1225),#1190,.T.);
#1225 = FACE_BOUND('',#1226,.T.);
#1226 = EDGE_LOOP('',(#1227,#1228,#1251,#1274));
#1227 = ORIENTED_EDGE('',*,*,#1174,.F.);
#1228 = ORIENTED_EDGE('',*,*,#1229,.T.);
#1229 = EDGE_CURVE('',#1122,#1230,#1232,.T.);
#1230 = VERTEX_POINT('',#1231);
#1231 = CARTESIAN_POINT('',(12.25,-35.25,14.5));
#1232 = SURFACE_CURVE('',#1233,(#1237,#1244),.PCURVE_S1.);
#1233 = LINE('',#1234,#1235);
#1234 = CARTESIAN_POINT('',(12.25,-35.25,16.7));
#1235 = VECTOR('',#1236,1.);
#1236 = DIRECTION('',(0.,0.,-1.));
#1237 = PCURVE('',#1190,#1238);
#1238 = DEFINITIONAL_REPRESENTATION('',(#1239),#1243);
#1239 = LINE('',#1240,#1241);
#1240 = CARTESIAN_POINT('',(1.414213562373,-1.1));
#1241 = VECTOR('',#1242,1.);
#1242 = DIRECTION('',(0.,1.));
#1243 = ( GEOMETRIC_REPRESENTATION_CONTEXT(2) 
PARAMETRIC_REPRESENTATION_CONTEXT() REPRESENTATION_CONTEXT('2D SPACE',''
  ) );
#1244 = PCURVE('',#1137,#1245);
#1245 = DEFINITIONAL_REPRESENTATION('',(#1246),#1250);
#1246 = LINE('',#1247,#1248);
#1247 = CARTESIAN_POINT('',(4.5,2.5));
#1248 = VECTOR('',#1249,1.);
#1249 = DIRECTION('',(0.,-1.));
#1250 = ( GEOMETRIC_REPRESENTATION_CONTEXT(2) 
PARAMETRIC_REPRESENTATION_CONTEXT() REPRESENTATION_CONTEXT('2D SPACE',''
  ) );
#1251 = ORIENTED_EDGE('',*,*,#1252,.F.);
#1252 = EDGE_CURVE('',#1253,#1230,#1255,.T.);
#1253 = VERTEX_POINT('',#1254);
#1254 = CARTESIAN_POINT('',(14.25,-33.25,14.5));
#1255 = SURFACE_CURVE('',#1256,(#1260,#1267),.PCURVE_S1.);
#1256 = LINE('',#1257,#1258);
#1257 = CARTESIAN_POINT('',(14.25,-33.25,14.5));
#1258 = VECTOR('',#1259,1.);
#1259 = DIRECTION('',(-0.707106781187,-0.707106781187,0.));
#1260 = PCURVE('',#1190,#1261);
#1261 = DEFINITIONAL_REPRESENTATION('',(#1262),#1266);
#1262 = LINE('',#1263,#1264);
#1263 = CARTESIAN_POINT('',(-1.414213562373,1.1));
#1264 = VECTOR('',#1265,1.);
#1265 = DIRECTION('',(1.,0.));
#1266 = ( GEOMETRIC_REPRESENTATION_CONTEXT(2) 
PARAMETRIC_REPRESENTATION_CONTEXT() REPRESENTATION_CONTEXT('2D SPACE',''
  ) );
#1267 = PCURVE('',#214,#1268);
#1268 = DEFINITIONAL_REPRESENTATION('',(#1269),#1273);
#1269 = LINE('',#1270,#1271);
#1270 = CARTESIAN_POINT('',(0.212132034356,-1.414213562373));
#1271 = VECTOR('',#1272,1.);
#1272 = DIRECTION('',(0.,1.));
#1273 = ( GEOMETRIC_REPRESENTATION_CONTEXT(2) 
PARAMETRIC_REPRESENTATION_CONTEXT() REPRESENTATION_CONTEXT('2D SPACE',''
  ) );
#1274 = ORIENTED_EDGE('',*,*,#1275,.F.);
#1275 = EDGE_CURVE('',#1175,#1253,#1276,.T.);
#1276 = SURFACE_CURVE('',#1277,(#1281,#1288),.PCURVE_S1.);
#1277 = LINE('',#1278,#1279);
#1278 = CARTESIAN_POINT('',(14.25,-33.25,16.7));
#1279 = VECTOR('',#1280,1.);
#1280 = DIRECTION('',(0.,0.,-1.));
#1281 = PCURVE('',#1190,#1282);
#1282 = DEFINITIONAL_REPRESENTATION('',(#1283),#1287);
#1283 = LINE('',#1284,#1285);
#1284 = CARTESIAN_POINT('',(-1.414213562373,-1.1));
#1285 = VECTOR('',#1286,1.);
#1286 = DIRECTION('',(0.,1.));
#1287 = ( GEOMETRIC_REPRESENTATION_CONTEXT(2) 
PARAMETRIC_REPRESENTATION_CONTEXT() REPRESENTATION_CONTEXT('2D SPACE',''
  ) );
#1288 = PCURVE('',#1289,#1294);
#1289 = PLANE('',#1290);
#1290 = AXIS2_PLACEMENT_3D('',#1291,#1292,#1293);
#1291 = CARTESIAN_POINT('',(14.25,-35.25,14.2));
#1292 = DIRECTION('',(1.,-3.889384548663E-62,0.));
#1293 = DIRECTION('',(5.95814110634E-46,1.,0.));
#1294 = DEFINITIONAL_REPRESENTATION('',(#1295),#1299);
#1295 = LINE('',#1296,#1297);
#1296 = CARTESIAN_POINT('',(2.,2.5));
#1297 = VECTOR('',#1298,1.);
#1298 = DIRECTION('',(0.,-1.));
#1299 = ( GEOMETRIC_REPRESENTATION_CONTEXT(2) 
PARAMETRIC_REPRESENTATION_CONTEXT() REPRESENTATION_CONTEXT('2D SPACE',''
  ) );
#1300 = ADVANCED_FACE('',(#1301),#1289,.T.);
#1301 = FACE_BOUND('',#1302,.T.);
#1302 = EDGE_LOOP('',(#1303,#1333,#1354,#1355));
#1303 = ORIENTED_EDGE('',*,*,#1304,.F.);
#1304 = EDGE_CURVE('',#1305,#1307,#1309,.T.);
#1305 = VERTEX_POINT('',#1306);
#1306 = CARTESIAN_POINT('',(14.25,-29.05,16.7));
#1307 = VERTEX_POINT('',#1308);
#1308 = CARTESIAN_POINT('',(14.25,-29.05,14.5));
#1309 = SURFACE_CURVE('',#1310,(#1314,#1321),.PCURVE_S1.);
#1310 = LINE('',#1311,#1312);
#1311 = CARTESIAN_POINT('',(14.25,-29.05,16.7));
#1312 = VECTOR('',#1313,1.);
#1313 = DIRECTION('',(0.,0.,-1.));
#1314 = PCURVE('',#1289,#1315);
#1315 = DEFINITIONAL_REPRESENTATION('',(#1316),#1320);
#1316 = LINE('',#1317,#1318);
#1317 = CARTESIAN_POINT('',(6.2,2.5));
#1318 = VECTOR('',#1319,1.);
#1319 = DIRECTION('',(0.,-1.));
#1320 = ( GEOMETRIC_REPRESENTATION_CONTEXT(2) 
PARAMETRIC_REPRESENTATION_CONTEXT() REPRESENTATION_CONTEXT('2D SPACE',''
  ) );
#1321 = PCURVE('',#1322,#1327);
#1322 = PLANE('',#1323);
#1323 = AXIS2_PLACEMENT_3D('',#1324,#1325,#1326);
#1324 = CARTESIAN_POINT('',(14.1,-28.9,15.6));
#1325 = DIRECTION('',(0.707106781187,0.707106781187,0.));
#1326 = DIRECTION('',(0.707106781187,-0.707106781187,0.));
#1327 = DEFINITIONAL_REPRESENTATION('',(#1328),#1332);
#1328 = LINE('',#1329,#1330);
#1329 = CARTESIAN_POINT('',(0.212132034356,-1.1));
#1330 = VECTOR('',#1331,1.);
#1331 = DIRECTION('',(-0.,1.));
#1332 = ( GEOMETRIC_REPRESENTATION_CONTEXT(2) 
PARAMETRIC_REPRESENTATION_CONTEXT() REPRESENTATION_CONTEXT('2D SPACE',''
  ) );
#1333 = ORIENTED_EDGE('',*,*,#1334,.F.);
#1334 = EDGE_CURVE('',#1175,#1305,#1335,.T.);
#1335 = SURFACE_CURVE('',#1336,(#1340,#1347),.PCURVE_S1.);
#1336 = LINE('',#1337,#1338);
#1337 = CARTESIAN_POINT('',(14.25,-33.25,16.7));
#1338 = VECTOR('',#1339,1.);
#1339 = DIRECTION('',(5.95814110634E-46,1.,0.));
#1340 = PCURVE('',#1289,#1341);
#1341 = DEFINITIONAL_REPRESENTATION('',(#1342),#1346);
#1342 = LINE('',#1343,#1344);
#1343 = CARTESIAN_POINT('',(2.,2.5));
#1344 = VECTOR('',#1345,1.);
#1345 = DIRECTION('',(1.,0.));
#1346 = ( GEOMETRIC_REPRESENTATION_CONTEXT(2) 
PARAMETRIC_REPRESENTATION_CONTEXT() REPRESENTATION_CONTEXT('2D SPACE',''
  ) );
#1347 = PCURVE('',#920,#1348);
#1348 = DEFINITIONAL_REPRESENTATION('',(#1349),#1353);
#1349 = LINE('',#1350,#1351);
#1350 = CARTESIAN_POINT('',(0.212132034356,-2.25));
#1351 = VECTOR('',#1352,1.);
#1352 = DIRECTION('',(0.,1.));
#1353 = ( GEOMETRIC_REPRESENTATION_CONTEXT(2) 
PARAMETRIC_REPRESENTATION_CONTEXT() REPRESENTATION_CONTEXT('2D SPACE',''
  ) );
#1354 = ORIENTED_EDGE('',*,*,#1275,.T.);
#1355 = ORIENTED_EDGE('',*,*,#1356,.F.);
#1356 = EDGE_CURVE('',#1307,#1253,#1357,.T.);
#1357 = SURFACE_CURVE('',#1358,(#1362,#1369),.PCURVE_S1.);
#1358 = LINE('',#1359,#1360);
#1359 = CARTESIAN_POINT('',(14.25,-29.05,14.5));
#1360 = VECTOR('',#1361,1.);
#1361 = DIRECTION('',(-5.95814110634E-46,-1.,0.));
#1362 = PCURVE('',#1289,#1363);
#1363 = DEFINITIONAL_REPRESENTATION('',(#1364),#1368);
#1364 = LINE('',#1365,#1366);
#1365 = CARTESIAN_POINT('',(6.2,0.3));
#1366 = VECTOR('',#1367,1.);
#1367 = DIRECTION('',(-1.,0.));
#1368 = ( GEOMETRIC_REPRESENTATION_CONTEXT(2) 
PARAMETRIC_REPRESENTATION_CONTEXT() REPRESENTATION_CONTEXT('2D SPACE',''
  ) );
#1369 = PCURVE('',#186,#1370);
#1370 = DEFINITIONAL_REPRESENTATION('',(#1371),#1375);
#1371 = LINE('',#1372,#1373);
#1372 = CARTESIAN_POINT('',(0.212132034356,-1.95));
#1373 = VECTOR('',#1374,1.);
#1374 = DIRECTION('',(0.,1.));
#1375 = ( GEOMETRIC_REPRESENTATION_CONTEXT(2) 
PARAMETRIC_REPRESENTATION_CONTEXT() REPRESENTATION_CONTEXT('2D SPACE',''
  ) );
#1376 = ADVANCED_FACE('',(#1377),#1322,.T.);
#1377 = FACE_BOUND('',#1378,.T.);
#1378 = EDGE_LOOP('',(#1379,#1404,#1425,#1426,#1449,#1472));
#1379 = ORIENTED_EDGE('',*,*,#1380,.T.);
#1380 = EDGE_CURVE('',#1381,#1383,#1385,.T.);
#1381 = VERTEX_POINT('',#1382);
#1382 = CARTESIAN_POINT('',(13.95,-28.75,16.7));
#1383 = VERTEX_POINT('',#1384);
#1384 = CARTESIAN_POINT('',(14.1,-28.9,16.85));
#1385 = SURFACE_CURVE('',#1386,(#1390,#1397),.PCURVE_S1.);
#1386 = LINE('',#1387,#1388);
#1387 = CARTESIAN_POINT('',(13.95,-28.75,16.7));
#1388 = VECTOR('',#1389,1.);
#1389 = DIRECTION('',(0.57735026919,-0.57735026919,0.57735026919));
#1390 = PCURVE('',#1322,#1391);
#1391 = DEFINITIONAL_REPRESENTATION('',(#1392),#1396);
#1392 = LINE('',#1393,#1394);
#1393 = CARTESIAN_POINT('',(-0.212132034356,-1.1));
#1394 = VECTOR('',#1395,1.);
#1395 = DIRECTION('',(0.816496580928,-0.57735026919));
#1396 = ( GEOMETRIC_REPRESENTATION_CONTEXT(2) 
PARAMETRIC_REPRESENTATION_CONTEXT() REPRESENTATION_CONTEXT('2D SPACE',''
  ) );
#1397 = PCURVE('',#948,#1398);
#1398 = DEFINITIONAL_REPRESENTATION('',(#1399),#1403);
#1399 = LINE('',#1400,#1401);
#1400 = CARTESIAN_POINT('',(0.212132034362,-1.475));
#1401 = VECTOR('',#1402,1.);
#1402 = DIRECTION('',(-0.816496580928,-0.57735026919));
#1403 = ( GEOMETRIC_REPRESENTATION_CONTEXT(2) 
PARAMETRIC_REPRESENTATION_CONTEXT() REPRESENTATION_CONTEXT('2D SPACE',''
  ) );
#1404 = ORIENTED_EDGE('',*,*,#1405,.F.);
#1405 = EDGE_CURVE('',#1305,#1383,#1406,.T.);
#1406 = SURFACE_CURVE('',#1407,(#1411,#1418),.PCURVE_S1.);
#1407 = LINE('',#1408,#1409);
#1408 = CARTESIAN_POINT('',(14.25,-29.05,16.7));
#1409 = VECTOR('',#1410,1.);
#1410 = DIRECTION('',(-0.57735026919,0.57735026919,0.57735026919));
#1411 = PCURVE('',#1322,#1412);
#1412 = DEFINITIONAL_REPRESENTATION('',(#1413),#1417);
#1413 = LINE('',#1414,#1415);
#1414 = CARTESIAN_POINT('',(0.212132034356,-1.1));
#1415 = VECTOR('',#1416,1.);
#1416 = DIRECTION('',(-0.816496580928,-0.57735026919));
#1417 = ( GEOMETRIC_REPRESENTATION_CONTEXT(2) 
PARAMETRIC_REPRESENTATION_CONTEXT() REPRESENTATION_CONTEXT('2D SPACE',''
  ) );
#1418 = PCURVE('',#920,#1419);
#1419 = DEFINITIONAL_REPRESENTATION('',(#1420),#1424);
#1420 = LINE('',#1421,#1422);
#1421 = CARTESIAN_POINT('',(0.212132034356,1.95));
#1422 = VECTOR('',#1423,1.);
#1423 = DIRECTION('',(-0.816496580928,0.57735026919));
#1424 = ( GEOMETRIC_REPRESENTATION_CONTEXT(2) 
PARAMETRIC_REPRESENTATION_CONTEXT() REPRESENTATION_CONTEXT('2D SPACE',''
  ) );
#1425 = ORIENTED_EDGE('',*,*,#1304,.T.);
#1426 = ORIENTED_EDGE('',*,*,#1427,.F.);
#1427 = EDGE_CURVE('',#1428,#1307,#1430,.T.);
#1428 = VERTEX_POINT('',#1429);
#1429 = CARTESIAN_POINT('',(14.05,-28.85,14.3));
#1430 = SURFACE_CURVE('',#1431,(#1435,#1442),.PCURVE_S1.);
#1431 = LINE('',#1432,#1433);
#1432 = CARTESIAN_POINT('',(14.05,-28.85,14.3));
#1433 = VECTOR('',#1434,1.);
#1434 = DIRECTION('',(0.57735026919,-0.57735026919,0.57735026919));
#1435 = PCURVE('',#1322,#1436);
#1436 = DEFINITIONAL_REPRESENTATION('',(#1437),#1441);
#1437 = LINE('',#1438,#1439);
#1438 = CARTESIAN_POINT('',(-7.071067811865E-02,1.3));
#1439 = VECTOR('',#1440,1.);
#1440 = DIRECTION('',(0.816496580928,-0.57735026919));
#1441 = ( GEOMETRIC_REPRESENTATION_CONTEXT(2) 
PARAMETRIC_REPRESENTATION_CONTEXT() REPRESENTATION_CONTEXT('2D SPACE',''
  ) );
#1442 = PCURVE('',#186,#1443);
#1443 = DEFINITIONAL_REPRESENTATION('',(#1444),#1448);
#1444 = LINE('',#1445,#1446);
#1445 = CARTESIAN_POINT('',(-7.071067811866E-02,-2.15));
#1446 = VECTOR('',#1447,1.);
#1447 = DIRECTION('',(0.816496580928,0.57735026919));
#1448 = ( GEOMETRIC_REPRESENTATION_CONTEXT(2) 
PARAMETRIC_REPRESENTATION_CONTEXT() REPRESENTATION_CONTEXT('2D SPACE',''
  ) );
#1449 = ORIENTED_EDGE('',*,*,#1450,.F.);
#1450 = EDGE_CURVE('',#1451,#1428,#1453,.T.);
#1451 = VERTEX_POINT('',#1452);
#1452 = CARTESIAN_POINT('',(13.95,-28.75,14.4));
#1453 = SURFACE_CURVE('',#1454,(#1458,#1465),.PCURVE_S1.);
#1454 = LINE('',#1455,#1456);
#1455 = CARTESIAN_POINT('',(13.95,-28.75,14.4));
#1456 = VECTOR('',#1457,1.);
#1457 = DIRECTION('',(0.57735026919,-0.57735026919,-0.57735026919));
#1458 = PCURVE('',#1322,#1459);
#1459 = DEFINITIONAL_REPRESENTATION('',(#1460),#1464);
#1460 = LINE('',#1461,#1462);
#1461 = CARTESIAN_POINT('',(-0.212132034356,1.2));
#1462 = VECTOR('',#1463,1.);
#1463 = DIRECTION('',(0.816496580928,0.57735026919));
#1464 = ( GEOMETRIC_REPRESENTATION_CONTEXT(2) 
PARAMETRIC_REPRESENTATION_CONTEXT() REPRESENTATION_CONTEXT('2D SPACE',''
  ) );
#1465 = PCURVE('',#158,#1466);
#1466 = DEFINITIONAL_REPRESENTATION('',(#1467),#1471);
#1467 = LINE('',#1468,#1469);
#1468 = CARTESIAN_POINT('',(0.141421356246,1.325));
#1469 = VECTOR('',#1470,1.);
#1470 = DIRECTION('',(-0.816496580928,0.57735026919));
#1471 = ( GEOMETRIC_REPRESENTATION_CONTEXT(2) 
PARAMETRIC_REPRESENTATION_CONTEXT() REPRESENTATION_CONTEXT('2D SPACE',''
  ) );
#1472 = ORIENTED_EDGE('',*,*,#1473,.F.);
#1473 = EDGE_CURVE('',#1381,#1451,#1474,.T.);
#1474 = SURFACE_CURVE('',#1475,(#1479,#1486),.PCURVE_S1.);
#1475 = LINE('',#1476,#1477);
#1476 = CARTESIAN_POINT('',(13.95,-28.75,16.7));
#1477 = VECTOR('',#1478,1.);
#1478 = DIRECTION('',(0.,0.,-1.));
#1479 = PCURVE('',#1322,#1480);
#1480 = DEFINITIONAL_REPRESENTATION('',(#1481),#1485);
#1481 = LINE('',#1482,#1483);
#1482 = CARTESIAN_POINT('',(-0.212132034356,-1.1));
#1483 = VECTOR('',#1484,1.);
#1484 = DIRECTION('',(-0.,1.));
#1485 = ( GEOMETRIC_REPRESENTATION_CONTEXT(2) 
PARAMETRIC_REPRESENTATION_CONTEXT() REPRESENTATION_CONTEXT('2D SPACE',''
  ) );
#1486 = PCURVE('',#1487,#1492);
#1487 = PLANE('',#1488);
#1488 = AXIS2_PLACEMENT_3D('',#1489,#1490,#1491);
#1489 = CARTESIAN_POINT('',(14.25,-28.75,14.2));
#1490 = DIRECTION('',(5.95814110634E-46,1.,0.));
#1491 = DIRECTION('',(-1.,3.889384548663E-62,0.));
#1492 = DEFINITIONAL_REPRESENTATION('',(#1493),#1497);
#1493 = LINE('',#1494,#1495);
#1494 = CARTESIAN_POINT('',(0.3,2.5));
#1495 = VECTOR('',#1496,1.);
#1496 = DIRECTION('',(0.,-1.));
#1497 = ( GEOMETRIC_REPRESENTATION_CONTEXT(2) 
PARAMETRIC_REPRESENTATION_CONTEXT() REPRESENTATION_CONTEXT('2D SPACE',''
  ) );
#1498 = ADVANCED_FACE('',(#1499),#948,.T.);
#1499 = FACE_BOUND('',#1500,.T.);
#1500 = EDGE_LOOP('',(#1501,#1502,#1525,#1546,#1547));
#1501 = ORIENTED_EDGE('',*,*,#1380,.F.);
#1502 = ORIENTED_EDGE('',*,*,#1503,.T.);
#1503 = EDGE_CURVE('',#1381,#1504,#1506,.T.);
#1504 = VERTEX_POINT('',#1505);
#1505 = CARTESIAN_POINT('',(11.000000000569,-28.75,16.700000000001));
#1506 = SURFACE_CURVE('',#1507,(#1511,#1518),.PCURVE_S1.);
#1507 = LINE('',#1508,#1509);
#1508 = CARTESIAN_POINT('',(13.95,-28.75,16.7));
#1509 = VECTOR('',#1510,1.);
#1510 = DIRECTION('',(-1.,-1.466849241508E-12,1.466849241508E-12));
#1511 = PCURVE('',#948,#1512);
#1512 = DEFINITIONAL_REPRESENTATION('',(#1513),#1517);
#1513 = LINE('',#1514,#1515);
#1514 = CARTESIAN_POINT('',(0.212132034362,-1.475));
#1515 = VECTOR('',#1516,1.);
#1516 = DIRECTION('',(-2.074438091297E-12,1.));
#1517 = ( GEOMETRIC_REPRESENTATION_CONTEXT(2) 
PARAMETRIC_REPRESENTATION_CONTEXT() REPRESENTATION_CONTEXT('2D SPACE',''
  ) );
#1518 = PCURVE('',#1487,#1519);
#1519 = DEFINITIONAL_REPRESENTATION('',(#1520),#1524);
#1520 = LINE('',#1521,#1522);
#1521 = CARTESIAN_POINT('',(0.3,2.5));
#1522 = VECTOR('',#1523,1.);
#1523 = DIRECTION('',(1.,1.466849241508E-12));
#1524 = ( GEOMETRIC_REPRESENTATION_CONTEXT(2) 
PARAMETRIC_REPRESENTATION_CONTEXT() REPRESENTATION_CONTEXT('2D SPACE',''
  ) );
#1525 = ORIENTED_EDGE('',*,*,#1526,.F.);
#1526 = EDGE_CURVE('',#933,#1504,#1527,.T.);
#1527 = SURFACE_CURVE('',#1528,(#1532,#1539),.PCURVE_S1.);
#1528 = LINE('',#1529,#1530);
#1529 = CARTESIAN_POINT('',(11.000000000689,-29.05,17.000000000003));
#1530 = VECTOR('',#1531,1.);
#1531 = DIRECTION('',(1.059140661092E-09,0.707106781187,-0.707106781187)
  );
#1532 = PCURVE('',#948,#1533);
#1533 = DEFINITIONAL_REPRESENTATION('',(#1534),#1538);
#1534 = LINE('',#1535,#1536);
#1535 = CARTESIAN_POINT('',(-0.212132034355,1.474999999311));
#1536 = VECTOR('',#1537,1.);
#1537 = DIRECTION('',(1.,-1.059140661092E-09));
#1538 = ( GEOMETRIC_REPRESENTATION_CONTEXT(2) 
PARAMETRIC_REPRESENTATION_CONTEXT() REPRESENTATION_CONTEXT('2D SPACE',''
  ) );
#1539 = PCURVE('',#975,#1540);
#1540 = DEFINITIONAL_REPRESENTATION('',(#1541),#1545);
#1541 = LINE('',#1542,#1543);
#1542 = CARTESIAN_POINT('',(7.068583470726,-0.149999999999));
#1543 = VECTOR('',#1544,1.);
#1544 = DIRECTION('',(3.890524939267E-10,1.));
#1545 = ( GEOMETRIC_REPRESENTATION_CONTEXT(2) 
PARAMETRIC_REPRESENTATION_CONTEXT() REPRESENTATION_CONTEXT('2D SPACE',''
  ) );
#1546 = ORIENTED_EDGE('',*,*,#932,.F.);
#1547 = ORIENTED_EDGE('',*,*,#1548,.F.);
#1548 = EDGE_CURVE('',#1383,#905,#1549,.T.);
#1549 = SURFACE_CURVE('',#1550,(#1554,#1561),.PCURVE_S1.);
#1550 = LINE('',#1551,#1552);
#1551 = CARTESIAN_POINT('',(14.1,-28.9,16.85));
#1552 = VECTOR('',#1553,1.);
#1553 = DIRECTION('',(-0.57735026919,-0.57735026919,0.57735026919));
#1554 = PCURVE('',#948,#1555);
#1555 = DEFINITIONAL_REPRESENTATION('',(#1556),#1560);
#1556 = LINE('',#1557,#1558);
#1557 = CARTESIAN_POINT('',(5.656729110146E-12,-1.625));
#1558 = VECTOR('',#1559,1.);
#1559 = DIRECTION('',(-0.816496580928,0.57735026919));
#1560 = ( GEOMETRIC_REPRESENTATION_CONTEXT(2) 
PARAMETRIC_REPRESENTATION_CONTEXT() REPRESENTATION_CONTEXT('2D SPACE',''
  ) );
#1561 = PCURVE('',#920,#1562);
#1562 = DEFINITIONAL_REPRESENTATION('',(#1563),#1567);
#1563 = LINE('',#1564,#1565);
#1564 = CARTESIAN_POINT('',(0.,2.1));
#1565 = VECTOR('',#1566,1.);
#1566 = DIRECTION('',(-0.816496580928,-0.57735026919));
#1567 = ( GEOMETRIC_REPRESENTATION_CONTEXT(2) 
PARAMETRIC_REPRESENTATION_CONTEXT() REPRESENTATION_CONTEXT('2D SPACE',''
  ) );
#1568 = ADVANCED_FACE('',(#1569),#920,.T.);
#1569 = FACE_BOUND('',#1570,.T.);
#1570 = EDGE_LOOP('',(#1571,#1572,#1573,#1574,#1575));
#1571 = ORIENTED_EDGE('',*,*,#1548,.T.);
#1572 = ORIENTED_EDGE('',*,*,#904,.F.);
#1573 = ORIENTED_EDGE('',*,*,#1202,.F.);
#1574 = ORIENTED_EDGE('',*,*,#1334,.T.);
#1575 = ORIENTED_EDGE('',*,*,#1405,.T.);
#1576 = ADVANCED_FACE('',(#1577),#975,.T.);
#1577 = FACE_BOUND('',#1578,.T.);
#1578 = EDGE_LOOP('',(#1579,#1580,#1581,#1608));
#1579 = ORIENTED_EDGE('',*,*,#960,.F.);
#1580 = ORIENTED_EDGE('',*,*,#1526,.T.);
#1581 = ORIENTED_EDGE('',*,*,#1582,.T.);
#1582 = EDGE_CURVE('',#1504,#1018,#1583,.T.);
#1583 = SURFACE_CURVE('',#1584,(#1589,#1596),.PCURVE_S1.);
#1584 = CIRCLE('',#1585,3.25);
#1585 = AXIS2_PLACEMENT_3D('',#1586,#1587,#1588);
#1586 = CARTESIAN_POINT('',(11.,-32.,16.7));
#1587 = DIRECTION('',(0.,-0.,1.));
#1588 = DIRECTION('',(5.95814110634E-46,1.,0.));
#1589 = PCURVE('',#975,#1590);
#1590 = DEFINITIONAL_REPRESENTATION('',(#1591),#1595);
#1591 = LINE('',#1592,#1593);
#1592 = CARTESIAN_POINT('',(7.068583470493,0.150000000004));
#1593 = VECTOR('',#1594,1.);
#1594 = DIRECTION('',(-1.,-2.873711722726E-16));
#1595 = ( GEOMETRIC_REPRESENTATION_CONTEXT(2) 
PARAMETRIC_REPRESENTATION_CONTEXT() REPRESENTATION_CONTEXT('2D SPACE',''
  ) );
#1596 = PCURVE('',#1597,#1602);
#1597 = CYLINDRICAL_SURFACE('',#1598,3.25);
#1598 = AXIS2_PLACEMENT_3D('',#1599,#1600,#1601);
#1599 = CARTESIAN_POINT('',(11.,-32.,21.19116));
#1600 = DIRECTION('',(0.,0.,-1.));
#1601 = DIRECTION('',(-1.,3.889384548663E-62,0.));
#1602 = DEFINITIONAL_REPRESENTATION('',(#1603),#1607);
#1603 = LINE('',#1604,#1605);
#1604 = CARTESIAN_POINT('',(1.570796326795,4.49116));
#1605 = VECTOR('',#1606,1.);
#1606 = DIRECTION('',(-1.,0.));
#1607 = ( GEOMETRIC_REPRESENTATION_CONTEXT(2) 
PARAMETRIC_REPRESENTATION_CONTEXT() REPRESENTATION_CONTEXT('2D SPACE',''
  ) );
#1608 = ORIENTED_EDGE('',*,*,#1017,.F.);
#1609 = ADVANCED_FACE('',(#1610),#1597,.T.);
#1610 = FACE_BOUND('',#1611,.T.);
#1611 = EDGE_LOOP('',(#1612,#1642,#1665,#1688,#1712,#1733,#1734,#1757));
#1612 = ORIENTED_EDGE('',*,*,#1613,.F.);
#1613 = EDGE_CURVE('',#1614,#1616,#1618,.T.);
#1614 = VERTEX_POINT('',#1615);
#1615 = CARTESIAN_POINT('',(9.09329368466,-29.3680869016,13.199999391167
    ));
#1616 = VERTEX_POINT('',#1617);
#1617 = CARTESIAN_POINT('',(9.093292928782,-29.3680866001,14.4));
#1618 = SURFACE_CURVE('',#1619,(#1623,#1630),.PCURVE_S1.);
#1619 = LINE('',#1620,#1621);
#1620 = CARTESIAN_POINT('',(9.093293943835,-29.3680876144,13.19999854355
    ));
#1621 = VECTOR('',#1622,1.);
#1622 = DIRECTION('',(-8.458766978834E-07,8.452557775447E-07,
    0.999999999999));
#1623 = PCURVE('',#1597,#1624);
#1624 = DEFINITIONAL_REPRESENTATION('',(#1625),#1629);
#1625 = LINE('',#1626,#1627);
#1626 = CARTESIAN_POINT('',(0.943844468748,7.99116145645));
#1627 = VECTOR('',#1628,1.);
#1628 = DIRECTION('',(-5.818881089005E-08,-1.));
#1629 = ( GEOMETRIC_REPRESENTATION_CONTEXT(2) 
PARAMETRIC_REPRESENTATION_CONTEXT() REPRESENTATION_CONTEXT('2D SPACE',''
  ) );
#1630 = PCURVE('',#1631,#1636);
#1631 = PLANE('',#1632);
#1632 = AXIS2_PLACEMENT_3D('',#1633,#1634,#1635);
#1633 = CARTESIAN_POINT('',(9.159194568805,-29.37447765748,
    13.706939644607));
#1634 = DIRECTION('',(9.652588572993E-02,0.995330474458,0.));
#1635 = DIRECTION('',(-0.995330474458,9.652588572993E-02,0.));
#1636 = DEFINITIONAL_REPRESENTATION('',(#1637),#1641);
#1637 = LINE('',#1638,#1639);
#1638 = CARTESIAN_POINT('',(6.620970488582E-02,-0.506941101057));
#1639 = VECTOR('',#1640,1.);
#1640 = DIRECTION('',(9.23515917633E-07,1.));
#1641 = ( GEOMETRIC_REPRESENTATION_CONTEXT(2) 
PARAMETRIC_REPRESENTATION_CONTEXT() REPRESENTATION_CONTEXT('2D SPACE',''
  ) );
#1642 = ORIENTED_EDGE('',*,*,#1643,.T.);
#1643 = EDGE_CURVE('',#1614,#1644,#1646,.T.);
#1644 = VERTEX_POINT('',#1645);
#1645 = CARTESIAN_POINT('',(8.368086613161,-30.09329294633,
    13.199999988626));
#1646 = SURFACE_CURVE('',#1647,(#1652,#1658),.PCURVE_S1.);
#1647 = CIRCLE('',#1648,3.250002153864);
#1648 = AXIS2_PLACEMENT_3D('',#1649,#1650,#1651);
#1649 = CARTESIAN_POINT('',(11.00000181106,-32.00000123921,
    13.199999978205));
#1650 = DIRECTION('',(0.,0.,1.));
#1651 = DIRECTION('',(-0.586679283128,0.80981937415,0.));
#1652 = PCURVE('',#1597,#1653);
#1653 = DEFINITIONAL_REPRESENTATION('',(#1654),#1657);
#1654 = B_SPLINE_CURVE_WITH_KNOTS('',1,(#1655,#1656),.UNSPECIFIED.,.F.,
  .F.,(2,2),(6.28318517326,6.600077570815),.PIECEWISE_BEZIER_KNOTS.);
#1655 = CARTESIAN_POINT('',(0.943844532841,7.991160021795));
#1656 = CARTESIAN_POINT('',(0.626951925858,7.991160021795));
#1657 = ( GEOMETRIC_REPRESENTATION_CONTEXT(2) 
PARAMETRIC_REPRESENTATION_CONTEXT() REPRESENTATION_CONTEXT('2D SPACE',''
  ) );
#1658 = PCURVE('',#544,#1659);
#1659 = DEFINITIONAL_REPRESENTATION('',(#1660),#1664);
#1660 = LINE('',#1661,#1662);
#1661 = CARTESIAN_POINT('',(-4.085436824939,5.000215339463E-02));
#1662 = VECTOR('',#1663,1.);
#1663 = DIRECTION('',(1.,6.812650438946E-16));
#1664 = ( GEOMETRIC_REPRESENTATION_CONTEXT(2) 
PARAMETRIC_REPRESENTATION_CONTEXT() REPRESENTATION_CONTEXT('2D SPACE',''
  ) );
#1665 = ORIENTED_EDGE('',*,*,#1666,.T.);
#1666 = EDGE_CURVE('',#1644,#1667,#1669,.T.);
#1667 = VERTEX_POINT('',#1668);
#1668 = CARTESIAN_POINT('',(8.368086600101,-30.09329292878,14.4));
#1669 = SURFACE_CURVE('',#1670,(#1674,#1681),.PCURVE_S1.);
#1670 = LINE('',#1671,#1672);
#1671 = CARTESIAN_POINT('',(8.36808660253,-30.09329293054,
    13.200000005998));
#1672 = VECTOR('',#1673,1.);
#1673 = DIRECTION('',(-2.024057968394E-09,1.466342055114E-09,1.));
#1674 = PCURVE('',#1597,#1675);
#1675 = DEFINITIONAL_REPRESENTATION('',(#1676),#1680);
#1676 = LINE('',#1677,#1678);
#1677 = CARTESIAN_POINT('',(0.626951927874,7.991159994002));
#1678 = VECTOR('',#1679,1.);
#1679 = DIRECTION('',(0.,-1.));
#1680 = ( GEOMETRIC_REPRESENTATION_CONTEXT(2) 
PARAMETRIC_REPRESENTATION_CONTEXT() REPRESENTATION_CONTEXT('2D SPACE',''
  ) );
#1681 = PCURVE('',#430,#1682);
#1682 = DEFINITIONAL_REPRESENTATION('',(#1683),#1687);
#1683 = LINE('',#1684,#1685);
#1684 = CARTESIAN_POINT('',(-6.621081112074E-02,-0.506939638608));
#1685 = VECTOR('',#1686,1.);
#1686 = DIRECTION('',(-1.654868921602E-09,1.));
#1687 = ( GEOMETRIC_REPRESENTATION_CONTEXT(2) 
PARAMETRIC_REPRESENTATION_CONTEXT() REPRESENTATION_CONTEXT('2D SPACE',''
  ) );
#1688 = ORIENTED_EDGE('',*,*,#1689,.T.);
#1689 = EDGE_CURVE('',#1667,#1690,#1692,.T.);
#1690 = VERTEX_POINT('',#1691);
#1691 = CARTESIAN_POINT('',(7.750000000003,-32.00000000135,
    14.399999999996));
#1692 = SURFACE_CURVE('',#1693,(#1698,#1705),.PCURVE_S1.);
#1693 = CIRCLE('',#1694,3.25);
#1694 = AXIS2_PLACEMENT_3D('',#1695,#1696,#1697);
#1695 = CARTESIAN_POINT('',(11.,-32.,14.4));
#1696 = DIRECTION('',(0.,0.,1.));
#1697 = DIRECTION('',(-0.809819507661,0.586679098836,0.));
#1698 = PCURVE('',#1597,#1699);
#1699 = DEFINITIONAL_REPRESENTATION('',(#1700),#1704);
#1700 = LINE('',#1701,#1702);
#1701 = CARTESIAN_POINT('',(0.626951927874,6.79116));
#1702 = VECTOR('',#1703,1.);
#1703 = DIRECTION('',(-1.,0.));
#1704 = ( GEOMETRIC_REPRESENTATION_CONTEXT(2) 
PARAMETRIC_REPRESENTATION_CONTEXT() REPRESENTATION_CONTEXT('2D SPACE',''
  ) );
#1705 = PCURVE('',#297,#1706);
#1706 = DEFINITIONAL_REPRESENTATION('',(#1707),#1711);
#1707 = LINE('',#1708,#1709);
#1708 = CARTESIAN_POINT('',(2.514640725716,0.100000000006));
#1709 = VECTOR('',#1710,1.);
#1710 = DIRECTION('',(1.,3.130408385072E-16));
#1711 = ( GEOMETRIC_REPRESENTATION_CONTEXT(2) 
PARAMETRIC_REPRESENTATION_CONTEXT() REPRESENTATION_CONTEXT('2D SPACE',''
  ) );
#1712 = ORIENTED_EDGE('',*,*,#1713,.F.);
#1713 = EDGE_CURVE('',#1018,#1690,#1714,.T.);
#1714 = SURFACE_CURVE('',#1715,(#1719,#1726),.PCURVE_S1.);
#1715 = LINE('',#1716,#1717);
#1716 = CARTESIAN_POINT('',(7.750000000001,-32.00000000044,
    16.700000000001));
#1717 = VECTOR('',#1718,1.);
#1718 = DIRECTION('',(1.022177511714E-12,-3.952512422672E-10,-1.));
#1719 = PCURVE('',#1597,#1720);
#1720 = DEFINITIONAL_REPRESENTATION('',(#1721),#1725);
#1721 = LINE('',#1722,#1723);
#1722 = CARTESIAN_POINT('',(0.,4.491159999999));
#1723 = VECTOR('',#1724,1.);
#1724 = DIRECTION('',(0.,1.));
#1725 = ( GEOMETRIC_REPRESENTATION_CONTEXT(2) 
PARAMETRIC_REPRESENTATION_CONTEXT() REPRESENTATION_CONTEXT('2D SPACE',''
  ) );
#1726 = PCURVE('',#1056,#1727);
#1727 = DEFINITIONAL_REPRESENTATION('',(#1728),#1732);
#1728 = LINE('',#1729,#1730);
#1729 = CARTESIAN_POINT('',(3.250000000442,2.500000000001));
#1730 = VECTOR('',#1731,1.);
#1731 = DIRECTION('',(3.952512422672E-10,-1.));
#1732 = ( GEOMETRIC_REPRESENTATION_CONTEXT(2) 
PARAMETRIC_REPRESENTATION_CONTEXT() REPRESENTATION_CONTEXT('2D SPACE',''
  ) );
#1733 = ORIENTED_EDGE('',*,*,#1582,.F.);
#1734 = ORIENTED_EDGE('',*,*,#1735,.T.);
#1735 = EDGE_CURVE('',#1504,#1736,#1738,.T.);
#1736 = VERTEX_POINT('',#1737);
#1737 = CARTESIAN_POINT('',(11.000000000869,-28.75,14.399999999997));
#1738 = SURFACE_CURVE('',#1739,(#1743,#1750),.PCURVE_S1.);
#1739 = LINE('',#1740,#1741);
#1740 = CARTESIAN_POINT('',(11.000000001138,-28.75,16.700000000004));
#1741 = VECTOR('',#1742,1.);
#1742 = DIRECTION('',(-1.170082939003E-10,4.429307162577E-13,-1.));
#1743 = PCURVE('',#1597,#1744);
#1744 = DEFINITIONAL_REPRESENTATION('',(#1745),#1749);
#1745 = LINE('',#1746,#1747);
#1746 = CARTESIAN_POINT('',(1.570796327145,4.491159999996));
#1747 = VECTOR('',#1748,1.);
#1748 = DIRECTION('',(-3.600250532474E-11,1.));
#1749 = ( GEOMETRIC_REPRESENTATION_CONTEXT(2) 
PARAMETRIC_REPRESENTATION_CONTEXT() REPRESENTATION_CONTEXT('2D SPACE',''
  ) );
#1750 = PCURVE('',#1487,#1751);
#1751 = DEFINITIONAL_REPRESENTATION('',(#1752),#1756);
#1752 = LINE('',#1753,#1754);
#1753 = CARTESIAN_POINT('',(3.249999998862,2.500000000004));
#1754 = VECTOR('',#1755,1.);
#1755 = DIRECTION('',(1.170082939003E-10,-1.));
#1756 = ( GEOMETRIC_REPRESENTATION_CONTEXT(2) 
PARAMETRIC_REPRESENTATION_CONTEXT() REPRESENTATION_CONTEXT('2D SPACE',''
  ) );
#1757 = ORIENTED_EDGE('',*,*,#1758,.T.);
#1758 = EDGE_CURVE('',#1736,#1616,#1759,.T.);
#1759 = SURFACE_CURVE('',#1760,(#1765,#1772),.PCURVE_S1.);
#1760 = CIRCLE('',#1761,3.25);
#1761 = AXIS2_PLACEMENT_3D('',#1762,#1763,#1764);
#1762 = CARTESIAN_POINT('',(11.,-32.,14.4));
#1763 = DIRECTION('',(0.,-0.,1.));
#1764 = DIRECTION('',(5.95814110634E-46,1.,0.));
#1765 = PCURVE('',#1597,#1766);
#1766 = DEFINITIONAL_REPRESENTATION('',(#1767),#1771);
#1767 = LINE('',#1768,#1769);
#1768 = CARTESIAN_POINT('',(1.570796326795,6.79116));
#1769 = VECTOR('',#1770,1.);
#1770 = DIRECTION('',(-1.,0.));
#1771 = ( GEOMETRIC_REPRESENTATION_CONTEXT(2) 
PARAMETRIC_REPRESENTATION_CONTEXT() REPRESENTATION_CONTEXT('2D SPACE',''
  ) );
#1772 = PCURVE('',#130,#1773);
#1773 = DEFINITIONAL_REPRESENTATION('',(#1774),#1778);
#1774 = LINE('',#1775,#1776);
#1775 = CARTESIAN_POINT('',(1.570796326795,0.100000000006));
#1776 = VECTOR('',#1777,1.);
#1777 = DIRECTION('',(1.,0.));
#1778 = ( GEOMETRIC_REPRESENTATION_CONTEXT(2) 
PARAMETRIC_REPRESENTATION_CONTEXT() REPRESENTATION_CONTEXT('2D SPACE',''
  ) );
#1779 = ADVANCED_FACE('',(#1780),#1631,.T.);
#1780 = FACE_BOUND('',#1781,.T.);
#1781 = EDGE_LOOP('',(#1782,#1783,#1809,#1832,#1855));
#1782 = ORIENTED_EDGE('',*,*,#1613,.T.);
#1783 = ORIENTED_EDGE('',*,*,#1784,.F.);
#1784 = EDGE_CURVE('',#1785,#1616,#1787,.T.);
#1785 = VERTEX_POINT('',#1786);
#1786 = CARTESIAN_POINT('',(9.225096208827,-29.38086871486,
    14.313879289213));
#1787 = SURFACE_CURVE('',#1788,(#1794,#1803),.PCURVE_S1.);
#1788 = B_SPLINE_CURVE_WITH_KNOTS('',3,(#1789,#1790,#1791,#1792,#1793),
  .UNSPECIFIED.,.F.,.F.,(4,1,4),(0.,0.5,1.),.QUASI_UNIFORM_KNOTS.);
#1789 = CARTESIAN_POINT('',(9.225096208827,-29.38086871486,
    14.313879289213));
#1790 = CARTESIAN_POINT('',(9.203525870053,-29.37877685079,
    14.327711720445));
#1791 = CARTESIAN_POINT('',(9.159987168438,-29.37455452278,
    14.355895778809));
#1792 = CARTESIAN_POINT('',(9.115655913428,-29.37025533396,
    14.385123821335));
#1793 = CARTESIAN_POINT('',(9.093292928782,-29.3680866001,14.4));
#1794 = PCURVE('',#1631,#1795);
#1795 = DEFINITIONAL_REPRESENTATION('',(#1796),#1802);
#1796 = B_SPLINE_CURVE_WITH_KNOTS('',3,(#1797,#1798,#1799,#1800,#1801),
  .UNSPECIFIED.,.F.,.F.,(4,1,4),(0.,0.5,1.),.QUASI_UNIFORM_KNOTS.);
#1797 = CARTESIAN_POINT('',(-6.621081310499E-02,0.606939644607));
#1798 = CARTESIAN_POINT('',(-4.453927854686E-02,0.620772075839));
#1799 = CARTESIAN_POINT('',(-7.963180605124E-04,0.648956134202));
#1800 = CARTESIAN_POINT('',(4.374291403134E-02,0.678184176728));
#1801 = CARTESIAN_POINT('',(6.621081310598E-02,0.693060355393));
#1802 = ( GEOMETRIC_REPRESENTATION_CONTEXT(2) 
PARAMETRIC_REPRESENTATION_CONTEXT() REPRESENTATION_CONTEXT('2D SPACE',''
  ) );
#1803 = PCURVE('',#130,#1804);
#1804 = DEFINITIONAL_REPRESENTATION('',(#1805),#1808);
#1805 = B_SPLINE_CURVE_WITH_KNOTS('',1,(#1806,#1807),.UNSPECIFIED.,.F.,
  .F.,(2,2),(0.,1.),.PIECEWISE_BEZIER_KNOTS.);
#1806 = CARTESIAN_POINT('',(2.166377226279,1.387928921945E-02));
#1807 = CARTESIAN_POINT('',(2.197748254669,0.100000000006));
#1808 = ( GEOMETRIC_REPRESENTATION_CONTEXT(2) 
PARAMETRIC_REPRESENTATION_CONTEXT() REPRESENTATION_CONTEXT('2D SPACE',''
  ) );
#1809 = ORIENTED_EDGE('',*,*,#1810,.F.);
#1810 = EDGE_CURVE('',#1811,#1785,#1813,.T.);
#1811 = VERTEX_POINT('',#1812);
#1812 = CARTESIAN_POINT('',(9.225096208827,-29.38086871486,13.2));
#1813 = SURFACE_CURVE('',#1814,(#1818,#1825),.PCURVE_S1.);
#1814 = LINE('',#1815,#1816);
#1815 = CARTESIAN_POINT('',(9.225096208827,-29.38086871486,13.2));
#1816 = VECTOR('',#1817,1.);
#1817 = DIRECTION('',(0.,0.,1.));
#1818 = PCURVE('',#1631,#1819);
#1819 = DEFINITIONAL_REPRESENTATION('',(#1820),#1824);
#1820 = LINE('',#1821,#1822);
#1821 = CARTESIAN_POINT('',(-6.621081310499E-02,-0.506939644607));
#1822 = VECTOR('',#1823,1.);
#1823 = DIRECTION('',(0.,1.));
#1824 = ( GEOMETRIC_REPRESENTATION_CONTEXT(2) 
PARAMETRIC_REPRESENTATION_CONTEXT() REPRESENTATION_CONTEXT('2D SPACE',''
  ) );
#1825 = PCURVE('',#101,#1826);
#1826 = DEFINITIONAL_REPRESENTATION('',(#1827),#1831);
#1827 = LINE('',#1828,#1829);
#1828 = CARTESIAN_POINT('',(1.921128092067,-1.));
#1829 = VECTOR('',#1830,1.);
#1830 = DIRECTION('',(0.,1.));
#1831 = ( GEOMETRIC_REPRESENTATION_CONTEXT(2) 
PARAMETRIC_REPRESENTATION_CONTEXT() REPRESENTATION_CONTEXT('2D SPACE',''
  ) );
#1832 = ORIENTED_EDGE('',*,*,#1833,.T.);
#1833 = EDGE_CURVE('',#1811,#1834,#1836,.T.);
#1834 = VERTEX_POINT('',#1835);
#1835 = CARTESIAN_POINT('',(9.159486334452,-29.37450675294,
    13.156353902277));
#1836 = SURFACE_CURVE('',#1837,(#1841,#1848),.PCURVE_S1.);
#1837 = LINE('',#1838,#1839);
#1838 = CARTESIAN_POINT('',(9.225096208827,-29.38086871486,13.2));
#1839 = VECTOR('',#1840,1.);
#1840 = DIRECTION('',(-0.829895396353,8.047058849952E-02,-0.552085242965
    ));
#1841 = PCURVE('',#1631,#1842);
#1842 = DEFINITIONAL_REPRESENTATION('',(#1843),#1847);
#1843 = LINE('',#1844,#1845);
#1844 = CARTESIAN_POINT('',(-6.621081310499E-02,-0.506939644607));
#1845 = VECTOR('',#1846,1.);
#1846 = DIRECTION('',(0.833787673488,-0.552085243002));
#1847 = ( GEOMETRIC_REPRESENTATION_CONTEXT(2) 
PARAMETRIC_REPRESENTATION_CONTEXT() REPRESENTATION_CONTEXT('2D SPACE',''
  ) );
#1848 = PCURVE('',#576,#1849);
#1849 = DEFINITIONAL_REPRESENTATION('',(#1850),#1854);
#1850 = LINE('',#1851,#1852);
#1851 = CARTESIAN_POINT('',(7.07106781185E-02,-0.933953828469));
#1852 = VECTOR('',#1853,1.);
#1853 = DIRECTION('',(-0.780753015761,-0.624839762163));
#1854 = ( GEOMETRIC_REPRESENTATION_CONTEXT(2) 
PARAMETRIC_REPRESENTATION_CONTEXT() REPRESENTATION_CONTEXT('2D SPACE',''
  ) );
#1855 = ORIENTED_EDGE('',*,*,#1856,.T.);
#1856 = EDGE_CURVE('',#1834,#1614,#1857,.T.);
#1857 = SURFACE_CURVE('',#1858,(#1866,#1877),.PCURVE_S1.);
#1858 = B_SPLINE_CURVE_WITH_KNOTS('',3,(#1859,#1860,#1861,#1862,#1863,
    #1864,#1865),.UNSPECIFIED.,.F.,.F.,(4,3,4),(7.058006865208E-06,0.5,
    1.),.UNSPECIFIED.);
#1859 = CARTESIAN_POINT('',(9.159486346566,-29.37450595371,
    13.156353802199));
#1860 = CARTESIAN_POINT('',(9.148550422867,-29.37344540172,
    13.163499673563));
#1861 = CARTESIAN_POINT('',(9.137565307998,-29.37238007922,
    13.170711001548));
#1862 = CARTESIAN_POINT('',(9.12653330581,-29.37131020966,
    13.177985029296));
#1863 = CARTESIAN_POINT('',(9.115501147891,-29.37024032499,
    13.185259159726));
#1864 = CARTESIAN_POINT('',(9.104422101329,-29.36916589312,
    13.19259599169));
#1865 = CARTESIAN_POINT('',(9.093294031827,-29.36808670707,
    13.19999854355));
#1866 = PCURVE('',#1631,#1867);
#1867 = DEFINITIONAL_REPRESENTATION('',(#1868),#1876);
#1868 = B_SPLINE_CURVE_WITH_KNOTS('',3,(#1869,#1870,#1871,#1872,#1873,
    #1874,#1875),.UNSPECIFIED.,.F.,.F.,(4,3,4),(7.058006865208E-06,0.5,
    1.),.UNSPECIFIED.);
#1869 = CARTESIAN_POINT('',(-2.931466163223E-04,-0.550585842408));
#1870 = CARTESIAN_POINT('',(1.069408222836E-02,-0.543439971043));
#1871 = CARTESIAN_POINT('',(2.173073301974E-02,-0.536228643059));
#1872 = CARTESIAN_POINT('',(3.281449109958E-02,-0.528954615311));
#1873 = CARTESIAN_POINT('',(4.389840564012E-02,-0.521680484881));
#1874 = CARTESIAN_POINT('',(5.502942879906E-02,-0.514343652917));
#1875 = CARTESIAN_POINT('',(6.620970488582E-02,-0.506941101057));
#1876 = ( GEOMETRIC_REPRESENTATION_CONTEXT(2) 
PARAMETRIC_REPRESENTATION_CONTEXT() REPRESENTATION_CONTEXT('2D SPACE',''
  ) );
#1877 = PCURVE('',#544,#1878);
#1878 = DEFINITIONAL_REPRESENTATION('',(#1879),#1882);
#1879 = B_SPLINE_CURVE_WITH_KNOTS('',1,(#1880,#1881),.UNSPECIFIED.,.F.,
  .F.,(2,2),(7.058006865208E-06,1.),.PIECEWISE_BEZIER_KNOTS.);
#1880 = CARTESIAN_POINT('',(2.182204167103,6.35629022977E-03));
#1881 = CARTESIAN_POINT('',(2.197748226699,5.000102528126E-02));
#1882 = ( GEOMETRIC_REPRESENTATION_CONTEXT(2) 
PARAMETRIC_REPRESENTATION_CONTEXT() REPRESENTATION_CONTEXT('2D SPACE',''
  ) );
#1883 = ADVANCED_FACE('',(#1884),#544,.T.);
#1884 = FACE_BOUND('',#1885,.T.);
#1885 = EDGE_LOOP('',(#1886,#1887,#1888,#1916,#1917,#1918));
#1886 = ORIENTED_EDGE('',*,*,#615,.F.);
#1887 = ORIENTED_EDGE('',*,*,#523,.F.);
#1888 = ORIENTED_EDGE('',*,*,#1889,.F.);
#1889 = EDGE_CURVE('',#1644,#501,#1890,.T.);
#1890 = SURFACE_CURVE('',#1891,(#1899,#1905),.PCURVE_S1.);
#1891 = B_SPLINE_CURVE_WITH_KNOTS('',3,(#1892,#1893,#1894,#1895,#1896,
    #1897,#1898),.UNSPECIFIED.,.F.,.F.,(4,3,4),(2.92865632985E-07,0.5,1.
    ),.UNSPECIFIED.);
#1892 = CARTESIAN_POINT('',(8.368086608069,-30.09329295272,
    13.199999997495));
#1893 = CARTESIAN_POINT('',(8.369165325275,-30.10441618762,
    13.192600662018));
#1894 = CARTESIAN_POINT('',(8.370239624905,-30.11549391427,
    13.185263976222));
#1895 = CARTESIAN_POINT('',(8.371309507335,-30.12652606372,
    13.177989841176));
#1896 = CARTESIAN_POINT('',(8.372379390392,-30.13755821964,
    13.170715701869));
#1897 = CARTESIAN_POINT('',(8.373444856258,-30.14854479829,
    13.163504113387));
#1898 = CARTESIAN_POINT('',(8.374505894209,-30.15948573293,
    13.156354968843));
#1899 = PCURVE('',#544,#1900);
#1900 = DEFINITIONAL_REPRESENTATION('',(#1901),#1904);
#1901 = B_SPLINE_CURVE_WITH_KNOTS('',1,(#1902,#1903),.UNSPECIFIED.,.F.,
  .F.,(2,2),(2.92865632985E-07,1.),.PIECEWISE_BEZIER_KNOTS.);
#1902 = CARTESIAN_POINT('',(2.514640748388,5.000217268523E-02));
#1903 = CARTESIAN_POINT('',(2.530184915639,6.357144032871E-03));
#1904 = ( GEOMETRIC_REPRESENTATION_CONTEXT(2) 
PARAMETRIC_REPRESENTATION_CONTEXT() REPRESENTATION_CONTEXT('2D SPACE',''
  ) );
#1905 = PCURVE('',#430,#1906);
#1906 = DEFINITIONAL_REPRESENTATION('',(#1907),#1915);
#1907 = B_SPLINE_CURVE_WITH_KNOTS('',3,(#1908,#1909,#1910,#1911,#1912,
    #1913,#1914),.UNSPECIFIED.,.F.,.F.,(4,3,4),(2.92865632985E-07,0.5,1.
    ),.UNSPECIFIED.);
#1908 = CARTESIAN_POINT('',(-6.621078850466E-02,-0.506939647111));
#1909 = CARTESIAN_POINT('',(-5.503536970227E-02,-0.514338982588));
#1910 = CARTESIAN_POINT('',(-4.390567305593E-02,-0.521675668384));
#1911 = CARTESIAN_POINT('',(-3.2821767156E-02,-0.528949803431));
#1912 = CARTESIAN_POINT('',(-2.173785476388E-02,-0.536223942737));
#1913 = CARTESIAN_POINT('',(-1.069973318863E-02,-0.54343553122));
#1914 = CARTESIAN_POINT('',(2.925301087497E-04,-0.550584675764));
#1915 = ( GEOMETRIC_REPRESENTATION_CONTEXT(2) 
PARAMETRIC_REPRESENTATION_CONTEXT() REPRESENTATION_CONTEXT('2D SPACE',''
  ) );
#1916 = ORIENTED_EDGE('',*,*,#1643,.F.);
#1917 = ORIENTED_EDGE('',*,*,#1856,.F.);
#1918 = ORIENTED_EDGE('',*,*,#1919,.F.);
#1919 = EDGE_CURVE('',#559,#1834,#1920,.T.);
#1920 = SURFACE_CURVE('',#1921,(#1929,#1935),.PCURVE_S1.);
#1921 = B_SPLINE_CURVE_WITH_KNOTS('',3,(#1922,#1923,#1924,#1925,#1926,
    #1927,#1928),.UNSPECIFIED.,.F.,.F.,(4,3,4),(9.211391514592E-06,0.5,
    1.),.UNSPECIFIED.);
#1922 = CARTESIAN_POINT('',(9.15196136771,-29.44906939474,
    13.099999811398));
#1923 = CARTESIAN_POINT('',(9.153156486461,-29.43674588848,
    13.109278476981));
#1924 = CARTESIAN_POINT('',(9.154380432317,-29.42436907961,
    13.11861457766));
#1925 = CARTESIAN_POINT('',(9.155634453881,-29.411942156,13.128006852496
    ));
#1926 = CARTESIAN_POINT('',(9.156888498548,-29.39951500345,
    13.137399300366));
#1927 = CARTESIAN_POINT('',(9.158172620031,-29.38703773431,
    13.146847924461));
#1928 = CARTESIAN_POINT('',(9.159486172709,-29.37450741993,
    13.156354249927));
#1929 = PCURVE('',#544,#1930);
#1930 = DEFINITIONAL_REPRESENTATION('',(#1931),#1934);
#1931 = B_SPLINE_CURVE_WITH_KNOTS('',1,(#1932,#1933),.UNSPECIFIED.,.F.,
  .F.,(2,2),(9.211391514592E-06,1.),.PIECEWISE_BEZIER_KNOTS.);
#1932 = CARTESIAN_POINT('',(2.197748510624,-4.99984708244E-02));
#1933 = CARTESIAN_POINT('',(2.182204473994,6.355963692225E-03));
#1934 = ( GEOMETRIC_REPRESENTATION_CONTEXT(2) 
PARAMETRIC_REPRESENTATION_CONTEXT() REPRESENTATION_CONTEXT('2D SPACE',''
  ) );
#1935 = PCURVE('',#576,#1936);
#1936 = DEFINITIONAL_REPRESENTATION('',(#1937),#1945);
#1937 = B_SPLINE_CURVE_WITH_KNOTS('',3,(#1938,#1939,#1940,#1941,#1942,
    #1943,#1944),.UNSPECIFIED.,.F.,.F.,(4,3,4),(9.211391514592E-06,0.5,
    1.),.UNSPECIFIED.);
#1938 = CARTESIAN_POINT('',(-7.071094484158E-02,-0.933952850491));
#1939 = CARTESIAN_POINT('',(-5.758893013465E-02,-0.942150623383));
#1940 = CARTESIAN_POINT('',(-4.438568993334E-02,-0.950367719293));
#1941 = CARTESIAN_POINT('',(-3.110300748011E-02,-0.958600955224));
#1942 = CARTESIAN_POINT('',(-1.782008031839E-02,-0.966834342838));
#1943 = CARTESIAN_POINT('',(-4.457707977571E-03,-0.975083871067));
#1944 = CARTESIAN_POINT('',(8.986266425856E-03,-0.983352122094));
#1945 = ( GEOMETRIC_REPRESENTATION_CONTEXT(2) 
PARAMETRIC_REPRESENTATION_CONTEXT() REPRESENTATION_CONTEXT('2D SPACE',''
  ) );
#1946 = ADVANCED_FACE('',(#1947),#576,.T.);
#1947 = FACE_BOUND('',#1948,.T.);
#1948 = EDGE_LOOP('',(#1949,#1972,#1996,#1997,#1998));
#1949 = ORIENTED_EDGE('',*,*,#1950,.F.);
#1950 = EDGE_CURVE('',#1951,#1811,#1953,.T.);
#1951 = VERTEX_POINT('',#1952);
#1952 = CARTESIAN_POINT('',(10.420363567907,-30.66263603085,13.2));
#1953 = SURFACE_CURVE('',#1954,(#1958,#1965),.PCURVE_S1.);
#1954 = LINE('',#1955,#1956);
#1955 = CARTESIAN_POINT('',(10.420363567907,-30.66263603085,13.2));
#1956 = VECTOR('',#1957,1.);
#1957 = DIRECTION('',(-0.681998360062,0.731353701619,0.));
#1958 = PCURVE('',#576,#1959);
#1959 = DEFINITIONAL_REPRESENTATION('',(#1960),#1964);
#1960 = LINE('',#1961,#1962);
#1961 = CARTESIAN_POINT('',(7.071067811834E-02,0.818641821424));
#1962 = VECTOR('',#1963,1.);
#1963 = DIRECTION('',(1.465494392505E-14,-1.));
#1964 = ( GEOMETRIC_REPRESENTATION_CONTEXT(2) 
PARAMETRIC_REPRESENTATION_CONTEXT() REPRESENTATION_CONTEXT('2D SPACE',''
  ) );
#1965 = PCURVE('',#101,#1966);
#1966 = DEFINITIONAL_REPRESENTATION('',(#1967),#1971);
#1967 = LINE('',#1968,#1969);
#1968 = CARTESIAN_POINT('',(0.168532442174,-1.));
#1969 = VECTOR('',#1970,1.);
#1970 = DIRECTION('',(1.,0.));
#1971 = ( GEOMETRIC_REPRESENTATION_CONTEXT(2) 
PARAMETRIC_REPRESENTATION_CONTEXT() REPRESENTATION_CONTEXT('2D SPACE',''
  ) );
#1972 = ORIENTED_EDGE('',*,*,#1973,.F.);
#1973 = EDGE_CURVE('',#561,#1951,#1974,.T.);
#1974 = SURFACE_CURVE('',#1975,(#1981,#1990),.PCURVE_S1.);
#1975 = B_SPLINE_CURVE_WITH_KNOTS('',3,(#1976,#1977,#1978,#1979,#1980),
  .UNSPECIFIED.,.F.,.F.,(4,1,4),(0.,0.5,1.),.QUASI_UNIFORM_KNOTS.);
#1976 = CARTESIAN_POINT('',(10.396672088022,-30.78385794769,13.1));
#1977 = CARTESIAN_POINT('',(10.400286288934,-30.76398408341,
    13.11619720206));
#1978 = CARTESIAN_POINT('',(10.407848528268,-30.72390629835,
    13.149060857473));
#1979 = CARTESIAN_POINT('',(10.416080085467,-30.68316920489,
    13.182863668238));
#1980 = CARTESIAN_POINT('',(10.420363567907,-30.66263603085,13.2));
#1981 = PCURVE('',#576,#1982);
#1982 = DEFINITIONAL_REPRESENTATION('',(#1983),#1989);
#1983 = B_SPLINE_CURVE_WITH_KNOTS('',3,(#1984,#1985,#1986,#1987,#1988),
  .UNSPECIFIED.,.F.,.F.,(4,1,4),(0.,0.5,1.),.QUASI_UNIFORM_KNOTS.);
#1984 = CARTESIAN_POINT('',(-7.071067811865E-02,0.891140368595));
#1985 = CARTESIAN_POINT('',(-4.780437529272E-02,0.879070423485));
#1986 = CARTESIAN_POINT('',(-1.328148098367E-03,0.854916821855));
#1987 = CARTESIAN_POINT('',(4.647624533125E-02,0.830737506268));
#1988 = CARTESIAN_POINT('',(7.071067811834E-02,0.818641821424));
#1989 = ( GEOMETRIC_REPRESENTATION_CONTEXT(2) 
PARAMETRIC_REPRESENTATION_CONTEXT() REPRESENTATION_CONTEXT('2D SPACE',''
  ) );
#1990 = PCURVE('',#73,#1991);
#1991 = DEFINITIONAL_REPRESENTATION('',(#1992),#1995);
#1992 = B_SPLINE_CURVE_WITH_KNOTS('',1,(#1993,#1994),.UNSPECIFIED.,.F.,
  .F.,(2,2),(0.,1.),.PIECEWISE_BEZIER_KNOTS.);
#1993 = CARTESIAN_POINT('',(9.099902436047,-0.55));
#1994 = CARTESIAN_POINT('',(9.048358159945,-0.45));
#1995 = ( GEOMETRIC_REPRESENTATION_CONTEXT(2) 
PARAMETRIC_REPRESENTATION_CONTEXT() REPRESENTATION_CONTEXT('2D SPACE',''
  ) );
#1996 = ORIENTED_EDGE('',*,*,#558,.F.);
#1997 = ORIENTED_EDGE('',*,*,#1919,.T.);
#1998 = ORIENTED_EDGE('',*,*,#1833,.F.);
#1999 = ADVANCED_FACE('',(#2000),#101,.T.);
#2000 = FACE_BOUND('',#2001,.T.);
#2001 = EDGE_LOOP('',(#2002,#2003,#2004,#2024,#2025));
#2002 = ORIENTED_EDGE('',*,*,#1950,.T.);
#2003 = ORIENTED_EDGE('',*,*,#1810,.T.);
#2004 = ORIENTED_EDGE('',*,*,#2005,.F.);
#2005 = EDGE_CURVE('',#86,#1785,#2006,.T.);
#2006 = SURFACE_CURVE('',#2007,(#2011,#2018),.PCURVE_S1.);
#2007 = ( BOUNDED_CURVE() B_SPLINE_CURVE(2,(#2008,#2009,#2010),
.UNSPECIFIED.,.F.,.F.) B_SPLINE_CURVE_WITH_KNOTS((3,3),(0.357142727538,
0.368875291603),.PIECEWISE_BEZIER_KNOTS.) CURVE() 
GEOMETRIC_REPRESENTATION_ITEM() RATIONAL_B_SPLINE_CURVE((1.095403523571,
1.091483707159,1.087203389914)) REPRESENTATION_ITEM('') );
#2008 = CARTESIAN_POINT('',(9.303738808527,-29.46520257805,14.2));
#2009 = CARTESIAN_POINT('',(9.265138134469,-29.423808423,14.255869712414
    ));
#2010 = CARTESIAN_POINT('',(9.225096208828,-29.38086871486,
    14.313879289211));
#2011 = PCURVE('',#101,#2012);
#2012 = DEFINITIONAL_REPRESENTATION('',(#2013),#2017);
#2013 = ( BOUNDED_CURVE() B_SPLINE_CURVE(2,(#2014,#2015,#2016),
.UNSPECIFIED.,.F.,.F.) B_SPLINE_CURVE_WITH_KNOTS((3,3),(0.357142727538,
0.368875291603),.PIECEWISE_BEZIER_KNOTS.) CURVE() 
GEOMETRIC_REPRESENTATION_ITEM() RATIONAL_B_SPLINE_CURVE((1.095403523571,
1.091483707159,1.087203389914)) REPRESENTATION_ITEM('') );
#2014 = CARTESIAN_POINT('',(1.805816085023,1.52029320803E-15));
#2015 = CARTESIAN_POINT('',(1.862415449946,5.586971241434E-02));
#2016 = CARTESIAN_POINT('',(1.921128092065,0.113879289211));
#2017 = ( GEOMETRIC_REPRESENTATION_CONTEXT(2) 
PARAMETRIC_REPRESENTATION_CONTEXT() REPRESENTATION_CONTEXT('2D SPACE',''
  ) );
#2018 = PCURVE('',#130,#2019);
#2019 = DEFINITIONAL_REPRESENTATION('',(#2020),#2023);
#2020 = B_SPLINE_CURVE_WITH_KNOTS('',1,(#2021,#2022),.UNSPECIFIED.,.F.,
  .F.,(2,2),(0.357142727538,0.368875291603),.PIECEWISE_BEZIER_KNOTS.);
#2021 = CARTESIAN_POINT('',(2.160543848046,-9.999999999379E-02));
#2022 = CARTESIAN_POINT('',(2.166377226279,1.387928921739E-02));
#2023 = ( GEOMETRIC_REPRESENTATION_CONTEXT(2) 
PARAMETRIC_REPRESENTATION_CONTEXT() REPRESENTATION_CONTEXT('2D SPACE',''
  ) );
#2024 = ORIENTED_EDGE('',*,*,#85,.F.);
#2025 = ORIENTED_EDGE('',*,*,#2026,.T.);
#2026 = EDGE_CURVE('',#57,#1951,#2027,.T.);
#2027 = SURFACE_CURVE('',#2028,(#2036,#2047),.PCURVE_S1.);
#2028 = B_SPLINE_CURVE_WITH_KNOTS('',3,(#2029,#2030,#2031,#2032,#2033,
    #2034,#2035),.UNSPECIFIED.,.F.,.F.,(4,1,1,1,4),(0.,0.25,0.5,0.75,1.)
  ,.QUASI_UNIFORM_KNOTS.);
#2029 = CARTESIAN_POINT('',(9.714355097721,-29.90553463841,14.2));
#2030 = CARTESIAN_POINT('',(9.782624575669,-29.97874469041,14.101892572)
  );
#2031 = CARTESIAN_POINT('',(9.914331687011,-30.1199832755,
    13.913103128778));
#2032 = CARTESIAN_POINT('',(10.09720200086,-30.31608767806,
    13.652706538286));
#2033 = CARTESIAN_POINT('',(10.266308723915,-30.49743243652,
    13.414075559086));
#2034 = CARTESIAN_POINT('',(10.370450767931,-30.60911110592,
    13.268959525483));
#2035 = CARTESIAN_POINT('',(10.420363567907,-30.66263603085,13.2));
#2036 = PCURVE('',#101,#2037);
#2037 = DEFINITIONAL_REPRESENTATION('',(#2038),#2046);
#2038 = B_SPLINE_CURVE_WITH_KNOTS('',3,(#2039,#2040,#2041,#2042,#2043,
    #2044,#2045),.UNSPECIFIED.,.F.,.F.,(4,1,1,1,4),(0.,0.25,0.5,0.75,1.)
  ,.QUASI_UNIFORM_KNOTS.);
#2039 = CARTESIAN_POINT('',(1.203737966892,0.));
#2040 = CARTESIAN_POINT('',(1.103635852363,-9.810742799958E-02));
#2041 = CARTESIAN_POINT('',(0.910516456402,-0.286896871222));
#2042 = CARTESIAN_POINT('',(0.642377521534,-0.547293461714));
#2043 = CARTESIAN_POINT('',(0.394419853367,-0.785924440914));
#2044 = CARTESIAN_POINT('',(0.241718541876,-0.931040474517));
#2045 = CARTESIAN_POINT('',(0.168532442174,-1.));
#2046 = ( GEOMETRIC_REPRESENTATION_CONTEXT(2) 
PARAMETRIC_REPRESENTATION_CONTEXT() REPRESENTATION_CONTEXT('2D SPACE',''
  ) );
#2047 = PCURVE('',#73,#2048);
#2048 = DEFINITIONAL_REPRESENTATION('',(#2049),#2075);
#2049 = B_SPLINE_CURVE_WITH_KNOTS('',3,(#2050,#2051,#2052,#2053,#2054,
    #2055,#2056,#2057,#2058,#2059,#2060,#2061,#2062,#2063,#2064,#2065,
    #2066,#2067,#2068,#2069,#2070,#2071,#2072,#2073,#2074),
  .UNSPECIFIED.,.F.,.F.,(4,1,1,1,1,1,1,1,1,1,1,1,1,1,1,1,1,1,1,1,1,1,4),
  (0.,4.545454545455E-02,9.090909090909E-02,0.136363636364,
    0.181818181818,0.227272727273,0.272727272727,0.318181818182,
    0.363636363636,0.409090909091,0.454545454545,0.5,0.545454545455,
    0.590909090909,0.636363636364,0.681818181818,0.727272727273,
    0.772727272727,0.818181818182,0.863636363636,0.909090909091,
    0.954545454545,1.),.QUASI_UNIFORM_KNOTS.);
#2050 = CARTESIAN_POINT('',(9.189906133583,0.55));
#2051 = CARTESIAN_POINT('',(9.188435059778,0.532162287778));
#2052 = CARTESIAN_POINT('',(9.185447830602,0.496732337852));
#2053 = CARTESIAN_POINT('',(9.180826654202,0.444326897572));
#2054 = CARTESIAN_POINT('',(9.176060119738,0.392663968875));
#2055 = CARTESIAN_POINT('',(9.171142983009,0.341746697998));
#2056 = CARTESIAN_POINT('',(9.166069814142,0.29157793128));
#2057 = CARTESIAN_POINT('',(9.160835145654,0.242161740548));
#2058 = CARTESIAN_POINT('',(9.155432721794,0.193496564674));
#2059 = CARTESIAN_POINT('',(9.149855329164,0.145575231319));
#2060 = CARTESIAN_POINT('',(9.144095500102,9.83918220867E-02));
#2061 = CARTESIAN_POINT('',(9.138145327216,5.19401534982E-02));
#2062 = CARTESIAN_POINT('',(9.131996480818,6.214188508985E-03));
#2063 = CARTESIAN_POINT('',(9.125640168803,-3.879206652801E-02));
#2064 = CARTESIAN_POINT('',(9.119067183014,-8.308365257967E-02));
#2065 = CARTESIAN_POINT('',(9.112267813274,-0.12666551935));
#2066 = CARTESIAN_POINT('',(9.10523179802,-0.169542613334));
#2067 = CARTESIAN_POINT('',(9.097948353489,-0.211719516393));
#2068 = CARTESIAN_POINT('',(9.090405903766,-0.253201769601));
#2069 = CARTESIAN_POINT('',(9.08259309823,-0.293989873632));
#2070 = CARTESIAN_POINT('',(9.074499035728,-0.334079315692));
#2071 = CARTESIAN_POINT('',(9.066112249375,-0.373466564901));
#2072 = CARTESIAN_POINT('',(9.057420981354,-0.412147748191));
#2073 = CARTESIAN_POINT('',(9.051415640513,-0.437461898709));
#2074 = CARTESIAN_POINT('',(9.048358159945,-0.45));
#2075 = ( GEOMETRIC_REPRESENTATION_CONTEXT(2) 
PARAMETRIC_REPRESENTATION_CONTEXT() REPRESENTATION_CONTEXT('2D SPACE',''
  ) );
#2076 = ADVANCED_FACE('',(#2077),#73,.T.);
#2077 = FACE_BOUND('',#2078,.T.);
#2078 = EDGE_LOOP('',(#2079,#2080,#2081,#2082,#2083,#2084));
#2079 = ORIENTED_EDGE('',*,*,#2026,.F.);
#2080 = ORIENTED_EDGE('',*,*,#56,.F.);
#2081 = ORIENTED_EDGE('',*,*,#342,.F.);
#2082 = ORIENTED_EDGE('',*,*,#475,.T.);
#2083 = ORIENTED_EDGE('',*,*,#588,.F.);
#2084 = ORIENTED_EDGE('',*,*,#1973,.T.);
#2085 = ADVANCED_FACE('',(#2086),#297,.T.);
#2086 = FACE_BOUND('',#2087,.T.);
#2087 = EDGE_LOOP('',(#2088,#2089,#2090,#2111,#2112));
#2088 = ORIENTED_EDGE('',*,*,#394,.T.);
#2089 = ORIENTED_EDGE('',*,*,#282,.T.);
#2090 = ORIENTED_EDGE('',*,*,#2091,.T.);
#2091 = EDGE_CURVE('',#255,#1690,#2092,.T.);
#2092 = SURFACE_CURVE('',#2093,(#2097,#2104),.PCURVE_S1.);
#2093 = LINE('',#2094,#2095);
#2094 = CARTESIAN_POINT('',(7.950000000002,-32.00000000084,
    14.199999999998));
#2095 = VECTOR('',#2096,1.);
#2096 = DIRECTION('',(-0.707106781187,-1.788083909722E-09,0.707106781187
    ));
#2097 = PCURVE('',#297,#2098);
#2098 = DEFINITIONAL_REPRESENTATION('',(#2099),#2103);
#2099 = LINE('',#2100,#2101);
#2100 = CARTESIAN_POINT('',(3.141592653867,-9.999999999599E-02));
#2101 = VECTOR('',#2102,1.);
#2102 = DIRECTION('',(6.928035922766E-10,1.));
#2103 = ( GEOMETRIC_REPRESENTATION_CONTEXT(2) 
PARAMETRIC_REPRESENTATION_CONTEXT() REPRESENTATION_CONTEXT('2D SPACE',''
  ) );
#2104 = PCURVE('',#270,#2105);
#2105 = DEFINITIONAL_REPRESENTATION('',(#2106),#2110);
#2106 = LINE('',#2107,#2108);
#2107 = CARTESIAN_POINT('',(-0.141421356236,1.624999999155));
#2108 = VECTOR('',#2109,1.);
#2109 = DIRECTION('',(1.,-1.788083909722E-09));
#2110 = ( GEOMETRIC_REPRESENTATION_CONTEXT(2) 
PARAMETRIC_REPRESENTATION_CONTEXT() REPRESENTATION_CONTEXT('2D SPACE',''
  ) );
#2111 = ORIENTED_EDGE('',*,*,#1689,.F.);
#2112 = ORIENTED_EDGE('',*,*,#2113,.T.);
#2113 = EDGE_CURVE('',#1667,#395,#2114,.T.);
#2114 = SURFACE_CURVE('',#2115,(#2121,#2127),.PCURVE_S1.);
#2115 = B_SPLINE_CURVE_WITH_KNOTS('',3,(#2116,#2117,#2118,#2119,#2120),
  .UNSPECIFIED.,.F.,.F.,(4,1,4),(0.,0.5,1.),.QUASI_UNIFORM_KNOTS.);
#2116 = CARTESIAN_POINT('',(8.368086600101,-30.09329292878,14.4));
#2117 = CARTESIAN_POINT('',(8.370253178861,-30.11563369103,
    14.385138603989));
#2118 = CARTESIAN_POINT('',(8.374550189136,-30.15994248182,
    14.355924980595));
#2119 = CARTESIAN_POINT('',(8.378774672102,-30.20350340439,
    14.327726127018));
#2120 = CARTESIAN_POINT('',(8.380868714861,-30.22509620882,
    14.313879289213));
#2121 = PCURVE('',#297,#2122);
#2122 = DEFINITIONAL_REPRESENTATION('',(#2123),#2126);
#2123 = B_SPLINE_CURVE_WITH_KNOTS('',1,(#2124,#2125),.UNSPECIFIED.,.F.,
  .F.,(2,2),(0.,1.),.PIECEWISE_BEZIER_KNOTS.);
#2124 = CARTESIAN_POINT('',(2.514640725716,0.100000000006));
#2125 = CARTESIAN_POINT('',(2.546011754106,1.387928921945E-02));
#2126 = ( GEOMETRIC_REPRESENTATION_CONTEXT(2) 
PARAMETRIC_REPRESENTATION_CONTEXT() REPRESENTATION_CONTEXT('2D SPACE',''
  ) );
#2127 = PCURVE('',#430,#2128);
#2128 = DEFINITIONAL_REPRESENTATION('',(#2129),#2135);
#2129 = B_SPLINE_CURVE_WITH_KNOTS('',3,(#2130,#2131,#2132,#2133,#2134),
  .UNSPECIFIED.,.F.,.F.,(4,1,4),(0.,0.5,1.),.QUASI_UNIFORM_KNOTS.);
#2130 = CARTESIAN_POINT('',(-6.621081310598E-02,0.693060355393));
#2131 = CARTESIAN_POINT('',(-4.376524067716E-02,0.678198959382));
#2132 = CARTESIAN_POINT('',(7.51421803292E-04,0.648985335989));
#2133 = CARTESIAN_POINT('',(4.451670749374E-02,0.620786482411));
#2134 = CARTESIAN_POINT('',(6.621081310499E-02,0.606939644607));
#2135 = ( GEOMETRIC_REPRESENTATION_CONTEXT(2) 
PARAMETRIC_REPRESENTATION_CONTEXT() REPRESENTATION_CONTEXT('2D SPACE',''
  ) );
#2136 = ADVANCED_FACE('',(#2137),#130,.T.);
#2137 = FACE_BOUND('',#2138,.T.);
#2138 = EDGE_LOOP('',(#2139,#2140,#2161,#2162,#2163));
#2139 = ORIENTED_EDGE('',*,*,#1758,.F.);
#2140 = ORIENTED_EDGE('',*,*,#2141,.F.);
#2141 = EDGE_CURVE('',#114,#1736,#2142,.T.);
#2142 = SURFACE_CURVE('',#2143,(#2147,#2154),.PCURVE_S1.);
#2143 = LINE('',#2144,#2145);
#2144 = CARTESIAN_POINT('',(11.000000001087,-28.95,14.199999999996));
#2145 = VECTOR('',#2146,1.);
#2146 = DIRECTION('',(-7.71906418186E-10,0.707106781187,0.707106781187)
  );
#2147 = PCURVE('',#130,#2148);
#2148 = DEFINITIONAL_REPRESENTATION('',(#2149),#2153);
#2149 = LINE('',#2150,#2151);
#2150 = CARTESIAN_POINT('',(1.570796326438,-9.999999999796E-02));
#2151 = VECTOR('',#2152,1.);
#2152 = DIRECTION('',(4.455680269168E-10,1.));
#2153 = ( GEOMETRIC_REPRESENTATION_CONTEXT(2) 
PARAMETRIC_REPRESENTATION_CONTEXT() REPRESENTATION_CONTEXT('2D SPACE',''
  ) );
#2154 = PCURVE('',#158,#2155);
#2155 = DEFINITIONAL_REPRESENTATION('',(#2156),#2160);
#2156 = LINE('',#2157,#2158);
#2157 = CARTESIAN_POINT('',(-0.141421356234,-1.624999998913));
#2158 = VECTOR('',#2159,1.);
#2159 = DIRECTION('',(1.,-7.71906418186E-10));
#2160 = ( GEOMETRIC_REPRESENTATION_CONTEXT(2) 
PARAMETRIC_REPRESENTATION_CONTEXT() REPRESENTATION_CONTEXT('2D SPACE',''
  ) );
#2161 = ORIENTED_EDGE('',*,*,#113,.T.);
#2162 = ORIENTED_EDGE('',*,*,#2005,.T.);
#2163 = ORIENTED_EDGE('',*,*,#1784,.T.);
#2164 = ADVANCED_FACE('',(#2165),#430,.T.);
#2165 = FACE_BOUND('',#2166,.T.);
#2166 = EDGE_LOOP('',(#2167,#2168,#2169,#2170,#2171));
#2167 = ORIENTED_EDGE('',*,*,#416,.T.);
#2168 = ORIENTED_EDGE('',*,*,#2113,.F.);
#2169 = ORIENTED_EDGE('',*,*,#1666,.F.);
#2170 = ORIENTED_EDGE('',*,*,#1889,.T.);
#2171 = ORIENTED_EDGE('',*,*,#500,.F.);
#2172 = ADVANCED_FACE('',(#2173),#270,.T.);
#2173 = FACE_BOUND('',#2174,.T.);
#2174 = EDGE_LOOP('',(#2175,#2200,#2221,#2222,#2223));
#2175 = ORIENTED_EDGE('',*,*,#2176,.T.);
#2176 = EDGE_CURVE('',#2177,#2179,#2181,.T.);
#2177 = VERTEX_POINT('',#2178);
#2178 = CARTESIAN_POINT('',(7.85,-35.05,14.3));
#2179 = VERTEX_POINT('',#2180);
#2180 = CARTESIAN_POINT('',(7.75,-34.95,14.4));
#2181 = SURFACE_CURVE('',#2182,(#2186,#2193),.PCURVE_S1.);
#2182 = LINE('',#2183,#2184);
#2183 = CARTESIAN_POINT('',(7.85,-35.05,14.3));
#2184 = VECTOR('',#2185,1.);
#2185 = DIRECTION('',(-0.57735026919,0.57735026919,0.57735026919));
#2186 = PCURVE('',#270,#2187);
#2187 = DEFINITIONAL_REPRESENTATION('',(#2188),#2192);
#2188 = LINE('',#2189,#2190);
#2189 = CARTESIAN_POINT('',(4.440368669326E-12,-1.425));
#2190 = VECTOR('',#2191,1.);
#2191 = DIRECTION('',(0.816496580928,0.57735026919));
#2192 = ( GEOMETRIC_REPRESENTATION_CONTEXT(2) 
PARAMETRIC_REPRESENTATION_CONTEXT() REPRESENTATION_CONTEXT('2D SPACE',''
  ) );
#2193 = PCURVE('',#1082,#2194);
#2194 = DEFINITIONAL_REPRESENTATION('',(#2195),#2199);
#2195 = LINE('',#2196,#2197);
#2196 = CARTESIAN_POINT('',(7.071067811865E-02,1.3));
#2197 = VECTOR('',#2198,1.);
#2198 = DIRECTION('',(0.816496580928,-0.57735026919));
#2199 = ( GEOMETRIC_REPRESENTATION_CONTEXT(2) 
PARAMETRIC_REPRESENTATION_CONTEXT() REPRESENTATION_CONTEXT('2D SPACE',''
  ) );
#2200 = ORIENTED_EDGE('',*,*,#2201,.T.);
#2201 = EDGE_CURVE('',#2179,#1690,#2202,.T.);
#2202 = SURFACE_CURVE('',#2203,(#2207,#2214),.PCURVE_S1.);
#2203 = LINE('',#2204,#2205);
#2204 = CARTESIAN_POINT('',(7.75,-34.95,14.4));
#2205 = VECTOR('',#2206,1.);
#2206 = DIRECTION('',(1.183836456902E-12,1.,-1.184043447635E-12));
#2207 = PCURVE('',#270,#2208);
#2208 = DEFINITIONAL_REPRESENTATION('',(#2209),#2213);
#2209 = LINE('',#2210,#2211);
#2210 = CARTESIAN_POINT('',(0.141421356242,-1.325));
#2211 = VECTOR('',#2212,1.);
#2212 = DIRECTION('',(-1.674343937533E-12,1.));
#2213 = ( GEOMETRIC_REPRESENTATION_CONTEXT(2) 
PARAMETRIC_REPRESENTATION_CONTEXT() REPRESENTATION_CONTEXT('2D SPACE',''
  ) );
#2214 = PCURVE('',#1056,#2215);
#2215 = DEFINITIONAL_REPRESENTATION('',(#2216),#2220);
#2216 = LINE('',#2217,#2218);
#2217 = CARTESIAN_POINT('',(6.2,0.2));
#2218 = VECTOR('',#2219,1.);
#2219 = DIRECTION('',(-1.,-1.184043447635E-12));
#2220 = ( GEOMETRIC_REPRESENTATION_CONTEXT(2) 
PARAMETRIC_REPRESENTATION_CONTEXT() REPRESENTATION_CONTEXT('2D SPACE',''
  ) );
#2221 = ORIENTED_EDGE('',*,*,#2091,.F.);
#2222 = ORIENTED_EDGE('',*,*,#254,.F.);
#2223 = ORIENTED_EDGE('',*,*,#2224,.F.);
#2224 = EDGE_CURVE('',#2177,#227,#2225,.T.);
#2225 = SURFACE_CURVE('',#2226,(#2230,#2237),.PCURVE_S1.);
#2226 = LINE('',#2227,#2228);
#2227 = CARTESIAN_POINT('',(7.85,-35.05,14.3));
#2228 = VECTOR('',#2229,1.);
#2229 = DIRECTION('',(0.57735026919,0.57735026919,-0.57735026919));
#2230 = PCURVE('',#270,#2231);
#2231 = DEFINITIONAL_REPRESENTATION('',(#2232),#2236);
#2232 = LINE('',#2233,#2234);
#2233 = CARTESIAN_POINT('',(4.440368669326E-12,-1.425));
#2234 = VECTOR('',#2235,1.);
#2235 = DIRECTION('',(-0.816496580928,0.57735026919));
#2236 = ( GEOMETRIC_REPRESENTATION_CONTEXT(2) 
PARAMETRIC_REPRESENTATION_CONTEXT() REPRESENTATION_CONTEXT('2D SPACE',''
  ) );
#2237 = PCURVE('',#242,#2238);
#2238 = DEFINITIONAL_REPRESENTATION('',(#2239),#2243);
#2239 = LINE('',#2240,#2241);
#2240 = CARTESIAN_POINT('',(-7.071067811866E-02,2.15));
#2241 = VECTOR('',#2242,1.);
#2242 = DIRECTION('',(-0.816496580928,-0.57735026919));
#2243 = ( GEOMETRIC_REPRESENTATION_CONTEXT(2) 
PARAMETRIC_REPRESENTATION_CONTEXT() REPRESENTATION_CONTEXT('2D SPACE',''
  ) );
#2244 = ADVANCED_FACE('',(#2245),#1082,.T.);
#2245 = FACE_BOUND('',#2246,.T.);
#2246 = EDGE_LOOP('',(#2247,#2248,#2269,#2270,#2293,#2314));
#2247 = ORIENTED_EDGE('',*,*,#1068,.T.);
#2248 = ORIENTED_EDGE('',*,*,#2249,.T.);
#2249 = EDGE_CURVE('',#1041,#2179,#2250,.T.);
#2250 = SURFACE_CURVE('',#2251,(#2255,#2262),.PCURVE_S1.);
#2251 = LINE('',#2252,#2253);
#2252 = CARTESIAN_POINT('',(7.75,-34.95,16.7));
#2253 = VECTOR('',#2254,1.);
#2254 = DIRECTION('',(0.,0.,-1.));
#2255 = PCURVE('',#1082,#2256);
#2256 = DEFINITIONAL_REPRESENTATION('',(#2257),#2261);
#2257 = LINE('',#2258,#2259);
#2258 = CARTESIAN_POINT('',(0.212132034356,-1.1));
#2259 = VECTOR('',#2260,1.);
#2260 = DIRECTION('',(0.,1.));
#2261 = ( GEOMETRIC_REPRESENTATION_CONTEXT(2) 
PARAMETRIC_REPRESENTATION_CONTEXT() REPRESENTATION_CONTEXT('2D SPACE',''
  ) );
#2262 = PCURVE('',#1056,#2263);
#2263 = DEFINITIONAL_REPRESENTATION('',(#2264),#2268);
#2264 = LINE('',#2265,#2266);
#2265 = CARTESIAN_POINT('',(6.2,2.5));
#2266 = VECTOR('',#2267,1.);
#2267 = DIRECTION('',(0.,-1.));
#2268 = ( GEOMETRIC_REPRESENTATION_CONTEXT(2) 
PARAMETRIC_REPRESENTATION_CONTEXT() REPRESENTATION_CONTEXT('2D SPACE',''
  ) );
#2269 = ORIENTED_EDGE('',*,*,#2176,.F.);
#2270 = ORIENTED_EDGE('',*,*,#2271,.F.);
#2271 = EDGE_CURVE('',#2272,#2177,#2274,.T.);
#2272 = VERTEX_POINT('',#2273);
#2273 = CARTESIAN_POINT('',(8.05,-35.25,14.5));
#2274 = SURFACE_CURVE('',#2275,(#2279,#2286),.PCURVE_S1.);
#2275 = LINE('',#2276,#2277);
#2276 = CARTESIAN_POINT('',(8.05,-35.25,14.5));
#2277 = VECTOR('',#2278,1.);
#2278 = DIRECTION('',(-0.57735026919,0.57735026919,-0.57735026919));
#2279 = PCURVE('',#1082,#2280);
#2280 = DEFINITIONAL_REPRESENTATION('',(#2281),#2285);
#2281 = LINE('',#2282,#2283);
#2282 = CARTESIAN_POINT('',(-0.212132034356,1.1));
#2283 = VECTOR('',#2284,1.);
#2284 = DIRECTION('',(0.816496580928,0.57735026919));
#2285 = ( GEOMETRIC_REPRESENTATION_CONTEXT(2) 
PARAMETRIC_REPRESENTATION_CONTEXT() REPRESENTATION_CONTEXT('2D SPACE',''
  ) );
#2286 = PCURVE('',#242,#2287);
#2287 = DEFINITIONAL_REPRESENTATION('',(#2288),#2292);
#2288 = LINE('',#2289,#2290);
#2289 = CARTESIAN_POINT('',(0.212132034356,1.95));
#2290 = VECTOR('',#2291,1.);
#2291 = DIRECTION('',(-0.816496580928,0.57735026919));
#2292 = ( GEOMETRIC_REPRESENTATION_CONTEXT(2) 
PARAMETRIC_REPRESENTATION_CONTEXT() REPRESENTATION_CONTEXT('2D SPACE',''
  ) );
#2293 = ORIENTED_EDGE('',*,*,#2294,.F.);
#2294 = EDGE_CURVE('',#1099,#2272,#2295,.T.);
#2295 = SURFACE_CURVE('',#2296,(#2300,#2307),.PCURVE_S1.);
#2296 = LINE('',#2297,#2298);
#2297 = CARTESIAN_POINT('',(8.05,-35.25,16.7));
#2298 = VECTOR('',#2299,1.);
#2299 = DIRECTION('',(0.,0.,-1.));
#2300 = PCURVE('',#1082,#2301);
#2301 = DEFINITIONAL_REPRESENTATION('',(#2302),#2306);
#2302 = LINE('',#2303,#2304);
#2303 = CARTESIAN_POINT('',(-0.212132034356,-1.1));
#2304 = VECTOR('',#2305,1.);
#2305 = DIRECTION('',(0.,1.));
#2306 = ( GEOMETRIC_REPRESENTATION_CONTEXT(2) 
PARAMETRIC_REPRESENTATION_CONTEXT() REPRESENTATION_CONTEXT('2D SPACE',''
  ) );
#2307 = PCURVE('',#1137,#2308);
#2308 = DEFINITIONAL_REPRESENTATION('',(#2309),#2313);
#2309 = LINE('',#2310,#2311);
#2310 = CARTESIAN_POINT('',(0.3,2.5));
#2311 = VECTOR('',#2312,1.);
#2312 = DIRECTION('',(0.,-1.));
#2313 = ( GEOMETRIC_REPRESENTATION_CONTEXT(2) 
PARAMETRIC_REPRESENTATION_CONTEXT() REPRESENTATION_CONTEXT('2D SPACE',''
  ) );
#2314 = ORIENTED_EDGE('',*,*,#1098,.F.);
#2315 = ADVANCED_FACE('',(#2316),#1137,.T.);
#2316 = FACE_BOUND('',#2317,.T.);
#2317 = EDGE_LOOP('',(#2318,#2319,#2340,#2341));
#2318 = ORIENTED_EDGE('',*,*,#2294,.T.);
#2319 = ORIENTED_EDGE('',*,*,#2320,.F.);
#2320 = EDGE_CURVE('',#1230,#2272,#2321,.T.);
#2321 = SURFACE_CURVE('',#2322,(#2326,#2333),.PCURVE_S1.);
#2322 = LINE('',#2323,#2324);
#2323 = CARTESIAN_POINT('',(12.25,-35.25,14.5));
#2324 = VECTOR('',#2325,1.);
#2325 = DIRECTION('',(-1.,3.889384548663E-62,0.));
#2326 = PCURVE('',#1137,#2327);
#2327 = DEFINITIONAL_REPRESENTATION('',(#2328),#2332);
#2328 = LINE('',#2329,#2330);
#2329 = CARTESIAN_POINT('',(4.5,0.3));
#2330 = VECTOR('',#2331,1.);
#2331 = DIRECTION('',(-1.,0.));
#2332 = ( GEOMETRIC_REPRESENTATION_CONTEXT(2) 
PARAMETRIC_REPRESENTATION_CONTEXT() REPRESENTATION_CONTEXT('2D SPACE',''
  ) );
#2333 = PCURVE('',#242,#2334);
#2334 = DEFINITIONAL_REPRESENTATION('',(#2335),#2339);
#2335 = LINE('',#2336,#2337);
#2336 = CARTESIAN_POINT('',(0.212132034356,-2.25));
#2337 = VECTOR('',#2338,1.);
#2338 = DIRECTION('',(0.,1.));
#2339 = ( GEOMETRIC_REPRESENTATION_CONTEXT(2) 
PARAMETRIC_REPRESENTATION_CONTEXT() REPRESENTATION_CONTEXT('2D SPACE',''
  ) );
#2340 = ORIENTED_EDGE('',*,*,#1229,.F.);
#2341 = ORIENTED_EDGE('',*,*,#1121,.F.);
#2342 = ADVANCED_FACE('',(#2343),#242,.T.);
#2343 = FACE_BOUND('',#2344,.T.);
#2344 = EDGE_LOOP('',(#2345,#2346,#2347,#2348,#2369));
#2345 = ORIENTED_EDGE('',*,*,#2271,.T.);
#2346 = ORIENTED_EDGE('',*,*,#2224,.T.);
#2347 = ORIENTED_EDGE('',*,*,#226,.F.);
#2348 = ORIENTED_EDGE('',*,*,#2349,.F.);
#2349 = EDGE_CURVE('',#1230,#199,#2350,.T.);
#2350 = SURFACE_CURVE('',#2351,(#2355,#2362),.PCURVE_S1.);
#2351 = LINE('',#2352,#2353);
#2352 = CARTESIAN_POINT('',(12.25,-35.25,14.5));
#2353 = VECTOR('',#2354,1.);
#2354 = DIRECTION('',(-0.281084637715,0.678598344546,-0.678598344546));
#2355 = PCURVE('',#242,#2356);
#2356 = DEFINITIONAL_REPRESENTATION('',(#2357),#2361);
#2357 = LINE('',#2358,#2359);
#2358 = CARTESIAN_POINT('',(0.212132034356,-2.25));
#2359 = VECTOR('',#2360,1.);
#2360 = DIRECTION('',(-0.959682982261,0.281084637715));
#2361 = ( GEOMETRIC_REPRESENTATION_CONTEXT(2) 
PARAMETRIC_REPRESENTATION_CONTEXT() REPRESENTATION_CONTEXT('2D SPACE',''
  ) );
#2362 = PCURVE('',#214,#2363);
#2363 = DEFINITIONAL_REPRESENTATION('',(#2364),#2368);
#2364 = LINE('',#2365,#2366);
#2365 = CARTESIAN_POINT('',(0.212132034356,1.414213562373));
#2366 = VECTOR('',#2367,1.);
#2367 = DIRECTION('',(-0.959682982261,-0.281084637715));
#2368 = ( GEOMETRIC_REPRESENTATION_CONTEXT(2) 
PARAMETRIC_REPRESENTATION_CONTEXT() REPRESENTATION_CONTEXT('2D SPACE',''
  ) );
#2369 = ORIENTED_EDGE('',*,*,#2320,.T.);
#2370 = ADVANCED_FACE('',(#2371),#214,.T.);
#2371 = FACE_BOUND('',#2372,.T.);
#2372 = EDGE_LOOP('',(#2373,#2374,#2395,#2396));
#2373 = ORIENTED_EDGE('',*,*,#198,.F.);
#2374 = ORIENTED_EDGE('',*,*,#2375,.F.);
#2375 = EDGE_CURVE('',#1253,#171,#2376,.T.);
#2376 = SURFACE_CURVE('',#2377,(#2381,#2388),.PCURVE_S1.);
#2377 = LINE('',#2378,#2379);
#2378 = CARTESIAN_POINT('',(14.25,-33.25,14.5));
#2379 = VECTOR('',#2380,1.);
#2380 = DIRECTION('',(-0.678598344546,0.281084637715,-0.678598344546));
#2381 = PCURVE('',#214,#2382);
#2382 = DEFINITIONAL_REPRESENTATION('',(#2383),#2387);
#2383 = LINE('',#2384,#2385);
#2384 = CARTESIAN_POINT('',(0.212132034356,-1.414213562373));
#2385 = VECTOR('',#2386,1.);
#2386 = DIRECTION('',(-0.959682982261,0.281084637715));
#2387 = ( GEOMETRIC_REPRESENTATION_CONTEXT(2) 
PARAMETRIC_REPRESENTATION_CONTEXT() REPRESENTATION_CONTEXT('2D SPACE',''
  ) );
#2388 = PCURVE('',#186,#2389);
#2389 = DEFINITIONAL_REPRESENTATION('',(#2390),#2394);
#2390 = LINE('',#2391,#2392);
#2391 = CARTESIAN_POINT('',(0.212132034356,2.25));
#2392 = VECTOR('',#2393,1.);
#2393 = DIRECTION('',(-0.959682982261,-0.281084637715));
#2394 = ( GEOMETRIC_REPRESENTATION_CONTEXT(2) 
PARAMETRIC_REPRESENTATION_CONTEXT() REPRESENTATION_CONTEXT('2D SPACE',''
  ) );
#2395 = ORIENTED_EDGE('',*,*,#1252,.T.);
#2396 = ORIENTED_EDGE('',*,*,#2349,.T.);
#2397 = ADVANCED_FACE('',(#2398),#186,.T.);
#2398 = FACE_BOUND('',#2399,.T.);
#2399 = EDGE_LOOP('',(#2400,#2401,#2402,#2403,#2404));
#2400 = ORIENTED_EDGE('',*,*,#1427,.T.);
#2401 = ORIENTED_EDGE('',*,*,#1356,.T.);
#2402 = ORIENTED_EDGE('',*,*,#2375,.T.);
#2403 = ORIENTED_EDGE('',*,*,#170,.F.);
#2404 = ORIENTED_EDGE('',*,*,#2405,.F.);
#2405 = EDGE_CURVE('',#1428,#143,#2406,.T.);
#2406 = SURFACE_CURVE('',#2407,(#2411,#2418),.PCURVE_S1.);
#2407 = LINE('',#2408,#2409);
#2408 = CARTESIAN_POINT('',(14.05,-28.85,14.3));
#2409 = VECTOR('',#2410,1.);
#2410 = DIRECTION('',(-0.57735026919,-0.57735026919,-0.57735026919));
#2411 = PCURVE('',#186,#2412);
#2412 = DEFINITIONAL_REPRESENTATION('',(#2413),#2417);
#2413 = LINE('',#2414,#2415);
#2414 = CARTESIAN_POINT('',(-7.071067811866E-02,-2.15));
#2415 = VECTOR('',#2416,1.);
#2416 = DIRECTION('',(-0.816496580928,0.57735026919));
#2417 = ( GEOMETRIC_REPRESENTATION_CONTEXT(2) 
PARAMETRIC_REPRESENTATION_CONTEXT() REPRESENTATION_CONTEXT('2D SPACE',''
  ) );
#2418 = PCURVE('',#158,#2419);
#2419 = DEFINITIONAL_REPRESENTATION('',(#2420),#2424);
#2420 = LINE('',#2421,#2422);
#2421 = CARTESIAN_POINT('',(8.633732355667E-12,1.425));
#2422 = VECTOR('',#2423,1.);
#2423 = DIRECTION('',(-0.816496580928,-0.57735026919));
#2424 = ( GEOMETRIC_REPRESENTATION_CONTEXT(2) 
PARAMETRIC_REPRESENTATION_CONTEXT() REPRESENTATION_CONTEXT('2D SPACE',''
  ) );
#2425 = ADVANCED_FACE('',(#2426),#158,.T.);
#2426 = FACE_BOUND('',#2427,.T.);
#2427 = EDGE_LOOP('',(#2428,#2429,#2430,#2431,#2432));
#2428 = ORIENTED_EDGE('',*,*,#1450,.T.);
#2429 = ORIENTED_EDGE('',*,*,#2405,.T.);
#2430 = ORIENTED_EDGE('',*,*,#142,.F.);
#2431 = ORIENTED_EDGE('',*,*,#2141,.T.);
#2432 = ORIENTED_EDGE('',*,*,#2433,.T.);
#2433 = EDGE_CURVE('',#1736,#1451,#2434,.T.);
#2434 = SURFACE_CURVE('',#2435,(#2439,#2446),.PCURVE_S1.);
#2435 = LINE('',#2436,#2437);
#2436 = CARTESIAN_POINT('',(11.000000000869,-28.75,14.399999999997));
#2437 = VECTOR('',#2438,1.);
#2438 = DIRECTION('',(1.,1.12136288988E-12,1.121456976578E-12));
#2439 = PCURVE('',#158,#2440);
#2440 = DEFINITIONAL_REPRESENTATION('',(#2441),#2445);
#2441 = LINE('',#2442,#2443);
#2442 = CARTESIAN_POINT('',(0.141421356241,-1.624999999131));
#2443 = VECTOR('',#2444,1.);
#2444 = DIRECTION('',(1.585913136552E-12,1.));
#2445 = ( GEOMETRIC_REPRESENTATION_CONTEXT(2) 
PARAMETRIC_REPRESENTATION_CONTEXT() REPRESENTATION_CONTEXT('2D SPACE',''
  ) );
#2446 = PCURVE('',#1487,#2447);
#2447 = DEFINITIONAL_REPRESENTATION('',(#2448),#2452);
#2448 = LINE('',#2449,#2450);
#2449 = CARTESIAN_POINT('',(3.249999999131,0.199999999997));
#2450 = VECTOR('',#2451,1.);
#2451 = DIRECTION('',(-1.,1.121456976578E-12));
#2452 = ( GEOMETRIC_REPRESENTATION_CONTEXT(2) 
PARAMETRIC_REPRESENTATION_CONTEXT() REPRESENTATION_CONTEXT('2D SPACE',''
  ) );
#2453 = ADVANCED_FACE('',(#2454),#1487,.T.);
#2454 = FACE_BOUND('',#2455,.T.);
#2455 = EDGE_LOOP('',(#2456,#2457,#2458,#2459));
#2456 = ORIENTED_EDGE('',*,*,#1503,.F.);
#2457 = ORIENTED_EDGE('',*,*,#1473,.T.);
#2458 = ORIENTED_EDGE('',*,*,#2433,.F.);
#2459 = ORIENTED_EDGE('',*,*,#1735,.F.);
#2460 = ADVANCED_FACE('',(#2461),#1056,.T.);
#2461 = FACE_BOUND('',#2462,.T.);
#2462 = EDGE_LOOP('',(#2463,#2464,#2465,#2466));
#2463 = ORIENTED_EDGE('',*,*,#1040,.F.);
#2464 = ORIENTED_EDGE('',*,*,#1713,.T.);
#2465 = ORIENTED_EDGE('',*,*,#2201,.F.);
#2466 = ORIENTED_EDGE('',*,*,#2249,.F.);
#2467 = ( GEOMETRIC_REPRESENTATION_CONTEXT(3) 
GLOBAL_UNCERTAINTY_ASSIGNED_CONTEXT((#2471)) 
GLOBAL_UNIT_ASSIGNED_CONTEXT((#2468,#2469,#2470)) REPRESENTATION_CONTEXT
('Context #1','3D Context with UNIT and UNCERTAINTY') );
#2468 = ( LENGTH_UNIT() NAMED_UNIT(*) SI_UNIT(.MILLI.,.METRE.) );
#2469 = ( NAMED_UNIT(*) PLANE_ANGLE_UNIT() SI_UNIT($,.RADIAN.) );
#2470 = ( NAMED_UNIT(*) SI_UNIT($,.STERADIAN.) SOLID_ANGLE_UNIT() );
#2471 = UNCERTAINTY_MEASURE_WITH_UNIT(LENGTH_MEASURE(2.E-04),#2468,
  'distance_accuracy_value','confusion accuracy');
#2472 = PRODUCT_RELATED_PRODUCT_CATEGORY('part',$,(#7));
ENDSEC;
END-ISO-10303-21;
